so_name,fecha,cliente,empresa,so_total,linea_descripcion,producto,cantidad,subtotal_linea
SO11771,2026-07-24,"Conmet de México, S.A. de C.V.",SERVICIOS FTS,53190685.1,"""Tablero MT Siemens 8DJH 36 kV — Suministro e instalación (lote completo)   • Tipo metal enclosed, barra colectora 600 A en cámara hermética sellada con gas SF6 (doble aislamiento)   • 4 celdas: 1 celda de acometida (entrada 34.5 kV) + 3 celdas de derivación (salida a transformadores)   • Tensión de diseño 36 kV / Operación 34.5 kV / BIL 170 kV — Norma IEC 62271-200   • Interruptores en vacío (VCB) removibles 630 A, 36 kV en cada celda   • Seccionador de 3 posiciones (CERRAR–ABRIR–PUESTA A TIERRA) con mecanismo de resorte   • Dispositivos de bloqueo para candado, interruptores auxiliares 1NC+1NA+2CH por función   • Uso interior · IP30 envolvente / IP65 partes activas — Libre de mantenimiento 35 años"" RECEPCIÓN Y PROTECCIÓN  ·  TABLERO MEDIA TENSIÓN 34.5 kV","""Tablero MT Siemens 8DJH 36 kV — Suministro e instalación (lote completo)   • Tipo metal enclosed, barra colectora 600 A en cámara hermética sellada con gas SF6 (doble aislamiento)   • 4 celdas: 1 celda de acometida (entrada 34.5 kV) + 3 celdas de derivación (salida a transformadores)   • Tensión de diseño 36 kV / Operación 34.5 kV / BIL 170 kV — Norma IEC 62271-200   • Interruptores en vacío (VCB) removibles 630 A, 36 kV en cada celda   • Seccionador de 3 posiciones (CERRAR–ABRIR–PUESTA A TIERRA) con mecanismo de resorte   • Dispositivos de bloqueo para candado, interruptores auxiliares 1NC+1NA+2CH por función   • Uso interior · IP30 envolvente / IP65 partes activas — Libre de mantenimiento 35 años""",1.0,4873159.4
SO11771,2026-07-24,"Conmet de México, S.A. de C.V.",SERVICIOS FTS,53190685.1,"""Relevador SIPROTEC 4/5 — Protección multifunción por celda derivación (3 unidades)   • Relé numérico multifunción 7SJ85/7SJ86 o equivalente SIPROTEC 5 montado en puerta de celda   • Funciones integradas: 50/51 (sobreintensidad fase), 51N (tierra), 27/59 (sub/sobretensión)   • Reenganche automático (79), supervisión de circuito de disparo (74TC), registro de perturbaciones   • Comunicación IEC 61850 GOOSE + Modbus TCP — Display LCD, LEDs programables   • Rango de ajuste de corriente: 0.1 – 35 × In — Tiempo de operación < 20 ms""","""Relevador SIPROTEC 4/5 — Protección multifunción por celda derivación (3 unidades)   • Relé numérico multifunción 7SJ85/7SJ86 o equivalente SIPROTEC 5 montado en puerta de celda   • Funciones integradas: 50/51 (sobreintensidad fase), 51N (tierra), 27/59 (sub/sobretensión)   • Reenganche automático (79), supervisión de circuito de disparo (74TC), registro de perturbaciones   • Comunicación IEC 61850 GOOSE + Modbus TCP — Display LCD, LEDs programables   • Rango de ajuste de corriente: 0.1 – 35 × In — Tiempo de operación < 20 ms""",3.0,424583.4
SO11771,2026-07-24,"Conmet de México, S.A. de C.V.",SERVICIOS FTS,53190685.1,"""Medidor SICAM P850 multifunción — Calidad de energía y medición avanzada   • Medidor de energía Clase 0.5S (IEC 62053-22) montado en puerta de celda de acometida   • Mide: V (L-L y L-N), I, P activa/reactiva/aparente, FP, frecuencia, THD hasta arm. 63   • Registro de calidad de energía conforme IEC 61000-4-30 Clase A   • Salidas: Ethernet 10/100 Mbps (IEC 61850 / Modbus TCP), RS-485 Modbus RTU   • Pantalla gráfica TFT 4.3"""" — Rango de entrada: 57.7–480 V L-N; 1–5 A secundario TC""","""Medidor SICAM P850 multifunción — Calidad de energía y medición avanzada   • Medidor de energía Clase 0.5S (IEC 62053-22) montado en puerta de celda de acometida   • Mide: V (L-L y L-N), I, P activa/reactiva/aparente, FP, frecuencia, THD hasta arm. 63   • Registro de calidad de energía conforme IEC 61000-4-30 Clase A   • Salidas: Ethernet 10/100 Mbps (IEC 61850 / Modbus TCP), RS-485 Modbus RTU   • Pantalla gráfica TFT 4.3"""" — Rango de entrada: 57.7–480 V L-N; 1–5 A secundario TC""",1.0,156426.4
SO11771,2026-07-24,"Conmet de México, S.A. de C.V.",SERVICIOS FTS,53190685.1,"""Cable de control multi-conductor 2.5 mm² Cu — cableado interior de celdas   • Cable flexible 450/750 V, aislamiento PVC 70°C tipo SJT/control, Color-codificado   • Para interconexión de contactos auxiliares VCB–SIPROTEC, señales de posición y alarmas   • Cantidad estimada: 8–10 m/celda × 4 celdas = 40 m + 20% desperdicio → Lote""","""Cable de control multi-conductor 2.5 mm² Cu — cableado interior de celdas   • Cable flexible 450/750 V, aislamiento PVC 70°C tipo SJT/control, Color-codificado   • Para interconexión de contactos auxiliares VCB–SIPROTEC, señales de posición y alarmas   • Cantidad estimada: 8–10 m/celda × 4 celdas = 40 m + 20% desperdicio → Lote""",1.0,16060.94
SO11771,2026-07-24,"Conmet de México, S.A. de C.V.",SERVICIOS FTS,53190685.1,"""Borneras DIN 35, terminales y etiquetado completo por celda — juego de 4   • Borneras de tornillo WAGO / Phoenix Contact serie 6 mm² para cables de control ≤ 2.5 mm²   • Terminales de punta (ferrules) aisladas, punteras pin para conectores DIN   • Etiquetas termoimprimibles resistentes a aceite y humedad — Identificación IEC 81346   • Porta-borneras DIN 35, topes finales, puentes de conexión y separadores   • Un juego completo por celda = 4 juegos en total""","""Borneras DIN 35, terminales y etiquetado completo por celda — juego de 4   • Borneras de tornillo WAGO / Phoenix Contact serie 6 mm² para cables de control ≤ 2.5 mm²   • Terminales de punta (ferrules) aisladas, punteras pin para conectores DIN   • Etiquetas termoimprimibles resistentes a aceite y humedad — Identificación IEC 81346   • Porta-borneras DIN 35, topes finales, puentes de conexión y separadores   • Un juego completo por celda = 4 juegos en total""",4.0,32082.72
SO11771,2026-07-24,"Conmet de México, S.A. de C.V.",SERVICIOS FTS,53190685.1,"""Cable RS-485 apantallado para comunicación SIPROTEC–SICAM   • Cable par trenzado apantallado (STP) 2×0.75 mm² tipo Belden 9841 o equivalente   • Capacitancia < 12.5 pF/pie — Impedancia 120 Ω — Cubierta LSZH (baja emisión de humo)   • Interconexión RS-485 entre celdas SIPROTEC hasta SICAM P850 y gateway de comunicaciones   • Longitud estimada: 30 m incluyendo margen de instalación y paso por canaletas""","""Cable RS-485 apantallado para comunicación SIPROTEC–SICAM   • Cable par trenzado apantallado (STP) 2×0.75 mm² tipo Belden 9841 o equivalente   • Capacitancia < 12.5 pF/pie — Impedancia 120 Ω — Cubierta LSZH (baja emisión de humo)   • Interconexión RS-485 entre celdas SIPROTEC hasta SICAM P850 y gateway de comunicaciones   • Longitud estimada: 30 m incluyendo margen de instalación y paso por canaletas""",30.0,3043.8
SO11771,2026-07-24,"Conmet de México, S.A. de C.V.",SERVICIOS FTS,53190685.1,"""Sistema de puesta a tierra del tablero 8DJH — barra y cable de tierra   • Barra colectora de tierra interior: cobre electrolítico 50×5 mm, L=600 mm con terminales   • Cable de tierra desnudo: 70 mm² Cu recocido desde barra del tablero hasta malla de tierra del edificio   • Terminales bimetálicas de compresión hidráulica 70 mm² — grampas de unión barra-cable   • Resistencia de tierra objetivo ≤ 5 Ω (según NOM-001-SEDE y malla de tierras del sitio)""","""Sistema de puesta a tierra del tablero 8DJH — barra y cable de tierra   • Barra colectora de tierra interior: cobre electrolítico 50×5 mm, L=600 mm con terminales   • Cable de tierra desnudo: 70 mm² Cu recocido desde barra del tablero hasta malla de tierra del edificio   • Terminales bimetálicas de compresión hidráulica 70 mm² — grampas de unión barra-cable   • Resistencia de tierra objetivo ≤ 5 Ω (según NOM-001-SEDE y malla de tierras del sitio)""",1.0,12881.86
SO11771,2026-07-24,"Conmet de México, S.A. de C.V.",SERVICIOS FTS,53190685.1,"""Accesorios mecánicos de instalación del tablero — anclaje, nivelación y señalización   • 4 pernos de anclaje M16×150 mm Acero Gr.8.8 + placa base 150×150×6 mm + tuerca + arandela   • Soportes niveladores de acero galvanizado (4 uds.) — ajuste ±25 mm en plano horizontal   • Canal de cables conduit rígido EMT Ø2"""" (50 mm): 15 m para cableado de control en planta   • Etiquetado bilingüe (español/inglés) y señalización de seguridad NOM-001-SEDE y NOM-004-STPS   • Incluye: placas de advertencia MT, indicadores de fases, placa de circuito en puerta""","""Accesorios mecánicos de instalación del tablero — anclaje, nivelación y señalización   • 4 pernos de anclaje M16×150 mm Acero Gr.8.8 + placa base 150×150×6 mm + tuerca + arandela   • Soportes niveladores de acero galvanizado (4 uds.) — ajuste ±25 mm en plano horizontal   • Canal de cables conduit rígido EMT Ø2"""" (50 mm): 15 m para cableado de control en planta   • Etiquetado bilingüe (español/inglés) y señalización de seguridad NOM-001-SEDE y NOM-004-STPS   • Incluye: placas de advertencia MT, indicadores de fases, placa de circuito en puerta""",1.0,15866.92
SO11771,2026-07-24,"Conmet de México, S.A. de C.V.",SERVICIOS FTS,53190685.1,"""Pruebas eléctricas y puesta en servicio — Tablero MT 8DJH (ver detalle Bloque 1)   • Incluye ajuste de curvas de protección SIPROTEC, inyección secundaria de corriente y tensión   • Prueba de alto potencial Hi-Pot sobre barras principales (80 kV CA / 1 min)   • SAT (Site Acceptance Test) según protocolo Siemens — emite certificado de conformidad   • Verificación de secuencia de fases, polaridad de TCs y TPs, comprobación de medición   • Reporte técnico entregable con curvas ajustadas, fotos y lista de verificación firmada""","""Pruebas eléctricas y puesta en servicio — Tablero MT 8DJH (ver detalle Bloque 1)   • Incluye ajuste de curvas de protección SIPROTEC, inyección secundaria de corriente y tensión   • Prueba de alto potencial Hi-Pot sobre barras principales (80 kV CA / 1 min)   • SAT (Site Acceptance Test) según protocolo Siemens — emite certificado de conformidad   • Verificación de secuencia de fases, polaridad de TCs y TPs, comprobación de medición   • Reporte técnico entregable con curvas ajustadas, fotos y lista de verificación firmada""",1.0,199983.0
SO11771,2026-07-24,"Conmet de México, S.A. de C.V.",SERVICIOS FTS,53190685.1,"""Cable 35 kV XLPE 240 mm² Cu, conexión celdas MT a transformadores.   • Aislamiento: XLPE semiconductora interior + XLPE 4.5 mm + semiconductora exterior + pantalla Cu   • 3 circuitos MT (uno por transformador) × 3 fases × 8 m promedio = 72 m totales   • Conexión del bus interno 8DJH (celda derivación) hasta terminales AT del transformador GEAFOL.""","""Cable 35 kV XLPE 240 mm² Cu, conexión celdas MT a transformadores.   • Aislamiento: XLPE semiconductora interior + XLPE 4.5 mm + semiconductora exterior + pantalla Cu   • 3 circuitos MT (uno por transformador) × 3 fases × 8 m promedio = 72 m totales   • Conexión del bus interno 8DJH (celda derivación) hasta terminales AT del transformador GEAFOL.""",72.0,226202.4
SO11771,2026-07-24,"Conmet de México, S.A. de C.V.",SERVICIOS FTS,53190685.1,"""Terminaciones separables 3M Elastimold 36 kV.   • Cuerpo de caucho EPDM moldeado.   • 2 terminaciones por fase × 3 fases × 3 circuitos = 18 terminaciones → 2 juegos de 9 uds.   • Incluye: cuerpo de codo, inserto conductor, capuchón, lubricante dieléctrico y herraje de soporte.""","""Terminaciones separables 3M Elastimold 36 kV.   • Cuerpo de caucho EPDM moldeado.   • 2 terminaciones por fase × 3 fases × 3 circuitos = 18 terminaciones → 2 juegos de 9 uds.   • Incluye: cuerpo de codo, inserto conductor, capuchón, lubricante dieléctrico y herraje de soporte.""",9.0,151196.76
SO11771,2026-07-24,"Conmet de México, S.A. de C.V.",SERVICIOS FTS,53190685.1,"""Conduit rígido PVC-C (cédula 40), Ø4"""" (100 mm) — canalización para cables MT   • Tubería PVC-C Schedule 40 Ø4"""" conforme ASTM D2466 / NMX-E-180 para cables de media tensión   • Incluye: uniones, codos de 90° radio largo, tapones ciegos, pegamento PVC-C   • Soportes en pared cada 1.5 m con abrazadera de dos piezas (15 m de trayectoria total)""","""Conduit rígido PVC-C (cédula 40), Ø4"""" (100 mm) — canalización para cables MT   • Tubería PVC-C Schedule 40 Ø4"""" conforme ASTM D2466 / NMX-E-180 para cables de media tensión   • Incluye: uniones, codos de 90° radio largo, tapones ciegos, pegamento PVC-C   • Soportes en pared cada 1.5 m con abrazadera de dos piezas (15 m de trayectoria total)""",15.0,8303.7
SO11771,2026-07-24,"Conmet de México, S.A. de C.V.",SERVICIOS FTS,53190685.1,"""Soporte tipo Unistrut galvanizado para conduit MT — tira 3 m con herrajes   • Perfil Unistrut P1000 (41×41 mm) galvanizado en caliente, tiras de 3 m para soportería de conduit MT   • Incluye: abrazaderas de 2 piezas para conduit Ø4"""", tornillos de cabeza cuadrada M8, tuercas y arandelas   • 4 tiras distribuidas a lo largo de los 5 m de trayectoria + zonas de curva y entrada a celdas""","""Soporte tipo Unistrut galvanizado para conduit MT — tira 3 m con herrajes   • Perfil Unistrut P1000 (41×41 mm) galvanizado en caliente, tiras de 3 m para soportería de conduit MT   • Incluye: abrazaderas de 2 piezas para conduit Ø4"""", tornillos de cabeza cuadrada M8, tuercas y arandelas   • 4 tiras distribuidas a lo largo de los 5 m de trayectoria + zonas de curva y entrada a celdas""",4.0,3004.64
SO11771,2026-07-24,"Conmet de México, S.A. de C.V.",SERVICIOS FTS,53190685.1,"""Cinta autofundente dieléctrica + cinta vulcanizante — aseguramiento de terminaciones MT   • Cinta auto-fundente tipo 3M Scotch 2242 o equivalente: 2 capas sobre el cuerpo de la terminación   • Cinta vulcanizante tipo Scotch 23 o equivalente: capa de acabado y protección UV   • Aplicación en cada terminación para refuerzo mecánico, sellado contra humedad y protección de pantalla   • Lote suficiente para 18 terminaciones (9 juegos × 2 extremos)""","""Cinta autofundente dieléctrica + cinta vulcanizante — aseguramiento de terminaciones MT   • Cinta auto-fundente tipo 3M Scotch 2242 o equivalente: 2 capas sobre el cuerpo de la terminación   • Cinta vulcanizante tipo Scotch 23 o equivalente: capa de acabado y protección UV   • Aplicación en cada terminación para refuerzo mecánico, sellado contra humedad y protección de pantalla   • Lote suficiente para 18 terminaciones (9 juegos × 2 extremos)""",1.0,1819.16
SO11771,2026-07-24,"Conmet de México, S.A. de C.V.",SERVICIOS FTS,53190685.1,"""Pruebas eléctricas — Tendido de cables MT, terminaciones y alto potencial (ver detalle Bloque 2)   • Prueba de aislamiento Megger 5 kV en cada conductor antes y después de instalación   • Prueba de alto potencial DC (Hi-Pot) 52 kV DC por 15 min en cables MT instalados — IEEE 400.2   • Inspección visual de terminaciones: torque de tornillos, distancias de seguridad, continuidad de pantalla   • Medición de resistencia de pantalla de cable (≤ 1 Ω por tramo)   • Comprobación de secuencia de fases en AT del transformador — Reporte técnico entregable""","""Pruebas eléctricas — Tendido de cables MT, terminaciones y alto potencial (ver detalle Bloque 2)   • Prueba de aislamiento Megger 5 kV en cada conductor antes y después de instalación   • Prueba de alto potencial DC (Hi-Pot) 52 kV DC por 15 min en cables MT instalados — IEEE 400.2   • Inspección visual de terminaciones: torque de tornillos, distancias de seguridad, continuidad de pantalla   • Medición de resistencia de pantalla de cable (≤ 1 Ω por tramo)   • Comprobación de secuencia de fases en AT del transformador — Reporte técnico entregable""",1.0,86365.6
SO11771,2026-07-24,"Conmet de México, S.A. de C.V.",SERVICIOS FTS,53190685.1,"""Transformador seco GEAFOL® Siemens Energy — 3,000 kVA  (3 unidades)   • Trifásico encapsulado en resina epóxica con polvo de cuarzo — autoextinguible, sin aceite   • Potencia nominal: 3,000 kVA — Refrigeración natural por aire (AN) — Factor K: 4   • Tensión primaria AT: 34.5 kV — Tensión secundaria BT: 460 V — Grupo: Δ–Yn (Dyn11)   • Nivel de aislamiento BIL: 145/- kV — Impedancia Z%: 6.5 ± 10% — Frecuencia: 60 Hz   • Regulación primaria: ±2×2.5% (5 taps fijos en AT) — sin carga   • Material devanados HV/LV: Aluminio encapsulado en resina epóxica   • Clase de aislamiento: H (180°C) — Clases IEC: E3 (ambiental) / F1 (fuego) / C2 (clima)   • Norma de diseño: IEC 60076-11:2018 — Altitud: 1,000 msnm — T°amb. máx.: 50°C   • Precio unitario USD 343,434 × 3 = USD 1,030,302 total (sin flete ni importación)""","""Transformador seco GEAFOL® Siemens Energy — 3,000 kVA  (3 unidades)   • Trifásico encapsulado en resina epóxica con polvo de cuarzo — autoextinguible, sin aceite   • Potencia nominal: 3,000 kVA — Refrigeración natural por aire (AN) — Factor K: 4   • Tensión primaria AT: 34.5 kV — Tensión secundaria BT: 460 V — Grupo: Δ–Yn (Dyn11)   • Nivel de aislamiento BIL: 145/- kV — Impedancia Z%: 6.5 ± 10% — Frecuencia: 60 Hz   • Regulación primaria: ±2×2.5% (5 taps fijos en AT) — sin carga   • Material devanados HV/LV: Aluminio encapsulado en resina epóxica   • Clase de aislamiento: H (180°C) — Clases IEC: E3 (ambiental) / F1 (fuego) / C2 (clima)   • Norma de diseño: IEC 60076-11:2018 — Altitud: 1,000 msnm — T°amb. máx.: 50°C   • Precio unitario USD 343,434 × 3 = USD 1,030,302 total (sin flete ni importación)""",3.0,13533375.6
SO11771,2026-07-24,"Conmet de México, S.A. de C.V.",SERVICIOS FTS,53190685.1,"""Gabinete de protección IP56 para transformador seco — protección exterior/interior mejorada   • Envolvente metálica (acero estructural cal. 12) con tratamiento anticorrosión (fosfatado + pintura epoxi)   • Grado de protección IP56 (resistente a polvo + chorro de agua) para protección en ambientes industriales   • Incluye: rejillas de ventilación con filtro metálico, puerta de acceso con cerradura, base perforada   • Dimensiones típicas 3,000 kVA GEAFOL: ~3,000×1,800×2,400 mm (largo×ancho×alto)   • Acabado interior color blanco RAL 9003 / exterior RAL 7035 gris claro   • NOTA: Verificar si Siemens incluye gabinete con el trafo o se suministra por separado""","""Gabinete de protección IP56 para transformador seco — protección exterior/interior mejorada   • Envolvente metálica (acero estructural cal. 12) con tratamiento anticorrosión (fosfatado + pintura epoxi)   • Grado de protección IP56 (resistente a polvo + chorro de agua) para protección en ambientes industriales   • Incluye: rejillas de ventilación con filtro metálico, puerta de acceso con cerradura, base perforada   • Dimensiones típicas 3,000 kVA GEAFOL: ~3,000×1,800×2,400 mm (largo×ancho×alto)   • Acabado interior color blanco RAL 9003 / exterior RAL 7035 gris claro   • NOTA: Verificar si Siemens incluye gabinete con el trafo o se suministra por separado""",3.0,225241.2
SO11771,2026-07-24,"Conmet de México, S.A. de C.V.",SERVICIOS FTS,53190685.1,"""Sensores de temperatura PT100 — 3 sensores por transformador (9 total)   • Sonda de temperatura RTD tipo PT100 (100 Ω a 0°C) clase B según IEC 60751   • 3 sensores por unidad: 1 en devanado AT fase L1, 1 en devanado BT fase L2, 1 en núcleo magnético   • Encapsulados en resina dentro del devanado — resistentes a campos electromagnéticos   • Cable de conexión FEP apantallado incluido en partida 20 — conector M12 o bornera DIN""","""Sensores de temperatura PT100 — 3 sensores por transformador (9 total)   • Sonda de temperatura RTD tipo PT100 (100 Ω a 0°C) clase B según IEC 60751   • 3 sensores por unidad: 1 en devanado AT fase L1, 1 en devanado BT fase L2, 1 en núcleo magnético   • Encapsulados en resina dentro del devanado — resistentes a campos electromagnéticos   • Cable de conexión FEP apantallado incluido en partida 20 — conector M12 o bornera DIN""",3.0,18967.68
SO11771,2026-07-24,"Conmet de México, S.A. de C.V.",SERVICIOS FTS,53190685.1,"""Monitor de temperatura Tecsystem T1048 — alarma, disparo y comunicación Modbus   • Monitor microcontrolado para control térmico de transformadores secos — DIN 96×96 mm   • 3 entradas PT100 (Clase B, -50 a +200°C) con visualización en pantalla LCD/LED   • Salidas programables: 2 relés de alarma (Tamb. > umbral 1) + 1 relé de disparo (Tamb. > umbral 2)   • Puerto de comunicación RS-485 Modbus RTU (configurable dirección, velocidad 9600–115200 bps)   • Umbrales típicos para Clase H: Alarma 155°C / Disparo 180°C — Ajustables por teclas frontales   • Montado en puerta del gabinete IP56 del transformador""","""Monitor de temperatura Tecsystem T1048 — alarma, disparo y comunicación Modbus   • Monitor microcontrolado para control térmico de transformadores secos — DIN 96×96 mm   • 3 entradas PT100 (Clase B, -50 a +200°C) con visualización en pantalla LCD/LED   • Salidas programables: 2 relés de alarma (Tamb. > umbral 1) + 1 relé de disparo (Tamb. > umbral 2)   • Puerto de comunicación RS-485 Modbus RTU (configurable dirección, velocidad 9600–115200 bps)   • Umbrales típicos para Clase H: Alarma 155°C / Disparo 180°C — Ajustables por teclas frontales   • Montado en puerta del gabinete IP56 del transformador""",3.0,40306.32
SO11771,2026-07-24,"Conmet de México, S.A. de C.V.",SERVICIOS FTS,53190685.1,"""Cable FEP apantallado 3×1 mm² para sensores PT100 — trafo a monitor T1048   • Cable multi-conductor apantallado tipo FEP (fluoropolímero) resistente a altas temperaturas (200°C)   • 3 conductores × 1 mm² Cu con pantalla individual y global — baja capacitancia para señales RTD   • Longitud estimada: 5 m/sensor × 9 sensores = 45 m + 10% margen → 50 m totales   • Resistencia < 18 Ω/km — Pantalla Cu estañado drenado a tierra en un extremo (T1048)""","""Cable FEP apantallado 3×1 mm² para sensores PT100 — trafo a monitor T1048   • Cable multi-conductor apantallado tipo FEP (fluoropolímero) resistente a altas temperaturas (200°C)   • 3 conductores × 1 mm² Cu con pantalla individual y global — baja capacitancia para señales RTD   • Longitud estimada: 5 m/sensor × 9 sensores = 45 m + 10% margen → 50 m totales   • Resistencia < 18 Ω/km — Pantalla Cu estañado drenado a tierra en un extremo (T1048)""",45.0,5847.3
SO11771,2026-07-24,"Conmet de México, S.A. de C.V.",SERVICIOS FTS,53190685.1,"""Base/plataforma metálica galvanizada nivelable para transformador — perfiles estructurales   • Plataforma de acero estructural A36 con perfiles IPN/UPN galvanizados en caliente   • Diseñada para peso de GEAFOL 3,000 kVA (~3,200 kg vacío / ~3,800 kg con gabinete)   • Patas niveladoras con tornillo de ajuste M20 (±50 mm) y placa de asiento 200×200×12 mm   • Rodillos industriales desmontables para posicionamiento + bloqueo con calzas una vez alineado   • Protección anticorrosión: galvanizado en caliente ASTM A123 — Pintura epoxi acabado final""","""Base/plataforma metálica galvanizada nivelable para transformador — perfiles estructurales   • Plataforma de acero estructural A36 con perfiles IPN/UPN galvanizados en caliente   • Diseñada para peso de GEAFOL 3,000 kVA (~3,200 kg vacío / ~3,800 kg con gabinete)   • Patas niveladoras con tornillo de ajuste M20 (±50 mm) y placa de asiento 200×200×12 mm   • Rodillos industriales desmontables para posicionamiento + bloqueo con calzas una vez alineado   • Protección anticorrosión: galvanizado en caliente ASTM A123 — Pintura epoxi acabado final""",3.0,71128.8
SO11771,2026-07-24,"Conmet de México, S.A. de C.V.",SERVICIOS FTS,53190685.1,"""Pernos de anclaje, tuercas y placas de asiento para trafo — juego por unidad   • 4 pernos de anclaje con camisa expansiva Ø16 mm × 150 mm (Hilti HAS-U o equiv.) por trafo   • Placa de asiento 120×120×8 mm acero A36 con agujero ovalado para ajuste de posición   • Tuercas M16 autobloqueantes (DIN 985) + arandelas planas Ø16 — Kit por transformador""","""Pernos de anclaje, tuercas y placas de asiento para trafo — juego por unidad   • 4 pernos de anclaje con camisa expansiva Ø16 mm × 150 mm (Hilti HAS-U o equiv.) por trafo   • Placa de asiento 120×120×8 mm acero A36 con agujero ovalado para ajuste de posición   • Tuercas M16 autobloqueantes (DIN 985) + arandelas planas Ø16 — Kit por transformador""",3.0,5633.7
SO11771,2026-07-24,"Conmet de México, S.A. de C.V.",SERVICIOS FTS,53190685.1,"""Sistema de puesta a tierra de servicio por transformador — cable + varilla + accesorios   • Cable desnudo de cobre recocido 4/0 AWG (107 mm²) desde barra de tierra BT del trafo a malla   • Varilla Cooperweld 5/8"""" × 2.4 m con acople y grapa de compresión (1 varilla adicional por trafo)   • Grapa bimetálica de compresión para unión cable Cu a estructura del gabinete (barra de tierra)   • Objetivo de resistencia de tierra ≤ 5 Ω medido con telurómetro (FALL-OF-POTENTIAL)""","""Sistema de puesta a tierra de servicio por transformador — cable + varilla + accesorios   • Cable desnudo de cobre recocido 4/0 AWG (107 mm²) desde barra de tierra BT del trafo a malla   • Varilla Cooperweld 5/8"""" × 2.4 m con acople y grapa de compresión (1 varilla adicional por trafo)   • Grapa bimetálica de compresión para unión cable Cu a estructura del gabinete (barra de tierra)   • Objetivo de resistencia de tierra ≤ 5 Ω medido con telurómetro (FALL-OF-POTENTIAL)""",3.0,22524.12
SO11771,2026-07-24,"Conmet de México, S.A. de C.V.",SERVICIOS FTS,53190685.1,"""Pruebas eléctricas de aceptación del transformador y puesta en servicio (ver detalle Bloque 3)   • Pruebas de fábrica FAT (Factory Acceptance Test) incluidas por Siemens — certificado IEC 60076   • Pruebas en sitio SAT: TTR (relación de transformación), resistencia de devanados, verificación Dyn11   • Calibración y verificación del monitor T1048: simulación de alarma y disparo en cada unidad   • Primera energización supervisada con protecciones ajustadas y comprobación de tensiones secundarias   • Reporte técnico de puesta en servicio firmado por ingeniero responsable — Garantía activada""","""Pruebas eléctricas de aceptación del transformador y puesta en servicio (ver detalle Bloque 3)   • Pruebas de fábrica FAT (Factory Acceptance Test) incluidas por Siemens — certificado IEC 60076   • Pruebas en sitio SAT: TTR (relación de transformación), resistencia de devanados, verificación Dyn11   • Calibración y verificación del monitor T1048: simulación de alarma y disparo en cada unidad   • Primera energización supervisada con protecciones ajustadas y comprobación de tensiones secundarias   • Reporte técnico de puesta en servicio firmado por ingeniero responsable — Garantía activada""",1.0,117586.8
SO11771,2026-07-24,"Conmet de México, S.A. de C.V.",SERVICIOS FTS,53190685.1,"""Cable THW-LS/THHW 600 V, 500 MCM Cu — alimentadores BT trafo a tablero SBM   • Conductor de cobre clase B (cableado), 500 kcmil (253 mm²), aislamiento THHW-LS (90°C húmedo/seco)   • Capacidad de conducción: 430 A (1 conductor en conduit a 75°C, NOM-001-SEDE)   • Para corriente nominal 4,000 A se requieren 2 conductores Cu 500 MCM en paralelo por fase   • Configuración: 4 conductores/fase × 3 fases + neutro 4/0 AWG + tierra 2/0 AWG = 14 cables/circuito   • 3 circuitos × 12 m promedio (10 m recorrido + curvas) = 3 × (14 × 12) = 504 m totales   • Cable con aislamiento LSZH (Low Smoke Zero Halogen) — Norma NMX-J-010-ANCE""","""Cable THW-LS/THHW 600 V, 500 MCM Cu — alimentadores BT trafo a tablero SBM   • Conductor de cobre clase B (cableado), 500 kcmil (253 mm²), aislamiento THHW-LS (90°C húmedo/seco)   • Capacidad de conducción: 430 A (1 conductor en conduit a 75°C, NOM-001-SEDE)   • Para corriente nominal 4,000 A se requieren 2 conductores Cu 500 MCM en paralelo por fase   • Configuración: 4 conductores/fase × 3 fases + neutro 4/0 AWG + tierra 2/0 AWG = 14 cables/circuito   • 3 circuitos × 12 m promedio (10 m recorrido + curvas) = 3 × (14 × 12) = 504 m totales   • Cable con aislamiento LSZH (Low Smoke Zero Halogen) — Norma NMX-J-010-ANCE""",1.0,153631.8
SO11771,2026-07-24,"Conmet de México, S.A. de C.V.",SERVICIOS FTS,53190685.1,"""Zapatas bimetálicas de compresión hidráulica 500 MCM — terminaciones BT   • Zapata bimetálica Cu-Al, compresión hidráulica, para cable 500 MCM (253 mm²)   • Orificio de perno: Ø12.7 mm (1/2"""") para conexión a barras colectoras del tablero SBM   • Material: cuerpo de aluminio + superficie de contacto de cobre estañado (bimetálica)   • 36 zapatas total: 14 conductores/circ × 3 circ × 2 extremos / 2 (solo extremos de tablero) → corrección: 14×2×3=84 terminales; revisar cantidad con el calculista""","""Zapatas bimetálicas de compresión hidráulica 500 MCM — terminaciones BT   • Zapata bimetálica Cu-Al, compresión hidráulica, para cable 500 MCM (253 mm²)   • Orificio de perno: Ø12.7 mm (1/2"""") para conexión a barras colectoras del tablero SBM   • Material: cuerpo de aluminio + superficie de contacto de cobre estañado (bimetálica)   • 36 zapatas total: 14 conductores/circ × 3 circ × 2 extremos / 2 (solo extremos de tablero) → corrección: 14×2×3=84 terminales; revisar cantidad con el calculista""",84.0,40669.44
SO11771,2026-07-24,"Conmet de México, S.A. de C.V.",SERVICIOS FTS,53190685.1,"""Barras de igualación BT 4,000 A en secundario del transformador + kit de ferretería   • Barra colectora de conexión en bornes BT del GEAFOL: cobre estañado 100×10 mm, L~600 mm   • 1 juego de 3 barras (3 fases) por transformador × 3 trafos = 9 barras de igualación   • Kit de ferretería: prensaestopas PG para conduit, separadores de barras en aislador tipo poste   • Tornillos de cabeza hexagonal DIN 933 acero inox A2, grado de apriete calibrado con torquímetro   • Garantiza conexión equitativa de los 2 conductores paralelos/fase en cada borne del trafo""","""Barras de igualación BT 4,000 A en secundario del transformador + kit de ferretería   • Barra colectora de conexión en bornes BT del GEAFOL: cobre estañado 100×10 mm, L~600 mm   • 1 juego de 3 barras (3 fases) por transformador × 3 trafos = 9 barras de igualación   • Kit de ferretería: prensaestopas PG para conduit, separadores de barras en aislador tipo poste   • Tornillos de cabeza hexagonal DIN 933 acero inox A2, grado de apriete calibrado con torquímetro   • Garantiza conexión equitativa de los 2 conductores paralelos/fase en cada borne del trafo""",1.0,21121.48
SO11771,2026-07-24,"Conmet de México, S.A. de C.V.",SERVICIOS FTS,53190685.1,"""Soporte Unistrut + abrazaderas para canalización de cables BT 500 MCM   • Perfil Unistrut P3000 (doble canal 41×82 mm) galvanizado — para soportar haces de 14 cables 500 MCM   • Abrazaderas tipo Erico/Caddy para cable de gran sección (Ø aproximado cable 500 MCM: 45 mm)   • Separadores de fase (al menos 1× diámetro de cable entre fases para ventilación y derating)   • 24 juegos de soporte (8 puntos de soporte/circuito × 3 circuitos) a lo largo de 10 m""","""Soporte Unistrut + abrazaderas para canalización de cables BT 500 MCM   • Perfil Unistrut P3000 (doble canal 41×82 mm) galvanizado — para soportar haces de 14 cables 500 MCM   • Abrazaderas tipo Erico/Caddy para cable de gran sección (Ø aproximado cable 500 MCM: 45 mm)   • Separadores de fase (al menos 1× diámetro de cable entre fases para ventilación y derating)   • 24 juegos de soporte (8 puntos de soporte/circuito × 3 circuitos) a lo largo de 10 m""",24.0,13969.44
SO11771,2026-07-24,"Conmet de México, S.A. de C.V.",SERVICIOS FTS,53190685.1,"""Cajas de paso acero 20×20×10 cm — transición conduit-tablero SBM   • Caja de paso o pull box de acero galvanizado calibre 14, dim. 200×200×100 mm, tapa remachada   • 1 caja por circuito (3 cajas total) en el punto de entrada al tablero SBM   • Facilita el cambio de dirección del haz de cables y actúa como punto de inspección y sellado   • Orificios con prensaestopas o boquillas de polietileno para protección del aislamiento del cable""","""Cajas de paso acero 20×20×10 cm — transición conduit-tablero SBM   • Caja de paso o pull box de acero galvanizado calibre 14, dim. 200×200×100 mm, tapa remachada   • 1 caja por circuito (3 cajas total) en el punto de entrada al tablero SBM   • Facilita el cambio de dirección del haz de cables y actúa como punto de inspección y sellado   • Orificios con prensaestopas o boquillas de polietileno para protección del aislamiento del cable""",3.0,6002.16
SO11771,2026-07-24,"Conmet de México, S.A. de C.V.",SERVICIOS FTS,53190685.1,"""Sellado cortafuego (putty + tapón) — entrada de cables a tablero SBM   • Sellado cortafuego tipo 3M CP 25WB+ (putty intumescente) o equivalente UL Listed   • Aplicación en penetraciones de cables BT al tablero para mantener separación cortafuego F60/F90   • Kit: manga de sellado + putty + tapón espumante por cada penetración (3 penetraciones × 3 tableros)   • Cumple NFPA 101, NOM-060-ECOL y requisitos de FM/UL para integridad cortafuego""","""Sellado cortafuego (putty + tapón) — entrada de cables a tablero SBM   • Sellado cortafuego tipo 3M CP 25WB+ (putty intumescente) o equivalente UL Listed   • Aplicación en penetraciones de cables BT al tablero para mantener separación cortafuego F60/F90   • Kit: manga de sellado + putty + tapón espumante por cada penetración (3 penetraciones × 3 tableros)   • Cumple NFPA 101, NOM-060-ECOL y requisitos de FM/UL para integridad cortafuego""",3.0,3599.16
SO11771,2026-07-24,"Conmet de México, S.A. de C.V.",SERVICIOS FTS,53190685.1,"""Pruebas eléctricas — canalización, tendido BT y mediciones de aislamiento (ver Bloque 4)   • Medición de resistencia de aislamiento (Megger 1,000 V) en todos los conductores 500 MCM   • Índice de polarización (PI) ≥ 1.25 para verificación de integridad del aislamiento THW   • Medición de continuidad y resistencia óhmica por conductor para verificar conexiones paralelas   • Inspección visual de zapatas: torque de compresión, protección anticorrosiva (cinta Scotch 23)   • Comprobación de balance de corriente entre los 2 conductores paralelos por fase tras la primera energización""","""Pruebas eléctricas — canalización, tendido BT y mediciones de aislamiento (ver Bloque 4)   • Medición de resistencia de aislamiento (Megger 1,000 V) en todos los conductores 500 MCM   • Índice de polarización (PI) ≥ 1.25 para verificación de integridad del aislamiento THW   • Medición de continuidad y resistencia óhmica por conductor para verificar conexiones paralelas   • Inspección visual de zapatas: torque de compresión, protección anticorrosiva (cinta Scotch 23)   • Comprobación de balance de corriente entre los 2 conductores paralelos por fase tras la primera energización""",1.0,33357.2
SO11771,2026-07-24,"Conmet de México, S.A. de C.V.",SERVICIOS FTS,53190685.1,"""Tablero autosoportado Siemens SBM NEMA 1 — 460 V, bus 3,000 A (3 unidades)   • Tablero de distribución autosoportado (floor-standing) tipo SENTRON SBM, perfil bajo   • Voltaje nominal: 460 V (480 V max) — 3 fases 4 hilos — NEMA 1 (uso interior sin polvo extremo)   • Bus principal: barras de cobre estañado 3,000 A — SCCR: 65 kA (con IRC del interruptor 100 kA)   • Gabinete de acero de calibre 12 con acabado epoxi gris RAL 7035 — puerta con manija de 3 puntos   • Espacio interno para: 1 interruptor principal extraíble Tamaño 3 + 2 posiciones de reserva Tamaño II   • Profundidad suficiente para entrar cables 500 MCM con radio de curvatura mínimo (min. 600 mm interior)   • NOTA: Bus cotizado en 3,000 A — el interruptor principal es 4,000 A. Verificar si el bus soporta 4,000 A""","""Tablero autosoportado Siemens SBM NEMA 1 — 460 V, bus 3,000 A (3 unidades)   • Tablero de distribución autosoportado (floor-standing) tipo SENTRON SBM, perfil bajo   • Voltaje nominal: 460 V (480 V max) — 3 fases 4 hilos — NEMA 1 (uso interior sin polvo extremo)   • Bus principal: barras de cobre estañado 3,000 A — SCCR: 65 kA (con IRC del interruptor 100 kA)   • Gabinete de acero de calibre 12 con acabado epoxi gris RAL 7035 — puerta con manija de 3 puntos   • Espacio interno para: 1 interruptor principal extraíble Tamaño 3 + 2 posiciones de reserva Tamaño II   • Profundidad suficiente para entrar cables 500 MCM con radio de curvatura mínimo (min. 600 mm interior)   • NOTA: Bus cotizado en 3,000 A — el interruptor principal es 4,000 A. Verificar si el bus soporta 4,000 A""",3.0,4193555.4
SO11771,2026-07-24,"Conmet de México, S.A. de C.V.",SERVICIOS FTS,53190685.1,"""Interruptor de potencia electromagnético 4,000 A extraíble — principal por tablero SBM   • Interruptor de potencia (MCCB/ACB) tipo SENTRON 3WL o 3WT, extraíble, 3 polos   • Corriente nominal: In = 4,000 A — Tensión: hasta 690 V CA — Capacidad interruptiva: 100 kA   • Tamaño 3 (frame) — Montaje extraíble en chasis (posición CONECTADO / TEST / DESCONECTADO)   • Accionamiento: manual (palanca de carga de resorte) — Resorte de apertura almacenado   • Contactos auxiliares 6 contactos (ajustables NA/NC) para señalización de posición y disparo   • Con blindaje de arco y obturadores de posición — certificado IEC 60947-2 / UL 1066""","""Interruptor de potencia electromagnético 4,000 A extraíble — principal por tablero SBM   • Interruptor de potencia (MCCB/ACB) tipo SENTRON 3WL o 3WT, extraíble, 3 polos   • Corriente nominal: In = 4,000 A — Tensión: hasta 690 V CA — Capacidad interruptiva: 100 kA   • Tamaño 3 (frame) — Montaje extraíble en chasis (posición CONECTADO / TEST / DESCONECTADO)   • Accionamiento: manual (palanca de carga de resorte) — Resorte de apertura almacenado   • Contactos auxiliares 6 contactos (ajustables NA/NC) para señalización de posición y disparo   • Con blindaje de arco y obturadores de posición — certificado IEC 60947-2 / UL 1066""",3.0,3722033.4
SO11771,2026-07-24,"Conmet de México, S.A. de C.V.",SERVICIOS FTS,53190685.1,"""Unidad de disparo ETU 600 LSIG para interruptor de potencia 4,000 A   • Unidad electrónica de disparo (ETU) SENTRON tipo ETU600 para ACB 3WL/3WT   • Funciones de protección integradas: L (sobrecarga térmica), S (cortocircuito retardado), I (instantáneo), G (tierra)   • Protección diferencial de tierra (G): detección de falla a tierra desde 15% de In   • Ajuste de parámetros vía teclado frontal o software SENTRON PowerConfig (USB/WiFi)   • Indicadores LED de estado por función — Registro de últimos 8 disparos con fecha/hora   • Compatible con módulo de medición PMF-3 (partida siguiente) — Alimentación autoalimentada (CT)""","""Unidad de disparo ETU 600 LSIG para interruptor de potencia 4,000 A   • Unidad electrónica de disparo (ETU) SENTRON tipo ETU600 para ACB 3WL/3WT   • Funciones de protección integradas: L (sobrecarga térmica), S (cortocircuito retardado), I (instantáneo), G (tierra)   • Protección diferencial de tierra (G): detección de falla a tierra desde 15% de In   • Ajuste de parámetros vía teclado frontal o software SENTRON PowerConfig (USB/WiFi)   • Indicadores LED de estado por función — Registro de últimos 8 disparos con fecha/hora   • Compatible con módulo de medición PMF-3 (partida siguiente) — Alimentación autoalimentada (CT)""",3.0,325633.2
SO11771,2026-07-24,"Conmet de México, S.A. de C.V.",SERVICIOS FTS,53190685.1,"""Módulo PMF-3 Advanced Power Monitor — medidor de energía integrado en ETU 600   • Módulo de medición de energía que se conecta internamente al ETU 600 del ACB   • Mide en tiempo real: V (L-L y L-N), I (A), P (kW), Q (kVAR), S (kVA), FP (PF), frecuencia (Hz)   • Energía activa (kWh) + reactiva (kVARh) con registro de demanda máxima   • Comunicación: Modbus RTU (RS-485) / Profibus DP / PROFINET (según versión seleccionada)   • Precisión: Clase 0.5 (IEC 62053-22) para energía activa — pantalla LCD en puerta del tablero""","""Módulo PMF-3 Advanced Power Monitor — medidor de energía integrado en ETU 600   • Módulo de medición de energía que se conecta internamente al ETU 600 del ACB   • Mide en tiempo real: V (L-L y L-N), I (A), P (kW), Q (kVAR), S (kVA), FP (PF), frecuencia (Hz)   • Energía activa (kWh) + reactiva (kVARh) con registro de demanda máxima   • Comunicación: Modbus RTU (RS-485) / Profibus DP / PROFINET (según versión seleccionada)   • Precisión: Clase 0.5 (IEC 62053-22) para energía activa — pantalla LCD en puerta del tablero""",3.0,145034.4
SO11771,2026-07-24,"Conmet de México, S.A. de C.V.",SERVICIOS FTS,53190685.1,"""Contactos auxiliares adicionales 2NA+2NC para interruptor principal   • Bloque de contactos auxiliares montado en la carcasa del ACB — para señalización externa   • 2 contactos Normalmente Abiertos (NA) + 2 Normalmente Cerrados (NC) — 250 V / 6 A   • Utilizados para: señal de 'interruptor cerrado' al SCADA, alarma de disparo, posición TEST, extraído   • Cableado hasta borneras de control del tablero para interconexión con sistema de monitoreo de planta""","""Contactos auxiliares adicionales 2NA+2NC para interruptor principal   • Bloque de contactos auxiliares montado en la carcasa del ACB — para señalización externa   • 2 contactos Normalmente Abiertos (NA) + 2 Normalmente Cerrados (NC) — 250 V / 6 A   • Utilizados para: señal de 'interruptor cerrado' al SCADA, alarma de disparo, posición TEST, extraído   • Cableado hasta borneras de control del tablero para interconexión con sistema de monitoreo de planta""",3.0,22406.64
SO11771,2026-07-24,"Conmet de México, S.A. de C.V.",SERVICIOS FTS,53190685.1,"""Barras de cobre estañado 4,000 A — bus BT del tablero (juego 3F+N por tablero)   • Barras colectoras secundarias de cobre electrolítico estañado (Sn) para distribución interna del SBM   • Sección: mínimo 80×10 mm Cu para 2,000 A continuos — 4 barras (3 fases + neutro)   • Aisladores de poste tipo GPO-3 (fibra de vidrio reforzada) para fijación con separación de fases 25 mm   • Longitud de barra adaptada al diseño del gabinete — soportes cada 300 mm máx.""","""Barras de cobre estañado 4,000 A — bus BT del tablero (juego 3F+N por tablero)   • Barras colectoras secundarias de cobre electrolítico estañado (Sn) para distribución interna del SBM   • Sección: mínimo 80×10 mm Cu para 2,000 A continuos — 4 barras (3 fases + neutro)   • Aisladores de poste tipo GPO-3 (fibra de vidrio reforzada) para fijación con separación de fases 25 mm   • Longitud de barra adaptada al diseño del gabinete — soportes cada 300 mm máx.""",3.0,411035.82
SO11771,2026-07-24,"Conmet de México, S.A. de C.V.",SERVICIOS FTS,53190685.1,"""Herrajes y chasis para 2 posiciones de reserva Tamaño II por tablero   • Estructura interna (rieles DIN, chasis de montaje) preparada para 2 interruptores futuros Tamaño II   • Incluye: rieles de guía para inserción, tapas ciegas de posición, tornillería de fijación   • Posiciones Tamaño II admiten interruptores ACB hasta ~2,500 A o MCCB de hasta 1,600 A   • Cableado de pre-wiring de barras hasta las posiciones de reserva (esperas de cable)""","""Herrajes y chasis para 2 posiciones de reserva Tamaño II por tablero   • Estructura interna (rieles DIN, chasis de montaje) preparada para 2 interruptores futuros Tamaño II   • Incluye: rieles de guía para inserción, tapas ciegas de posición, tornillería de fijación   • Posiciones Tamaño II admiten interruptores ACB hasta ~2,500 A o MCCB de hasta 1,600 A   • Cableado de pre-wiring de barras hasta las posiciones de reserva (esperas de cable)""",3.0,33604.62
SO11771,2026-07-24,"Conmet de México, S.A. de C.V.",SERVICIOS FTS,53190685.1,"""Cableado interior, borneras, etiquetado y placa de circuitos — tablero SBM   • Cable de control flexible 1.5 mm² Cu para interconexión interna: ETU 600, PMF-3, contactos aux.   • Borneras WAGO o Phoenix Contact 6 mm² tipo pasante, en riel DIN para entradas/salidas externas   • Placa de circuitos plastificada en puerta interna: esquema unifilar del tablero y etiquetas de circuito   • Etiquetado permanente (cinta Brady o equivalente) de cables, borneras y bornes de conexión   • Prensaestopas de nylon para entradas de cables de control desde exterior""","""Cableado interior, borneras, etiquetado y placa de circuitos — tablero SBM   • Cable de control flexible 1.5 mm² Cu para interconexión interna: ETU 600, PMF-3, contactos aux.   • Borneras WAGO o Phoenix Contact 6 mm² tipo pasante, en riel DIN para entradas/salidas externas   • Placa de circuitos plastificada en puerta interna: esquema unifilar del tablero y etiquetas de circuito   • Etiquetado permanente (cinta Brady o equivalente) de cables, borneras y bornes de conexión   • Prensaestopas de nylon para entradas de cables de control desde exterior""",3.0,30405.96
SO11771,2026-07-24,"Conmet de México, S.A. de C.V.",SERVICIOS FTS,53190685.1,"""Sistema de puesta a tierra del tablero SBM — barra, cable y grapa de tierra   • Barra colectora de tierra interior: cobre electrolítico 50×5 mm, L=800 mm, con terminales M10   • Cable de tierra: 4/0 AWG Cu desnudo desde barra del tablero hasta malla equipotencial del edificio   • Grapa bimetálica de compresión para unión cable-barra de tierra (tipo C o de perforación aislamiento)   • Resistencia del lazo de tierra del tablero ≤ 1 Ω medido con micro-ohmímetro""","""Sistema de puesta a tierra del tablero SBM — barra, cable y grapa de tierra   • Barra colectora de tierra interior: cobre electrolítico 50×5 mm, L=800 mm, con terminales M10   • Cable de tierra: 4/0 AWG Cu desnudo desde barra del tablero hasta malla equipotencial del edificio   • Grapa bimetálica de compresión para unión cable-barra de tierra (tipo C o de perforación aislamiento)   • Resistencia del lazo de tierra del tablero ≤ 1 Ω medido con micro-ohmímetro""",3.0,20804.64
SO11771,2026-07-24,"Conmet de México, S.A. de C.V.",SERVICIOS FTS,53190685.1,"""Pruebas eléctricas — montaje, conexionado, ajuste ETU y SAT del tablero BT (ver Bloque 5)   • Verificación de continuidad de barras colectoras con micro-ohmímetro (< 10 µΩ/m)   • Prueba dieléctrica de barras: 2.5 kV CA / 1 min (IEC 60439-1)   • Ajuste de curva L-S-I-G del ETU 600 según selectividad con protecciones MT y circuitos derivados   • Prueba de extracción/inserción del ACB en posición TEST — verificación de obturadores   • Calibración del PMF-3: comparación de mediciones con patrón calibrado (clase 0.2)   • SAT de los 3 tableros SBM — Reporte técnico entregable con parámetros ajustados""","""Pruebas eléctricas — montaje, conexionado, ajuste ETU y SAT del tablero BT (ver Bloque 5)   • Verificación de continuidad de barras colectoras con micro-ohmímetro (< 10 µΩ/m)   • Prueba dieléctrica de barras: 2.5 kV CA / 1 min (IEC 60439-1)   • Ajuste de curva L-S-I-G del ETU 600 según selectividad con protecciones MT y circuitos derivados   • Prueba de extracción/inserción del ACB en posición TEST — verificación de obturadores   • Calibración del PMF-3: comparación de mediciones con patrón calibrado (clase 0.2)   • SAT de los 3 tableros SBM — Reporte técnico entregable con parámetros ajustados""",1.0,129050.0
SO11771,2026-07-24,"Conmet de México, S.A. de C.V.",SERVICIOS FTS,53190685.1,"""Sección recta electroducto cobre estañado 4,000 A, 460 V — tramos estándar 3 m   • Electroducto tipo plug-in (busway) de cobre electrolítico estañado, 4,000 A continuo   • Tensión nominal: 480 V (opera a 460 V) — 3F + N — Frecuencia: 60 Hz   • Carcasa: acero galvanizado G90 cal. 12 con acabado RAL 7035 — Grado IP54 (carcasa)   • Barras: Cu estañado (4 barras: L1-L2-L3-N) con separadores aislantes de poliéster reforzado   • Sección nominal de barra: ~250×10 mm Cu para 4,000 A — Resistencia < 13 µΩ/m   • 3 sistemas × 161 m = 483 m totales — Tramos de 3 m estándar = 161 tramos por sistema = 483 tramos   • Norma: UL 857 / NEMA BU-1 — Certificación UL Listed o equivalente IEC 61439-6   • Instalación a 9 m de altura con soportes tipo hanger cada 3 m (ver partida 48)""","""Sección recta electroducto cobre estañado 4,000 A, 460 V — tramos estándar 3 m   • Electroducto tipo plug-in (busway) de cobre electrolítico estañado, 4,000 A continuo   • Tensión nominal: 480 V (opera a 460 V) — 3F + N — Frecuencia: 60 Hz   • Carcasa: acero galvanizado G90 cal. 12 con acabado RAL 7035 — Grado IP54 (carcasa)   • Barras: Cu estañado (4 barras: L1-L2-L3-N) con separadores aislantes de poliéster reforzado   • Sección nominal de barra: ~250×10 mm Cu para 4,000 A — Resistencia < 13 µΩ/m   • 3 sistemas × 161 m = 483 m totales — Tramos de 3 m estándar = 161 tramos por sistema = 483 tramos   • Norma: UL 857 / NEMA BU-1 — Certificación UL Listed o equivalente IEC 61439-6   • Instalación a 9 m de altura con soportes tipo hanger cada 3 m (ver partida 48)""",483.0,13117053.18
SO11771,2026-07-24,"Conmet de México, S.A. de C.V.",SERVICIOS FTS,53190685.1,"""Codo horizontal 90° para electroducto 4,000 A — cambios de dirección en planta   • Pieza de curva horizontal 90° para busway 4,000 A, fabricada en fábrica (factory-made)   • Misma sección de barras Cu estañadas y carcasa que la sección recta — IP54   • Radio de curva interior mínimo: 600 mm — largo de pieza: ~900 mm cada brazo   • Aprox. 4 codos horizontales por sistema para rodear columnas y obstáculos × 3 sistemas = 12 piezas""","""Codo horizontal 90° para electroducto 4,000 A — cambios de dirección en planta   • Pieza de curva horizontal 90° para busway 4,000 A, fabricada en fábrica (factory-made)   • Misma sección de barras Cu estañadas y carcasa que la sección recta — IP54   • Radio de curva interior mínimo: 600 mm — largo de pieza: ~900 mm cada brazo   • Aprox. 4 codos horizontales por sistema para rodear columnas y obstáculos × 3 sistemas = 12 piezas""",12.0,899170.56
SO11771,2026-07-24,"Conmet de México, S.A. de C.V.",SERVICIOS FTS,53190685.1,"""Codo vertical 90° para electroducto 4,000 A — bajada desde altura a tablero SBM   • Pieza de curva vertical 90° para transición de horizontal (techo) a vertical (bajada a tablero)   • 1 codo vertical por sistema = 3 piezas totales (1 bajada por tablero SBM)   • Longitud de bajada desde techo (7 m) hasta tablero SBM: se resuelve con tramos rectos + codo vertical   • Misma especificación técnica y certificación que los codos horizontales""","""Codo vertical 90° para electroducto 4,000 A — bajada desde altura a tablero SBM   • Pieza de curva vertical 90° para transición de horizontal (techo) a vertical (bajada a tablero)   • 1 codo vertical por sistema = 3 piezas totales (1 bajada por tablero SBM)   • Longitud de bajada desde techo (7 m) hasta tablero SBM: se resuelve con tramos rectos + codo vertical   • Misma especificación técnica y certificación que los codos horizontales""",3.0,224792.64
SO11771,2026-07-24,"Conmet de México, S.A. de C.V.",SERVICIOS FTS,53190685.1,"""Unidad de expansión térmica 4,000 A — absorción de dilatación del electroducto   • Junta de expansión térmica que permite el movimiento longitudinal del electroducto (±25 mm)   • Necesaria cada 30 m de tramo recto para absorber la expansión del cobre con cambios de temperatura   • 3 sistemas × ~5 unidades/sistema (161 m / 30 m) = 15 unidades de expansión + 122 m a Tablero BT.   • Contacto deslizante de Cu estañado — sin pérdida de continuidad eléctrica ni de tierra   • Incluye guía de dirección para movimiento axial libre y restricción lateral""","""Unidad de expansión térmica 4,000 A — absorción de dilatación del electroducto   • Junta de expansión térmica que permite el movimiento longitudinal del electroducto (±25 mm)   • Necesaria cada 30 m de tramo recto para absorber la expansión del cobre con cambios de temperatura   • 3 sistemas × ~5 unidades/sistema (161 m / 30 m) = 15 unidades de expansión + 122 m a Tablero BT.   • Contacto deslizante de Cu estañado — sin pérdida de continuidad eléctrica ni de tierra   • Incluye guía de dirección para movimiento axial libre y restricción lateral""",15.0,755770.2
SO11771,2026-07-24,"Conmet de México, S.A. de C.V.",SERVICIOS FTS,53190685.1,"""Tapón ciego de extremo 4,000 A — cierre del extremo del busway   • End cap o tapón final de cierre para el extremo libre del electroducto busway   • Fabricado en material dieléctrico reforzado (poliéster) con sellado IP54 en extremo   • Evita contacto accidental con barras energizadas en el extremo del sistema   • 2 extremos de cierre por sistema × 3 sistemas = 6 tapones totales""","""Tapón ciego de extremo 4,000 A — cierre del extremo del busway   • End cap o tapón final de cierre para el extremo libre del electroducto busway   • Fabricado en material dieléctrico reforzado (poliéster) con sellado IP54 en extremo   • Evita contacto accidental con barras energizadas en el extremo del sistema   • 2 extremos de cierre por sistema × 3 sistemas = 6 tapones totales""",6.0,77771.76
SO11771,2026-07-24,"Conmet de México, S.A. de C.V.",SERVICIOS FTS,53190685.1,"""Soporte tipo horquilla galvanizada para cuelgue de electroducto a techo — cada 3 m   • Soporte tipo 'cradle' o 'hanger' de acero galvanizado en caliente para sujeción del busway al techo   • Diseño en horquilla para abrazar la carcasa del electroducto — carga admisible: ≥ 200 kg   • Espaciado máximo: 3 m según NEMA BU-1 — 3 sistemas × 64 soportes/sistema = 192 soportes   • Soporte ajustable en altura ±75 mm para nivelación de la línea de electroducto   • Acabado: galvanizado en caliente ASTM A123 + pintura epoxi gris""","""Soporte tipo horquilla galvanizada para cuelgue de electroducto a techo — cada 3 m   • Soporte tipo 'cradle' o 'hanger' de acero galvanizado en caliente para sujeción del busway al techo   • Diseño en horquilla para abrazar la carcasa del electroducto — carga admisible: ≥ 200 kg   • Espaciado máximo: 3 m según NEMA BU-1 — 3 sistemas × 64 soportes/sistema = 192 soportes   • Soporte ajustable en altura ±75 mm para nivelación de la línea de electroducto   • Acabado: galvanizado en caliente ASTM A123 + pintura epoxi gris""",192.0,441895.68
SO11771,2026-07-24,"Conmet de México, S.A. de C.V.",SERVICIOS FTS,53190685.1,"""Varilla roscada galv. 3/8"""" × 60 cm + tuercas + placa de anclaje — por soporte   • Varilla roscada M10 (3/8"""") galvanizada en caliente, longitud 600 mm, con tuercas dobles DIN 934   • Placa de anclaje 100×100×6 mm con agujero central Ø12 mm para fijación a estructura de techo   • 1 juego por soporte = 162 juegos totales — conecta el soporte horquilla a la estructura del techo   • Nivelación de la altura del soporte mediante doble tuerca y contratuerca""","""Varilla roscada galv. 3/8"""" × 60 cm + tuercas + placa de anclaje — por soporte   • Varilla roscada M10 (3/8"""") galvanizada en caliente, longitud 600 mm, con tuercas dobles DIN 934   • Placa de anclaje 100×100×6 mm con agujero central Ø12 mm para fijación a estructura de techo   • 1 juego por soporte = 162 juegos totales — conecta el soporte horquilla a la estructura del techo   • Nivelación de la altura del soporte mediante doble tuerca y contratuerca""",162.0,91986.84
SO11771,2026-07-24,"Conmet de México, S.A. de C.V.",SERVICIOS FTS,53190685.1,"""Anclaje químico Hilti HIT-RE 500 Ø12 mm — fijación de placas soporte al techo   • Anclaje de resina epoxi tipo Hilti HIT-RE 500 V4 o equivalente para concreto   • Diámetro del ancla: M12 × 110 mm (perforación Ø14 mm × 90 mm en losa de concreto)   • 2 anclas por placa de soporte × 162 soportes = 324 anclas en total   • Resistencia al arranque en concreto C25: ≥ 25 kN por ancla — diseño sísmico si aplica   • Aplicación en losa de concreto del techo de nave industrial — perforación con broca diamantada""","""Anclaje químico Hilti HIT-RE 500 Ø12 mm — fijación de placas soporte al techo   • Anclaje de resina epoxi tipo Hilti HIT-RE 500 V4 o equivalente para concreto   • Diámetro del ancla: M12 × 110 mm (perforación Ø14 mm × 90 mm en losa de concreto)   • 2 anclas por placa de soporte × 162 soportes = 324 anclas en total   • Resistencia al arranque en concreto C25: ≥ 25 kN por ancla — diseño sísmico si aplica   • Aplicación en losa de concreto del techo de nave industrial — perforación con broca diamantada""",1.0,59060.4
SO11771,2026-07-24,"Conmet de México, S.A. de C.V.",SERVICIOS FTS,53190685.1,"""Conector de entrada al tablero SBM tipo plug-in 4,000 A — adaptador busway-tablero   • Pieza de adaptación / conector de alimentación que une el extremo inferior del busway (codo vertical) con la entrada del tablero SBM   • Corriente: 4,000 A — Tensión: 480 V — 3F+N — Certificación UL 857   • Adaptador con barras de Cu estañadas y carcasa metálica compatible con ambos equipos   • 1 conector por sistema × 3 sistemas = 3 conectores totales   • Requiere coordinación de dimensiones entre fabricante de busway y Siemens SBM""","""Conector de entrada al tablero SBM tipo plug-in 4,000 A — adaptador busway-tablero   • Pieza de adaptación / conector de alimentación que une el extremo inferior del busway (codo vertical) con la entrada del tablero SBM   • Corriente: 4,000 A — Tensión: 480 V — 3F+N — Certificación UL 857   • Adaptador con barras de Cu estañadas y carcasa metálica compatible con ambos equipos   • 1 conector por sistema × 3 sistemas = 3 conectores totales   • Requiere coordinación de dimensiones entre fabricante de busway y Siemens SBM""",3.0,200495.64
SO11771,2026-07-24,"Conmet de México, S.A. de C.V.",SERVICIOS FTS,53190685.1,"""Accesorios de soportería, equipo para montaje del electroducto y pruebas eléctricas completas   • Incluye: material misceláneo de montaje (tornillería, silicón dieléctrico, consumibles de instalación)   • Mano de obra especializada para montaje a 5 m de altura: andamio, equipo de elevación (manlift)   • Alineación con nivel láser del electroducto en los 3 sistemas — tolerancia ≤ L/400   • Pruebas: aislamiento (≥ 1 MΩ a 500 V DC), continuidad de tierra (< 0.5 Ω), resistencia de juntas   • Termografía infrarroja de todos los plug-in tap boxes y juntas bajo carga (reporte fotográfico)   • Reporte final de instalación y pruebas con valores medidos — Puesta en servicio""","""Accesorios de soportería, equipo para montaje del electroducto y pruebas eléctricas completas   • Incluye: material misceláneo de montaje (tornillería, silicón dieléctrico, consumibles de instalación)   • Mano de obra especializada para montaje a 5 m de altura: andamio, equipo de elevación (manlift)   • Alineación con nivel láser del electroducto en los 3 sistemas — tolerancia ≤ L/400   • Pruebas: aislamiento (≥ 1 MΩ a 500 V DC), continuidad de tierra (< 0.5 Ω), resistencia de juntas   • Termografía infrarroja de todos los plug-in tap boxes y juntas bajo carga (reporte fotográfico)   • Reporte final de instalación y pruebas con valores medidos — Puesta en servicio""",1.0,428535.0
SO11233,2026-07-13,Lau Industries de Mexico,SERVICIOS FTS,142216.0,"Servicio de Rigging, carga, transporte y descarga de un compresor y un secador de aire desde las instalaciones de Morrison Products (Apodaca, N.L.) hacia Morrison LauFan (Santa Catarina, N.L.).","Servicio de rigging, carga, transporte y descarga de un compresor y un secador de aire desde las instalaciones de Morrison Products (Apodaca, N.L.) hacia Morrison LauFan (Santa Catarina, N.L.).",1.0,122600.0
SO11789,2026-07-08,GRUMA CORP DBA MISSION FOODS,FTS FULL TECHNOLOGY SYSTEMS LLC,7198.75,"Supply of one (1) Allen-Bradley PanelView Plus 1000 HMI assembly Display Module (Cat. No. 2711P-RDT10C) and Logic Module (Cat. No. 2711P-RP8A), featuring a 10.4"" color touchscreen (640 × 480 resolution), Ethernet and RS-232 communications, Windows CE 6.0 operating system, 512 MB Flash / 512 MB RAM, and 100–240 VAC power input. New Original OEM components (New Old Stock).","Supply of one (1) Allen-Bradley PanelView Plus 1000 HMI assembly Display Module (Cat. No. 2711P-RDT10C) and Logic Module (Cat. No. 2711P-RP8A), featuring a 10.4"" color touchscreen (640 × 480 resolution), Ethernet and RS-232 communications, Windows CE 6.0 operating system, 512 MB Flash / 512 MB RAM, and 100–240 VAC power input. New Original OEM components (New Old Stock).",1.0,6500.0
SO11773,2026-07-02,"Mission Foods, Daniel Sanudo",FTS FULL TECHNOLOGY SYSTEMS LLC,8199.0,Labor for power installation,Labor for power installation,1.0,5019.0
SO11773,2026-07-02,"Mission Foods, Daniel Sanudo",FTS FULL TECHNOLOGY SYSTEMS LLC,8199.0,Labor for Control installation,Labor for Control installation,1.0,1732.0
SO11773,2026-07-02,"Mission Foods, Daniel Sanudo",FTS FULL TECHNOLOGY SYSTEMS LLC,8199.0,Materials for power installation,Materials for power installation,1.0,1049.0
SO11773,2026-07-02,"Mission Foods, Daniel Sanudo",FTS FULL TECHNOLOGY SYSTEMS LLC,8199.0,Materials for control installation,Materials for control installation,1.0,399.0
SO11673,2026-07-02,Mission Foods,FTS FULL TECHNOLOGY SYSTEMS LLC,40492.0,Visit 1 (Year 1) – Clean & Inspection (C&I),Visit 1 (Year 1) – Clean & Inspection (C&I),1.0,11002.0
SO11673,2026-07-02,Mission Foods,FTS FULL TECHNOLOGY SYSTEMS LLC,40492.0,Visit 2 (Year 1) – Minor Service,Visit 2 (Year 1) – Minor Service,1.0,9148.0
SO11673,2026-07-02,Mission Foods,FTS FULL TECHNOLOGY SYSTEMS LLC,40492.0,Visit 3 (Year 1) – Clean & Inspection (C&I),Visit 3 (Year 1) – Clean & Inspection (C&I),1.0,8108.0
SO11673,2026-07-02,Mission Foods,FTS FULL TECHNOLOGY SYSTEMS LLC,40492.0,Visit 4 (Year 1) – Minor Service,Visit 4 (Year 1) – Minor Service,1.0,9148.0
SO11779,2026-06-25,BEBIDAS PURIFICADAS,SERVICIOS FTS,14469.84,Reparación de motor eléctrico de unidad hidráulicas (HPU) — Rampas niveladoras GEPP,Reparación de motor eléctrico de unidad hidráulicas (HPU) — Rampas niveladoras GEPP,2.0,12474.0
SO11699,2026-06-25,"Bridgestone México, Ruben Robledo",SERVICIOS FTS,18728.2,"Suministro e instalación de sensores de temperatura y flujo de aire, dispositivos de alarma y todos los materiales necesarios para el sistema de monitoreo en el área de D-machine.","Suministro e instalación de sensores de temperatura y flujo de aire, dispositivos de alarma y todos los materiales necesarios para el sistema de monitoreo en el área de D-machine.",1.0,16145.0
SO11746,2026-06-19,"Mission Foods, Ulices pastrana",FTS FULL TECHNOLOGY SYSTEMS LLC,8300.0,Supply of materials,Supply of materials,1.0,2415.0
SO11746,2026-06-19,"Mission Foods, Ulices pastrana",FTS FULL TECHNOLOGY SYSTEMS LLC,8300.0,Labor,Labor,1.0,6575.0
SO11746,2026-06-19,"Mission Foods, Ulices pastrana",FTS FULL TECHNOLOGY SYSTEMS LLC,8300.0,Materials not used,Materials not used,1.0,-690.0
SO11762,2026-06-17,"Nalco de Mexico SA. de .CV, Tito Everardo Ordaz",SERVICIOS FTS,1746011.12,Sistema de soporte de tuberías,Sistema de soporte de tuberías,1.0,287718.0
SO11762,2026-06-17,"Nalco de Mexico SA. de .CV, Tito Everardo Ordaz",SERVICIOS FTS,1746011.12,Sistema de alimentación para tuberías.,Sistema de alimentación para tuberías.,1.0,101462.0
SO11762,2026-06-17,"Nalco de Mexico SA. de .CV, Tito Everardo Ordaz",SERVICIOS FTS,1746011.12,Sistema de alimentación para tuberías.,Sistema de alimentación para tuberías.,1.0,115414.0
SO11762,2026-06-17,"Nalco de Mexico SA. de .CV, Tito Everardo Ordaz",SERVICIOS FTS,1746011.12,Interferencias en el sistema,Interferencias en el sistema,1.0,15561.0
SO11762,2026-06-17,"Nalco de Mexico SA. de .CV, Tito Everardo Ordaz",SERVICIOS FTS,1746011.12,Trabajos en intemperie,Trabajos en intemperie,1.0,15424.0
SO11762,2026-06-17,"Nalco de Mexico SA. de .CV, Tito Everardo Ordaz",SERVICIOS FTS,1746011.12,Pruebas y conexiones provisionales,Pruebas y conexiones provisionales,1.0,14052.0
SO11762,2026-06-17,"Nalco de Mexico SA. de .CV, Tito Everardo Ordaz",SERVICIOS FTS,1746011.12,Pruebas y conexiones provisionales,Pruebas y conexiones provisionales,1.0,23576.0
SO11762,2026-06-17,"Nalco de Mexico SA. de .CV, Tito Everardo Ordaz",SERVICIOS FTS,1746011.12,Pruebas y conexiones provisionales,Pruebas y conexiones provisionales,1.0,4628.0
SO11762,2026-06-17,"Nalco de Mexico SA. de .CV, Tito Everardo Ordaz",SERVICIOS FTS,1746011.12,Pruebas y conexiones provisionales,Pruebas y conexiones provisionales,1.0,28644.0
SO11762,2026-06-17,"Nalco de Mexico SA. de .CV, Tito Everardo Ordaz",SERVICIOS FTS,1746011.12,Mejoras al sistema,Mejoras al sistema,1.0,149249.0
SO11762,2026-06-17,"Nalco de Mexico SA. de .CV, Tito Everardo Ordaz",SERVICIOS FTS,1746011.12,Mejoras al sistema,Mejoras al sistema,1.0,138168.0
SO11762,2026-06-17,"Nalco de Mexico SA. de .CV, Tito Everardo Ordaz",SERVICIOS FTS,1746011.12,Mejoras al sistema,Mejoras al sistema,1.0,32830.0
SO11762,2026-06-17,"Nalco de Mexico SA. de .CV, Tito Everardo Ordaz",SERVICIOS FTS,1746011.12,Mejoras al sistema,Mejoras al sistema,1.0,18729.0
SO11762,2026-06-17,"Nalco de Mexico SA. de .CV, Tito Everardo Ordaz",SERVICIOS FTS,1746011.12,Mejoras al sistema,Mejoras al sistema,1.0,59662.0
SO11762,2026-06-17,"Nalco de Mexico SA. de .CV, Tito Everardo Ordaz",SERVICIOS FTS,1746011.12,Mejoras al sistema,Mejoras al sistema,1.0,3085.0
SO11762,2026-06-17,"Nalco de Mexico SA. de .CV, Tito Everardo Ordaz",SERVICIOS FTS,1746011.12,Mejoras al sistema,Mejoras al sistema,1.0,58389.0
SO11762,2026-06-17,"Nalco de Mexico SA. de .CV, Tito Everardo Ordaz",SERVICIOS FTS,1746011.12,Mejoras al sistema,Mejoras al sistema,1.0,305840.0
SO11762,2026-06-17,"Nalco de Mexico SA. de .CV, Tito Everardo Ordaz",SERVICIOS FTS,1746011.12,Mejoras al sistema,Mejoras al sistema,1.0,17719.0
SO11762,2026-06-17,"Nalco de Mexico SA. de .CV, Tito Everardo Ordaz",SERVICIOS FTS,1746011.12,Mejoras al sistema,Mejoras al sistema,1.0,115032.0
SO11761,2026-06-17,MONDELEZ MEXICO,SERVICIOS FTS,100.0,MTTO AGOSTO 2025,MTTO AGOSTO 2025,1.0,100.0
SO11551,2026-06-09,QUIMITEC TRATAMIENTO DE AGUAS,SERVICIOS FTS,1332545.01,Suministro chiller marca trane,Suministro chiller marca trane,1.0,1088359.9
SO11551,2026-06-09,QUIMITEC TRATAMIENTO DE AGUAS,SERVICIOS FTS,1332545.01,Servicio de Puesta en marcha de chiller cxau130 30 Tr en ciudad Juárez.,Servicio de Puesta en marcha de chiller cxau130 30 Tr en ciudad Juárez.,1.0,60385.8
SO11708,2026-06-01,"Calbee America Incorporated, Omar De la Garza",FTS FULL TECHNOLOGY SYSTEMS LLC,10700.0,"Rack Dismantling, Installation Labor & doors adecuation","Rack Dismantling, Installation Labor & doors adecuation",1.0,10700.0
SO11662,2026-04-09,"Mission Foods, Javier Robles",FTS FULL TECHNOLOGY SYSTEMS LLC,2490.0,PLC programming analysis for Safety functionalities,PLC programming analysis for Safety functionalities,1.0,2490.0
SO11663,2026-03-31,Nalco de Mexico SA. de .CV,SERVICIOS FTS,2273646.4,Cambio de tablero en acero inoxidable de entrega inmediata,Cambio de tablero en acero inoxidable de entrega inmediata,1.0,239000.0
SO11663,2026-03-31,Nalco de Mexico SA. de .CV,SERVICIOS FTS,2273646.4,Instalación eléctrica con tubería conduit (qty (1) 3” + qty (2) 1-1/4”) + mano de obra de cableado eléctrico doble debido a cambio respecto a instalación original en charola,Instalación eléctrica con tubería conduit (qty (1) 3” + qty (2) 1-1/4”) + mano de obra de cableado eléctrico doble debido a cambio respecto a instalación original en charola,1.0,290000.0
SO11663,2026-03-31,Nalco de Mexico SA. de .CV,SERVICIOS FTS,2273646.4,Renta de andamios multidireccional y mano de obra de armado y desarmado cada 2 metros para primera fase de trabajos eléctricos,Renta de andamios multidireccional y mano de obra de armado y desarmado cada 2 metros para primera fase de trabajos eléctricos,1.0,180000.0
SO11663,2026-03-31,Nalco de Mexico SA. de .CV,SERVICIOS FTS,2273646.4,Fabricación de bases de tanques para elevar nivel de tanque debido a que arrelgo considerado no cabe en las dimensiones actuales del tanque (tanque llego más chico de lo planeado) en acero inox,Fabricación de bases de tanques para elevar nivel de tanque debido a que arrelgo considerado no cabe en las dimensiones actuales del tanque (tanque llego más chico de lo planeado) en acero inox,8.0,280000.0
SO11663,2026-03-31,Nalco de Mexico SA. de .CV,SERVICIOS FTS,2273646.4,"Fabricación customizada de bridas para tanques, ya que la brida del tanque es customizada y no std, originalmente se consideraron bridas std. (adicional solo es la diferencia entre la las std y las customizado)","Fabricación customizada de bridas para tanques, ya que la brida del tanque es customizada y no std, originalmente se consideraron bridas std. (adicional solo es la diferencia entre la las std y las customizado)",16.0,192000.0
SO11663,2026-03-31,Nalco de Mexico SA. de .CV,SERVICIOS FTS,2273646.4,Expeditación del proyecto adelantándolo 1 mes para avanzar el 80% del proyecto con entrega para al día 25 de Marzo. Subensamblando piezas con taller externo,Expeditación del proyecto adelantándolo 1 mes para avanzar el 80% del proyecto con entrega para al día 25 de Marzo. Subensamblando piezas con taller externo,1.0,2164000.0
SO11663,2026-03-31,Nalco de Mexico SA. de .CV,SERVICIOS FTS,2273646.4,Ajuste - porción de costo absorbida por FTS (64%),Ajuste - porción de costo absorbida por FTS (64%),1.0,-1384960.0
SO11646,2026-03-31,Racing Cargo Mexico,SERVICIOS FTS,6380.0,"Origen: BSH - AVENIDA INTERNACIONAL NO. 200, PARQUE INDUSTRIAL INTERPUERTO MONTERREY, 65513, SALINAS VICTORIA, NUEVO LEÓN, MEXICO  Destino: ARCO VIAL KM 3.8 SANTA CATARINA, NUEVO LEON CP 66100 Cantidad de unidades: 1  Tipo de unidad: PLATAFORMA PLANA  Fecha de carga: 04-03-26 // A LAS 10 AM  Accesorios: EQUIPO PARA SUJECIÓN DE ROLLOS  Comentarios:","Origen: BSH - AVENIDA INTERNACIONAL NO. 200, PARQUE INDUSTRIAL INTERPUERTO MONTERREY, 65513, SALINAS VICTORIA, NUEVO LEÓN, MEXICO  Destino: ARCO VIAL KM 3.8 SANTA CATARINA, NUEVO LEON CP 66100 Cantidad de unidades: 1  Tipo de unidad: PLATAFORMA PLANA  Fecha de carga: 04-03-26 // A LAS 10 AM  Accesorios: EQUIPO PARA SUJECIÓN DE ROLLOS  Comentarios:",1.0,5500.0
SO11644,2026-03-31,CORPORATE USA,FTS FULL TECHNOLOGY SYSTEMS LLC,2192.85,"Supply of YAMATO EV211 F-R6 Control Board – Software Version 2.02 (Industrial control board for Yamato scale system, complete assembly)","Supply of YAMATO EV211 F-R6 Control Board – Software Version 2.02 (Industrial control board for Yamato scale system, complete assembly)",1.0,1980.0
SO11641,2026-03-31,"Mission Foods, Robert Barrera",FTS FULL TECHNOLOGY SYSTEMS LLC,4300.0,Supply of oil-water separator system,Supply of oil-water separator system,1.0,2080.0
SO11641,2026-03-31,"Mission Foods, Robert Barrera",FTS FULL TECHNOLOGY SYSTEMS LLC,4300.0,"Labor for Installation (including mounting, connections, and commissioning).","Labor for Installation (including mounting, connections, and commissioning).",1.0,2048.4
SO11632,2026-03-31,Racing Cargo Mexico,SERVICIOS FTS,26880.0,Flete Mty - Guanajuato,Flete Mty - Guanajuato,1.0,24000.0
SO11511,2026-03-31,BEBIDAS PURIFICADAS,SERVICIOS FTS,123424.0,"Suministro e instalación de sistema de control para aspersor de lavado de botellas mediante electroválvula, incluyendo montaje mecánico y eléctrico, canalización, cableado de control y potencia, conexionado, pruebas de funcionamiento.","Suministro e instalación de sistema de control para aspersor de lavado de botellas mediante electroválvula, incluyendo montaje mecánico y eléctrico, canalización, cableado de control y potencia, conexionado, pruebas de funcionamiento y puesta en marcha del sistema.",1.0,106400.0
SO11633,2026-03-17,Racing Cargo Mexico,SERVICIOS FTS,6160.0,"Origen: BSH - AVENIDA INTERNACIONAL NO. 200, PARQUE INDUSTRIAL INTERPUERTO MONTERREY, 65513, SALINAS VICTORIA, NUEVO LEÓN, MEXICO  Destino: ARCO VIAL KM 3.8 SANTA CATARINA, NUEVO LEON CP 66100 Cantidad de unidades: 1  Tipo de unidad: PLATAFORMA PLANA  Fecha de carga: 25-02-26 A LAS 10 AM  Accesorios:   Comentarios: EQUIPO VACIO, 15 PALLETS","Origen: BSH - AVENIDA INTERNACIONAL NO. 200, PARQUE INDUSTRIAL INTERPUERTO MONTERREY, 65513, SALINAS VICTORIA, NUEVO LEÓN, MEXICO  Destino: ARCO VIAL KM 3.8 SANTA CATARINA, NUEVO LEON CP 66100 Cantidad de unidades: 1  Tipo de unidad: PLATAFORMA PLANA  Fecha de carga: 25-02-26 A LAS 10 AM  Accesorios:   Comentarios: EQUIPO VACIO, 15 PALLETS",1.0,5500.0
SO11606,2026-03-05,"Mission Foods, Isis Pereira",FTS FULL TECHNOLOGY SYSTEMS LLC,3377.88,"ILP BL4-12L-U-40-FRAL – 4 ft LED Vapor Tight, 120–277V, 4000K","ILP BL4-12L-U-40-FRAL – 4 ft LED Vapor Tight, 120–277V, 4000K",5.0,3050.0
SO11636,2026-03-03,"Mission Foods, Robert Barrera",FTS FULL TECHNOLOGY SYSTEMS LLC,6866.5,"PVC Pipe Jacketing. Proto PVC Jacketing – ProtoJacket. White, 30 mil, UV-resistant, straight sections, fiberglass insulation","PVC Pipe Jacketing. Proto PVC Jacketing – ProtoJacket. White, 30 mil, UV-resistant, straight sections, fiberglass insulation",40.0,6200.0
SO11557,2026-03-03,"Mission Foods, Robert Barrera",FTS FULL TECHNOLOGY SYSTEMS LLC,20326.12,Labor for boiler room walls painting and epoxy floor works,Labor for boiler room walls painting and epoxy floor works,1.0,6999.0
SO11557,2026-03-03,"Mission Foods, Robert Barrera",FTS FULL TECHNOLOGY SYSTEMS LLC,20326.12,"Epoxy Floor Coating – Rust-Oleum EpoxyShield Industrial 100% Solids – 3 gal kit, gray, gloss, coverage ~261 sq ft","Epoxy Floor Coating – Rust-Oleum EpoxyShield Industrial 100% Solids – 3 gal kit, gray, gloss, coverage ~261 sq ft",4.0,3740.0
SO11557,2026-03-03,"Mission Foods, Robert Barrera",FTS FULL TECHNOLOGY SYSTEMS LLC,20326.12,"Water-Based Primer – KILZ 2 All-Purpose – 5 gal pail, interior/exterior, white","Water-Based Primer – KILZ 2 All-Purpose – 5 gal pail, interior/exterior, white",2.0,422.0
SO11557,2026-03-03,"Mission Foods, Robert Barrera",FTS FULL TECHNOLOGY SYSTEMS LLC,20326.12,"Professional Painting Roller Kit – Wooster or Purdy – 9"" roller frame + covers (3/8"" nap), tray and accessories, suitable for industrial coating/primer on masonry and concrete surfaces","Professional Painting Roller Kit – Wooster or Purdy – 9"" roller frame + covers (3/8"" nap), tray and accessories, suitable for industrial coating/primer on masonry and concrete surfaces",1.0,622.0
SO11557,2026-03-03,"Mission Foods, Robert Barrera",FTS FULL TECHNOLOGY SYSTEMS LLC,20326.12,"Wall/Ceiling Paint Industrial – Sherwin-Williams Pro Industrial Acrylic – 5 gal, eggshell, white, interior, low VOC","Wall/Ceiling Paint Industrial – Sherwin-Williams Pro Industrial Acrylic – 5 gal, eggshell, white, interior, low VOC",1.0,110.0
SO11557,2026-03-03,"Mission Foods, Robert Barrera",FTS FULL TECHNOLOGY SYSTEMS LLC,20326.12,Labor for thermal pipe jacketing at boilers room,Labor for thermal pipe jacketing at boilers room,1.0,7907.0
SO11634,2026-03-02,"Mission Foods, Isis Pereira",FTS FULL TECHNOLOGY SYSTEMS LLC,5947.28,"Variable Frequency Drive – Allen-Bradley PowerFlex 525, 1 HP","Variable Frequency Drive – Allen-Bradley PowerFlex 525, 1 HP",3.0,5370.0
SO11547,2026-02-28,"Nalco de Mexico SA. de .CV, Misael Constantino",SERVICIOS FTS,9457828.0,1. Interconexiones en tuberías de proceso,1. Interconexiones en tuberías de proceso,1.0,1824107.0
SO11547,2026-02-28,"Nalco de Mexico SA. de .CV, Misael Constantino",SERVICIOS FTS,9457828.0,2. Señales y tablero de control para automatización del sistema,2. Señales y tablero de control para automatización del sistema,1.0,2623694.0
SO11547,2026-02-28,"Nalco de Mexico SA. de .CV, Misael Constantino",SERVICIOS FTS,9457828.0,3. Fabricación e instalación de polipasto para extracción de filtros,3. Fabricación e instalación de polipasto para extracción de filtros,1.0,1173289.0
SO11547,2026-02-28,"Nalco de Mexico SA. de .CV, Misael Constantino",SERVICIOS FTS,9457828.0,4. Fabricación de Cuarto Metálico 11 m × 8 m (Configuración en “L”),4. Fabricación de Cuarto Metálico 11 m × 8 m (Configuración en “L”),1.0,1838519.0
SO11547,2026-02-28,"Nalco de Mexico SA. de .CV, Misael Constantino",SERVICIOS FTS,9457828.0,5. Sistema Integral de Puesta a Tierra,5. Sistema Integral de Puesta a Tierra,1.0,447797.0
SO11547,2026-02-28,"Nalco de Mexico SA. de .CV, Misael Constantino",SERVICIOS FTS,9457828.0,6. Fianzas,6. Fianzas,1.0,245894.0
SO11550,2026-02-26,"Mission Foods, Robert Barrera",FTS FULL TECHNOLOGY SYSTEMS LLC,69712.5,"Supply Rotary screw air compressor ELGi Model: EG75-125. Air delivery 450, Voltage: 460V | 60 Hz. Motor power 100 HP. Working pressure 125 Psi. Outlet 2"" NPT. Dimensions: 81 x 50 x 77.5 Weight (Lbs) 4453","Supply Rotary screw air compressor ELGi Model: EG75-125. Air delivery 450, Voltage: 460V | 60 Hz. Motor power 100 HP. Working pressure 125 Psi. Outlet 2"" NPT. Dimensions: 81 x 50 x 77.5 Weight (Lbs) 4453",1.0,45000.0
SO11550,2026-02-26,"Mission Foods, Robert Barrera",FTS FULL TECHNOLOGY SYSTEMS LLC,69712.5,Installation of the new ELGi compressor,Installation of the new ELGi compressor,1.0,21000.0
SO11631,2026-02-24,Racing Cargo Mexico,SERVICIOS FTS,6160.0,Inland Freight Local (IR) BSH - FANASA,Inland Freight Local (IR) BSH - FANASA,1.0,5500.0
SO11526,2026-02-24,Budenheim USA,FTS FULL TECHNOLOGY SYSTEMS LLC,8958.5,"Mezzanine Structural Calculations, Field Assesment & Data Collection Mezzanine area approximately 36 ft × 14 ft x 25 ft.","Mezzanine Structural Calculations, Field Assesment & Data Collection Mezzanine area approximately 36 ft × 14 ft x 25 ft.",1.0,7790.0
SO11521,2026-01-28,Racing Cargo Mexico,SERVICIOS FTS,6160.0,Envío de empaque retornable a Fanasa En planta Salinas victoria.,Envío de empaque retornable a Fanasa En planta Salinas victoria.,1.0,5500.0
SO11519,2026-01-28,Racing Cargo Mexico,SERVICIOS FTS,6160.0,Envío de empaque retornable a Fanasa En planta Salinas victoria.,Envío de empaque retornable a Fanasa En planta Salinas victoria.,1.0,5500.0
SO11516,2026-01-27,Mission Foods,FTS FULL TECHNOLOGY SYSTEMS LLC,15782.76,Supply of Pressure Relief Valve,Supply of Pressure Relief Valve,1.0,231.0
SO11516,2026-01-27,Mission Foods,FTS FULL TECHNOLOGY SYSTEMS LLC,15782.76,Labor and Installation of 1 centrifugal pump,Labor and Installation of 1 centrifugal pump,1.0,5354.0
SO11516,2026-01-27,Mission Foods,FTS FULL TECHNOLOGY SYSTEMS LLC,15782.76,Diagnostic Service for Plant Water Supply Pumps,DescriptionDiagnostic Service for Plant Water Supply Pumps,1.0,2350.0
SO11516,2026-01-27,Mission Foods,FTS FULL TECHNOLOGY SYSTEMS LLC,15782.76,Diagnostic Service for Plant Water Supply Pumps,Diagnostic Service for Plant Water Supply Pumps,1.0,6315.79
SO11507,2026-01-24,Mission Foods,FTS FULL TECHNOLOGY SYSTEMS LLC,32087.35,"Supply of HMI 2711P-T10C21D8S PanelView Plus 7 Standard Terminal, Touch Screen, 10.4 inches, TFT Color, Single Ethernet, 24V DC, Windows CE 6 , Standard Model",Supply of HMI PanelView Model: 2711P-T10C21D8S,1.0,7731.0
SO11507,2026-01-24,Mission Foods,FTS FULL TECHNOLOGY SYSTEMS LLC,32087.35,Labor for programming and change HMI,Labor for programming and change HMI,1.0,8007.0
SO11507,2026-01-24,Mission Foods,FTS FULL TECHNOLOGY SYSTEMS LLC,32087.35,"Supply of electrical materials:  QTY (1)	Piece	wire coil 14  AWG de 500 ft  for the installation. QTY (2)	Piece	EMT Conduit - Standard: Steel, Galvanized, 3/4 in Trade Size, 10 ft Nominal Lg QTY (8)	Piece	straight connector 3/4 QTY (1)	Piece Liquid-Tight Flex Metal Conduit: 3/4 in Trade Size, Gray, 3 in Bend Radius, 25 ft Nominal Lg, 6200 QTY (8)	Piece	Condulet typeLB de 3/4""",Supply of electrical materials,1.0,3514.0
SO11507,2026-01-24,Mission Foods,FTS FULL TECHNOLOGY SYSTEMS LLC,32087.35,Labor for electrical Wiring through existing conduit pipes,Labor for electrical Wiring through existing conduit pipes,1.0,4637.0
SO11507,2026-01-24,Mission Foods,FTS FULL TECHNOLOGY SYSTEMS LLC,32087.35,"Supply of Electrical Cabinet & materials  QTY (1)	Pendant type enclosure  RITTAL 101500 Stainless Steel NEMA 4X IP66, Dims: 400x500x210 mm  QTY (1)	bulk welding kit QTY (1) Terminal Blocks","Supply of Electrical Cabinet RITTAL 101500 Stainless Steel NEMA 4X IP66, Dims: 400x500x210 mm",1.0,3147.0
SO11507,2026-01-24,Mission Foods,FTS FULL TECHNOLOGY SYSTEMS LLC,32087.35,Labor for installation and TIG Welding of electrical cabinet on existing support,"Labor for installation, SS Welding of electrical cabinet on existing support",1.0,3864.0
SO11509,2026-01-22,Racing Cargo Mexico,SERVICIOS FTS,6160.0,Inland Freight Local (IR) BSH - FANASA,Inland Freight Local (IR) BSH - FANASA,1.0,5500.0
SO11504,2026-01-14,JOHNSON CONTROLS ENTERPRISES MEXICO,SERVICIOS FTS,92945.0,Servicio adicional en relación a la SO10917 de renta e instalación de andamios para instalación eléctrica de luminarias,Servicio de renta e instalación de andamios para instalación eléctrica de luminarias,1.0,80125.0
SO11118,2025-12-24,Mission Foods,FTS FULL TECHNOLOGY SYSTEMS LLC,185200.0,"Ductwork for Corn (Process), Chips (Process) & Flour (Process and Packing) Areas.   Including Qty 1 Pyure Hydroxyl Generator in Flour Area.",Juntos,1.0,185200.0
SO11288,2025-12-22,Quikrete Las Vegas,FTS FULL TECHNOLOGY SYSTEMS LLC,738.0,200-Watt LED UFO High Bay Light 30.000LM LED AC100-277V,200-Watt LED High Bay Light 30000LM High Bay LED Shop Lights AC100-277V,3.0,738.0
SO11232,2025-12-22,Quikrete Las Vegas,FTS FULL TECHNOLOGY SYSTEMS LLC,438.92,Relay and sockets,Relay – 700-HA32A1,3.0,405.0
SO11492,2025-12-19,Mission Foods,SERVICIOS FTS,185200.0,"Ductwork for Corn (Process), Chips (Process) & Flour (Process and Packing) Areas.   Including Qty 1 Pyure Hydroxyl Generator in Flour Area.","Ductwork for Corn (Process), Chips (Process) & Flour (Process and Packing) Areas.   Including Qty 1 Pyure Hydroxyl Generator in Flour Area.",1.0,185200.0
SO11471,2025-12-17,Budenheim Mexico,SERVICIOS FTS,1079605.04,Ampliacion mezanine,Ampliacion mezanine,1.0,141119.0
SO11471,2025-12-17,Budenheim Mexico,SERVICIOS FTS,1079605.04,Instalación escalones,Instalación escalones,1.0,44518.0
SO11471,2025-12-17,Budenheim Mexico,SERVICIOS FTS,1079605.04,Calculo estructural,Calculo estructural,1.0,25000.0
SO11471,2025-12-17,Budenheim Mexico,SERVICIOS FTS,1079605.04,Fabricación conveyor de rodillos por gravedad linea 4,Fabricación conveyor de rodillos por gravedad linea 4,1.0,76296.0
SO11471,2025-12-17,Budenheim Mexico,SERVICIOS FTS,1079605.04,Modificación e instalación de conveyor curvo motorizado para linea 4,Modificación e instalación de conveyor curvo motorizado para linea 4,2.0,419810.0
SO11471,2025-12-17,Budenheim Mexico,SERVICIOS FTS,1079605.04,Instalación eléctrica para conveyor motorizado,Instalación eléctrica para conveyor motorizado,2.0,135434.0
SO11471,2025-12-17,Budenheim Mexico,SERVICIOS FTS,1079605.04,Modificación de profundidad de fosa para plataforma hidráulica línea 4,Modificación de profundidad de fosa para plataforma hidráulica línea 4,1.0,88517.0
SO11457,2025-12-17,Lau Industries de Mexico,SERVICIOS FTS,90132.0,Maniobras de Rigging para Reorientación de Prensa,Maniobras de Rigging para Reorientación de Prensa,1.0,77700.0
SO11470,2025-12-15,Budenheim Mexico,SERVICIOS FTS,9048.0,Suministro de 2da falda para apilador neumático,Apilador,1.0,7800.0
SO11464,2025-12-15,Budenheim Mexico,SERVICIOS FTS,12992.0,Servicio de  Reprogramación en Linea 6,Reprogramacion Linea 6,1.0,11200.0
SO11465,2025-12-11,TRANSPELSA TRANSPORTE & LOGISTICA,SERVICIOS FTS,4480.0,SERVICIO DE FLETE LOCAL,SERVICIO DE FLETE LOCAL,1.0,4000.0
SO11461,2025-12-09,Quikrete Las Vegas,SERVICIOS FTS,738.0,200-Watt LED High Bay Light 30000LM High Bay LED Shop Lights AC100-277V,200-Watt LED High Bay Light 30000LM High Bay LED Shop Lights AC100-277V,3.0,738.0
SO11459,2025-12-09,Quikrete Las Vegas,SERVICIOS FTS,405.0,Relay and sockets,Relay and sockets,3.0,405.0
SO11312,2025-12-08,CHEMTREAT MEXICO,SERVICIOS FTS,98455.0,"Diseño e ingeniería conceptual para   planta de tratamiento de aguas residuales Caterpillar – Plantas Finsa 1 y Finsa 3, Nuevo Laredo",Diseño e ingeniería conceptual para pretratamiento alimentación a  para planta de tratamiento de aguas residuales,1.0,84875.0
SO11261,2025-12-03,MAGNEKON S.A. DE C.V.,SERVICIOS FTS,841185.6,Suministro e instalación de sistema de medición de flujo de 2 Etil Hexanol,Suministro e instalación de sistema de medición de flujo de hexanol,1.0,725160.0
SO11290,2025-11-27,Nalco de Mexico SA. de .CV,SERVICIOS FTS,184126.8,Diseño e ingeniería coneptual  para trayectorias de test loop en planta Arca Mexicali,Diseño e ingeniería coneptual  para trayectorias de test loop en planta Arca Mexicali,1.0,158730.0
SO11290,2025-11-27,Nalco de Mexico SA. de .CV,SERVICIOS FTS,184126.8,Mandar Proyecto a Project/Operaciones (NO Facturar esta linea / Eliminar) Mandar Proyecto a Project/Operaciones,.mandar borrado (NO USAR),1.0,0
SO11227,2025-11-27,Nalco de Mexico SA. de .CV,SERVICIOS FTS,318536.0,Tubería PVC CED 80,Tubería PVC CED 80,1.0,92150.0
SO11227,2025-11-27,Nalco de Mexico SA. de .CV,SERVICIOS FTS,318536.0,Tubería acero inoxidable,Tubería acero inoxidable,1.0,182450.0
SO11227,2025-11-27,Nalco de Mexico SA. de .CV,SERVICIOS FTS,318536.0,Mandar Proyecto a Project/Operaciones (NO Facturar esta linea / Eliminar) Mandar Proyecto a Project/Operaciones,.mandar borrado (NO USAR),1.0,0
SO11299,2025-11-26,Budenheim Mexico,SERVICIOS FTS,9048.0,Suministro e instalación de Falda para apilador neumático.,Suministro e instalación de Falda para apilador neumático.,1.0,7800.0
SO11299,2025-11-26,Budenheim Mexico,SERVICIOS FTS,9048.0,Mandar MRO/ TERCIADA a  Project/Operaciones (NO Facturar esta linea / Eliminar) Mandar Proyecto a Project/Operaciones,Mandar MRO/ TERCIADA a  Project/Operaciones (NO Facturar esta linea / Eliminar),1.0,0
SO11322,2025-11-24,IG ANUNCIOS,SERVICIOS FTS,24640.0,Servicio Flete - FTS - IG Anuncios - Santa Catarina-Durango,"Servicio Flete - FTS - Tomagai Apaseo el grande, Gto.",1.0,22000.0
SO11322,2025-11-24,IG ANUNCIOS,SERVICIOS FTS,24640.0,Mandar MRO/ TERCIADA a  Project/Operaciones (NO Facturar esta linea / Eliminar) Mandar Proyecto a Project/Operaciones,Mandar MRO/ TERCIADA a  Project/Operaciones (NO Facturar esta linea / Eliminar),1.0,0
SO11321,2025-11-24,Perama Logistics SA de CV,SERVICIOS FTS,6160.0,Servicio flete - FTS - Perama Graftech,Servicio flete - FTS - Perama Graftech,1.0,5500.0
SO11320,2025-11-24,Perama Logistics SA de CV,SERVICIOS FTS,7840.0,Servicio Flete -Perama - Ramos - Manuchar-Vesuvius / American Flux,Servicio Flete - YIN Logistica Perama,1.0,7000.0
SO11320,2025-11-24,Perama Logistics SA de CV,SERVICIOS FTS,7840.0,Mandar MRO/ TERCIADA a  Project/Operaciones (NO Facturar esta linea / Eliminar) Mandar Proyecto a Project/Operaciones,Mandar MRO/ TERCIADA a  Project/Operaciones (NO Facturar esta linea / Eliminar),1.0,0
SO11319,2025-11-24,Perama Logistics SA de CV,SERVICIOS FTS,6160.0,Servicio flete - FTS - Perama,Servicio flete - FTS - Perama,1.0,5500.0
SO11319,2025-11-24,Perama Logistics SA de CV,SERVICIOS FTS,6160.0,Mandar MRO/ TERCIADA a  Project/Operaciones (NO Facturar esta linea / Eliminar) Mandar Proyecto a Project/Operaciones,Mandar MRO/ TERCIADA a  Project/Operaciones (NO Facturar esta linea / Eliminar),1.0,0
SO11318,2025-11-21,TOMOGAI SA DE CV,SERVICIOS FTS,33600.0,"Servicio Flete - FTS - Tomagai Apaseo el grande, Gto.","Servicio Flete - FTS - Tomagai Apaseo el grande, Gto.",1.0,30000.0
SO11318,2025-11-21,TOMOGAI SA DE CV,SERVICIOS FTS,33600.0,Mandar MRO/ TERCIADA a  Project/Operaciones (NO Facturar esta linea / Eliminar) Mandar Proyecto a Project/Operaciones,Mandar MRO/ TERCIADA a  Project/Operaciones (NO Facturar esta linea / Eliminar),1.0,0
SO11257,2025-11-20,MAGNEKON S.A. DE C.V.,SERVICIOS FTS,120106.4,"Fabricación de rack de 3 niveles con tubo de 4"" para guardar tubería  trenzada de planta.","Fabricación de rack de 3 niveles con tubo de 4"" para guardar tubería  trenzada de planta.",2.0,103540.0
SO11257,2025-11-20,MAGNEKON S.A. DE C.V.,SERVICIOS FTS,120106.4,Mandar Proyecto a Project/Operaciones (NO Facturar esta linea / Eliminar) Mandar Proyecto a Project/Operaciones,.mandar borrado (NO USAR),1.0,0
SO11307,2025-11-18,Budenheim Mexico,SERVICIOS FTS,12992.0,Servicio de reprogramación de control en Línea 6 – Budenheim,Reprogramacion Linea 6,1.0,11200.0
SO11307,2025-11-18,Budenheim Mexico,SERVICIOS FTS,12992.0,Mandar Proyecto a Project/Operaciones (NO Facturar esta linea / Eliminar) Mandar Proyecto a Project/Operaciones,.mandar borrado (NO USAR),1.0,0
SO11289,2025-11-18,Lau Industries de Mexico,SERVICIOS FTS,90132.0,"Servicio de maniobra para descarga de prensa en planta Laufan,","Servicio de maniobra para descarga de prensa tipo “C” en planta Laufan, Santa Catarina.",1.0,77700.0
SO11289,2025-11-18,Lau Industries de Mexico,SERVICIOS FTS,90132.0,Mandar Proyecto a Project/Operaciones (NO Facturar esta linea / Eliminar) Mandar Proyecto a Project/Operaciones,.mandar borrado (NO USAR),1.0,0
SO11226,2025-10-29,Lau Industries de Mexico,SERVICIOS FTS,158920.0,Suministro e instalación de un ánodo de sacrificio para cumplir la norma de gas natural NOM-002-SECRE-2010,Anodo catodico,1.0,137000.0
SO11226,2025-10-29,Lau Industries de Mexico,SERVICIOS FTS,158920.0,Mandar Proyecto a Project/Operaciones (NO Facturar esta linea / Eliminar) Mandar Proyecto a Project/Operaciones,.mandar borrado (NO USAR),1.0,0
SO11240,2025-10-23,Budenheim Mexico,SERVICIOS FTS,5015.84,Adicional a la partida correspondiente al área de reacción de la Línea 4,Servicio de reemplazo de placa y ruedas para elevador de budenheim,1.0,4324.0
SO11240,2025-10-23,Budenheim Mexico,SERVICIOS FTS,5015.84,Mandar Proyecto a Project/Operaciones (NO Facturar esta linea / Eliminar) Mandar Proyecto a Project/Operaciones,.mandar borrado (NO USAR),1.0,0
SO11240,2025-10-23,Budenheim Mexico,SERVICIOS FTS,5015.84,Mandar Proyecto a Project/Operaciones (NO Facturar esta linea / Eliminar) Mandar Proyecto a Project/Operaciones,.mandar borrado (NO USAR),1.0,0
SO11249,2025-10-22,Mission Foods,SERVICIOS FTS,2350.0,Diagnostic Service for Plant Water Supply Pumps,Diagnostic Service for Plant Water Supply Pumps,1.0,2350.0
SO11249,2025-10-22,Mission Foods,SERVICIOS FTS,2350.0,Mandar Proyecto a Project/Operaciones (NO Facturar esta linea / Eliminar) Mandar Proyecto a Project/Operaciones,.mandar borrado (NO USAR),1.0,0
SO11218,2025-10-22,JOHNSON CONTROLS ENTERPRISES MEXICO,SERVICIOS FTS,54444.6,Servicio de diagnostico de cortina de acceso y reparaciones menores.,Servicio de diagnostico de cortina de acceso y reparaciones menores.,1.0,46935.0
SO11218,2025-10-22,JOHNSON CONTROLS ENTERPRISES MEXICO,SERVICIOS FTS,54444.6,Mandar Proyecto a Project/Operaciones (NO Facturar esta linea / Eliminar) Mandar Proyecto a Project/Operaciones,.mandar borrado (NO USAR),1.0,0
SO11202,2025-10-22,Mission Foods,FTS FULL TECHNOLOGY SYSTEMS LLC,2350.0,Diagnostic Service for Plant Water Supply Pumps,Diagnostic Service for Plant Water Supply Pumps,1.0,2350.0
SO11202,2025-10-22,Mission Foods,FTS FULL TECHNOLOGY SYSTEMS LLC,2350.0,Mandar Proyecto a Project/Operaciones (NO Facturar esta linea / Eliminar) Mandar Proyecto a Project/Operaciones,.mandar borrado (NO USAR),1.0,0
SO10977,2025-10-22,QUIMITEC TRATAMIENTO DE AGUAS,SERVICIOS FTS,2274737.49,Fabricacion e instalación de mezanine en planta,Fabricacion e instalación de mezanine en planta,1.0,797993.84
SO10977,2025-10-22,QUIMITEC TRATAMIENTO DE AGUAS,SERVICIOS FTS,2274737.49,Suministro e instalación de chiller Trane,Suministro e instalación de chiller York,1.0,674386.76
SO10977,2025-10-22,QUIMITEC TRATAMIENTO DE AGUAS,SERVICIOS FTS,2274737.49,Suministro e instalación de intercambiador de calor,Suministro e instalación de intercambiador de calor,1.0,165000.0
SO10977,2025-10-22,QUIMITEC TRATAMIENTO DE AGUAS,SERVICIOS FTS,2274737.49,Instalacion electromecanica de interconexión entre chiller e intercambiador de calor,Instalacion electromecanica de interconexión entre chiller e intercambiador de calor,1.0,323600.0
SO10977,2025-10-22,QUIMITEC TRATAMIENTO DE AGUAS,SERVICIOS FTS,2274737.49,Mandar Proyecto a Project/Operaciones (NO Facturar esta linea / Eliminar) Mandar Proyecto a Project/Operaciones,.mandar borrado (NO USAR),1.0,0
SO11235,2025-10-21,JOHNSON CONTROLS ENTERPRISES MEXICO,SERVICIOS FTS,352971.76,"Estructura metálica en perfiles PTR, Joist, Polín, Placas de conexión, etc., con primario anticorrosivo compatible con la marca del acabado. Incluye: suministro, fabricación, montaje, mano de obra, herramienta y equipos.","Estructura metálica en perfiles PTR, Joist, Polín, Placas de conexión, etc., con primario anticorrosivo compatible con la marca del acabado. Incluye: suministro, fabricación, montaje, mano de obra, herramienta y equipos.",1.0,110227.0
SO11235,2025-10-21,JOHNSON CONTROLS ENTERPRISES MEXICO,SERVICIOS FTS,352971.76,"Estructura metálica en placas y conexiones, Joist, Polín, Placas de conexión, etc., con primario anticorrosivo compatible con la marca del acabado. Incluye: suministro, fabricación, montaje, mano de obra, herramienta y equipos.","Estructura metálica en placas y conexiones, Joist, Polín, Placas de conexión, etc., con primario anticorrosivo compatible con la marca del acabado. Incluye: suministro, fabricación, montaje, mano de obra, herramienta y equipos.",1.0,72182.0
SO11235,2025-10-21,JOHNSON CONTROLS ENTERPRISES MEXICO,SERVICIOS FTS,352971.76,"Estructura metálica en perfiles LISO REDONDO, Joist, Polín, Placas de conexión, etc., con primario anticorrosivo compatible con la marca del acabado. Incluye: suministro, fabricación, montaje, mano de obra, herramienta y equipos.","Estructura metálica en perfiles LISO REDONDO, Joist, Polín, Placas de conexión, etc., con primario anticorrosivo compatible con la marca del acabado. Incluye: suministro, fabricación, montaje, mano de obra, herramienta y equipos.",1.0,44071.0
SO11235,2025-10-21,JOHNSON CONTROLS ENTERPRISES MEXICO,SERVICIOS FTS,352971.76,"Estructura metálica en miscelaneos con primario anticorrosivo compatible con la marca del acabado. Incluye: suministro, fabricación, montaje, mano de obra, herramienta y equipos.","Estructura metálica en miscelaneos con primario anticorrosivo compatible con la marca del acabado. Incluye: suministro, fabricación, montaje, mano de obra, herramienta y equipos.",1.0,19506.0
SO11235,2025-10-21,JOHNSON CONTROLS ENTERPRISES MEXICO,SERVICIOS FTS,352971.76,"Pintura aplicada sobre estructura metálica, aplicando primario anticorrosivo y acabado marca Sherwin Williams Kypton 6247, 3 mils de acabado y 3 mils de fondo compatible con la marca del acabado. Incluye: suministro de materiales, mano de obra, herramienta, equipo, limpieza, y todo lo necesario para su correcta ejecución.","Pintura aplicada sobre estructura metálica, aplicando primario anticorrosivo y acabado marca Sherwin Williams Kypton 6247, 3 mils de acabado y 3 mils de fondo compatible con la marca del acabado. Incluye: suministro de materiales, mano de obra, herramienta, equipo, limpieza, y todo lo necesario para su correcta ejecución.",1.0,58300.0
SO11235,2025-10-21,JOHNSON CONTROLS ENTERPRISES MEXICO,SERVICIOS FTS,352971.76,Mandar Proyecto a Project/Operaciones (NO Facturar esta linea / Eliminar) Mandar Proyecto a Project/Operaciones,.mandar borrado (NO USAR),1.0,0
SO11092,2025-10-16,Nalco de Mexico SA. de .CV,SERVICIOS FTS,43500.0,Suministro y construcción de pedestal en acero inoxidable 316,Mano de obra de fabricación de mesa de inox. de 140 cm x 35 cm x 85 cm de alto,1.0,25217.0
SO11092,2025-10-16,Nalco de Mexico SA. de .CV,SERVICIOS FTS,43500.0,Instalacion de mesa de inox. fabricada en taller,Instalacion de mesa de inox. fabricada en taller,1.0,12283.0
SO11231,2025-10-13,Mission Foods,SERVICIOS FTS,9300.0,Materials forreplacing and recondition washroom drainage. Stainless steel drain included,Materials forreplacing and recondition washroom drainage. Stainless steel drain included,1.0,5000.0
SO11231,2025-10-13,Mission Foods,SERVICIOS FTS,9300.0,Labor for repairing washroom drain,Labor for repairing washroom drain,1.0,4300.0
SO11231,2025-10-13,Mission Foods,SERVICIOS FTS,9300.0,Mandar Proyecto a Project/Operaciones (NO Facturar esta linea / Eliminar) Mandar Proyecto a Project/Operaciones,.mandar borrado (NO USAR),1.0,0
SO11108,2025-10-13,Mission Foods,FTS FULL TECHNOLOGY SYSTEMS LLC,9762.5,Labor for repairing washroom drain,Washroom improvements,1.0,4300.0
SO11108,2025-10-13,Mission Foods,FTS FULL TECHNOLOGY SYSTEMS LLC,9762.5,Materials forreplacing and recondition washroom drainage. Stainless steel drain included,Wahsroom material,1.0,5000.0
SO11199,2025-10-01,JOHNSON CONTROLS ENTERPRISES MEXICO,SERVICIOS FTS,287946.8,Proyecto instalación electrica cobot #1,Proyecto instalación electrica cobot TB 2,1.0,102640.0
SO11199,2025-10-01,JOHNSON CONTROLS ENTERPRISES MEXICO,SERVICIOS FTS,287946.8,Proyecto instalación electrica cobot #2,Proyecto instalación electrica cobot #2,1.0,145590.0
SO11199,2025-10-01,JOHNSON CONTROLS ENTERPRISES MEXICO,SERVICIOS FTS,287946.8,Mandar Proyecto a Project/Operaciones (NO Facturar esta linea / Eliminar) Mandar Proyecto a Project/Operaciones,.mandar borrado (NO USAR),1.0,0
SO10296,2025-09-23,JOHNSON CONTROLS ENTERPRISES MEXICO,SERVICIOS FTS,94192.0,Suministro e instalación de booster y tanque pulmón en cuarto de ácido,Servicio de suministro e instalación de booster y tanque pulmón en cuarto de ácido,1.0,81200.0
SO10296,2025-09-23,JOHNSON CONTROLS ENTERPRISES MEXICO,SERVICIOS FTS,94192.0,Mandar Proyecto a Project/Operaciones (NO Facturar esta linea / Eliminar) Mandar Proyecto a Project/Operaciones,.mandar borrado (NO USAR),1.0,0
SO11127,2025-09-19,Nalco de Mexico SA. de .CV,SERVICIOS FTS,45675.0,Mantenimiento a motor en planta Mondelez Salinas,Mantenimiento a motor en planta Mondelez Salinas Septiembre 2025,1.0,39375.0
SO11127,2025-09-19,Nalco de Mexico SA. de .CV,SERVICIOS FTS,45675.0,Mandar Proyecto a Project/Operaciones (NO Facturar esta linea / Eliminar) Mandar Proyecto a Project/Operaciones,.mandar borrado (NO USAR),1.0,0
SO11157,2025-09-18,Quikrete Las Vegas,FTS FULL TECHNOLOGY SYSTEMS LLC,243.84,Supply of AC Curent Switch model ACS100-AE-F,Supply of AC Curent Switch,3.0,225.0
SO11037,2025-09-01,JOHNSON CONTROLS ENTERPRISES MEXICO,SERVICIOS FTS,244330.8,"Suministro e instalación de 6 luminarias tipo reflector industrial modelo NJZ-FLH, 200W LED, alimentación AC 120-277 V.",Instalacion luminarias,1.0,161445.0
SO11037,2025-09-01,JOHNSON CONTROLS ENTERPRISES MEXICO,SERVICIOS FTS,244330.8,Suministro e instalación de tubería Conduit para canalización eléctrica,instalación de conduit,1.0,31391.0
SO11037,2025-09-01,JOHNSON CONTROLS ENTERPRISES MEXICO,SERVICIOS FTS,244330.8,Suministro y ruteo de cableado eléctrico a través de tubería Conduit,Ruteado de cable en conduit,1.0,17794.0
SO11037,2025-09-01,JOHNSON CONTROLS ENTERPRISES MEXICO,SERVICIOS FTS,244330.8,Mandar Proyecto a Project/Operaciones (NO Facturar esta linea / Eliminar) Mandar Proyecto a Project/Operaciones,.mandar borrado (NO USAR),1.0,0
SO10337,2025-08-29,Bridgestone México,SERVICIOS FTS,22620.0,Mano de obra para instalación de 20 cortinas de seguridad en área de BB120s y BB270s,Mano de obra para instalación de 20 cortinas de seguridad en área de BB120s y BB270s,1.0,19500.0
SO10337,2025-08-29,Bridgestone México,SERVICIOS FTS,22620.0,Mandar Proyecto a Project/Operaciones (NO Facturar esta linea / Eliminar) Mandar Proyecto a Project/Operaciones,.mandar borrado (NO USAR),1.0,0
SO10871,2025-08-25,JOHNSON CONTROLS ENTERPRISES MEXICO,SERVICIOS FTS,197896.0,Servicio de integracion de dosificador automatico de fluido,Servicio de integracion de dosificador automatico de fluido,1.0,170600.0
SO10871,2025-08-25,JOHNSON CONTROLS ENTERPRISES MEXICO,SERVICIOS FTS,197896.0,Mandar Proyecto a Project/Operaciones (NO Facturar esta linea / Eliminar) Mandar Proyecto a Project/Operaciones,.mandar borrado (NO USAR),1.0,0
SO10917,2025-08-19,JOHNSON CONTROLS ENTERPRISES MEXICO,SERVICIOS FTS,558014.52,"Suministro e instalación de 14 luminarias tipo reflector industrial modelo NJZ-FLH, 200W LED, alimentación AC 120-277 V.",Instalación de luminaria,1.0,299953.0
SO10917,2025-08-19,JOHNSON CONTROLS ENTERPRISES MEXICO,SERVICIOS FTS,558014.52,Tendido e instalación de tubería Conduit para canalización eléctrica,Instalación ducteria conduit,1.0,120017.0
SO10917,2025-08-19,JOHNSON CONTROLS ENTERPRISES MEXICO,SERVICIOS FTS,558014.52,Tendido y ruteo de cableado eléctrico a través de tubería Conduit,Ruteado de cable en conduit,1.0,61077.0
SO10917,2025-08-19,JOHNSON CONTROLS ENTERPRISES MEXICO,SERVICIOS FTS,558014.52,Mandar Proyecto a Project/Operaciones (NO Facturar esta linea / Eliminar) Mandar Proyecto a Project/Operaciones,.mandar borrado (NO USAR),1.0,0
SO10810,2025-08-15,Nalco de Mexico SA. de .CV,SERVICIOS FTS,18692.4,"Suministro de 8 tubos de PVC sanitario de 2"" y 4"". Incluye: 5 resgistros, 10 codos, coples, 1 pegamento para cementar.","(4.12) Suministro y colocación de salida sanitaria general tubería de PVC sanitario de 2"" y 4"". Incluye: resgistros, conexión a pozo de visita existente o en su defecto a tuberia existente, codos, coples, pegamento, cortes de concreto, demoliciones,, resanes de concreto, pruebas, excavación, rellenos, mano de obra, herramienta y todo lo necesario para su correcta instalación. P.U.O.T.",1.0,16114.14
SO10810,2025-08-15,Nalco de Mexico SA. de .CV,SERVICIOS FTS,18692.4,Mandar MRO/ TERCIADA a  Project/Operaciones (NO Facturar esta linea / Eliminar) Mandar Proyecto a Project/Operaciones,Mandar MRO/ TERCIADA a  Project/Operaciones (NO Facturar esta linea / Eliminar),1.0,0
SO10996,2025-08-12,Visionary,FTS FULL TECHNOLOGY SYSTEMS LLC,24325.0,Full truckload (FTL) freight with legal flatbed and tarps,Full truckload (FTL) freight with legal flatbed and tarps,2.0,3700.0
SO10996,2025-08-12,Visionary,FTS FULL TECHNOLOGY SYSTEMS LLC,24325.0,Full truckload (FTL) on wide-load flatbed (3 meters wide) with tarps,Full truckload (FTL) on wide-load flatbed (3 meters wide) with tarps,1.0,3700.0
SO10996,2025-08-12,Visionary,FTS FULL TECHNOLOGY SYSTEMS LLC,24325.0,"Step-deck trailer transporting a 3-meter-wide piece (rotated), with tarps","Step-deck trailer transporting a 3-meter-wide piece (rotated), with tarps",1.0,2700.0
SO10996,2025-08-12,Visionary,FTS FULL TECHNOLOGY SYSTEMS LLC,24325.0,Insurance up to 250K USD Machinery,Insurance,1.0,2700.0
SO10996,2025-08-12,Visionary,FTS FULL TECHNOLOGY SYSTEMS LLC,24325.0,Export & Customs Fees,Export & Customs Fees,1.0,3125.0
SO10996,2025-08-12,Visionary,FTS FULL TECHNOLOGY SYSTEMS LLC,24325.0,One-week storage fee for holding the Rollforming equipment at Laredo,1 week storage,1.0,8400.0
SO10974,2025-08-08,Nalco de Mexico SA. de .CV,SERVICIOS FTS,181201.28,Instalación de tubería 110mm,Trabajo 1 tuberia,1.0,104056.0
SO10974,2025-08-08,Nalco de Mexico SA. de .CV,SERVICIOS FTS,181201.28,Instalación de tubería 90mm,Trabajo 2 tuberia,1.0,52152.0
SO10974,2025-08-08,Nalco de Mexico SA. de .CV,SERVICIOS FTS,181201.28,Mandar Proyecto a Project/Operaciones (NO Facturar esta linea / Eliminar) Mandar Proyecto a Project/Operaciones,.mandar borrado (NO USAR),1.0,0
SO10941,2025-08-07,JOHNSON CONTROLS ENTERPRISES MEXICO,SERVICIOS FTS,243600.0,"Suministro de 8 rejillas irving de 3/16"" x 2 1/2"" lisa","Suministro de rejilla irving de 3/16"" x 2 1/2""",1.0,339466.67
SO10941,2025-08-07,JOHNSON CONTROLS ENTERPRISES MEXICO,SERVICIOS FTS,243600.0,"Suministro de 8 rejillas irving de 1/8"" x 1 1/4""","Suministro de rejilla irving de 1/8"" x 1 1/4""",1.0,-129466.67
SO10941,2025-08-07,JOHNSON CONTROLS ENTERPRISES MEXICO,SERVICIOS FTS,243600.0,Mandar MRO/ TERCIADA a  Project/Operaciones (NO Facturar esta linea / Eliminar) Mandar Proyecto a Project/Operaciones,Mandar MRO/ TERCIADA a  Project/Operaciones (NO Facturar esta linea / Eliminar),1.0,0
SO10821,2025-08-07,JOHNSON CONTROLS ENTERPRISES MEXICO,SERVICIOS FTS,467433.6,Suministro de extractor de aire 2HP 43945 M3/H 440VCA Modelo RH-48/H,Suministro de extractor de aire 2HP 43945 M3/H 440VCA Modelo RH-48/H,1.0,156660.0
SO10821,2025-08-07,JOHNSON CONTROLS ENTERPRISES MEXICO,SERVICIOS FTS,467433.6,Suministro de Extractor-inyector helicoidal de techo modelo RHB-24/L caudal 7243 M3/H 1/2HP,Suministro de Extractor-inyector helicoidal de techo modelo RHB-24/L caudal 7243 M3/H 1/2HP,1.0,92870.0
SO10821,2025-08-07,JOHNSON CONTROLS ENTERPRISES MEXICO,SERVICIOS FTS,467433.6,Servicio de instalación eléctrica para  alimentación de extractor de aire de área Barton,Servicio de instalación eléctrica para  alimentación de extractor de aire de área Barton,1.0,67215.0
SO10821,2025-08-07,JOHNSON CONTROLS ENTERPRISES MEXICO,SERVICIOS FTS,467433.6,Servicio de instalación eléctrica para  alimentación de extractor de aire de área Mezanine,Servicio de instalación eléctrica para  alimentación de extractor de aire de área Mezanine,1.0,86215.0
SO10821,2025-08-07,JOHNSON CONTROLS ENTERPRISES MEXICO,SERVICIOS FTS,467433.6,Mandar Proyecto a Project/Operaciones (NO Facturar esta linea / Eliminar) Mandar Proyecto a Project/Operaciones,.mandar borrado (NO USAR),1.0,0
SO10792,2025-08-07,JOHNSON CONTROLS ENTERPRISES MEXICO,SERVICIOS FTS,207118.0,Servicio de rehabilitación de pluma de acceso,Servicio de rehabilitación de pluma de acceso,1.0,178550.0
SO10792,2025-08-07,JOHNSON CONTROLS ENTERPRISES MEXICO,SERVICIOS FTS,207118.0,Mandar Proyecto a Project/Operaciones (NO Facturar esta linea / Eliminar) Mandar Proyecto a Project/Operaciones,.mandar borrado (NO USAR),1.0,0
SO10299,2025-07-15,Budenheim Mexico,SERVICIOS FTS,9048.0,Suministro de Falda para apilador neumático.,Suministro e instalación de Falda para apilador neumático.,1.0,7800.0
SO10299,2025-07-15,Budenheim Mexico,SERVICIOS FTS,9048.0,Mandar MRO/ TERCIADA a  Project/Operaciones (NO Facturar esta linea / Eliminar) Mandar Proyecto a Project/Operaciones,Mandar MRO/ TERCIADA a  Project/Operaciones (NO Facturar esta linea / Eliminar),1.0,0
SO10822,2025-07-14,CORPORATE USA,SERVICIOS FTS,2685.0,FactoryTalk View Studio for Machine Edition Perpetual,FT View Studio for ME,1.0,2685.0
SO10822,2025-07-14,CORPORATE USA,SERVICIOS FTS,2685.0,Mandar MRO/ TERCIADA a  Project/Operaciones (NO Facturar esta linea / Eliminar) Mandar Proyecto a Project/Operaciones,Mandar MRO/ TERCIADA a  Project/Operaciones (NO Facturar esta linea / Eliminar),1.0,0
SO10702,2025-07-03,Visionary,SERVICIOS FTS,58580.0,"Disassembly of mechanical components, safety guards, structural elements, and covers to prepare the machine for safe transport.",Disassmebly,1.0,13800.0
SO10702,2025-07-03,Visionary,SERVICIOS FTS,58580.0,"Rigging Service - Use of forklifts, cranes, slings, and other tools to safely lift, position, and load the machine components onto transport vehicles.",Rigging,1.0,25500.0
SO10702,2025-07-03,Visionary,SERVICIOS FTS,58580.0,"Electrical - Disconnection of power, control wiring, compressed air, and any auxiliary services in accordance with safety standards.",Disconnection,1.0,11200.0
SO10702,2025-07-03,Visionary,SERVICIOS FTS,58580.0,Mandar Proyecto a Project/Operaciones (NO Facturar esta linea / Eliminar) Mandar Proyecto a Project/Operaciones,.mandar borrado (NO USAR),1.0,0
SO10589,2025-06-24,JOHNSON CONTROLS ENTERPRISES MEXICO,SERVICIOS FTS,488346.08,instalación de acometidas eléctricas y neumáticas para el suministro de servicios a un robot industrial,instalación de acometidas eléctricas y neumáticas para el suministro de servicios a un robot industrial,1.0,420988.0
SO10589,2025-06-24,JOHNSON CONTROLS ENTERPRISES MEXICO,SERVICIOS FTS,488346.08,Mandar Proyecto a Project/Operaciones (NO Facturar esta linea / Eliminar) Mandar Proyecto a Project/Operaciones,.mandar borrado (NO USAR),1.0,0
SO10600,2025-06-23,Nalco de Mexico SA. de .CV,SERVICIOS FTS,20142.68,Suministros de insumos y accesorios para tubería PVC cedula 80,Suministros de insumos y accesorios para tubería PVC cedula 80,1.0,20142.68
SO10600,2025-06-23,Nalco de Mexico SA. de .CV,SERVICIOS FTS,20142.68,Mandar MRO/ TERCIADA a  Project/Operaciones (NO Facturar esta linea / Eliminar) Mandar Proyecto a Project/Operaciones,Mandar MRO/ TERCIADA a  Project/Operaciones (NO Facturar esta linea / Eliminar),1.0,0
SO10579,2025-06-19,JOHNSON CONTROLS ENTERPRISES MEXICO,SERVICIOS FTS,107462.4,Fabricacion y suministro de piezas de acuerdo a las spec de dibujo técnico,Suministro de piezas de acuerdo a las spec de dibujo técnico,48.0,92640.0
SO10579,2025-06-19,JOHNSON CONTROLS ENTERPRISES MEXICO,SERVICIOS FTS,107462.4,Mandar Proyecto a Project/Operaciones (NO Facturar esta linea / Eliminar) Mandar Proyecto a Project/Operaciones,.mandar borrado (NO USAR),1.0,0
SO10409,2025-06-09,"JOHNSON CONTROLS ENTERPRISES MEXICO, Andres Valencia",SERVICIOS FTS,1339535.52,"Estructura metálica en placas y conexiones con primario anticorrosivo y acabado marca Sherwin Williams color amarillo trafico, 3 mils de acabado y 3 mils de fondo compatible con la marca del acabado. Incluye: suministro, fabricación, montaje, mano de obra, herramienta y equipos.","Estructura metálica en placas y conexiones con primario anticorrosivo y acabado marca Sherwin Williams color amarillo trafico, 3 mils de acabado y 3 mils de fondo compatible con la marca del acabado. Incluye: suministro, fabricación, montaje, mano de obra, herramienta y equipos.",1.0,208528.0
SO10409,2025-06-09,"JOHNSON CONTROLS ENTERPRISES MEXICO, Andres Valencia",SERVICIOS FTS,1339535.52,"Estructura metálica en IPR con primario anticorrosivo y acabado marca Sherwin Williams color amarillo trafico, 3 mils de acabado y 3 mils de fondo compatible con la marca del acabado. Incluye: suministro, fabricación, montaje, mano de obra, herramienta y equipos.","Estructura metálica en IPR con primario anticorrosivo y acabado marca Sherwin Williams color amarillo trafico, 3 mils de acabado y 3 mils de fondo compatible con la marca del acabado. Incluye: suministro, fabricación, montaje, mano de obra, herramienta y equipos.",1.0,230836.0
SO10409,2025-06-09,"JOHNSON CONTROLS ENTERPRISES MEXICO, Andres Valencia",SERVICIOS FTS,1339535.52,"Estructura metálica misceláneos con primario anticorrosivo y acabado marca Sherwin Williams color amarillo trafico, 3 mils de acabado y 3 mils de fondo compatible con la marca del acabado. Incluye: suministro, fabricación, montaje, mano de obra, herramienta y equipos.","Estructura metálica misceláneos con primario anticorrosivo y acabado marca Sherwin Williams color amarillo trafico, 3 mils de acabado y 3 mils de fondo compatible con la marca del acabado. Incluye: suministro, fabricación, montaje, mano de obra, herramienta y equipos.",1.0,85000.0
SO10409,2025-06-09,"JOHNSON CONTROLS ENTERPRISES MEXICO, Andres Valencia",SERVICIOS FTS,1339535.52,"Suministro e instalación de plataforma a base de rejilla Irving de 1/8"" x 1-1/4"". Incluye: suministro, fabricación, montaje, mano de obra, herramienta y equipos fijación mecánica con herrajes de línea para regilla irvig","Suministro e instalación de plataforma a base de rejilla Irving de 1/8"" x 1-1/4"". Incluye: suministro, fabricación, montaje, mano de obra, herramienta y equipos fijación mecánica con herrajes de línea para regilla irvig",1.0,388399.0
SO10409,2025-06-09,"JOHNSON CONTROLS ENTERPRISES MEXICO, Andres Valencia",SERVICIOS FTS,1339535.52,"Suministro, fabricación y montaje de barandal tubular de 1-1/2"" en ced. 30 con dos líneas y rodapie. El diseño deberá permitir removerlo, ya sea por medio de anclas atornillables, o insertados en mangas, con primario anticorrosivo y acabado marca Sherwin Williams Amarillo tráfico, 3 mils de acabado y 3 mils de fondo compatible con la marca del acabado.  Incluye: materiales, mano de obra, herramienta, equipo y todo lo necesario para su correcta ejecución.","Suministro, fabricación y montaje de barandal tubular de 1-1/2"" en ced. 30 con dos líneas y rodapie. El diseño deberá permitir removerlo, ya sea por medio de anclas atornillables, o insertados en mangas, con primario anticorrosivo y acabado marca Sherwin Williams Amarillo tráfico, 3 mils de acabado y 3 mils de fondo compatible con la marca del acabado.  Incluye: materiales, mano de obra, herramienta, equipo y todo lo necesario para su correcta ejecución.",1.0,216009.0
SO10409,2025-06-09,"JOHNSON CONTROLS ENTERPRISES MEXICO, Andres Valencia",SERVICIOS FTS,1339535.52,"Suministro y colocación de grout, en placas base de columnas marca Fester. Incluye: suministro de materiales, colocación, desperdicios, mano de obra, herramienta menor, acarreos, cimbra, descimbrado, limpieza y todo lo necesario para su correcta ejecución.","Suministro y colocación de grout, en placas base de columnas marca Fester. Incluye: suministro de materiales, colocación, desperdicios, mano de obra, herramienta menor, acarreos, cimbra, descimbrado, limpieza y todo lo necesario para su correcta ejecución.",1.0,15000.0
SO10409,2025-06-09,"JOHNSON CONTROLS ENTERPRISES MEXICO, Andres Valencia",SERVICIOS FTS,1339535.52,Pruebas no destructivas de liquidos penetrantes solo a un 10%,Pruebas no destructivas de liquidos penetrantes solo a un 10%,1.0,11000.0
SO10409,2025-06-09,"JOHNSON CONTROLS ENTERPRISES MEXICO, Andres Valencia",SERVICIOS FTS,1339535.52,Mandar Proyecto a Project/Operaciones (NO Facturar esta linea / Eliminar) Mandar Proyecto a Project/Operaciones,.mandar borrado (NO USAR),1.0,0
SO10430,2025-06-05,JOHNSON CONTROLS ENTERPRISES MEXICO,SERVICIOS FTS,40158.04,Instalación eléctrica para alimentación de lámpara de emergencia ubicada Palapas,Instalación eléctrica para alimentación de lámpara de emergencia ubicada Almacén,1.0,34619.0
SO10430,2025-06-05,JOHNSON CONTROLS ENTERPRISES MEXICO,SERVICIOS FTS,40158.04,Mandar Proyecto a Project/Operaciones (NO Facturar esta linea / Eliminar) Mandar Proyecto a Project/Operaciones,.mandar borrado (NO USAR),1.0,0
SO10414,2025-06-05,JOHNSON CONTROLS ENTERPRISES MEXICO,SERVICIOS FTS,44776.0,Fabricacion y suministro de piezas de acuerdo a las spec de dibujo técnico,Suministro de piezas de acuerdo a las spec de dibujo técnico,20.0,38600.0
SO10414,2025-06-05,JOHNSON CONTROLS ENTERPRISES MEXICO,SERVICIOS FTS,44776.0,Mandar Proyecto a Project/Operaciones (NO Facturar esta linea / Eliminar) Mandar Proyecto a Project/Operaciones,.mandar borrado (NO USAR),1.0,0
SO10383,2025-06-05,Nalco de Mexico SA. de .CV,SERVICIOS FTS,3561.2,Suministro de accesorios para tubería cedula 80,Suministro de accesorios para tubería cedula 80,1.0,3070.0
SO10383,2025-06-05,Nalco de Mexico SA. de .CV,SERVICIOS FTS,3561.2,Mandar MRO/ TERCIADA a  Project/Operaciones (NO Facturar esta linea / Eliminar) Mandar Proyecto a Project/Operaciones,Mandar MRO/ TERCIADA a  Project/Operaciones (NO Facturar esta linea / Eliminar),1.0,0
SO9181,2025-06-04,Nalco de Mexico SA. de .CV,SERVICIOS FTS,533797.2,servicio de fabricación de base para tanques de agua para tinacos Rotoplas de 1000 litros.,servicio de fabricacion de base para tanques de agua para tinacos rotoplas de 1000 litros.,6.0,460170.0
SO9181,2025-06-04,Nalco de Mexico SA. de .CV,SERVICIOS FTS,533797.2,Mandar Proyecto a Project/Operaciones (NO Facturar esta linea / Eliminar) Mandar Proyecto a Project/Operaciones,.mandar borrado (NO USAR),1.0,0
SO10300,2025-06-03,MAGNEKON S.A. DE C.V.,SERVICIOS FTS,1834540.0,Servicio de ampliación de techo para nave industrial magnekon,Servicio de ampliación de techo para nave industrial magnekon,1.0,1581500.0
SO10300,2025-06-03,MAGNEKON S.A. DE C.V.,SERVICIOS FTS,1834540.0,Mandar Proyecto a Project/Operaciones (NO Facturar esta linea / Eliminar) Mandar Proyecto a Project/Operaciones,.mandar borrado (NO USAR),1.0,0
SO10344,2025-05-30,Budenheim Mexico,SERVICIOS FTS,397525.91,Suministro e instalación de equipos L3 empaque planta baja,Suministro e instalación de equipos L3 empaque planta baja,1.0,85763.75
SO10344,2025-05-30,Budenheim Mexico,SERVICIOS FTS,397525.91,Suministro e instalación de equipos L4 empaque planta baja,Suministro e instalación de equipos L4 empaque planta baja,1.0,85676.0
SO10344,2025-05-30,Budenheim Mexico,SERVICIOS FTS,397525.91,Suministro e instalación L3 área de reactor planta alta,Suministro e instalación L3 área de reactor planta alta,1.0,63927.5
SO10344,2025-05-30,Budenheim Mexico,SERVICIOS FTS,397525.91,Suministro e instalación L4 área de reactor planta alta,Suministro e instalación L4 área de reactor planta alta,1.0,104927.5
SO10344,2025-05-30,Budenheim Mexico,SERVICIOS FTS,397525.91,fianza de anticipo  40%.,fianza de anticipo  40%.,1.0,2400.0
SO10344,2025-05-30,Budenheim Mexico,SERVICIOS FTS,397525.91,Mandar Proyecto a Project/Operaciones (NO Facturar esta linea / Eliminar) Mandar Proyecto a Project/Operaciones,.mandar borrado (NO USAR),1.0,0
SO9801,2025-05-23,Nalco de Mexico SA. de .CV,SERVICIOS FTS,232742.4,"Suministro y Reemplazo de  1 válvula reguladora de presión de 4"" (Calderas interior)","Reemplazo de valvula reguladora de presión de 4""",1.0,100320.0
SO9801,2025-05-23,Nalco de Mexico SA. de .CV,SERVICIOS FTS,232742.4,"Suministro y Reemplazo de  1 válvula reguladora de presión de 4"" (Calderas exterior de silos.)","Suministro y Reemplazo de  1 válvula reguladora de presión de 4"" (chillers interior)",1.0,100320.0
SO9801,2025-05-23,Nalco de Mexico SA. de .CV,SERVICIOS FTS,232742.4,Mandar Proyecto a Project/Operaciones (NO Facturar esta linea / Eliminar) Mandar Proyecto a Project/Operaciones,.mandar borrado (NO USAR),1.0,0
SO10304,2025-05-23,JOHNSON CONTROLS ENTERPRISES MEXICO,SERVICIOS FTS,50529.6,Renta de personal para realización de limpieza de tanques,Renta de personal para realización de trabajos generales,1.0,43560.0
SO10304,2025-05-23,JOHNSON CONTROLS ENTERPRISES MEXICO,SERVICIOS FTS,50529.6,Mandar Proyecto a Project/Operaciones (NO Facturar esta linea / Eliminar) Mandar Proyecto a Project/Operaciones,.mandar borrado (NO USAR),1.0,0
SO10198,2025-05-12,Nalco de Mexico SA. de .CV,SERVICIOS FTS,2901.16,Cotizacion 37616 analisis ac marriot Mayo 12 Nalco,Cotizacion 36896 analisis ac marriot febrero 25 nalco,1.0,2501.0
SO10198,2025-05-12,Nalco de Mexico SA. de .CV,SERVICIOS FTS,2901.16,Mandar MRO/ TERCIADA a  Project/Operaciones (NO Facturar esta linea / Eliminar) Mandar Proyecto a Project/Operaciones,Mandar MRO/ TERCIADA a  Project/Operaciones (NO Facturar esta linea / Eliminar),1.0,0
SO10049,2025-05-12,Nalco de Mexico SA. de .CV,SERVICIOS FTS,37096.8,Mantenimiento a motor en planta MDLZ,Mantenimiento a motor en planta MDLZ,1.0,31980.0
SO10049,2025-05-12,Nalco de Mexico SA. de .CV,SERVICIOS FTS,37096.8,Mandar MRO/ TERCIADA a  Project/Operaciones (NO Facturar esta linea / Eliminar) Mandar Proyecto a Project/Operaciones,Mandar MRO/ TERCIADA a  Project/Operaciones (NO Facturar esta linea / Eliminar),1.0,0
SO9599,2025-05-07,QUIMITEC TRATAMIENTO DE AGUAS,SERVICIOS FTS,211120.0,Servicio de fabricación y suministro de tablero de control para bombas dosificadoras,Servicio de instalación de infraestructura de control para 8 bombas,1.0,182000.0
SO9599,2025-05-07,QUIMITEC TRATAMIENTO DE AGUAS,SERVICIOS FTS,211120.0,Mandar Proyecto a Project/Operaciones (NO Facturar esta linea / Eliminar) Mandar Proyecto a Project/Operaciones,.mandar borrado (NO USAR),1.0,0
SO10169,2025-05-07,JOHNSON CONTROLS ENTERPRISES MEXICO,SERVICIOS FTS,19140.0,Proyecto conexión de tablero eléctrico.,Proyecto conexion de tablero electrico.,1.0,16500.0
SO10169,2025-05-07,JOHNSON CONTROLS ENTERPRISES MEXICO,SERVICIOS FTS,19140.0,Mandar Proyecto a Project/Operaciones (NO Facturar esta linea / Eliminar) Mandar Proyecto a Project/Operaciones,.mandar borrado (NO USAR),1.0,0
SO10159,2025-05-07,Regal Rexnord,SERVICIOS FTS,24940.0,Servicio de diagnostico a máquina Tester A,Servicio de diagnostico a máquina Tester A,1.0,21500.0
SO10159,2025-05-07,Regal Rexnord,SERVICIOS FTS,24940.0,Mandar Proyecto a Project/Operaciones (NO Facturar esta linea / Eliminar) Mandar Proyecto a Project/Operaciones,.mandar borrado (NO USAR),1.0,0
SO10131,2025-05-06,Nalco de Mexico SA. de .CV,SERVICIOS FTS,7134.0,Remplazo de bomba en mal estado.,remplazo de bomba en mal estado,1.0,6150.0
SO10131,2025-05-06,Nalco de Mexico SA. de .CV,SERVICIOS FTS,7134.0,Mandar Proyecto a Project/Operaciones (NO Facturar esta linea / Eliminar) Mandar Proyecto a Project/Operaciones,.mandar borrado (NO USAR),1.0,0
SO9995,2025-05-05,JOHNSON CONTROLS ENTERPRISES MEXICO,SERVICIOS FTS,160660.0,Proyecto modificación en 4 lámparas de cortinas de descarga,Proyecto modificaciond e 4 lamparas en cortinas de descarga,1.0,76500.0
SO9995,2025-05-05,JOHNSON CONTROLS ENTERPRISES MEXICO,SERVICIOS FTS,160660.0,Proyecto remplazo de tubería de 3/4 en área de rampa de descarga,Proyecto remplazo de tuberia de 3/4 en area de rampa de descarga,1.0,62000.0
SO9995,2025-05-05,JOHNSON CONTROLS ENTERPRISES MEXICO,SERVICIOS FTS,160660.0,Mandar Proyecto a Project/Operaciones (NO Facturar esta linea / Eliminar) Mandar Proyecto a Project/Operaciones,.mandar borrado (NO USAR),1.0,0
SO10109,2025-05-05,JOHNSON CONTROLS ENTERPRISES MEXICO,SERVICIOS FTS,6960.0,Fabricación y diseño de 6 piezas para bridas de material inoxidable 304 en medida de 1/2. fabricada en placa  3/16 de espesor,Fabricacion y diseño de piezas maquinadas,1.0,6000.0
SO10109,2025-05-05,JOHNSON CONTROLS ENTERPRISES MEXICO,SERVICIOS FTS,6960.0,Mandar Proyecto a Project/Operaciones (NO Facturar esta linea / Eliminar) Mandar Proyecto a Project/Operaciones,.mandar borrado (NO USAR),1.0,0
SO10111,2025-05-02,TECNOLOGIAS Y PRODUCTOS YIN SA DE CV,SERVICIOS FTS,0,Service on Timesheet,Service on Timesheet,0,0
SO8404,2025-04-28,"CBRE GCS, S. de R.L. de C.V.",SERVICIOS FTS,32944.0,SERVICIO DE REPARACION DE AIRE ACONDICIONADO DE SALA DE JUNTAS HUASTECA (DUCTOS Y REGISTRO/PLAFON),MANO DE OBRA,1.0,28400.0
SO8404,2025-04-28,"CBRE GCS, S. de R.L. de C.V.",SERVICIOS FTS,32944.0,Mandar Proyecto a Project/Operaciones (NO Facturar esta linea / Eliminar) Mandar Proyecto a Project/Operaciones,.mandar borrado (NO USAR),1.0,0
SO8403,2025-04-28,"CBRE GCS, S. de R.L. de C.V.",SERVICIOS FTS,38848.4,"SERVICIO DE REPARACION DE AIRE ACONDICIONADO DE SALA DE JUNTAS CHIPINQUE (DUCTOS, VALVULA Y REGISTRO/PLAFON).",MANO DE OBRA,1.0,33490.0
SO8403,2025-04-28,"CBRE GCS, S. de R.L. de C.V.",SERVICIOS FTS,38848.4,Mandar Proyecto a Project/Operaciones (NO Facturar esta linea / Eliminar) Mandar Proyecto a Project/Operaciones,.mandar borrado (NO USAR),1.0,0
SO9983,2025-04-25,Nalco de Mexico SA. de .CV,SERVICIOS FTS,26564.0,Servicio de inspección y reparación de fugas,Servicio de inspección y reparación de fugas para área de acondicionamiento de agua,1.0,22900.0
SO9983,2025-04-25,Nalco de Mexico SA. de .CV,SERVICIOS FTS,26564.0,Mandar Proyecto a Project/Operaciones (NO Facturar esta linea / Eliminar) Mandar Proyecto a Project/Operaciones,.mandar borrado (NO USAR),1.0,0
SO9864,2025-04-25,Nalco de Mexico SA. de .CV,SERVICIOS FTS,2901.16,Cotizacion 37309 analisis ac marriot abril 07 nalco,Cotizacion 36896 analisis ac marriot febrero 25 nalco,1.0,2501.0
SO9864,2025-04-25,Nalco de Mexico SA. de .CV,SERVICIOS FTS,2901.16,Mandar MRO/ TERCIADA a  Project/Operaciones (NO Facturar esta linea / Eliminar) Mandar Proyecto a Project/Operaciones,Mandar MRO/ TERCIADA a  Project/Operaciones (NO Facturar esta linea / Eliminar),1.0,0
SO9982,2025-04-23,British American Tobacco Mexico S.A. de C.V.,SERVICIOS FTS,22620.0,fabricación y suministro de estructura para paso de gato con Ángulo 1/4″ x 2″ con tirantes de 1 metro de largo.,DescriptionFabricación de extensión estructural para pasos de gato (baños de hombre) de 1 metro de largo. - Fabricación en PTR 2X2 cal 18. - Anclaje en techo con taquetes expansores de 1/4 pulgada.,1.0,19500.0
SO9982,2025-04-23,British American Tobacco Mexico S.A. de C.V.,SERVICIOS FTS,22620.0,Mandar Proyecto a Project/Operaciones (NO Facturar esta linea / Eliminar) Mandar Proyecto a Project/Operaciones,.mandar borrado (NO USAR),1.0,0
SO9981,2025-04-23,British American Tobacco Mexico S.A. de C.V.,SERVICIOS FTS,12760.0,Instalación de paso de gato en Punto valle.,DescriptionFabricación de extensión estructural para pasos de gato (baños de hombre) de 1 metro de largo. - Fabricación en PTR 2X2 cal 18. - Anclaje en techo con taquetes expansores de 1/4 pulgada.,1.0,11000.0
SO9981,2025-04-23,British American Tobacco Mexico S.A. de C.V.,SERVICIOS FTS,12760.0,Mandar Proyecto a Project/Operaciones (NO Facturar esta linea / Eliminar) Mandar Proyecto a Project/Operaciones,.mandar borrado (NO USAR),1.0,0
SO9972,2025-04-22,MONDELEZ MEXICO,SERVICIOS FTS,17844.28,Mantenimiento preventivo y diagnostico a clima de L3. Qty (1) Maquinados,Mantenimiento preventivo a climas de L3,1.0,15383.0
SO9972,2025-04-22,MONDELEZ MEXICO,SERVICIOS FTS,17844.28,Mandar Proyecto a Project/Operaciones (NO Facturar esta linea / Eliminar) Mandar Proyecto a Project/Operaciones,.mandar borrado (NO USAR),1.0,0
SO9891,2025-04-17,JOHNSON CONTROLS ENTERPRISES MEXICO,SERVICIOS FTS,33176.0,"Proyecto en cuarto de ácidos, modificación a tubería de aire de dos pulgadas",Proyecto modificacion a tuberia de aire de dos pulgadas,1.0,28600.0
SO9891,2025-04-17,JOHNSON CONTROLS ENTERPRISES MEXICO,SERVICIOS FTS,33176.0,Mandar Proyecto a Project/Operaciones (NO Facturar esta linea / Eliminar) Mandar Proyecto a Project/Operaciones,.mandar borrado (NO USAR),1.0,0
SO9862,2025-04-14,MONDELEZ MEXICO,SERVICIOS FTS,377000.0,Mantenimiento y Calibracion de rayos X de Linea 6  OBSERVACION:   - INCLUYE MANO DE OBRA  -HERRAMIENTAS - REFACCIONES NECESARIAS,Mantenimiento y Calibracion de rayos X de Linea 6,1.0,325000.0
SO9862,2025-04-14,MONDELEZ MEXICO,SERVICIOS FTS,377000.0,Mandar MRO/ TERCIADA a  Project/Operaciones (NO Facturar esta linea / Eliminar) Mandar Proyecto a Project/Operaciones,Mandar MRO/ TERCIADA a  Project/Operaciones (NO Facturar esta linea / Eliminar),1.0,0
SO9857,2025-04-11,British American Tobacco Mexico S.A. de C.V.,SERVICIOS FTS,12760.0,Instalación de paso de gato en Punto valle.,DescriptionFabricación de extensión estructural para pasos de gato (baños de hombre) de 1 metro de largo. - Fabricación en PTR 2X2 cal 18. - Anclaje en techo con taquetes expansores de 1/4 pulgada.,1.0,11000.0
SO9857,2025-04-11,British American Tobacco Mexico S.A. de C.V.,SERVICIOS FTS,12760.0,Mandar Proyecto a Project/Operaciones (NO Facturar esta linea / Eliminar) Mandar Proyecto a Project/Operaciones,.mandar borrado (NO USAR),1.0,0
SO9856,2025-04-11,British American Tobacco Mexico S.A. de C.V.,SERVICIOS FTS,22620.0,fabricación y suministro de estructura para paso de gato con Ángulo 1/4″ x 2″ con tirantes de 1 metro de largo.,DescriptionFabricación de extensión estructural para pasos de gato (baños de hombre) de 1 metro de largo. - Fabricación en PTR 2X2 cal 18. - Anclaje en techo con taquetes expansores de 1/4 pulgada.,1.0,19500.0
SO9856,2025-04-11,British American Tobacco Mexico S.A. de C.V.,SERVICIOS FTS,22620.0,Mandar Proyecto a Project/Operaciones (NO Facturar esta linea / Eliminar) Mandar Proyecto a Project/Operaciones,.mandar borrado (NO USAR),1.0,0
SO9669,2025-04-07,MONDELEZ MEXICO,SERVICIOS FTS,53532.84,Mantenimiento preventivo y diagnostico a climas de L3. Qty (2) Hornos Qty (1) Maquinados,Mantenimiento preventivo a climas de L3,3.0,46149.0
SO9669,2025-04-07,MONDELEZ MEXICO,SERVICIOS FTS,53532.84,Mandar Proyecto a Project/Operaciones (NO Facturar esta linea / Eliminar) Mandar Proyecto a Project/Operaciones,.mandar borrado (NO USAR),1.0,0
SO9667,2025-04-07,MONDELEZ MEXICO,SERVICIOS FTS,35040.12,Suministro y montaje de 2 lámparas para 1 equipo TTM en Mondelez planta salinas,suministro y montaje de 2 laparas para 1 equipo TTM en mondelez planta salinas,1.0,30207.0
SO9667,2025-04-07,MONDELEZ MEXICO,SERVICIOS FTS,35040.12,Mandar Proyecto a Project/Operaciones (NO Facturar esta linea / Eliminar) Mandar Proyecto a Project/Operaciones,.mandar borrado (NO USAR),1.0,0
SO9533,2025-04-07,MONDELEZ MEXICO,SERVICIOS FTS,267019.24,Servicio de 7 electromecánicos por día para generación de actividades precio por día,Servicio de 5 electromecanicos para,5.0,140465.0
SO9533,2025-04-07,MONDELEZ MEXICO,SERVICIOS FTS,267019.24,Servicio de dos plataformas de elevación certificadas para la generación de actividades de alto riesgo.,Servicio de dos plataformas de elevacion,2.0,28224.0
SO9533,2025-04-07,MONDELEZ MEXICO,SERVICIOS FTS,267019.24,Servicio de supervisor de seguridad renta por día para la generación de actividades de alto riesgo así como documentación para cumplimiento legal  para inicio y finalización de las actividades. Precio por día,Servicio de supervisor de seguridad,5.0,38595.0
SO9533,2025-04-07,MONDELEZ MEXICO,SERVICIOS FTS,267019.24,Suministro de Cable 24x18 Awg Multi conductor sin blindaje. precio por metro,Suminsitro de Cable 25x18 Awg Multiconductor (25x1 Mm2) sin blindaje,45.0,22905.0
SO9533,2025-04-07,MONDELEZ MEXICO,SERVICIOS FTS,267019.24,Mandar Proyecto a Project/Operaciones (NO Facturar esta linea / Eliminar) Mandar Proyecto a Project/Operaciones,.mandar borrado (NO USAR),1.0,0
SO9519,2025-04-07,MONDELEZ MEXICO,SERVICIOS FTS,377000.0,Mantenimiento y Calibración de rayos X de Línea 9  OBSERVACION:   - INCLUYE MANO DE OBRA  -HERRAMIENTAS - REFACCIONES NECESARIAS,Mantenimiento y Calibracion de rayos X de Linea 9,1.0,325000.0
SO9519,2025-04-07,MONDELEZ MEXICO,SERVICIOS FTS,377000.0,Mandar MRO/ TERCIADA a  Project/Operaciones (NO Facturar esta linea / Eliminar) Mandar Proyecto a Project/Operaciones,Mandar MRO/ TERCIADA a  Project/Operaciones (NO Facturar esta linea / Eliminar),1.0,0
SO9428,2025-04-07,Nalco de Mexico SA. de .CV,SERVICIOS FTS,18544836.71,"- Suministro, fabricación, e instalación  de tubería para fabricación 20 bajadas a estaciones de trabajo, en tubería de 3 pulgadas de acero inoxidable 316 con costura y accesorios para Arreglo de alimentación a equipos XDU. - Suministro, fabricación e instalación de sistema de recirculación en Pvc 3 pulgadas cedula 80  - Suministro fabricación, y montaje de sistema para retorno de agua en tubería de pvc cedula 80 en 3/4.",Suministro de tubería en acero Inoxidable y accesorios para Arreglo de alimentación hacia Maquina,1.0,15986928.2
SO9428,2025-04-07,Nalco de Mexico SA. de .CV,SERVICIOS FTS,18544836.71,Mandar Proyecto a Project/Operaciones (NO Facturar esta linea / Eliminar) Mandar Proyecto a Project/Operaciones,.mandar borrado (NO USAR),1.0,0
SO9799,2025-03-31,MONDELEZ MEXICO,SERVICIOS FTS,99038.02,Servicio técnico para Calibración y Revisión de controladores de Gas y Temperatura de Línea 1 a Línea 14,Servicio técnico para Calibración y Revisión de controladores de Gas y Temperatura de Línea 1 a Línea 14,1.0,85377.6
SO9059,2025-03-31,MONDELEZ MEXICO,SERVICIOS FTS,11560.56,"Costo de materiales : 2 CEPILLOS , 1 Desengrasante , 1 Microban, 1 Kit antiderrame, 1 Caja de pruebas",mantenimiento a clima,1.0,1858.0
SO9059,2025-03-31,MONDELEZ MEXICO,SERVICIOS FTS,11560.56,Costo de Mano de Obra del Personal Necesario para la actividad: 8h supervisor de seguridad  8h supervisor de obra  8h 2 auxiliares de proyectos,Costo de Mano de Obra,1.0,8108.0
SO9773,2025-03-27,MONDELEZ MEXICO,SERVICIOS FTS,149640.0,"Suministro de Clima de tablero CONDITIONER,AIR,SK 3186.930,RITTAL CLIMA/2000W/SK3186.930/RITTAL","Suministro de Clima de tablero CONDITIONER,AIR,SK 3186.930,RITTAL CLIMA/2000W/SK3186.930/RITTAL",1.0,129000.0
SO9773,2025-03-27,MONDELEZ MEXICO,SERVICIOS FTS,149640.0,Mandar MRO/ TERCIADA a  Project/Operaciones (NO Facturar esta linea / Eliminar) Mandar Proyecto a Project/Operaciones,Mandar MRO/ TERCIADA a  Project/Operaciones (NO Facturar esta linea / Eliminar),1.0,0
SO9713,2025-03-25,MONDELEZ MEXICO,SERVICIOS FTS,27840.0,Servicio de traslado de papelería,Servicio de traslado de  papelria,8.0,24000.0
SO9713,2025-03-25,MONDELEZ MEXICO,SERVICIOS FTS,27840.0,Mandar MRO/ TERCIADA a  Project/Operaciones (NO Facturar esta linea / Eliminar) Mandar Proyecto a Project/Operaciones,Mandar MRO/ TERCIADA a  Project/Operaciones (NO Facturar esta linea / Eliminar),1.0,0
SO9619,2025-03-14,British American Tobacco Mexico S.A. de C.V.,SERVICIOS FTS,11982.8,aplicación de  resane en oficinas de BAT para la instalación de papel tapis,aplicaciond e resanes en oficinas para,1.0,10330.0
SO9619,2025-03-14,British American Tobacco Mexico S.A. de C.V.,SERVICIOS FTS,11982.8,Mandar Proyecto a Project/Operaciones (NO Facturar esta linea / Eliminar) Mandar Proyecto a Project/Operaciones,.mandar borrado (NO USAR),1.0,0
SO8935,2025-03-12,"British American Tobacco Mexico S.A. de C.V., Vanessa Ibarra",SERVICIOS FTS,4677.12,SUMINISTRO DE 2 HOJAS DE TABLA ROCA YESO REGULAR BLANCO DE 3/8,TABLA ROCA YESO REGULAR BLANCO DE 3/8,1.0,1068.0
SO8935,2025-03-12,"British American Tobacco Mexico S.A. de C.V., Vanessa Ibarra",SERVICIOS FTS,4677.12,SUMINISTRO DE POSTE METALICO PERFIREY CALIBRE 26 DE 4.10M,POSTE METALICO PERFIREY CALIBRE 26 DE 4.10M,1.0,402.0
SO8935,2025-03-12,"British American Tobacco Mexico S.A. de C.V., Vanessa Ibarra",SERVICIOS FTS,4677.12,"SUMINISTRO DE 100 PIJAS PARA TABLAROCA 2"" 8X2""","100 PIJAS PARA TABLAROCA 2"" 8X2""",1.0,400.0
SO8935,2025-03-12,"British American Tobacco Mexico S.A. de C.V., Vanessa Ibarra",SERVICIOS FTS,4677.12,"SUMINISTRO DE CINTA AUTOADHERIBLE PARA TABLA ROCA 4"" 45.72M O APROX","CINTA AUTOADHERIBLE PARA TABLA ROCA 4"" 45.72M O APROX",1.0,490.0
SO8935,2025-03-12,"British American Tobacco Mexico S.A. de C.V., Vanessa Ibarra",SERVICIOS FTS,4677.12,"SUMINISTRO DE ESPATULA PARA TABLA ROCA 10""","ESPATULA PARA TABLA ROCA 10""",1.0,554.0
SO8935,2025-03-12,"British American Tobacco Mexico S.A. de C.V., Vanessa Ibarra",SERVICIOS FTS,4677.12,"SUMINISTRO DE ESPATULA PARA TABLA ROCA 5""","ESPATULA PARA TABLA ROCA 5""",1.0,506.0
SO8935,2025-03-12,"British American Tobacco Mexico S.A. de C.V., Vanessa Ibarra",SERVICIOS FTS,4677.12,Miscelaneos,Miscelaneos,1.0,612.0
SO9595,2025-03-11,Nalco de Mexico SA. de .CV,SERVICIOS FTS,2356.73,Cotización Cot 37104  análisis Ac. Marriot Marzo 2025,Cotización Cot 37104  analisis ac marriot Marxo 2025,1.0,2031.66
SO9595,2025-03-11,Nalco de Mexico SA. de .CV,SERVICIOS FTS,2356.73,Mandar Proyecto a Project/Operaciones (NO Facturar esta linea / Eliminar) Mandar Proyecto a Project/Operaciones,.mandar borrado (NO USAR),1.0,0
SO9576,2025-03-07,Nalco de Mexico SA. de .CV,SERVICIOS FTS,35380.0,Fabricación de placas para intercambiadores,Fabricación de placas para intercambiadores,1.0,30500.0
SO9576,2025-03-07,Nalco de Mexico SA. de .CV,SERVICIOS FTS,35380.0,Mandar Proyecto a Project/Operaciones (NO Facturar esta linea / Eliminar) Mandar Proyecto a Project/Operaciones,.mandar borrado (NO USAR),1.0,0
SO9549,2025-03-06,Nalco de Mexico SA. de .CV,SERVICIOS FTS,244690.4,Fabricación de skid de bombas móvil,Fabricación de skid de bombas móvil,1.0,210940.0
SO9549,2025-03-06,Nalco de Mexico SA. de .CV,SERVICIOS FTS,244690.4,Mandar Proyecto a Project/Operaciones (NO Facturar esta linea / Eliminar) Mandar Proyecto a Project/Operaciones,.mandar borrado (NO USAR),1.0,0
SO9532,2025-03-06,MONDELEZ MEXICO,SERVICIOS FTS,11576.8,Mantenimiento preventivo a 1 clima de tableros de área de amasado salinas,Mantenimiento preventivo a 1 climas de tableros de RSM L7 salinas,1.0,9980.0
SO9532,2025-03-06,MONDELEZ MEXICO,SERVICIOS FTS,11576.8,Mandar Proyecto a Project/Operaciones (NO Facturar esta linea / Eliminar) Mandar Proyecto a Project/Operaciones,.mandar borrado (NO USAR),1.0,0
SO9517,2025-03-05,BEBIDAS PURIFICADAS,SERVICIOS FTS,112717.36,Servicio de aplicación de soldadura para eliminación de fugas en  tubería de acero inoxidable 316 a 6 metros de altura,sumisnitro de tuberia de 4 pulgadas,1.0,97170.14
SO9517,2025-03-05,BEBIDAS PURIFICADAS,SERVICIOS FTS,112717.36,Mandar Proyecto a Project/Operaciones (NO Facturar esta linea / Eliminar) Mandar Proyecto a Project/Operaciones,.mandar borrado (NO USAR),1.0,0
SO9411,2025-03-03,MONDELEZ MEXICO,SERVICIOS FTS,301600.0,"Matenimiento y ajuste de rayos X de Linea 10   Serie: 1436568530020, 1436568530030 , 1436568530040 y 1436568530050 OBSERVACION:   - INCLUYE MANO DE OBRA  -HERRAMIENTAS - REFACCIONES NECESARIAS","Matenimiento y ajuste de rayos X de L10                                       Serie: 1436568530020, 1436568530030 , 1436568530040 y 1436568530050 OBSERVACION: - INCLUYE MANO DE OBRA - HERRAMIENTAS - REFACCIONES NECESARIAS",4.0,260000.0
SO9258,2025-03-03,British American Tobacco Mexico S.A. de C.V.,SERVICIOS FTS,26482.8,"Servicio de instalacion de tubería CPVC de 2""","Servicio de instalacion de tubería CPVC de 2""",1.0,22830.0
SO9258,2025-03-03,British American Tobacco Mexico S.A. de C.V.,SERVICIOS FTS,26482.8,Mandar Proyecto a Project/Operaciones (NO Facturar esta linea / Eliminar) Mandar Proyecto a Project/Operaciones,.mandar borrado (NO USAR),1.0,0
SO9201,2025-03-03,MONDELEZ MEXICO,SERVICIOS FTS,226200.0,Matenimiento y ajuste de rayos X de Linea 7 Matenimiento y Calibracion de rayos X de Linea 7   Serie: - E210201 - E210202 - E210203    OBSERVACION:   - INCLUYE MANO DE OBRA  -HERRAMIENTAS - REFACCIONES NECESARIAS,Matenimiento y ajuste de rayos X de Linea 7,3.0,195000.0
SO8994,2025-03-03,British American Tobacco Mexico S.A. de C.V.,SERVICIOS FTS,55290.24,"Suministro de papel tapiz, materiales, herramientas, y pegamento para la instalación de completa en el área de integrity  (Sala de juntas 2) Rollo papel tapiz TVTNO  Mod. 33391","Suministro de papel tapiz, materiales, herramientas, y pegamento para la instalación de completa en el área de salita",1.0,47664.0
SO8994,2025-03-03,British American Tobacco Mexico S.A. de C.V.,SERVICIOS FTS,55290.24,Mandar Proyecto a Project/Operaciones (NO Facturar esta linea / Eliminar) Mandar Proyecto a Project/Operaciones,.mandar borrado (NO USAR),1.0,0
SO8993,2025-03-03,British American Tobacco Mexico S.A. de C.V.,SERVICIOS FTS,41726.36,"Suministro de papel tapiz, materiales, herramientas, y pegamento para la instalación de completa en el área de (Sala de juntas 1) Rollo papel tapiz TVTNO  Mod. 33391","Suministro de papel tapiz, materiales, herramientas, y pegamento para la instalación de completa en el área de salita",1.0,35971.0
SO8993,2025-03-03,British American Tobacco Mexico S.A. de C.V.,SERVICIOS FTS,41726.36,Mandar Proyecto a Project/Operaciones (NO Facturar esta linea / Eliminar) Mandar Proyecto a Project/Operaciones,.mandar borrado (NO USAR),1.0,0
SO9451,2025-02-26,Nalco de Mexico SA. de .CV,SERVICIOS FTS,2629.72,Cotizacion 36896 analisis ac marriot febrero 25 nalco,Cotizacion 36896 analisis ac marriot febrero 25 nalco,1.0,2267.0
SO9451,2025-02-26,Nalco de Mexico SA. de .CV,SERVICIOS FTS,2629.72,Mandar Proyecto a Project/Operaciones (NO Facturar esta linea / Eliminar) Mandar Proyecto a Project/Operaciones,.mandar borrado (NO USAR),1.0,0
SO9327,2025-02-24,Nalco de Mexico SA. de .CV,SERVICIOS FTS,8247.51,Suministro de termostato para arranque de chillers,sumisnitro de termostato para arranque de chillers,1.0,7109.92
SO9327,2025-02-24,Nalco de Mexico SA. de .CV,SERVICIOS FTS,8247.51,Mandar Proyecto a Project/Operaciones (NO Facturar esta linea / Eliminar) Mandar Proyecto a Project/Operaciones,.mandar borrado (NO USAR),1.0,0
SO9300,2025-02-24,Nalco de Mexico SA. de .CV,SERVICIOS FTS,41151.0,Soporte para puesta en marcha de equipo chillers,Revisión a sistema de fotocelda de área robot de soldadura,1.0,35475.0
SO9300,2025-02-24,Nalco de Mexico SA. de .CV,SERVICIOS FTS,41151.0,Mandar Proyecto a Project/Operaciones (NO Facturar esta linea / Eliminar) Mandar Proyecto a Project/Operaciones,.mandar borrado (NO USAR),1.0,0
SO9220,2025-02-24,HISENSE MONTERREY HOME APPLIANCE MANUFACTURING,SERVICIOS FTS,27434.0,"Revisión a sistema de programación de PLC en planta Hisense, Salinas Victoria ,Nuevo Leon",Revisión a sistema de fotocelda de área robot de soldadura,1.0,23650.0
SO9220,2025-02-24,HISENSE MONTERREY HOME APPLIANCE MANUFACTURING,SERVICIOS FTS,27434.0,Mandar Proyecto a Project/Operaciones (NO Facturar esta linea / Eliminar) Mandar Proyecto a Project/Operaciones,.mandar borrado (NO USAR),1.0,0
SO9137,2025-02-24,"Budenheim Mexico, Leonardo Gandarilla",SERVICIOS FTS,632578.16,"MOTORREDUCTOR TAM 50, REL 30:1 MOD.NWM- 50E-30-56C, C/MOTOR UT, 1/2HP, 4P, 56C MOD HU45 Y BRZO TENSOR","""MOTORREDUCTOR TAM 50, REL 30:1 MOD.NWM- 50E-30-56C, C/MOTOR UT, 1/2HP, 4P, 56C MOD HU45 Y BRZO TENSOR""",1.0,23820.0
SO9137,2025-02-24,"Budenheim Mexico, Leonardo Gandarilla",SERVICIOS FTS,632578.16,PISTON NEUMATICO CP96SDB40-500C,PISTON NEUMATICO CP96SDB40-500C,1.0,11958.0
SO9137,2025-02-24,"Budenheim Mexico, Leonardo Gandarilla",SERVICIOS FTS,632578.16,"MOTORREDUCTOR TAM 63, REL 30;1 MOD NWM- 63E-30-56C, C/MOTOR UTE, 1HP, 4P, 56C MOD. HU22 Y BRAZO TENSOR","""MOTORREDUCTOR TAM 63, REL 30;1 MOD NWM- 63E-30-56C, C/MOTOR UTE, 1HP, 4P, 56C MOD. HU22 Y BRAZO TENSOR""",1.0,29575.0
SO9137,2025-02-24,"Budenheim Mexico, Leonardo Gandarilla",SERVICIOS FTS,632578.16,PISTON NEUMATICO SMC CP96SDC80-160C,PISTON NEUMATICO SMC CP96SDC80-160C,1.0,21454.0
SO9137,2025-02-24,"Budenheim Mexico, Leonardo Gandarilla",SERVICIOS FTS,632578.16,1783-LMS5 STRATIX,1783-LMS5 STRATIX,1.0,25118.0
SO9137,2025-02-24,"Budenheim Mexico, Leonardo Gandarilla",SERVICIOS FTS,632578.16,25B-D1P4N114 POWER FLEX 0.5 HP,25B-D1P4N114 POWER FLEX 0.5 HP,1.0,43738.0
SO9137,2025-02-24,"Budenheim Mexico, Leonardo Gandarilla",SERVICIOS FTS,632578.16,25B-D2P3N114 POWER FLEX 1.0 HP,25B-D2P3N114 POWER FLEX 1.0 HP,1.0,44336.0
SO9137,2025-02-24,"Budenheim Mexico, Leonardo Gandarilla",SERVICIOS FTS,632578.16,2711R-T7T PANEL VIEW 800,2711R-T7T PANEL VIEW 800,1.0,45412.0
SO9137,2025-02-24,"Budenheim Mexico, Leonardo Gandarilla",SERVICIOS FTS,632578.16,"INTERRUPTOR DE PROXIMIDAD, 2 CABLES CA, SALIDA NORMALMENTE ABIERTA","INTERRUPTOR DE PROXIMIDAD, 2 CABLES CA, SALIDA NORMALMENTE ABIERTA",1.0,12082.0
SO9137,2025-02-24,"Budenheim Mexico, Leonardo Gandarilla",SERVICIOS FTS,632578.16,"EXTREMO DE VARILLA DE ÚNICO ESFÉRICO, ROSCA DE 1/2-20","EXTREMO DE VARILLA DE ÚNICO ESFÉRICO, ROSCA DE 1/2-20",1.0,1217.0
SO9137,2025-02-24,"Budenheim Mexico, Leonardo Gandarilla",SERVICIOS FTS,632578.16,CELDA DE CARGA (HS-903180),CELDA DE CARGA (HS-903180),1.0,22427.0
SO9137,2025-02-24,"Budenheim Mexico, Leonardo Gandarilla",SERVICIOS FTS,632578.16,"INTERRUPTOR DE LÍMITE, 1/2 NPT, SPDT, INTERRUPTOR DE RODILLO W (HS-842290)","INTERRUPTOR DE LÍMITE, 1/2 NPT, SPDT, INTERRUPTOR DE RODILLO W (HS-842290)",1.0,5366.0
SO9137,2025-02-24,"Budenheim Mexico, Leonardo Gandarilla",SERVICIOS FTS,632578.16,"VARILLA, PARA INTERRUPTOR DE LÍMITE, (HS-842290)","VARILLA, PARA INTERRUPTOR DE LÍMITE, (HS-842290)",1.0,3120.0
SO9137,2025-02-24,"Budenheim Mexico, Leonardo Gandarilla",SERVICIOS FTS,632578.16,CONTROLADOR CBE CON REVESTIMIENTO (HS-853890),CONTROLADOR CBE CON REVESTIMIENTO (HS-853890),1.0,208982.0
SO9137,2025-02-24,"Budenheim Mexico, Leonardo Gandarilla",SERVICIOS FTS,632578.16,"INTERRUPTOR DE LÍMITE DE BORDE, ÁNGULO RECTO, GIRATORIO CON PALANCA DE RODILLO ""","INTERRUPTOR DE LÍMITE DE BORDE, ÁNGULO RECTO, GIRATORIO CON PALANCA DE RODILLO """,1.0,13756.0
SO9137,2025-02-24,"Budenheim Mexico, Leonardo Gandarilla",SERVICIOS FTS,632578.16,"VÁLVULA, SOLENOIDE SIMPLE, 24 VCC, 2 POSICIONES, 5 PUERTOS, 1/4 NPT (HS-848180)","VÁLVULA, SOLENOIDE SIMPLE, 24 VCC, 2 POSICIONES, 5 PUERTOS, 1/4 NPT (HS-848180)",2.0,2888.0
SO9137,2025-02-24,"Budenheim Mexico, Leonardo Gandarilla",SERVICIOS FTS,632578.16,"FILTRO/REGULADOR, COALESCENTE (HS-848180)","FILTRO/REGULADOR, COALESCENTE (HS-848180)",1.0,9978.0
SO9137,2025-02-24,"Budenheim Mexico, Leonardo Gandarilla",SERVICIOS FTS,632578.16,"INTERRUPTOR DE PROXIMIDAD, 2 CABLES DE CA, SALIDA NORMALMENTE ABIERTA","INTERRUPTOR DE PROXIMIDAD, 2 CABLES DE CA, SALIDA NORMALMENTE ABIERTA",1.0,12081.0
SO9137,2025-02-24,"Budenheim Mexico, Leonardo Gandarilla",SERVICIOS FTS,632578.16,CILINDRO DE ABRAZADERA DE BOLSA (HS-841231),CILINDRO DE ABRAZADERA DE BOLSA (HS-841231),1.0,1500.0
SO9137,2025-02-24,"Budenheim Mexico, Leonardo Gandarilla",SERVICIOS FTS,632578.16,V70-2521-08  ELECTROVALVULA DEWIT 5 VIAS 2 POSICIONES,"V70-2521-08 Electrovalvula Dewit 5 vias 2 posiciones,",1.0,560.0
SO9137,2025-02-24,"Budenheim Mexico, Leonardo Gandarilla",SERVICIOS FTS,632578.16,VALVULA DE 3 VIAS 2 POSICIONES RET. RESORTE  MODELO 113B-501BAA,Valvula de 3 vias 2 posiciones modelo 113B-501BAAA,2.0,5958.0
SO9137,2025-02-24,"Budenheim Mexico, Leonardo Gandarilla",SERVICIOS FTS,632578.16,Mandar Proyecto a Project/Operaciones (NO Facturar esta linea / Eliminar) Mandar Proyecto a Project/Operaciones,.mandar borrado (NO USAR),1.0,0
SO9113,2025-02-24,"Nalco de Mexico SA. de .CV, Ivan Santana Barraza",SERVICIOS FTS,2629.72,Cotizacion 36648 analisis ac marriot enero 25,Cotizacion 36648 analisis ac marriot enero 25,1.0,2267.0
SO9113,2025-02-24,"Nalco de Mexico SA. de .CV, Ivan Santana Barraza",SERVICIOS FTS,2629.72,Mandar Proyecto a Project/Operaciones (NO Facturar esta linea / Eliminar) Mandar Proyecto a Project/Operaciones,.mandar borrado (NO USAR),1.0,0
SO7723,2025-02-24,"MAGNEKON S.A. DE C.V., Juventino Hernandez",SERVICIOS FTS,269708.12,Servicio de instalación de tubería y soportes para alimentación de sensores de nivel.,Servicio de integración de sistema de instrumentación,1.0,232507.0
SO7723,2025-02-24,"MAGNEKON S.A. DE C.V., Juventino Hernandez",SERVICIOS FTS,269708.12,Mandar Proyecto a Project/Operaciones (NO Facturar esta linea / Eliminar) Mandar Proyecto a Project/Operaciones,.mandar borrado (NO USAR),1.0,0
SO9180,2025-02-17,BEBIDAS PURIFICADAS,SERVICIOS FTS,140261.4,Servicio de instalación de tubería y cableado para alimentación eléctrica de sensores de nivel.,servicio de instlacion de tuberia y cableado,1.0,120915.0
SO9180,2025-02-17,BEBIDAS PURIFICADAS,SERVICIOS FTS,140261.4,Mandar Proyecto a Project/Operaciones (NO Facturar esta linea / Eliminar) Mandar Proyecto a Project/Operaciones,.mandar borrado (NO USAR),1.0,0
SO9200,2025-02-04,"MONDELEZ MEXICO, Christian Ortiz",SERVICIOS FTS,377000.0,Mantenimiento y ajuste de rayos X de Linea 13,Mantenimiento y ajuste de rayos X de Linea 13,1.0,325000.0
SO9199,2025-02-04,MONDELEZ MEXICO,SERVICIOS FTS,377000.0,Mantenimiento y Calibracion de rayos X de Linea 3,Mantenimiento y Calibracion de rayos X de Linea 3,1.0,325000.0
SO9022,2025-01-23,"Budenheim Mexico, Leonardo Gandarilla",SERVICIOS FTS,211050.4,"Modificación a sistema trasportador de sacos actuales para la integración de transportador de banda a 3.1 mts de largo por 12"" de ancho","modificacion a sistema de convellors actuales para la integracion de banda a 3.1 mts de largo por 12"" de ancho",1.0,181940.0
SO9014,2025-01-17,"MONDELEZ MEXICO, Christian Ortiz",SERVICIOS FTS,377000.0,"Matenimiento y ajuste de rayos X de Linea 14   Serie:  4400000066, 4400000065, 4400000064, 4400000063 y 4400000062   OBSERVACION: - INCLUYE MANO DE OBRA -HERRAMIENTAS - REFACCIONES NECESARIAS","Matenimiento y ajuste de rayos X de Linea 14   Serie:  4400000066, 4400000065, 4400000064, 4400000063 y 4400000062   OBSERVACION: - INCLUYE MANO DE OBRA -HERRAMIENTAS - REFACCIONES NECESARIAS",1.0,325000.0
SO8997,2025-01-17,"British American Tobacco Mexico S.A. de C.V., Vanessa Ibarra",SERVICIOS FTS,2577.52,Suministro de pintura sherwin williams 1 galon SW7757,Suministro de pintura sherwin williams 1 galon,1.0,2222.0
SO5430,2025-01-08,MONDELEZ MEXICO,SERVICIOS FTS,149640.0,CLIMA/2000W/SK3186.930/RITTAL,CLIMA/2000W/SK3186.930/RITTAL,1.0,129000.0
SO8821,2025-01-02,MONDELEZ MEXICO,SERVICIOS FTS,377000.0,Mantenimiento y Calibracion de rayos X de Linea 9  Serie: - 4660292359 - 4660292341 - 4660292344 - 4660292347 - 4660292365   OBSERVACION:   - INCLUYE MANO DE OBRA  -HERRAMIENTAS - REFACCIONES NECESARIAS,Mantenimiento y Calibracion de rayos X de Linea 9,1.0,325000.0
SO8820,2025-01-02,MONDELEZ MEXICO,SERVICIOS FTS,377000.0,Mantenimiento y Calibracion de rayos X de Linea 6  Serie: - 4660292359 - 4660292341 - 4660292344 - 4660292347 - 4660292365   OBSERVACION:   - INCLUYE MANO DE OBRA  -HERRAMIENTAS - REFACCIONES NECESARIAS,Mantenimiento y Calibracion de rayos X de Linea 6,1.0,325000.0
SO8307,2025-01-02,MONDELEZ MEXICO,SERVICIOS FTS,188653.12,"Modificacion y suministro de base para cámara en acero inoxidable, extensión desde base existente de conexiones eléctricas, instalación de caja FS con contacto doble, conectado a el contacto existente, y conexión eléctrica de cámara, se considera que planta debe proporcionar una red Wifi para la comunicación de la cámara. Descripción de cámara: Imou Cámara Wifi Ip De Vigilancia 8mp F88fin-plus-256 Con MicroSD 256gb Y Letrero Disuasivo Sirena Y Luz Integrada 4k Ir 30m Wi-fi Doble Banda F88fin Inteligencia Artificial","Fabricación de base para cámara en acero inoxidable, extensión desde base existente de conexiones eléctricas, instalación de caja FS con contacto doble, conectado a el contacto existente, y conexión eléctrica de cámara, se considera que planta debe proporcionar una red Wifi para la comunicación de la cámara. Descripción de cámara: Imou Cámara Wifi Ip De Vigilancia 8mp F88fin-plus-256 Con MicroSD 256gb Y Letrero Disuasivo Sirena Y Luz Integrada 4k Ir 30m Wi-fi Doble Banda F88fin Inteligencia Artificial",2.0,162632.0
SO8757,2024-12-18,"Nalco de Mexico SA. de .CV, Ivan Santana Barraza",SERVICIOS FTS,2453.4,Cotizacion 36341  analisis ac marriot Diciembre 24,Cotizacion 36136 analisis ac marriot noviembre 24,1.0,2115.0
SO8757,2024-12-18,"Nalco de Mexico SA. de .CV, Ivan Santana Barraza",SERVICIOS FTS,2453.4,Mandar MRO/ TERCIADA a  Project/Operaciones (NO Facturar esta linea / Eliminar) Mandar Proyecto a Project/Operaciones,Mandar MRO/ TERCIADA a  Project/Operaciones (NO Facturar esta linea / Eliminar),1.0,0
SO7970,2024-12-17,Ivan Alaniss budenheim,SERVICIOS FTS,42317.96,integracion de detector de metales,integracion de detector de metales,1.0,36481.0
SO8644,2024-12-05,"JOHNSON CONTROLS ENTERPRISES MEXICO, Sergio Ongay",SERVICIOS FTS,71537.2,Suministro e instalación de soportes para sujeción de canaleta de 12 pulgadas para la debida sujeción.,Suministro e instalación de soportes para sujeción de canaleta de 12 pulgadas para la debida sujeción.,1.0,61670.0
SO8644,2024-12-05,"JOHNSON CONTROLS ENTERPRISES MEXICO, Sergio Ongay",SERVICIOS FTS,71537.2,Mandar Proyecto a Project/Operaciones (NO Facturar esta linea / Eliminar) Mandar Proyecto a Project/Operaciones,.mandar borrado (NO USAR),1.0,0
SO8631,2024-12-05,"JOHNSON CONTROLS ENTERPRISES MEXICO, Sergio Ongay",SERVICIOS FTS,62208.48,Suministro e instalación de cableado de uso rudo para alimentación 110 volts.,suminsiktro e instalacion de cableado de uso rudo para conexion,1.0,53628.0
SO8631,2024-12-05,"JOHNSON CONTROLS ENTERPRISES MEXICO, Sergio Ongay",SERVICIOS FTS,62208.48,Mandar Proyecto a Project/Operaciones (NO Facturar esta linea / Eliminar) Mandar Proyecto a Project/Operaciones,.mandar borrado (NO USAR),1.0,0
SO8598,2024-12-02,MONDELEZ MEXICO,SERVICIOS FTS,377000.0,Mantenimiento y ajuste de rayos X de Línea 13,Mantenimiento y ajuste de rayos X de Linea 13,1.0,325000.0
SO8597,2024-12-02,MONDELEZ MEXICO,SERVICIOS FTS,377000.0,Mantenimiento y ajuste de rayos X de Línea 14,Mantenimiento y ajuste de rayos X de Linea 14,1.0,325000.0
SO8325,2024-12-02,"British American Tobacco Mexico S.A. de C.V., Sarahí Natera",SERVICIOS FTS,26506.0,"Suministro de papel tapiz, materiales, herramientas, y pegamento para la instalación de completa en el área de cabina telefónica operaciones","Suministro de papel tapiz, materiales, herramientas, y pegamento para la instalación de completa en el área de salita",1.0,22850.0
SO8325,2024-12-02,"British American Tobacco Mexico S.A. de C.V., Sarahí Natera",SERVICIOS FTS,26506.0,Mandar Proyecto a Project/Operaciones (NO Facturar esta linea / Eliminar) Mandar Proyecto a Project/Operaciones,.mandar borrado (NO USAR),1.0,0
SO7639,2024-11-27,"Heritage Interactive, Antonio Esparza",SERVICIOS FTS,191400.0,"Servicio de limpieza de tanque de desecho de agua de servicio (agua más residuo de fierro) en planta LEAR Piedras Negras  Incluye: Bombear agua, sacar desperdicio férrico y desincrustar paredes de Rotoplas.",Servicio de limpieza de tanque de desecho de agua de servicio (agua más residuo de fierro) en planta LEAR Piedras Negras,1.0,120000.0
SO7639,2024-11-27,"Heritage Interactive, Antonio Esparza",SERVICIOS FTS,191400.0,Renta de 2 equipos de respiración autónoma y 1 aparato detector de baja atmosfera de oxigeno la renta incluye el personal en campo y sistema de rescate de espacio confinado.,Renta por 4 días de 2 equipos de respiración autónoma y 1 aparato detector de baja atmosfera de oxigeno,1.0,45000.0
SO7639,2024-11-27,"Heritage Interactive, Antonio Esparza",SERVICIOS FTS,191400.0,Mandar Proyecto a Project/Operaciones (NO Facturar esta linea / Eliminar) Mandar Proyecto a Project/Operaciones,.mandar borrado (NO USAR),1.0,0
SO8481,2024-11-26,"British American Tobacco Mexico S.A. de C.V., Sarahí Natera",SERVICIOS FTS,11769.36,Suministro de Lampara Led Industrial 150w Colgante Tipo Ufo Bodegas Hee,Suministro de Lampara Led Industrial 150w Colgante Tipo Ufo Bodegas Hee,3.0,10146.0
SO8481,2024-11-26,"British American Tobacco Mexico S.A. de C.V., Sarahí Natera",SERVICIOS FTS,11769.36,Mandar MRO/ TERCIADA a  Project/Operaciones (NO Facturar esta linea / Eliminar) Mandar Proyecto a Project/Operaciones,Mandar MRO/ TERCIADA a  Project/Operaciones (NO Facturar esta linea / Eliminar),1.0,0
SO8422,2024-11-26,"British American Tobacco Mexico S.A. de C.V., Sarahí Natera",SERVICIOS FTS,15692.48,Suministro de Lampara Led Industrial 150w Colgante Tipo Ufo Bodegas Hee,Suministro de Lampara Led Industrial 150w Colgante Tipo Ufo Bodegas Hee,4.0,13528.0
SO8422,2024-11-26,"British American Tobacco Mexico S.A. de C.V., Sarahí Natera",SERVICIOS FTS,15692.48,Mandar MRO/ TERCIADA a  Project/Operaciones (NO Facturar esta linea / Eliminar) Mandar Proyecto a Project/Operaciones,Mandar MRO/ TERCIADA a  Project/Operaciones (NO Facturar esta linea / Eliminar),1.0,0
SO8421,2024-11-26,"British American Tobacco Mexico S.A. de C.V., Sarahí Natera",SERVICIOS FTS,20738.48,SUMINISTRO DE LITRO DE THINER,SUMINISTRO DE LITRO DE THINER,1.0,509.0
SO8421,2024-11-26,"British American Tobacco Mexico S.A. de C.V., Sarahí Natera",SERVICIOS FTS,20738.48,SUMINISTRO DE JUEGO DE PULSADORES DE DESCARGA,SUMINISTRO DE JUEGO DE PULSADORES DE DESCARGA,2.0,792.0
SO8421,2024-11-26,"British American Tobacco Mexico S.A. de C.V., Sarahí Natera",SERVICIOS FTS,20738.48,SUMINISTRO DE CHAROLA DE PINTURA,SUMINISTRO DE CHAROLA DE PINTURA,1.0,565.0
SO8421,2024-11-26,"British American Tobacco Mexico S.A. de C.V., Sarahí Natera",SERVICIOS FTS,20738.48,SUMINISTRO DE LAMPARAS LED TIPO PANEL EMPOTRABLE 60X60,SUMINISTRO DE LAMPARAS LED TIPO PANEL EMPOTRABLE 60X60,4.0,4356.0
SO8421,2024-11-26,"British American Tobacco Mexico S.A. de C.V., Sarahí Natera",SERVICIOS FTS,20738.48,SUMINISTRO DE CAJA DE FOCOS DE 110 VOLTS (10 FOCOS),SUMINISTRO DE CAJA DE FOCOS DE 110 VOLTS,1.0,1129.0
SO8421,2024-11-26,"British American Tobacco Mexico S.A. de C.V., Sarahí Natera",SERVICIOS FTS,20738.48,SUMINISTRO DE LAMPARA MODELO 21635 110 VOLTS 15 WATTS CON BALASTRA,SUMINISTRO DE LAMPARA MODELO 21635 110 VOLTS 15 WATTS CON BALASTRA,5.0,2300.0
SO8421,2024-11-26,"British American Tobacco Mexico S.A. de C.V., Sarahí Natera",SERVICIOS FTS,20738.48,SUMINISTRO DE MONOMANDO LAVABO CROMO ML1038 MUNML-1038,SUMINISTRO DE MONOMANDO LAVABO CROMO ML1038 MUNICH MUNICH MUNML-1038,1.0,3387.0
SO8421,2024-11-26,"British American Tobacco Mexico S.A. de C.V., Sarahí Natera",SERVICIOS FTS,20738.48,SUMINISTRO DE CERRADURA PARA COCINETA SEGUN MUESTRA,SUMINISTRO DE CERRADURA PARA COCINETA SEGUN MUESTRA,4.0,4840.0
SO8421,2024-11-26,"British American Tobacco Mexico S.A. de C.V., Sarahí Natera",SERVICIOS FTS,20738.48,Mandar MRO/ TERCIADA a  Project/Operaciones (NO Facturar esta linea / Eliminar) Mandar Proyecto a Project/Operaciones,Mandar MRO/ TERCIADA a  Project/Operaciones (NO Facturar esta linea / Eliminar),1.0,0
SO8537,2024-11-25,MONDELEZ MEXICO,SERVICIOS FTS,377000.0,Esta SO reemplazara a la SO5343 correspondiente a la PO:7332307029,Mantenimiento y Calibracion de rayos X de Linea 6,1.0,325000.0
SO8524,2024-11-25,MONDELEZ MEXICO,SERVICIOS FTS,377000.0,Esta SO reemplazara a la SO correspondiente a la po:7332345661,Mantenimiento y Calibracion de rayos X de Linea 6,1.0,325000.0
SO8523,2024-11-25,MONDELEZ MEXICO,SERVICIOS FTS,377000.0,"Esta SO, reemplazara a la SO5192 correspondiente a la PO:7332265724",Matenimiento y Calibracion de rayos X de Linea 6,1.0,325000.0
SO8522,2024-11-25,MONDELEZ MEXICO,SERVICIOS FTS,377000.0,"Esta SO, sustituye a la SO5190 correspondiente a la PO:7332255704",Calibración de equipos de rayos X de línea 6,1.0,325000.0
SO8345,2024-11-20,British American Tobacco Mexico S.A. de C.V.,SERVICIOS FTS,17632.0,MANGUERA LED MODELO WMA-006 2835 ROLLO 25M 100W 127VCA EXTERIOR IP65 BLANCO FRIO 6500K,MANGUERA LED MODELO WMA-006 2835 ROLLO 25M 100W 127VCA EXTERIOR IP65 BLANCO FRIO 6500K,10.0,15200.0
SO8345,2024-11-20,British American Tobacco Mexico S.A. de C.V.,SERVICIOS FTS,17632.0,Mandar MRO/ TERCIADA a  Project/Operaciones (NO Facturar esta linea / Eliminar) Mandar Proyecto a Project/Operaciones,Mandar MRO/ TERCIADA a  Project/Operaciones (NO Facturar esta linea / Eliminar),1.0,0
SO8344,2024-11-20,British American Tobacco Mexico S.A. de C.V.,SERVICIOS FTS,15404.8,CAJA DE 100M DE CABLE CALIBRE 16 COLOR NEGRO,"""1 CAJA DE 100M DE CABLE CALIBRE 16 COLOR NEGRO""",1.0,1328.0
SO8344,2024-11-20,British American Tobacco Mexico S.A. de C.V.,SERVICIOS FTS,15404.8,1 CAJA DE 100M DE CABLE CALIBRE 16 COLOR BLANCO,"""1 CAJA DE 100M DE CABLE CALIBRE 16 COLOR BLANCO""",1.0,1328.0
SO8344,2024-11-20,British American Tobacco Mexico S.A. de C.V.,SERVICIOS FTS,15404.8,Solvente Dieléctrico Multimarca SOLDIELGAL Galón 3.78 Litros (LO VENDEN EN CORESA),"""Solvente Dieléctrico Multimarca SOLDIELGAL Galón 3.78 Litros (LO VENDEN EN CORESA)""",1.0,1920.0
SO8344,2024-11-20,British American Tobacco Mexico S.A. de C.V.,SERVICIOS FTS,15404.8,TOALLAS AZULES MULTIUSOS SCOOT SHO Caja con 10 pz,"""20 PIEZAS DE TOALLAS AZULES MULTIUSOS SCOOT SHO""",2.0,2324.0
SO8344,2024-11-20,British American Tobacco Mexico S.A. de C.V.,SERVICIOS FTS,15404.8,CINTAS DE ALUMINIO 2 PULG 45.7 MTS MARCA DOGO TULS,"""5 CINTAS DE ALUMINIO 2 PULG 45.7 MTS MARCA DOGO TULS""",5.0,1455.0
SO8344,2024-11-20,British American Tobacco Mexico S.A. de C.V.,SERVICIOS FTS,15404.8,Pliego de garlock 1/16 Medida lamina: 1.6m x 1520 x 1520 mm.,Pliego de garlock 1/16,1.0,4925.0
SO8344,2024-11-20,British American Tobacco Mexico S.A. de C.V.,SERVICIOS FTS,15404.8,Mandar MRO/ TERCIADA a  Project/Operaciones (NO Facturar esta linea / Eliminar) Mandar Proyecto a Project/Operaciones,Mandar MRO/ TERCIADA a  Project/Operaciones (NO Facturar esta linea / Eliminar),1.0,0
SO8219,2024-11-19,Nalco de Mexico SA. de .CV,SERVICIOS FTS,33123.8,Mantenimiento a motor en planta MDLZ,Mantenimiento a motor en planta MDLZ,1.0,28555.0
SO8219,2024-11-19,Nalco de Mexico SA. de .CV,SERVICIOS FTS,33123.8,Mandar MRO/ TERCIADA a  Project/Operaciones (NO Facturar esta linea / Eliminar) Mandar Proyecto a Project/Operaciones,Mandar MRO/ TERCIADA a  Project/Operaciones (NO Facturar esta linea / Eliminar),1.0,0
SO8401,2024-11-15,Nalco de Mexico SA. de .CV,SERVICIOS FTS,2453.4,Cotizacion 36136 analisis ac marriot noviembre 24,Cotizacion 36136 analisis ac marriot noviembre 24,1.0,2115.0
SO8401,2024-11-15,Nalco de Mexico SA. de .CV,SERVICIOS FTS,2453.4,Mandar MRO/ TERCIADA a  Project/Operaciones (NO Facturar esta linea / Eliminar) Mandar Proyecto a Project/Operaciones,Mandar MRO/ TERCIADA a  Project/Operaciones (NO Facturar esta linea / Eliminar),1.0,0
SO6653,2024-11-06,departamento B6,SERVICIOS FTS,1948.8,servicio DE MANTENIMIENTO A CLIMA MINISPLIT   Limpieza de condensadora    Revisión y carga de gas    Limpieza de serpentines    Montaje y desmontaje de evaporador    Armado y desarmado del mismo para limpieza    Desinfección de evaporador    Limpieza de turbinas en evaporadora,[0002] SERVICIO DE MANTENIMIENTO A CLIMA MINISPLIT,2.0,1680.0
SO6013,2024-11-06,"Budenheim Mexico, Leonardo Gandarilla",SERVICIOS FTS,424914.96,"Suministro, instalación e integración de llenadora de sacos de boca abierta bruta grado alimenticio con alimentación por sinfín modelo 2550 marca EPSA","Suministro, instalación e integración de llenadora de sacos de boca abierta bruta grado alimenticio con alimentación por sinfín modelo 2550 marca EPSA",1.0,177743.0
SO6013,2024-11-06,"Budenheim Mexico, Leonardo Gandarilla",SERVICIOS FTS,424914.96,Transportador aplanador de bolsas HEAVY DUTY 10' OAL MARCA EPSA,Transportador aplanador de bolsas HEAVY DUTY 10' OAL MARCA EPSA,1.0,32337.0
SO6013,2024-11-06,"Budenheim Mexico, Leonardo Gandarilla",SERVICIOS FTS,424914.96,"Conveyor para traslado y cierre de costales, de 2.4 metros de largo, con riel posterior","Conveyor para traslado y cierre de costales, de 2.4 metros de largo, con riel posterior",1.0,27993.0
SO6013,2024-11-06,"Budenheim Mexico, Leonardo Gandarilla",SERVICIOS FTS,424914.96,Suministro e instalación de 2 variadores de frecuencia para control de velocidad de conveyor,Suministro e instalación de 2 variadores de frecuencia para control de velocidad de conveyor,1.0,7547.0
SO6013,2024-11-06,"Budenheim Mexico, Leonardo Gandarilla",SERVICIOS FTS,424914.96,Suministro e instalación de transportador helicoidal de producto,Suministro e instalación de transportador helicoidal de producto,1.0,29990.0
SO6013,2024-11-06,"Budenheim Mexico, Leonardo Gandarilla",SERVICIOS FTS,424914.96,Suministro e instalación de silo fabricado en acero inoxidable,Suministro e instalación de silo fabricado en acero inoxidable,1.0,18352.0
SO6013,2024-11-06,"Budenheim Mexico, Leonardo Gandarilla",SERVICIOS FTS,424914.96,"Suministro, instalación y configuración de tablero eléctrico para control y distribución de fuerza","Suministro, instalación y configuración de tablero eléctrico para control y distribución de fuerza",1.0,26179.0
SO6013,2024-11-06,"Budenheim Mexico, Leonardo Gandarilla",SERVICIOS FTS,424914.96,Suministro e instalación de manipulador de vacío en acero inoxidable para sacos con peso de 25 kg,Suministro e instalación de manipulador de vacío en acero inoxidable para sacos con peso de 25 kg,1.0,41563.0
SO6013,2024-11-06,"Budenheim Mexico, Leonardo Gandarilla",SERVICIOS FTS,424914.96,"Fletes, seguros y fianzas","Fletes, seguros y fianzas",1.0,4602.0
SO6013,2024-11-06,"Budenheim Mexico, Leonardo Gandarilla",SERVICIOS FTS,424914.96,Mandar Proyecto a Project/Operaciones (NO Facturar esta linea / Eliminar) Mandar Proyecto a Project/Operaciones,.mandar borrado (NO USAR),1.0,0
SO6013,2024-11-06,"Budenheim Mexico, Leonardo Gandarilla",SERVICIOS FTS,424914.96,Down payment (Cancelado),Down payment,0,0
SO6013,2024-11-06,"Budenheim Mexico, Leonardo Gandarilla",SERVICIOS FTS,424914.96,Down payment (Cancelado),Down payment,0,0
SO7690,2024-11-05,"Nalco de Mexico SA. de .CV, Fernanda Martínez",SERVICIOS FTS,125226.64,"Suministro e instalación de filtro de carbono Incluye conexión a sistema actual, considerando valvula clack así como alimentaciones electromecánicas, maniobras de izaje, instalacion y operación.",Suministro de filtro de carbono,1.0,107954.0
SO7690,2024-11-05,"Nalco de Mexico SA. de .CV, Fernanda Martínez",SERVICIOS FTS,125226.64,Mandar Proyecto a Project/Operaciones (NO Facturar esta linea / Eliminar) Mandar Proyecto a Project/Operaciones,.mandar borrado (NO USAR),1.0,0
SO5995,2024-11-01,"Nalco de Mexico SA. de .CV, Misael Constantino",SERVICIOS FTS,6913250.84,"1.1.- Tubería de PVC cedula 80 para alimentar osmosis nueva, tubería de osmosis a tanque de 10 m3 y tubería desde tanque hacia el área designada de pruebas  -	Instalación de 50 metros de tubería en cedula 80 de 3” desde toma de agua actual hacia osmosis nueva y de osmosis hacia tanque de recepción -	Instalación de 280 metros de tubería en cedula 80 de 3” desde tanque de recepción hacia punto designado de prueba  -	Fabricación e instalación de soportes de tipo T, fabricados en acero al carbón con PTR de 2 x 2 y ángulo de 2 x 2 para instalación de tubería -	Fabricación e instalación de soportes con espárragos, pernos troquelados peras para instalación de tubería sobre vigas de techo -	Se considera trabajo en alturas, con uso de Genie articulada y andamios según se requiera -	Suministro e instalación de tanque Rotoplas de 10,000 litros  * Tiempo de entrega: - Suministro y fabricación de sistema de bombeo 1 semana   - Suministro e instalación de tanque Rotoplas de 10,000 litros 3 dias","Tubería de PVC cedula 80 para alimentar osmosis nueva, tubería de osmosis a tanque de 10 m3 y tubería desde tanque hacia el área designada de pruebas",1.0,434661.0
SO5995,2024-11-01,"Nalco de Mexico SA. de .CV, Misael Constantino",SERVICIOS FTS,6913250.84,"1.2.- Suministro e instalación de skid de bombas  -	Fabricación de 1 base metálica para bombas a una altura de entre 16 a 20 cm con una dimensión de 100 cm x 60 cm, fabricada en acero al carbón pintada -	Suministro de 2 bombas de agua, marca Grundfos, modelo CM15-3, 60 HZ, 3.35 HP, 230/460 Volt, 3 PH - Suministro de bomba sumergible 60Hz, 230/460 Volt, 3PH para traslado de cisterna osmosis -	Instalación de bomba en base metálica  -	Suministro e instalación de 6 válvulas mariposa para brida en pvc cedula 80 de 3″ -	Suministro e instalación de 14 bridas de 150 lbs en PVC cedula 80 pegables -	Suministro e instalación de 3 Válvulas check cuerpo fierro interior inoxidable de 3″ -	Suministro e instalación de tubería de 3"" pegable en PVC cedula 80 para unión de bombas a tanque y ramal principal, se consideran los insumos necesarios -	24 metros aproximadamente de instalación de tubería conduit pared gruesa de 1 1/2"" de tablero eléctrico hacia bombas  -	Suministro e instalación de 120 metros de cable calibre 12 negro para alimentación de 3 bombas -	Suministro e instalación de 32 metros de cable calibre 12 verde  * Tiempo de entrega: - Suministro y fabricación de base metálica para bombas. 3 días  - Suministro e instalación de bombas de agua, marca Grundfos.  28 días  - fabricación de skid de bombas. 15 días",Suministro e instalación de skid de bombas,1.0,413171.0
SO5995,2024-11-01,"Nalco de Mexico SA. de .CV, Misael Constantino",SERVICIOS FTS,6913250.84,"1.3.- Instrumentación y tablero de control para operación del sistema  - 12 Medidores de flujo tipo propela - 12 Transmisores de nivel para tanques   - Gabinete en acero al carbón, protección IP65 (NEMA4) - PLC marca Allen Bradley modelo 850, con pantalla HMI marca Allen Bradley modelo 2711R para control: Arranque de equipo y bombas por medio de señal de niveles Control de flujo de alimentación, botonera remota colocada en sitio de pruebas -Suministro e instalación de cable multilínea 15 puntas Calibre 18 AWG  - Instalación eléctrica de fuerza planta pone voltaje a pie de equipo, se considera cableado para alimentación de tablero de un máximo de 3 metros  -Se incluyen contactores, breakers, tablero de potencia y control, clemas  * Tiempo de entrega: - Suministro  PLC marca Allen Bradley 5 días  - Suministro de pantalla HMI marca Allen Bradley 5 días  - Suministro e instalación medidores. de flujo 5 días  - Suministro gabinete en acero al carbón 3 días  - Fabricación de tablero de control 3-5 días",Instrumentación y tablero de control para operación del sistema,1.0,1199322.0
SO5995,2024-11-01,"Nalco de Mexico SA. de .CV, Misael Constantino",SERVICIOS FTS,6913250.84,"1.4.- Suministro e instalación de 130 metros tubería en inoxidable de 3"" para alimentación a ramal principal - 10 Rotoplas para depósito de agua de proceso de 1m3 - Suministro e instalación de 10 bombas de recirculación de agua de proceso 1HP Mca Pedrollo 60Hz 230/460V para mantener el agua en un rango de 20-25°C - Suministro e instalación de aproximadamente 550 metros de tubería en inoxidable de 3/4"" para recirculación de agua de enfriamiento - Suministro e instalación de 1 Chiller marca Hisense Hi-Mod A modelo. HFRWE-65DGF2/AE -Suministro e instalacion de 10 válvulas mariposa  clamp con actuador Eléctrico acero inox. 316L -Suministro e instalación de 70 metros aproximadamente de tubería conduit pared gruesa de 3/4"" para cableado de bombas, incluye todos los soportes y herrajes para su correcta instalación, así como su cableado  * Tiempo de entrega: - Tubería inoxidable 3"" para ramal principal 15 días  - Rotoplas para depósito de agua de proceso de 1m3 7 días  - Bombas de recirculación de agua de proceso 15 días  - Válvulas mariposa 15 días  - Tubería conduit pared gruesa de 3/4""  5 días  - Chiller marca Hisense Hi-Mod A modelo. HFRWE-65DGF2/AE.  21 días",Suministro e instalacion de tuberia en inox,1.0,2113747.0
SO5995,2024-11-01,"Nalco de Mexico SA. de .CV, Misael Constantino",SERVICIOS FTS,6913250.84,"1.5.- Tubería de PVC cedula 80 para drenado y retorno de agua hacia cisterna, después de pruebas  - Instalación de 280 metros de tubería en cedula 80 PVC de 3/4” desde cada Loop secundario hacia ramal principal - Instalación de 50 metros de tubería en cedula 80 PVC de 1 1/2” para ramal principal de Loops secundarios hacia tanque de 1m3 - Suministro e instalación de tanque de recepción de 1 m3 - Suministro e instalación de skid de bombas, para bombeo desde cada loop secundario hacia tanque de recepcion - Instalación de 370 metros de tubería en cedula 80 de 2 1/2” desde tanque de 1m3 hacia cisterna exterior - Fabricación e instalación de soportes de tipo T, fabricados en acero al carbón con PTR de 2 x 2 y ángulo de 2 x 2 para instalación de tubería - Fabricación e instalación de soportes con espárragos, pernos troquelados peras para instalación de tubería sobre vigas de techo - Se considera trabajo en alturas, con uso de Genie articulada y andamios según se requiera - Fabricación de 1 base metálica para bombas a una altura de entre 16 a 20 cm con una dimensión de 100 cm x 60 cm, fabricada en acero al carbón pintada - Suministro de 2 bombas de agua, marca Grundfos, modelo CM15-3, 60 HZ, 3.35 HP, 230/460 Volt, 3 PH para bombeo de agua de tanque hacia cisterna exterior de planta - Instalación de bomba en base metálica  - Suministro e instalación de 16 válvulas bola PVC cedula 80 de 3/4″ - Suministro e instalación de 16 Válvulas check cuerpo de 3/4” - Suministro e instalación de 2 válvulas bola PVC cedula 80 de 1 1/2″ - Suministro e instalación de 2 Válvulas check cuerpo de 1 1/2” - Suministro e instalación de 2 válvulas bola PVC cedula 80 de 2 1/2″ - Suministro e instalación de 2 Válvulas check cuerpo de 2 1/2” - 40 metros aproximadamente de instalación de tubería Conduit pared gruesa de 3/4"" de tablero eléctrico hacia bombas  * Tiempo de entrega: - Tubería PVC diferentes medidas: 3 días  - Válvulas diferentes medidas: 3 días  -  Bombas de agua, marca Grundfos, 15 días  - Tubería de tanque de 1m3 interior hacia cisterna exterior 7 días  - Instalacion de  loop secundario hacia ramal principal 8 días  - Fabricación e instalación de base metálica para bombas: 3 días  - Instalación de tubería Conduit P.G.: 5 días","1.7.- Tubería de PVC cedula 80 para drenado y retorno de agua hacia cisterna, después de pruebas",1.0,1798798.0
SO5995,2024-11-01,"Nalco de Mexico SA. de .CV, Misael Constantino",SERVICIOS FTS,6913250.84,Mandar Proyecto a Project/Operaciones (NO Facturar esta linea / Eliminar) Mandar Proyecto a Project/Operaciones,.mandar borrado (NO USAR),1.0,0
SO8095,2024-10-28,Nalco de Mexico SA. de .CV,SERVICIOS FTS,12992.0,Renta de dos rompedoras por un fin de semana,Renta de dos rompedoras por un fin de semana,1.0,11200.0
SO8069,2024-10-28,Nalco de Mexico SA. de .CV,SERVICIOS FTS,80442.52,"Servicio de renta de segunda pipa para extracción de agua de trinchera en planta Hyundai Mobis  Incluye: - Renta de pipa de 30,000 litros, con sus bombas de extracción de líquido hacia tanque  - Disposición final del agua fuera de planta - Personal calificado para realización de tareas de drenado de agua  - Se realiza el servicio el día Sábado 26 de octubre  - Se considera que no existe Lodos en el agua (si llegaran a existir, estos pueden generar un cargo extra de 6 pesos mexicanos por kilo)",Servicio de renta de segunda pipa para extracción de agua de trinchera en planta Hyundai Mobis,1.0,69347.0
SO8068,2024-10-28,Nalco de Mexico SA. de .CV,SERVICIOS FTS,80442.52,"Servicio de renta de primera pipa para extracción de agua de trinchera en planta Hyundai Mobis  Incluye: - Renta de pipa de 30,000 litros, con sus bombas de extracción de líquido hacia tanque  - Disposición final del agua fuera de planta - Personal calificado para realización de tareas de drenado de agua  - Se realiza el servicio el día Sábado 26 de octubre  - Se considera que no existe Lodos en el agua (si llegaran a existir, estos pueden generar un cargo extra de 6 pesos mexicanos por kilo)",Servicio de renta de primera pipa para extracción de agua de trinchera en planta Hyundai Mobis,1.0,69347.0
SO8067,2024-10-24,"Nalco de Mexico SA. de .CV, Misael Constantino",SERVICIOS FTS,34742.0,Listado de material para la colocación de 9 bombas de dosificación,Listado de material es para la colocación de 9 bombas de dosificación,1.0,29950.0
SO7999,2024-10-22,"Nalco de Mexico SA. de .CV, Jesus Corona",SERVICIOS FTS,80442.52,Suministro de material y ejecución de trabajos para la instalación de líneas de dosificación en sitio,Servicio de renta de pipa 30 000L,1.0,69347.0
SO7985,2024-10-21,"British American Tobacco Mexico S.A. de C.V., Sarahí Natera",SERVICIOS FTS,22458.76,"Suministro de papel tapiz, materiales, herramientas, y pegamento para la instalación",suministro de papel tapiz,1.0,12187.0
SO7985,2024-10-21,"British American Tobacco Mexico S.A. de C.V., Sarahí Natera",SERVICIOS FTS,22458.76,Mano de obra de instalacion de tapiz,mano de obra de instalacion de tapiz,1.0,7174.0
SO7691,2024-10-18,"JOHNSON CONTROLS ENTERPRISES MEXICO, Sergio Ongay",SERVICIOS FTS,261000.0,suministro e instalación de encofrado de madera para la protección de tubería PAD así como vaciado de concreto,suminisgtro e instalacion de encofrado de madera,1.0,225000.0
SO7874,2024-10-17,"Nalco de Mexico SA. de .CV, Ivan Santana Barraza",SERVICIOS FTS,4173.68,Cotizacion 35821 analisis ac marriot octubre 24,Cotizacion 35821 analisis ac marriot octubre 24,1.0,3598.0
SO7684,2024-10-17,"Nalco de Mexico SA. de .CV, Ivan Santana Barraza",SERVICIOS FTS,25479.4,"Temporizador para un día (24 horas) con subdivisión de periodos de 15 minutos, para programar el encendido y apagado, marca steren","Temporizador para un día (24 horas) con subdivisión de periodos de 15 minutos, para programar el encendido y apagado, marca steren",4.0,1456.0
SO7684,2024-10-17,"Nalco de Mexico SA. de .CV, Ivan Santana Barraza",SERVICIOS FTS,25479.4,"Kit de Cortador para PVC Inalámbrica , Voltaje 12.0 , Capacidad de Corte DE 2-3/8"" , RPM sin Carga 5, marca milwaukee","Kit de Cortador para PVC Inalámbrica , Voltaje 12.0 , Capacidad de Corte DE 2-3/8"" , RPM sin Carga 5, marca milwaukee",1.0,12569.0
SO7684,2024-10-17,"Nalco de Mexico SA. de .CV, Ivan Santana Barraza",SERVICIOS FTS,25479.4,"Pegamento pvc gris de 16oz, marca Oatey","Pegamento pvc gris de 16oz, marca Oatey",2.0,828.0
SO7684,2024-10-17,"Nalco de Mexico SA. de .CV, Ivan Santana Barraza",SERVICIOS FTS,25479.4,"Codos pvc ced 80 1/2""","Codos pvc ced 80 1/2""",10.0,300.0
SO7684,2024-10-17,"Nalco de Mexico SA. de .CV, Ivan Santana Barraza",SERVICIOS FTS,25479.4,"Cople pvc ced 80 1/2""","Cople pvc ced 80 1/2""",10.0,580.0
SO7684,2024-10-17,"Nalco de Mexico SA. de .CV, Ivan Santana Barraza",SERVICIOS FTS,25479.4,"Tuercas union pvc ced 80 1/2""","Tuercas union pvc ced 80 1/2""",30.0,3450.0
SO7684,2024-10-17,"Nalco de Mexico SA. de .CV, Ivan Santana Barraza",SERVICIOS FTS,25479.4,"Valvulas check pvc ced 80 1/2""","Valvulas check pvc ced 80 1/2""",4.0,1060.0
SO7684,2024-10-17,"Nalco de Mexico SA. de .CV, Ivan Santana Barraza",SERVICIOS FTS,25479.4,"Valvulas bola pvc ced 80 1/2""","Valvulas bola pvc ced 80 1/2""",4.0,552.0
SO7684,2024-10-17,"Nalco de Mexico SA. de .CV, Ivan Santana Barraza",SERVICIOS FTS,25479.4,"Codos pvc ced 80 3/4""","Codos pvc ced 80 3/4""",10.0,390.0
SO7684,2024-10-17,"Nalco de Mexico SA. de .CV, Ivan Santana Barraza",SERVICIOS FTS,25479.4,"Coples pvc ced 80 3/4""","Coples pvc ced 80 3/4""",10.0,780.0
SO7958,2024-10-16,Industrial de Cuautitlan,SERVICIOS FTS,464638.7,Agua Helada Cierre de Proyecto,Agua Helada Cierre de Proyecto,1.0,400550.6
SO7685,2024-10-15,"Nalco de Mexico SA. de .CV, Ivan Santana Barraza",SERVICIOS FTS,25536.24,"Tuerca union pvc ced 80 3/4""","Tuerca union pvc ced 80 3/4""",10.0,820.0
SO7685,2024-10-15,"Nalco de Mexico SA. de .CV, Ivan Santana Barraza",SERVICIOS FTS,25536.24,"Valvulas check pvc ced 80 3/4""","Valvulas check pvc ced 80 3/4""",2.0,1424.0
SO7685,2024-10-15,"Nalco de Mexico SA. de .CV, Ivan Santana Barraza",SERVICIOS FTS,25536.24,"Valvula bola pvc ced 80 3/4""","Valvula bola pvc ced 80 3/4""",2.0,752.0
SO7685,2024-10-15,"Nalco de Mexico SA. de .CV, Ivan Santana Barraza",SERVICIOS FTS,25536.24,"Codos pvc ced 80 1""","Codos pvc ced 80 1""",5.0,310.0
SO7685,2024-10-15,"Nalco de Mexico SA. de .CV, Ivan Santana Barraza",SERVICIOS FTS,25536.24,"Cople pvc ced 80 1""","Cople pvc ced 80 1""",5.0,455.0
SO7685,2024-10-15,"Nalco de Mexico SA. de .CV, Ivan Santana Barraza",SERVICIOS FTS,25536.24,"Tuercas union pvc ced 80 1""","Tuercas union pvc ced 80 1""",5.0,870.0
SO7685,2024-10-15,"Nalco de Mexico SA. de .CV, Ivan Santana Barraza",SERVICIOS FTS,25536.24,"Valvulas check pvc ced 80 1 ""","Valvulas check pvc ced 80 1 """,1.0,693.0
SO7685,2024-10-15,"Nalco de Mexico SA. de .CV, Ivan Santana Barraza",SERVICIOS FTS,25536.24,"Valvulas bola  pvc ced 80 1 ""","Valvulas bola  pvc ced 80 1 """,2.0,680.0
SO7685,2024-10-15,"Nalco de Mexico SA. de .CV, Ivan Santana Barraza",SERVICIOS FTS,25536.24,"Valvula selenoide 1/2"" marca asco","Valvula selenoide 1/2"" marca asco",3.0,14388.0
SO7685,2024-10-15,"Nalco de Mexico SA. de .CV, Ivan Santana Barraza",SERVICIOS FTS,25536.24,Pinzas multifuncionales marca makita,Pinzas multifuncionales marca makita,1.0,596.0
SO7685,2024-10-15,"Nalco de Mexico SA. de .CV, Ivan Santana Barraza",SERVICIOS FTS,25536.24,48-20-9052 JUEGO 7 BROCAS CON ESTUCHE,48-20-9052 JUEGO 7 BROCAS CON ESTUCHE,1.0,1026.0
SO7266,2024-10-15,"British American Tobacco Mexico S.A. de C.V., Tania Garcia",SERVICIOS FTS,61952.12,"Suministro de papel tapiz, materiales, herramientas, y pegamento para la instalación de completa en el área de enfermería",suministro de papel tapiz,1.0,39726.0
SO7266,2024-10-15,"British American Tobacco Mexico S.A. de C.V., Tania Garcia",SERVICIOS FTS,61952.12,Mano de obra de instalacion de tapiz,mano de obra de instalacion de tapiz,1.0,13681.0
SO7812,2024-10-11,"British American Tobacco Mexico S.A. de C.V., Sarahí Natera",SERVICIOS FTS,23073.56,Pintura amarilla transito ( 2 lts),Pintura amarilla transito ( 2 lts),2.0,3866.0
SO7812,2024-10-11,"British American Tobacco Mexico S.A. de C.V., Sarahí Natera",SERVICIOS FTS,23073.56,Pintura azul para paredes (2 lts) sherwim Williams sw6966,Pintura azul para paredes (2 lts) sherwim Williams sw6966,1.0,1383.0
SO7812,2024-10-11,"British American Tobacco Mexico S.A. de C.V., Sarahí Natera",SERVICIOS FTS,23073.56,Lámparas tubo led,lámparas tubo led,9.0,9378.0
SO7812,2024-10-11,"British American Tobacco Mexico S.A. de C.V., Sarahí Natera",SERVICIOS FTS,23073.56,Lámpara led 220 volts evertube ll,Lámpara led 220 volts evertube ll,11.0,1254.0
SO7812,2024-10-11,"British American Tobacco Mexico S.A. de C.V., Sarahí Natera",SERVICIOS FTS,23073.56,Contacto doble sencillo para baño de hombres,Contacto doble sencillo para baño de hombres,1.0,114.0
SO7812,2024-10-11,"British American Tobacco Mexico S.A. de C.V., Sarahí Natera",SERVICIOS FTS,23073.56,Pintura blanca ( 2 lts) sherwim k25wj60qt,Pintura blanca ( 2 lts) sherwim k25wj60qt,1.0,1222.0
SO7812,2024-10-11,"British American Tobacco Mexico S.A. de C.V., Sarahí Natera",SERVICIOS FTS,23073.56,Bote de grasa para lubricación de rieles de las cortinas y portones.,bote de grasa para lubricación de rieles de las cortinas y portones.,1.0,285.0
SO7812,2024-10-11,"British American Tobacco Mexico S.A. de C.V., Sarahí Natera",SERVICIOS FTS,23073.56,Charolas para pinturas.,Charolas para pinturas.,2.0,190.0
SO7812,2024-10-11,"British American Tobacco Mexico S.A. de C.V., Sarahí Natera",SERVICIOS FTS,23073.56,Brochas para pintar 4”,brochas para pintar 4”,4.0,912.0
SO7812,2024-10-11,"British American Tobacco Mexico S.A. de C.V., Sarahí Natera",SERVICIOS FTS,23073.56,Rodillos para pintar 3/8 o 9”,rodillos para pintar 3/8 o 9”,4.0,1192.0
SO7812,2024-10-11,"British American Tobacco Mexico S.A. de C.V., Sarahí Natera",SERVICIOS FTS,23073.56,1 kg de yeso para tapar pozos de las paredes.,1 kg de yeso para tapar pozos de las paredes.,1.0,95.0
SO7553,2024-10-10,"BEBIDAS PURIFICADAS, Jessica Flores",SERVICIOS FTS,135246.72,"Suministro e instalación de interruptor termomagnético serie FC de 15 A en el tablero de fuerza existente en el área de Línea 4 para la alimentación de conveyors. El servicio incluye la colocación de cableado de 12 AWG,  charola de 9 pulgadas para la conexión de tableros.","Suministro e instalación de tablero, tubería de 1 1/2"", y nueva estructura de soporte. Incluye el cableado para la alimentación de motores y sensores, conexión del nuevo cableado y desconexión del actual, además de la extracción del cableado existente.",1.0,116592.0
SO7552,2024-10-10,"BEBIDAS PURIFICADAS, Jessica Flores",SERVICIOS FTS,174381.64,"Suministro e instalación de interruptor termomagnético serie FC de 15 A en el tablero de fuerza existente en el área de Línea 2 para la alimentación de conveyors. El servicio incluye la colocación de cableado de 12 AWG,  charola de 9 pulgadas para la conexión de tableros.","Suministro e instalación de tablero, tubería de 1 1/2"", y nueva estructura de soporte. Incluye el cableado para la alimentación de motores y sensores, conexión del nuevo cableado y desconexión del actual, además de la extracción del cableado existente.",1.0,150329.0
SO7514,2024-10-10,"BEBIDAS PURIFICADAS, Jessica Flores",SERVICIOS FTS,144315.6,"Suministro e instalación de interruptor termomagnético serie HDA36015 de 15 A en el tablero de fuerza existente en el área de Línea 5 para la alimentación de conveyors. El servicio incluye la colocación de cableado de 12 AWG, con tubería de 3/4"" y charola de 9 pulgadas para la conexión de tableros.","Suministro e instalación de tablero, tubería de 1 1/2"", y nueva estructura de soporte. Incluye el cableado para la alimentación de motores y sensores, conexión del nuevo cableado y desconexión del actual, además de la extracción del cableado existente.",1.0,124410.0
SO7661,2024-09-30,"JOHNSON CONTROLS ENTERPRISES MEXICO, Sergio Ongay",SERVICIOS FTS,243600.0,Instalación de 4 bajadas eléctricas en las siguientes áreas  - vestidores  - colector BTH08 - compresores  - Subestación,Suministro de 4 bajadas electricas,1.0,210000.0
SO6765,2024-09-24,"Nalco de Mexico SA. de .CV, Edgar Cardona",SERVICIOS FTS,18761.84,"Suministro e instalación de difusor, superior, inferior y tubo central, drenado, retiro del difusor anterior y colocado del nuevo","Suministro e instalación de difusor, superior, inferior y tubo central, drenado, retiro del difusor anterior y colocado del nuevo",1.0,8765.0
SO6765,2024-09-24,"Nalco de Mexico SA. de .CV, Edgar Cardona",SERVICIOS FTS,18761.84,"Suministro e instalación de resina catiónica, drenado de tanque y rellenado de medio filtrante","Suministro e instalación de resina catiónica, drenado de tanque y rellenado de medio filtrante",1.0,5292.0
SO6765,2024-09-24,"Nalco de Mexico SA. de .CV, Edgar Cardona",SERVICIOS FTS,18761.84,Tanque fabricado en fibra de vidrio de 10 x 54,Tanque fabricado en fibra de vidrio de 10 x 54,1.0,2117.0
SO7471,2024-09-20,"JOHNSON CONTROLS ENTERPRISES MEXICO, Sergio Ongay",SERVICIOS FTS,87000.0,Suministro e instalación eléctrica para cortinas,1.4	MANEOBRAS PARA INSTALACION ELECTRICA Y MECANICA DE INTERCAMBIADOR DE FRITOS,1.0,75000.0
SO7177,2024-09-18,"British American Tobacco Mexico S.A. de C.V., Tania Garcia",SERVICIOS FTS,23769.56,"Suministro de Batería American Standard PK00.CRP CR-P2 Kit de alimentación de batería de litio, sin acabado",Suministro de Batería 1769-BA para PLC Allen Bradley Modelo Compact Logix L32E,1.0,3125.0
SO7177,2024-09-18,"British American Tobacco Mexico S.A. de C.V., Tania Garcia",SERVICIOS FTS,23769.56,Suministro de válvula de descarga urinaria de solenoide y pistón American Standard V800EP13PW17,SUMINISTRO DE VALVULA,1.0,9789.0
SO7177,2024-09-18,"British American Tobacco Mexico S.A. de C.V., Tania Garcia",SERVICIOS FTS,23769.56,Suministro de SENSOR M966546,Suministro,1.0,7577.0
SO7410,2024-09-17,"Nalco de Mexico SA. de .CV, Ivan Santana Barraza",SERVICIOS FTS,3742.16,Cotizacion 35528 para analisis ac marriot septiembre 24,Cotizacion 35528 para analisis ac marriot septiembre 24,1.0,3226.0
SO7399,2024-09-12,Mondelez Global LLC,FTS FULL TECHNOLOGY SYSTEMS LLC,20000.0,Phone cabinets supply - Rittal Cabinets - Phone Ringers - Power Supplies - Power cords - Patch cords,Phone cabinets supply,25.0,20000.0
SO7258,2024-09-10,"JOHNSON CONTROLS ENTERPRISES MEXICO, Sergio Ongay",SERVICIOS FTS,286520.0,Suministro e instalación eléctrica,1.4	MANEOBRAS PARA INSTALACION ELECTRICA Y MECANICA DE INTERCAMBIADOR DE FRITOS,1.0,247000.0
SO7207,2024-09-10,"JOHNSON CONTROLS ENTERPRISES MEXICO, Sergio Ongay",SERVICIOS FTS,5110639.66,1.01.- Trazo de trayectoria de charola para ver interferencias,Trazo de trayectoria de charola para ver interferencias,1.0,2940.0
SO7207,2024-09-10,"JOHNSON CONTROLS ENTERPRISES MEXICO, Sergio Ongay",SERVICIOS FTS,5110639.66,"2.01.- Realizar Zanja de 60 cm por 80 cm de Profundidad Por 11 Metros En Carpeta Asfáltica, Incluye: Corte con Disco, Demolición y Retiro de Escombro, Tapar la Zanga con Concreto Premezclado de fc=250 con un Especificación de 20 cm con Armado de varilla #4 20 cm. Relleno a Base de Arena 5","Zanja de 60 cm por 80 cm de prof. Por 11 m.l. En carpeta asfaltica , Incluye: corte con disco, demolicion y retiro de escombro, tapar la zanga con concreto premezclado de f'c=250 con un esp. De 20 cm con armado de vrs #4 @20 cm. Relleno a base de arena 5",2.0,9604.0
SO7207,2024-09-10,"JOHNSON CONTROLS ENTERPRISES MEXICO, Sergio Ongay",SERVICIOS FTS,5110639.66,"2.02.- Demolición de Banqueta con un esp. De 20 cm, con corte de disco de 60 cm de ancho por 80 cm de prof. Retiro de escombro, arena 5 de base y relleno, concreto premezclado f'c=250 con 20 cm de esp, con armado de vrs #4 @ 20 cm","Zanja de 60 cm por 80 cm de prof. Por 11 m.l. En carpeta asfaltica , Incluye: corte con disco, demolicion y retiro de escombro, tapar la zanga con concreto premezclado de f'c=250 con un esp. De 20 cm con armado de vrs #4 @20 cm. Relleno a base de arena 5",6.0,28812.0
SO7207,2024-09-10,"JOHNSON CONTROLS ENTERPRISES MEXICO, Sergio Ongay",SERVICIOS FTS,5110639.66,"2.03.- Demolición de Banqueta con un esp. De 20 cm, con corte de disco de 60 cm de ancho por 80 cm de prof. Retiro de escombro, arena 5 de base y relleno, concreto premezclado f'c=250 con 20 cm de esp, con armado de vrs #4 @ 20 cm","Zanja de 60 cm por 80 cm de prof. Por 11 m.l. En carpeta asfaltica , Incluye: corte con disco, demolicion y retiro de escombro, tapar la zanga con concreto premezclado de f'c=250 con un esp. De 20 cm con armado de vrs #4 @20 cm. Relleno a base de arena 5",7.0,33614.0
SO7207,2024-09-10,"JOHNSON CONTROLS ENTERPRISES MEXICO, Sergio Ongay",SERVICIOS FTS,5110639.66,"2.04.- Suministro e Instalación de Registro Media Tensión de 1.16 x 1.16 x 1.16, con Tapa para Jardín. Incluye: Mano de obra y todo lo necesario para su correcta Instalación",registro media tension,6.0,90604.92
SO7207,2024-09-10,"JOHNSON CONTROLS ENTERPRISES MEXICO, Sergio Ongay",SERVICIOS FTS,5110639.66,"2.05.- Zanja en Terracería ( Jardín ) de 60 cm ancho por 80 de Profundidad  Para la Tubería Conduit PAD de 4"" Incluye materiales , Mano de obra y todo lo necesario para su correcta instalación",zanja en terraceria,115.0,35275.1
SO7207,2024-09-10,"JOHNSON CONTROLS ENTERPRISES MEXICO, Sergio Ongay",SERVICIOS FTS,5110639.66,"2.06.- Suministro e Instalación de Tubería Conduit Subterránea PAD de 4"" Diámetro Interior Liso Incluye Materiales, Mano de Obra y Todo lo Necesario para su Correcta Instalación Incluye materiales, Mano de Obra y Todo lo Necesario Para su Correcta Instalación",INGRESO DUCTO PAD,550.0,454377.0
SO7207,2024-09-10,"JOHNSON CONTROLS ENTERPRISES MEXICO, Sergio Ongay",SERVICIOS FTS,5110639.66,"2.07.- Suministro e Instalación de Charola de 12"" y Curvas y Tapas para Charola que va por Fuera de la Planta. Incluye: Soportaría, Fijación , y Todo lo Necesario para su Correcta Instalación",CHAROLA 12,12.0,44040.0
SO7207,2024-09-10,"JOHNSON CONTROLS ENTERPRISES MEXICO, Sergio Ongay",SERVICIOS FTS,5110639.66,"2.08.- Suministro e Instalacion de Tuberia Conduit de 4"" pared Gruesa Galvanizada Incluye Mano de Obra , fijacion  y todo lo necesario para su correcta instalacion","Suministro e Instalacion de Tuberia Conduit de 4"" pared Gruesa Galvanizada Incluye Mano de Obra , fijacion  y todo lo necesario para su correcta instalacion",36.0,105557.76
SO7207,2024-09-10,"JOHNSON CONTROLS ENTERPRISES MEXICO, Sergio Ongay",SERVICIOS FTS,5110639.66,2.09.- Suministro e Instalación de Tablero Distribución I-Line con Interruptor Principal de 1000 amps. Square D. para 440 volts Incluye Materiales y Mano de Obra y todo lo Necesario para su Correcta Instalación,Suministro e Instalación de Tablero Distribución I-Line con Interruptor Principal de 1000 amps. Square D(no Incluido). para 440 volts Incluye materiales y mano de obra y todo lo necesario para su correcta instalación,1.0,350229.0
SO7207,2024-09-10,"JOHNSON CONTROLS ENTERPRISES MEXICO, Sergio Ongay",SERVICIOS FTS,5110639.66,"2.10.- cable cal. 400 MCM en 3 Líneas por fase , Viakon o Condumex . Con una Línea mas de Protección a Tierra de 2/0 awg Desnuda, Incluye: Todo lo Necesarios para su Correcta Instalación","cable cal. 500 MCM en 3 lineas por fase , Viakon o Condumex . Con una linea mas de proteccion a tierra de 2/0 awg desnuda, Incluye: todo lo necesarios para su correcta instalacion",2000.0,2022720.0
SO7207,2024-09-10,"JOHNSON CONTROLS ENTERPRISES MEXICO, Sergio Ongay",SERVICIOS FTS,5110639.66,2.11.- Suministro e Instalación de Interruptor Termomagnético de 400 Amperes Square D para Chiller Incluye: todo lo Necesario para su Correcta Instalación,Suministro e instalacion de Interruptor Termomagnetico de 400 amps square D para chiller Incluye: todo lo necesario para su correcta Instalacion,1.0,75371.8
SO7207,2024-09-10,"JOHNSON CONTROLS ENTERPRISES MEXICO, Sergio Ongay",SERVICIOS FTS,5110639.66,2.12.- Suministro e Instalación de Interruptor Termomagnético de 200 Amperes  Square D para Hopper Incluye: Todo lo Necesario para su Correcta Instalación,Suministro e instalacion de Interruptor Termomagnetico de 200 amps Square D para hopper Incluye:Todo lo necesario para su correcta instalacion,1.0,52482.92
SO7207,2024-09-10,"JOHNSON CONTROLS ENTERPRISES MEXICO, Sergio Ongay",SERVICIOS FTS,5110639.66,"2.13.- Suministro e Instalación de Cable Cal. 3/0 para Termomagnético de 200 Amperes para Hopper Viakon o Condumex , Con una Línea de Protección a Tierra Física de cal. #6 AWG Desnuda Incluye: Todo lo Necesario para su correcta Instalación","Suministro e Instalacion de Cable Cal. 3/0 para termomagnetico de 200 amps para hopper viakon o condumex , Con una linea de proteccion a tierra fisica de cal. #6 AWG desnuda Incluye: todo lo necesario para su correcta instalacion",120.0,60564.0
SO7207,2024-09-10,"JOHNSON CONTROLS ENTERPRISES MEXICO, Sergio Ongay",SERVICIOS FTS,5110639.66,2.14.- Suministro e Instalación de Interruptor Termomagnético de 100 Amperes Square D para Alumbrado Incluye: Todo lo necesario para su correcta Instalación,Suministro e instalacion de Interruptor Termomagnetico de 100 amps Square D para Alumbrado Incluye: Todo lo necesario para su correcta instalacion,1.0,31044.0
SO7207,2024-09-10,"JOHNSON CONTROLS ENTERPRISES MEXICO, Sergio Ongay",SERVICIOS FTS,5110639.66,"2.15.- Suministro e Instalación de Cable Cal. #4 Trifásico para Alumbrado, con una Tierra cal. # 8 awg de Viakon o Condumex Charola tipo escalera de 8"" y bajada con tubo Conduit pared gruesa de 1 1/2"" Incluye:  todo lo necesario para su correcta Instalación","Suministro e Instalacion de Cable Cal. #3  trifasico para alumbrado, con una tierra cal. # 8 awg de Viakon o Condumex charola tipo escalera de 8"" y bajada con tubo conduit pared gruesa de 1 1/2"" Incluye:  todo lo necesario parra su correcta instalacion",200.0,156800.0
SO7207,2024-09-10,"JOHNSON CONTROLS ENTERPRISES MEXICO, Sergio Ongay",SERVICIOS FTS,5110639.66,"2.16.- Suministro e Instalación de Charola eléctrica de 9"" tipo escalera de aluminio para el alumbrado Incluye:  Soporte ría a base de PTR de 2"" , pintura , tornillería de fijación y todo lo necesario para su correcta instalación","Suministro e Instalación de Charola eléctrica de 9"" tipo escalera de aluminio para el alumbrado Incluye:  Soporte ría a base de PTR de 2"" , pintura , tornillería de fijación y todo lo necesario para su correcta instalación",60.0,178920.0
SO7207,2024-09-10,"JOHNSON CONTROLS ENTERPRISES MEXICO, Sergio Ongay",SERVICIOS FTS,5110639.66,"2.17.- Suministro e Instalación de Cable 2 por fase Cal. 3/0, para Termomagnético de 400 Amperes para Hopper ,viakon o Condumex , Con una Línea de Protección a Tierra Física de cal. #2 AWG Desnudo Incluye: Todo lo Necesario para su Correcta Instalación","Suministro e Instalacion de Cable 2 por fase Cal. 4/0,  para termomagnetico de 400 amps para Hopper ,viakon o condumex , Con una linea de proteccion a tierra fisica de cal. #2 AWG desnudo Incluye: todo lo necesario parra su correcta instalacion",80.0,40376.0
SO7207,2024-09-10,"JOHNSON CONTROLS ENTERPRISES MEXICO, Sergio Ongay",SERVICIOS FTS,5110639.66,"2.18.- Suministro e Instalación de Charola eléctrica de 9"" tipo escalera de aluminio para el alumbrado Incluye:  Soporte ría a base de PTR de 2"" , pintura , tornillería de fijación y todo lo necesario para su correcta instalación","Suministro e Instalación de Charola eléctrica de 9"" tipo escalera de aluminio para el alumbrado Incluye:  Soporte ría a base de PTR de 2"" , pintura , tornillería de fijación y todo lo necesario para su correcta instalación",12.0,35784.0
SO7207,2024-09-10,"JOHNSON CONTROLS ENTERPRISES MEXICO, Sergio Ongay",SERVICIOS FTS,5110639.66,"2.19.- Suministro e Instalación de Transformador Seco de 300 kva Trifásico para Intemperie y Sustancias  Corrosivas para 440 volts a 220/110 volts, Base y Soporte a base Estructural para el Transformador Incluye: todo lo necesario para su correcta instalación","Suministro e Instalación de Transformador Seco de 200 kva Trifásico para Intemperie y Sustancias  Corrosivas para 440 volts a 220/110 volts, Base y Soporte a base Estructural para el Transformador Incluye: todo lo necesario para su correcta instalación",1.0,487800.88
SO7207,2024-09-10,"JOHNSON CONTROLS ENTERPRISES MEXICO, Sergio Ongay",SERVICIOS FTS,5110639.66,"2.20.- Suministro e Instalacion de gabinete 220/110 volts, base y soporte Incluye: todo lo necesario patra su correcta instalacion","Suministro e Instalacion de gabinete o tablero de distribucion para 4 termomagneticos antes mencionados  220/110 volts, base y soporte Incluye: todo lo necesario patra su correcta instalacion",1.0,61766.46
SO7207,2024-09-10,"JOHNSON CONTROLS ENTERPRISES MEXICO, Sergio Ongay",SERVICIOS FTS,5110639.66,2.21.- Memoria de cálculo para validar o cambiar el cableado que se va a instalar y asi asegurar que sea funcional,MEMORIA DE CALCULO PARA VALIDAR O CAMBIAR EL CABLEADO QUE SE VA A INSTALAR Y ASI ASEGURAR QUE SEA FUNCIONAL,1.0,24500.0
SO7207,2024-09-10,"JOHNSON CONTROLS ENTERPRISES MEXICO, Sergio Ongay",SERVICIOS FTS,5110639.66,2.22.- Orden y limpieza,orden y limpieza,1.0,22540.0
SO7207,2024-09-10,"JOHNSON CONTROLS ENTERPRISES MEXICO, Sergio Ongay",SERVICIOS FTS,5110639.66,Down payment (Canceled),Down payment,0,0
SO7207,2024-09-10,"JOHNSON CONTROLS ENTERPRISES MEXICO, Sergio Ongay",SERVICIOS FTS,5110639.66,Down payment (Canceled),Down payment,0,0
SO7207,2024-09-10,"JOHNSON CONTROLS ENTERPRISES MEXICO, Sergio Ongay",SERVICIOS FTS,5110639.66,Down payment (Canceled),Down payment,0,0
SO7207,2024-09-10,"JOHNSON CONTROLS ENTERPRISES MEXICO, Sergio Ongay",SERVICIOS FTS,5110639.66,Down payment,Down payment,0,0
SO6933,2024-09-03,"British American Tobacco Mexico S.A. de C.V., Miguel Rios",SERVICIOS FTS,13349.28,"Suministro de Tapa De Asiento Wc Castel Para Venus, Zeus Y Nemesis",suministro,6.0,11508.0
SO7233,2024-08-28,Mondelez Global LLC,FTS FULL TECHNOLOGY SYSTEMS LLC,3978.0,Bray valve part number 921280-11300532 with switch,Bray valve part number 921280-11300532 with switch,1.0,3978.0
SO6864,2024-08-28,Mondelez Global LLC,FTS FULL TECHNOLOGY SYSTEMS LLC,490.0,Scotsman Model HID312 Drip Tray,Scotsman Model HID312 Drip Tray,1.0,490.0
SO7133,2024-08-22,Mondelez Global LLC,FTS FULL TECHNOLOGY SYSTEMS LLC,5200.0,"Pneumatic actuator BRAY Model number : 921600-11300532 , including switch box.",Pneumatic actuator BRAY Model number : 921600-11300532,2.0,5200.0
SO6932,2024-08-22,"British American Tobacco Mexico S.A. de C.V., Miguel Rios",SERVICIOS FTS,16704.0,Suministro de plafones tipo galleta 60 cm x 60 cm,Suministro de material,24.0,14400.0
SO5738,2024-08-21,Mondelez Global LLC,FTS FULL TECHNOLOGY SYSTEMS LLC,13750.0,Installation and replacement of dessicant wheel parts kit for industrial Dehumidifier Munters,Installation of replacement dessicant wheel parts,1.0,8000.0
SO5738,2024-08-21,Mondelez Global LLC,FTS FULL TECHNOLOGY SYSTEMS LLC,13750.0,Installation of replacement Filters 80% filtration kit,Installation of replacement Filters 80% filtration kit,1.0,450.0
SO5738,2024-08-21,Mondelez Global LLC,FTS FULL TECHNOLOGY SYSTEMS LLC,13750.0,Revision of external PLC programming Allen bradley and cables analyzis of external integration to Munters dehumidifier,PLC Allen bradley revision and analyzis for external programming to Munters dehumidifier,1.0,2500.0
SO5738,2024-08-21,Mondelez Global LLC,FTS FULL TECHNOLOGY SYSTEMS LLC,13750.0,5 check valves installation and replacement,5 check valves installation and replacement,1.0,950.0
SO5738,2024-08-21,Mondelez Global LLC,FTS FULL TECHNOLOGY SYSTEMS LLC,13750.0,Instalation and replecement of 1 steam flange valve and 1 pressure gauge with valve,instalation and replecement of steam falange valve and pressure gauge with valve,1.0,900.0
SO5738,2024-08-21,Mondelez Global LLC,FTS FULL TECHNOLOGY SYSTEMS LLC,13750.0,Instalation and replacement of recirculation pump for reactivation temperature control. GRUNDFOS PN 98961763,Instalation and replacement of recirculation pump for reactivation temperature control. GRUNDFOS PN 98961763,1.0,800.0
SO5738,2024-08-21,Mondelez Global LLC,FTS FULL TECHNOLOGY SYSTEMS LLC,13750.0,Installation and replacement of clamps and screws for covers,Installation and replacement of clamps and screws for covers,1.0,150.0
SO7132,2024-08-20,Mondelez Global LLC,FTS FULL TECHNOLOGY SYSTEMS LLC,7900.0,Cleaning services for discharge oil silos area.,Cleaning services for discharge oil silos area.,1.0,7900.0
SO7131,2024-08-20,Mondelez Global LLC,FTS FULL TECHNOLOGY SYSTEMS LLC,16500.0,"Minisplt System Installation and supply for 3 separate systems at the mixing area offices. With total capacity of 36,000 BTUs.Including new equipments , hardware and disconnect switches at the roof.","Minisplt System Installation and supply for 3 separate systems at the mixing area offices. Including new equipments , hardware and disconnect switches at the roof.",1.0,16500.0
SO5343,2024-08-19,MONDELEZ MEXICO,SERVICIOS FTS,377000.0,Mantenimiento y Calibracion de rayos X de Linea 6  Serie: - 4660292359 - 4660292341 - 4660292344 - 4660292347 - 4660292365   OBSERVACION:   - INCLUYE MANO DE OBRA  -HERRAMIENTAS - REFACCIONES NECESARIAS,Mantenimiento y Calibracion de rayos X de Linea 6,1.0,325000.0
SO7105,2024-08-17,"Mondelez Global LLC, Shabhaz Akbar",FTS FULL TECHNOLOGY SYSTEMS LLC,600.0,Supply of 3/8” x 1-1/2”uns c36000 F.C.HALF HARD BRASS FLAT BAR X 12 FT,Supply of 3/8” x 1-1/2”uns c36000 F.C.HALF HARD BRASS FLAT BAR X 12 FT,1.0,600.0
SO7086,2024-08-17,"MONDELEZ MEXICO, Mateo Salazar",FTS FULL TECHNOLOGY SYSTEMS LLC,14000.0,Supply and replacement of coupler gaskets seal at the silos area,Supply and replacement of Morris coupler gaskets,20.0,14000.0
SO7087,2024-08-16,Mondelez Global LLC,FTS FULL TECHNOLOGY SYSTEMS LLC,150.04,"GASK, 3504504W2, MORRIS COU","GASK, 3504504W2, MORRIS COU",4.0,150.04
SO7084,2024-08-16,"MONDELEZ MEXICO, Mateo Salazar",FTS FULL TECHNOLOGY SYSTEMS LLC,7980.0,"HVAC VRF Inspection and Maintenance at the mixing area. Including the revisión of 3 evaporators, 1 condensator . Including the supply and change or repair of Condensating Bins and 1 gas charge.",mini-split maintenance,1.0,7980.0
SO6766,2024-08-16,"Nalco de Mexico SA. de .CV, Arlette Guzman",SERVICIOS FTS,17126.24,ACTIVIDAD: 1 Agua y Hielo ACTIVIDAD: 2 AGUAS NOM-127-FQ ACTIVIDAD: 3 AGUAS NOM-127-METALES-LAB,ACTIVIDAD: 1 Agua y Hielo,1.0,14764.0
SO7071,2024-08-15,Mondelez Global LLC,FTS FULL TECHNOLOGY SYSTEMS LLC,10890.0,Maintenance and Diagnosis for Munters Industrial Dehumidifier powdered sugar,Maintenance and Diagnosis for Munters Industrial Dehumidifier,1.0,10890.0
SO7060,2024-08-15,"MONDELEZ MEXICO, Mateo Salazar",FTS FULL TECHNOLOGY SYSTEMS LLC,7700.0,Repair of Pressure vacuum hatch for Silo,Repair of Pressure vacuum hatch for Silo,1.0,7700.0
SO7059,2024-08-15,"MONDELEZ MEXICO, Mateo Salazar",FTS FULL TECHNOLOGY SYSTEMS LLC,7300.0,"Installation and supply of Weld Neck flange Stainless steel , with flexible  leg in the waste silo",Installation and supply of Weld Neck flange in waste bin,1.0,7300.0
SO7035,2024-08-15,"Nalco de Mexico SA. de .CV, Ivan Santana Barraza",SERVICIOS FTS,4031.0,MLS-COT35270 NALCO MUESTREO EN HOTEL MARRIOT,MLS-COT35270 NALCO MUESTREO EN HOTEL MARRIOT,1.0,3475.0
SO7027,2024-08-15,"Mondelez Global LLC, Shabhaz Akbar",FTS FULL TECHNOLOGY SYSTEMS LLC,1765.5,Supply of SICK WL160-F440 Photoelectric Sensor Switch,SENSOR SICK WL160-F440 photoelectric sensor switch,2.0,1765.5
SO7025,2024-08-15,"Mondelez Global LLC, Shabhaz Akbar",FTS FULL TECHNOLOGY SYSTEMS LLC,448.8,Supply of  SENSOR SICK IM12-04BPS-ZC1 inductive proximity sensor,(2) SENSOR SICK IM12-04BPS-ZC1 inductive proximity sensor,2.0,448.8
SO6823,2024-08-15,"British American Tobacco Mexico S.A. de C.V., Tania Garcia",SERVICIOS FTS,11152.24,Suministro de contacto hembra hule PVC polarizada sin tierra clavija,suministro de materiales,1.0,47.0
SO6823,2024-08-15,"British American Tobacco Mexico S.A. de C.V., Tania Garcia",SERVICIOS FTS,11152.24,Suministro de Cajas de Filtro de Aire Modelo FVDSC16251  1 unidad por caja,Suministro de Materiales,20.0,4860.0
SO6823,2024-08-15,"British American Tobacco Mexico S.A. de C.V., Tania Garcia",SERVICIOS FTS,11152.24,Suministro de Pija Broca 5/16” de 2” de largo,Suministro de Materiales,50.0,350.0
SO6823,2024-08-15,"British American Tobacco Mexico S.A. de C.V., Tania Garcia",SERVICIOS FTS,11152.24,Suministro de Pija Broca 5/16” de 1” de largo,Suministro de Materiales,50.0,250.0
SO6823,2024-08-15,"British American Tobacco Mexico S.A. de C.V., Tania Garcia",SERVICIOS FTS,11152.24,Suministro de pija brocas 3/8” de 2” de largo,Suministro de Materiales,50.0,450.0
SO6823,2024-08-15,"British American Tobacco Mexico S.A. de C.V., Tania Garcia",SERVICIOS FTS,11152.24,Suministro de pija broca 3/8” de 1” de largo,suministro de materiales,50.0,450.0
SO6823,2024-08-15,"British American Tobacco Mexico S.A. de C.V., Tania Garcia",SERVICIOS FTS,11152.24,Suministro de Lija para Metales Grado 120 de 28cm X 23cm,Suministro de,15.0,570.0
SO6823,2024-08-15,"British American Tobacco Mexico S.A. de C.V., Tania Garcia",SERVICIOS FTS,11152.24,Suministro de Lija para Metales Grado 80 de 28 cm X 23 cm,Suministro de,15.0,735.0
SO6823,2024-08-15,"British American Tobacco Mexico S.A. de C.V., Tania Garcia",SERVICIOS FTS,11152.24,Suministro de cable uso rudo SJT 3 polos calibre 14 negro marca indiana x metro,Suministro de,15.0,1290.0
SO6823,2024-08-15,"British American Tobacco Mexico S.A. de C.V., Tania Garcia",SERVICIOS FTS,11152.24,Suministro de  Adaptador Clavija Multicontacto Cubo Triple 15a Blanco Igoto,Adaptador Clavija Multicontacto Cubo Triple 15a Blanco Igoto,6.0,612.0
SO7045,2024-08-14,"MONDELEZ MEXICO, Mateo Salazar",FTS FULL TECHNOLOGY SYSTEMS LLC,16500.0,"24"" x 8.0 oz Pressure x 0.5 oz Vacuum Tank Hatch for Silo","24"" x 8.0 oz Pressure x 0.5 oz Vacuum Tank Hatch for Silo",1.0,9600.0
SO7045,2024-08-14,"MONDELEZ MEXICO, Mateo Salazar",FTS FULL TECHNOLOGY SYSTEMS LLC,16500.0,Installation of the new vacuum hatch tank accessorie at the top of the silo.,Installation of the new vacuum hatch tank accessorie at the top of the silo.,1.0,6900.0
SO7029,2024-08-14,"MONDELEZ MEXICO, Mateo Salazar",FTS FULL TECHNOLOGY SYSTEMS LLC,1800.0,Supply of 5 Gal Paint For Stock Room,suply,2.0,1800.0
SO6832,2024-08-13,"British American Tobacco Mexico S.A. de C.V., Tania Garcia",SERVICIOS FTS,14107.92,Suministro de cajas de manguera led 25m wma-006 luz fría 100 w potencia 7000  lúmenes,Adaptador Clavija Multicontacto Cubo Triple 15a Blanco Igoto,6.0,12162.0
SO6828,2024-08-13,"British American Tobacco Mexico S.A. de C.V., Tania Garcia",SERVICIOS FTS,18237.52,Suministro de 1 despachador marca JOFEL AE58300,suministro de producto,1.0,1323.0
SO6828,2024-08-13,"British American Tobacco Mexico S.A. de C.V., Tania Garcia",SERVICIOS FTS,18237.52,"Suministro de 1 Módulo de control sin turbina, para uso con grifos Bluetooth Sloan Optima, hardware incluido, piezas de repuesto originales OEM Sloan EFP-39-A, 367039","Suministro de 1 Módulo de control sin turbina, para uso con grifos Bluetooth Sloan Optima, hardware incluido, piezas de repuesto originales OEM Sloan EFP-39-A, 367039 TIEMPO DE ENTREGA 10 DIAS APARTIR DE P.O.",1.0,14399.0
SO6976,2024-08-11,Mondelez Global LLC,FTS FULL TECHNOLOGY SYSTEMS LLC,5600.0,Service installation of 5 hanger loop supports for the glycol pipe at the mixing area,Service installation of 5 hanger loop supports,1.0,5600.0
SO6952,2024-08-11,Mondelez Global LLC,FTS FULL TECHNOLOGY SYSTEMS LLC,2239.0,Pneumatic actuator BRAY Model number : 921600-11300532,Pneumatic actuator BRAY Model number : 921600-11300532,1.0,2239.0
SO5473,2024-08-09,"Alta Extracción S.A. de C.V., Martin chavez",SERVICIOS FTS,27840.0,Soporte de 1 ingeniero de servicio para soporte en falla de comunicacion en quemador probat (2 dia de 10 hrs)   -	Soporte en diagnóstico de falla -	Revisión de programacion (soporte de programador vía remota),Soporte de 1 ingeniero de servicio,1.0,24000.0
SO6876,2024-08-05,Mondelez Global LLC,FTS FULL TECHNOLOGY SYSTEMS LLC,6980.0,Cleaning service of floor at the truck parking area,Cleaning service of floor at the truck parking area,1.0,6980.0
SO6844,2024-08-05,Mondelez Global LLC,FTS FULL TECHNOLOGY SYSTEMS LLC,9900.0,"Cooling Tunnel Assessment, with HVAC specialist and Cooling tunnels Specialist. Including equipments to inspect: York Chiller, Munters Cooling Tunnel, Control Panel.","Cooling Tunnel Assessment, with HVAC specialist and Cooling tunnels Specialist. Including equipments to inspect: York Chiller, Munters Cooling Tunnel, Control Panel",1.0,9900.0
SO6877,2024-08-02,Mondelez Global LLC,FTS FULL TECHNOLOGY SYSTEMS LLC,940.0,BOSCH inspection Camera sthetoscope 11 Foot lenght probe,Milwaukee inspection Camera sthetoscope,1.0,940.0
SO6848,2024-08-02,Mondelez Global LLC,FTS FULL TECHNOLOGY SYSTEMS LLC,10800.0,Electrical Cabinet NEMA4X,Electrical Cabinet NEMA4X,6.0,10800.0
SO6821,2024-08-01,Mondelez Global LLC,FTS FULL TECHNOLOGY SYSTEMS LLC,15000.0,Maintenance of Cyclo Blower Gardner Denver Model A5CDL13K,Maintenance of Cyclo Blower,1.0,15000.0
SO6112,2024-08-01,Mondelez Global LLC,FTS FULL TECHNOLOGY SYSTEMS LLC,30890.0,Installation and change of 1 Compressor carlyle for cooling tunnel system,Supply and change of carlyle compressor,1.0,9890.0
SO6112,2024-08-01,Mondelez Global LLC,FTS FULL TECHNOLOGY SYSTEMS LLC,30890.0,Carlyle- Carrier compressor 5F60A219 25.3 TON,Carlyle- Carrier compressor 5F60A219 25.3 TON,1.0,21000.0
SO6728,2024-07-29,"British American Tobacco Mexico S.A. de C.V., Tania Garcia",SERVICIOS FTS,7725.6,Suministro de Balastra ZL- 2810-0-10V,Suministro de Balastra,2.0,2910.0
SO6728,2024-07-29,"British American Tobacco Mexico S.A. de C.V., Tania Garcia",SERVICIOS FTS,7725.6,Suministro de Driver  Modelo BZ-60,Suministro de Relevador,2.0,3750.0
SO6680,2024-07-22,Mondelez Global LLC,FTS FULL TECHNOLOGY SYSTEMS LLC,3900.0,Algo phone speakers,"Kit of 6 pieces of Algo KIT, included :Algo 8180SIP Audio Alerter G2 and Algo 2507 Ring Detector",5.0,3900.0
SO6487,2024-07-19,"Nalco de Mexico SA. de .CV, Ivan Santana Barraza",SERVICIOS FTS,22847.36,"Temporizador para un día (24 horas) con subdivisión de periodos de 15 minutos, para programar el encendido y apagado del aparato que necesites conectar.","Temporizador para un día (24 horas) con subdivisión de periodos de 15 minutos, para programar el encendido y apagado del aparato que necesites conectar.",5.0,1855.0
SO6487,2024-07-19,"Nalco de Mexico SA. de .CV, Ivan Santana Barraza",SERVICIOS FTS,22847.36,Manguera 1/4 polifrom para químicos x metro,Manguera 1/4 polifrom para químicos x metro,20.0,2400.0
SO6487,2024-07-19,"Nalco de Mexico SA. de .CV, Ivan Santana Barraza",SERVICIOS FTS,22847.36,"Tarima antiderrame 27 x 27 x 6 3/4"" fabricada en plástico","Tarima antiderrame 27 x 27 x 6 3/4"" fabricada en plástico",2.0,11644.0
SO6487,2024-07-19,"Nalco de Mexico SA. de .CV, Ivan Santana Barraza",SERVICIOS FTS,22847.36,Supresor de picos 6 clavijas,Supresor de picos 6 clavijas,3.0,1590.0
SO6487,2024-07-19,"Nalco de Mexico SA. de .CV, Ivan Santana Barraza",SERVICIOS FTS,22847.36,"Conector rápido, codo, rosca de 1/4"" x tubo 1/4""","Conector rápido, codo, rosca de 1/4"" x tubo 1/4""",4.0,600.0
SO6487,2024-07-19,"Nalco de Mexico SA. de .CV, Ivan Santana Barraza",SERVICIOS FTS,22847.36,"Llave perica de 12"" cromado con grip Truper","Llave perica de 12"" cromado con grip Truper",1.0,636.0
SO6487,2024-07-19,"Nalco de Mexico SA. de .CV, Ivan Santana Barraza",SERVICIOS FTS,22847.36,Llave extensión quijada en V de 12 pulgadas acero,Llave extensión quijada en V de 12 pulgadas acero,1.0,971.0
SO6459,2024-07-19,"Nalco de Mexico SA. de .CV, Ivan Santana Barraza",SERVICIOS FTS,4031.0,Cotización de servicios de laboratorio (Muestreo en hotel MARRIOT),Cotización de servicios de laboratorio (Muestreo en hotel MARRIOT),1.0,3475.0
SO6449,2024-07-18,"British American Tobacco Mexico S.A. de C.V., Tania Garcia",SERVICIOS FTS,45240.0,Tarjeta de control de condensadora Symbio 700 Controller,Tarjeta de control de condensadora Symbio 700 Controller,1.0,39000.0
SO6094,2024-07-16,"MONDELEZ MEXICO, Erasto Ramirez Meza",SERVICIOS FTS,37363.6,Reparacion de clima de Site Manufactura Incluye :  Reparación de equipo piso techo 5 ton  Presurización con nitrógeno a sistema de aire acondicionado  Reparación de fuga  Carga de gas  Arranque y puesta en marcha Acarreo de tanques y equipo de soldar  Filtro deshidratador,Reparacion de clima de Site Manufactura,1.0,32210.0
SO5893,2024-07-16,Regal Rexnord,SERVICIOS FTS,10885.44,"Repair of Tester Equipment  and Repair of safety Systems  •	Services  -	Supply and installation of main contactor for system startup, the current one is obsolete. -	Supply and installation of relays for control, required for power cutting functions.  -	Supply and installation of quick connectors for voltage output connections. -	Replacement and/or repair of main Cabinet for power source startups, board where startups and potentiometers are located. -	Integration of safety barrier system, mechanical mounting, and electrical connections, spare parts are not supplied, only existing connections are made. -	Supply and integration of light tower, to indicate that the test is in progress. -	Replacement and configuration of potentiometers for voltage and frequency variations of both systems. -	Interconnections between tester (main) and secondary power source for operation tests (generator), integration for synchronized functioning for the required functional tests of the product. -	User manual is provided in digital and 1 physical copy, explaining how to operate the machine (visual operation assistance). -	Required modifications are made to the current diagram, updated with the functional equipment.",Repair of Tester Equipment  and Repair of safety Systems,1.0,9384.0
SO6446,2024-07-10,"British American Tobacco Mexico S.A. de C.V., Tania Garcia",SERVICIOS FTS,11716.0,MANGUERA LED MODELO WMA-006 2835 ROLLO 25M 100W 127VCA EXTERIOR IP65 BLANCO FRIO 6500K,MANGUERA LED MODELO WMA-006 2835 ROLLO 25M 100W 127VCA EXTERIOR IP65 BLANCO FRIO 6500K,3.0,4560.0
SO6446,2024-07-10,"British American Tobacco Mexico S.A. de C.V., Tania Garcia",SERVICIOS FTS,11716.0,Silicon blanco uso general F109 280 ml,Silicon blanco uso general F109 280 ml,5.0,1085.0
SO6446,2024-07-10,"British American Tobacco Mexico S.A. de C.V., Tania Garcia",SERVICIOS FTS,11716.0,Tapones para pistola  calafateadora,Tapones para pistola  calafateadora,1.0,54.0
SO6446,2024-07-10,"British American Tobacco Mexico S.A. de C.V., Tania Garcia",SERVICIOS FTS,11716.0,Baterias duracell tipo D,Baterias duracell tipo D,12.0,3576.0
SO6446,2024-07-10,"British American Tobacco Mexico S.A. de C.V., Tania Garcia",SERVICIOS FTS,11716.0,Focos ahorradores marca tecnolite,Focos ahorradores marca tecnolite,5.0,825.0
SO6231,2024-06-28,"British American Tobacco Mexico S.A. de C.V., Miguel Rios",SERVICIOS FTS,18546.08,CM MZY - Luces de emergencia con respaldo de batería,CM MZY - Luces de emergencia con respaldo de batería,4.0,11988.0
SO6231,2024-06-28,"British American Tobacco Mexico S.A. de C.V., Miguel Rios",SERVICIOS FTS,18546.08,Lampara de emergencia modelo 20355,1 lampara de emergencia,10.0,4000.0
SO6229,2024-06-28,"British American Tobacco Mexico S.A. de C.V., Miguel Rios",SERVICIOS FTS,11079.16,Trapos de ropa,Trapos de ropa,10.0,600.0
SO6229,2024-06-28,"British American Tobacco Mexico S.A. de C.V., Miguel Rios",SERVICIOS FTS,11079.16,Rollos wipper,Rollos wipper,3.0,537.0
SO6229,2024-06-28,"British American Tobacco Mexico S.A. de C.V., Miguel Rios",SERVICIOS FTS,11079.16,Latas de aire comprimido,Latas de aire comprimido,5.0,1985.0
SO6229,2024-06-28,"British American Tobacco Mexico S.A. de C.V., Miguel Rios",SERVICIOS FTS,11079.16,Bote de grasa lubricante,Bote de grasa lubricante,1.0,198.0
SO6229,2024-06-28,"British American Tobacco Mexico S.A. de C.V., Miguel Rios",SERVICIOS FTS,11079.16,piezas de silicon transparente,piezas de silicon transparente,2.0,278.0
SO6229,2024-06-28,"British American Tobacco Mexico S.A. de C.V., Miguel Rios",SERVICIOS FTS,11079.16,piezas de silicon blanco,piezas de silicon blanco,2.0,476.0
SO6229,2024-06-28,"British American Tobacco Mexico S.A. de C.V., Miguel Rios",SERVICIOS FTS,11079.16,WD 40,WD 40,5.0,1785.0
SO6229,2024-06-28,"British American Tobacco Mexico S.A. de C.V., Miguel Rios",SERVICIOS FTS,11079.16,Lija de agua fina,Lija de agua fina,1.0,79.0
SO6229,2024-06-28,"British American Tobacco Mexico S.A. de C.V., Miguel Rios",SERVICIOS FTS,11079.16,Cepillo de alambre,Cepillo de alambre,1.0,139.0
SO6229,2024-06-28,"British American Tobacco Mexico S.A. de C.V., Miguel Rios",SERVICIOS FTS,11079.16,Litro de thinner,Litro de thinner,1.0,149.0
SO6229,2024-06-28,"British American Tobacco Mexico S.A. de C.V., Miguel Rios",SERVICIOS FTS,11079.16,Litro de pintura anticorrosiva,Litro de pintura anticorrosiva,1.0,695.0
SO6229,2024-06-28,"British American Tobacco Mexico S.A. de C.V., Miguel Rios",SERVICIOS FTS,11079.16,Malla de mosquitera galvanizada,Malla de mosquitera galvanizada,1.0,1776.0
SO6229,2024-06-28,"British American Tobacco Mexico S.A. de C.V., Miguel Rios",SERVICIOS FTS,11079.16,Tijera para cortar acero,Tijera para cortar acero,1.0,695.0
SO6229,2024-06-28,"British American Tobacco Mexico S.A. de C.V., Miguel Rios",SERVICIOS FTS,11079.16,Paquete de cinchos,Paquete de cinchos,1.0,159.0
SO6004,2024-06-27,"MONDELEZ MEXICO, Jose Luis Solis",SERVICIOS FTS,39477.12,"Servicio de suministro y reparación de cerrojos para 2 puertas de tablero eléctrico, componentes originales. Incluye  VX Cierre de barras de puerta principal y adyacente,  VX VX Maneta Comfort Mano de obra instalación de cerrojos y todo lo necesario para su funcionamiento.",Servicio de reparacion de cerrojos para tablero electrico,1.0,34032.0
SO6010,2024-06-20,"CBRE GCS, S. de R.L. de C.V., Eva Guerrero",SERVICIOS FTS,68310.08,Servicio de mantenimiento a cierra cinta marca GRIZZLY. Mod. G0561.,Servicio de mantenimiento a cierra cinta marca GRIZZLY. Mod. G0561.,2.0,8664.0
SO6010,2024-06-20,"CBRE GCS, S. de R.L. de C.V., Eva Guerrero",SERVICIOS FTS,68310.08,Servicio de mantenimiento a esmeril de banco Mca.: DEWALT. Modelo: DW758.,Servicio de mantenimiento a esmeril de banco Mca.: DEWALT. Modelo: DW758.,1.0,2052.0
SO6010,2024-06-20,"CBRE GCS, S. de R.L. de C.V., Eva Guerrero",SERVICIOS FTS,68310.08,Servicio de mantenimiento a Taladro de banco Mca.: JET. Modelo: J-2530.,Servicio de mantenimiento a Taladro de banco Mca.: JET. Modelo: J-2530.,1.0,2280.0
SO6010,2024-06-20,"CBRE GCS, S. de R.L. de C.V., Eva Guerrero",SERVICIOS FTS,68310.08,Servicio de mantenimiento a Fixed router Mca.: DEWALT. Modelo: DW6184.,Servicio de mantenimiento a Fixed router Mca.: DEWALT. Modelo: DW6184.,1.0,1140.0
SO6010,2024-06-20,"CBRE GCS, S. de R.L. de C.V., Eva Guerrero",SERVICIOS FTS,68310.08,Servicio de mantenimiento a clavadora Mca.: PORTER CABLE. Modelo: BN200C.,Servicio de mantenimiento a clavadora Mca.: PORTER CABLE. Modelo: BN200C.,1.0,1140.0
SO6010,2024-06-20,"CBRE GCS, S. de R.L. de C.V., Eva Guerrero",SERVICIOS FTS,68310.08,Servicio de mantenimiento a engrapadora neumatica Mca.: URREA. Modelo: EN916,Servicio de mantenimiento a engrapadora neumatica Mca.: URREA. Modelo: EN916,1.0,1710.0
SO6010,2024-06-20,"CBRE GCS, S. de R.L. de C.V., Eva Guerrero",SERVICIOS FTS,68310.08,Servicio de mantenimiento a caladora Mca.: BOSCH. Modelo: GTS-150-BCE.,Servicio de mantenimiento a caladora Mca.: BOSCH. Modelo: GTS-150-BCE.,1.0,1026.0
SO6010,2024-06-20,"CBRE GCS, S. de R.L. de C.V., Eva Guerrero",SERVICIOS FTS,68310.08,Servicio de mantenimiento a taladro eléctrico Mca.: DEWALT. Modelo: DW235G.,Servicio de mantenimiento a taladro eléctrico Mca.: DEWALT. Modelo: DW235G.,1.0,1026.0
SO6010,2024-06-20,"CBRE GCS, S. de R.L. de C.V., Eva Guerrero",SERVICIOS FTS,68310.08,Servicio de mantenimiento a Aspiradora.,Servicio de mantenimiento a Aspiradora.,1.0,1850.0
SO6010,2024-06-20,"CBRE GCS, S. de R.L. de C.V., Eva Guerrero",SERVICIOS FTS,68310.08,Servicio de mantenimiento a sierra de mesa Mca.: URREA.,Servicio de mantenimiento a sierra de mesa Mca.: URREA.,1.0,2800.0
SO6010,2024-06-20,"CBRE GCS, S. de R.L. de C.V., Eva Guerrero",SERVICIOS FTS,68310.08,Servicio de mantenimiento a sierra de mesa Mca.: DAYTON.,Servicio de mantenimiento a sierra de mesa Mca.: DAYTON.,1.0,2500.0
SO6010,2024-06-20,"CBRE GCS, S. de R.L. de C.V., Eva Guerrero",SERVICIOS FTS,68310.08,Traslado de cuadrilla a planta Guadalajara para realizar labores de Mantenimiento a herramientas,Traslado de cuadrilla a planta Guadalajara,1.0,9500.0
SO6010,2024-06-20,"CBRE GCS, S. de R.L. de C.V., Eva Guerrero",SERVICIOS FTS,68310.08,6 dias de labores para trabajo en mantenimiento de herramientas en IBM Guadalajara,6 dias de labores para trabajo en mantenimiento de herramientas en IBM Guadalajara,1.0,16200.0
SO6010,2024-06-20,"CBRE GCS, S. de R.L. de C.V., Eva Guerrero",SERVICIOS FTS,68310.08,1 DIA de entrenamiento para uso de herramientas y equipos,1 DIA de entrenamiento para uso de herramientas y equipos,1.0,7000.0
SO6170,2024-06-17,"Nalco de Mexico SA. de .CV, Arlette Guzman",SERVICIOS FTS,2114.68,Análisis de laboratorio para muestras de agua presentadas en laboratorio,Análisis de laboratorio para muestras de agua presentadas en laboratorio,1.0,1823.0
SO6044,2024-06-11,"Mondelez Global LLC, Jorge Ugarte",FTS FULL TECHNOLOGY SYSTEMS LLC,15900.0,Corrective Maintenance for Munters Dehumidifier in the ChipsAhoy Area.,"Corrective Maintenance for Munters Dehumidifier in the ChipsAhoy Area. Includes replacement of belts and pulleys for the main blower, alignment with a laser aligner and tension meter, and replacement of sleeves at the inlet and outlet.",1.0,15900.0
SO6138,2024-06-10,MONDELEZ MEXICO,SERVICIOS FTS,149640.0,CLIMA/2000W/SK3186.930/RITTAL,CLIMA/2000W/SK3186.930/RITTAL,1.0,129000.0
SO6137,2024-06-10,"Nalco de Mexico SA. de .CV, Fernando Guzman",SERVICIOS FTS,29493.48,"Diagnostico para sistema de control de bombas   •	Diagnóstico a bombas y componentes asociados del sistema de control. •	Cualquier material o equipo adicional necesario para el diagnóstico será proporcionado por el cliente o adquirido por nosotros con previo acuerdo. •	La cotización incluye todos los costos relacionados con el diagnóstico, incluyendo mano de obra, desplazamientos y gastos asociados. •	Cualquier trabajo adicional no especificado en esta descripción será cotizado por separado. •	El acceso a las instalaciones y a la información necesaria deberá ser proporcionado por el cliente en las fechas acordadas.",Diagnostico para sistema de control de bombas,1.0,25425.41
SO6133,2024-06-10,"British American Tobacco Mexico S.A. de C.V., Tania Garcia",SERVICIOS FTS,11275.2,Batería recargable Li-Po 1000 mAh 3.7VCC,Batería recargable Li-Po 1000 mAh 3.7VCC,40.0,9720.0
SO6129,2024-06-10,"British American Tobacco Mexico S.A. de C.V., Tania Garcia",SERVICIOS FTS,16912.8,Batería recargable Li-Po 1000 mAh 3.7VCC,Batería recargable Li-Po 1000 mAh 3.7VCC,60.0,14580.0
SO6083,2024-05-31,"Nalco de Mexico SA. de .CV, Arlette Guzman",SERVICIOS FTS,8754.52,Análisis de laboratorio para muestras de agua presentadas en laboratorio  •	Conceptos   -	MESOFILICOS AEROBIOS -	CONDUCTIVIDAD -	SOLIDOS SUSPENDIDOS TOTALES -	pH -	CLORUROS -	DUREZA TOTAL -	ION SULFATO -	TURBIEDAD,Análisis de laboratorio para muestras de agua presentadas en laboratorio,1.0,7547.0
SO6017,2024-05-31,"Nalco de Mexico SA. de .CV, Arlette Guzman",SERVICIOS FTS,30335.16,Conexión rápida camlok  tipo F acoplamiento estándar macho x rosca de polipropileno de 1” NPT,Conexión rápida tipo espiga para totes hembra de 2” a 1” de polipropileno,6.0,768.0
SO6017,2024-05-31,"Nalco de Mexico SA. de .CV, Arlette Guzman",SERVICIOS FTS,30335.16,"""Conexión rápida camlok  tipo F acoplamiento estándar macho x rosca  de polipropileno de 1”  NPT""","""Conexión rápida camlok  tipo F acoplamiento estándar macho x rosca  de polipropileno de 1”  NPT""",4.0,768.0
SO6017,2024-05-31,"Nalco de Mexico SA. de .CV, Arlette Guzman",SERVICIOS FTS,30335.16,"Manguera anillada flexible, para conexión a tote de  1”","Manguera anillada flexible, para conexión a tote de  1”",6.0,4800.0
SO6017,2024-05-31,"Nalco de Mexico SA. de .CV, Arlette Guzman",SERVICIOS FTS,30335.16,"Adaptador macho de 1"" de pvc ced 80","Adaptador macho de 1"" de pvc ced 80",1.0,127.0
SO6017,2024-05-31,"Nalco de Mexico SA. de .CV, Arlette Guzman",SERVICIOS FTS,30335.16,"PVC cedula 80 de 1""","PVC cedula 80 de 1""",3.0,1920.0
SO6017,2024-05-31,"Nalco de Mexico SA. de .CV, Arlette Guzman",SERVICIOS FTS,30335.16,Switch de presion (estandar con contactos tipo relevador),Switch de presion (estandar con contactos tipo relevador),1.0,6715.0
SO6017,2024-05-31,"Nalco de Mexico SA. de .CV, Arlette Guzman",SERVICIOS FTS,30335.16,"Valvula de bola 1"" pvc cedula 80","Valvula de bola 1"" pvc cedula 80",1.0,327.0
SO6017,2024-05-31,"Nalco de Mexico SA. de .CV, Arlette Guzman",SERVICIOS FTS,30335.16,"Valvula check de 1"" pvc cedula 80","Valvula check de 1"" pvc cedula 80",1.0,669.0
SO6017,2024-05-31,"Nalco de Mexico SA. de .CV, Arlette Guzman",SERVICIOS FTS,30335.16,"Manguera Flexible trenzada de acero inoxidable de 3/4”, 200cm de largo con conexión rápida tipo CLAMP para una presión de 100 psi","Manguera Flexible trenzada de acero inoxidable de 3/4”, 200cm de largo con conexión rápida tipo CLAMP para una presión de 100 psi",2.0,5138.0
SO6017,2024-05-31,"Nalco de Mexico SA. de .CV, Arlette Guzman",SERVICIOS FTS,30335.16,"Abrazadera de 3/4"" tipo clamp de acero inox grado sanitario","Abrazadera de 3/4"" tipo clamp de acero inox grado sanitario",4.0,3200.0
SO6017,2024-05-31,"Nalco de Mexico SA. de .CV, Arlette Guzman",SERVICIOS FTS,30335.16,"Adptador de acero inox grado sanitario de 3/4"", rosca NPT a clamp","Adptador de acero inox grado sanitario de 3/4"", rosca NPT a clamp",2.0,1600.0
SO6017,2024-05-31,"Nalco de Mexico SA. de .CV, Arlette Guzman",SERVICIOS FTS,30335.16,"Reduccion bushing de 1"" a 3/4"" pvc cedula 80","Reduccion bushing de 1"" a 3/4"" pvc cedula 80",1.0,48.0
SO6017,2024-05-31,"Nalco de Mexico SA. de .CV, Arlette Guzman",SERVICIOS FTS,30335.16,"Cople 1"" pvc cedula 80","Cople 1"" pvc cedula 80",1.0,71.0
SO6070,2024-05-29,MONDELEZ MEXICO,SERVICIOS FTS,32016.0,Servicio de Reparacion de equipo AC  Tipo VRF Thoshiba en area de caseta aduana en Mondelez Salinas.   Incluye: - Ajuste de motor actual para dejar funcionando equipo momentaneamente. - Cambio de motor de ventilador de condensador da;ado. - Renta de equipo de elevacion para maniobra,Servicio de Reparacion de equipo AC  Tipo VRF Thoshiba en area de caseta aduana en Mondelez Salinas. Incluye Cambio de motor de ventilador de condensador da;ado.,1.0,27600.0
SO6043,2024-05-29,MONDELEZ MEXICO,SERVICIOS FTS,59972.0,Servicio de Mantenimiento a cortina de aire,Servicio de Mantenimiento a cortina de aire,6.0,27600.0
SO6043,2024-05-29,MONDELEZ MEXICO,SERVICIOS FTS,59972.0,"Suministro e instalacion para motor de cortina de aire marca Marathon, Weg O similar",Suministro e instalacion para motor de cortina de aire,1.0,24100.0
SO6033,2024-05-29,MONDELEZ MEXICO,SERVICIOS FTS,7100.0,Mantenimiento reparacion de clima de Site,Mantenimiento reparacion de clima de Site,1.0,7100.0
SO6031,2024-05-29,Mondelez Global LLC,FTS FULL TECHNOLOGY SYSTEMS LLC,980.0,"Electric Water Heater , Performance 27 kw Self-Modulating 5.27 GPM Tankless","Electric Water Heater , Performance 27 kw Self-Modulating 5.27 GPM Tankless",1.0,980.0
SO6019,2024-05-29,"Nalco de Mexico SA. de .CV, Arlette Guzman",SERVICIOS FTS,40972.36,"Bomba centrifuga de trasvase, en polipropileno, acero inoxidable 304 o similar. Para 25 gpm @ 30 psi de 1 HP 1F 110/230V, Marca pedrollo Succión y descarga de 1” NPT","Bomba centrifuga de trasvase, en polipropileno, acero inoxidable 304 o similar. Para 25 gpm @ 30 psi de 1 HP 1F 110/230V, Marca pedrollo Succión y descarga de 1” NPT",1.0,13109.0
SO6019,2024-05-29,"Nalco de Mexico SA. de .CV, Arlette Guzman",SERVICIOS FTS,40972.36,Conexión rápida camlok  tipo F acoplamiento estándar macho x rosca de polipropileno de 1” NPT,Conexión rápida camlok  tipo F acoplamiento estándar macho x rosca de polipropileno de 1” NPT,2.0,960.0
SO6019,2024-05-29,"Nalco de Mexico SA. de .CV, Arlette Guzman",SERVICIOS FTS,40972.36,Porta Filtro 4.5 x20,Porta Filtro 4.5 x20,1.0,480.0
SO6019,2024-05-29,"Nalco de Mexico SA. de .CV, Arlette Guzman",SERVICIOS FTS,40972.36,"Cartucho de sedimentos  4.5 x 20,Cartucho de sedimentos  4.5 x 20, Cartucho de Polipropileno 5µm.",Cartucho de sedimentos  4.5 x 20 en micras,1.0,192.0
SO6019,2024-05-29,"Nalco de Mexico SA. de .CV, Arlette Guzman",SERVICIOS FTS,40972.36,"Conexión T de 1"" de PVC cedula 80","Conexión T de 1"" de PVC cedula 80",1.0,116.0
SO6019,2024-05-29,"Nalco de Mexico SA. de .CV, Arlette Guzman",SERVICIOS FTS,40972.36,"Valvula de Auja de 1""","Valvula de Auja de 1""",1.0,3358.0
SO6019,2024-05-29,"Nalco de Mexico SA. de .CV, Arlette Guzman",SERVICIOS FTS,40972.36,"Base metalica para bombas, fabricada en acero al carbon en placa cal 14 pintada, con 2 llantas fijas y 2 mobiles (carga maxima de 90 kg)","Base metalica para bombas, fabricada en acero al carbon en placa cal 14 pintada, con 2 llantas fijas y 2 mobiles (carga maxima de 90 kg)",1.0,6235.0
SO6019,2024-05-29,"Nalco de Mexico SA. de .CV, Arlette Guzman",SERVICIOS FTS,40972.36,"Bomba centrifuga de trasvase, en polipropileno, acero inoxidable 304 o similar.  1/2 HP 1F 110/230V, Marca Altamira, Grundfos, Goulds o similar. Succión y descarga de 1”NPT (pedrolo)","Bomba centrifuga de trasvase, en polipropileno, acero inoxidable 304 o similar.  1/2 HP 1F 110/230V, Marca Altamira, Grundfos, Goulds o similar. Succión y descarga de 1”NPT (pedrolo)",1.0,10871.0
SO6006,2024-05-29,"Nalco de Mexico SA. de .CV, Eugenio Olivares",SERVICIOS FTS,117968.52,"Suministro e instalación de tubería para conexión de CIP a Osmosis  •	Materiales  -	4 bridas de 150 lbs en PVC cedula 80 pagables de 3"" -	3 tee en cedula 80 de 3"" -	12 codo en cedula 80 de 3"" -	4 coples en cedula 80 de 3"" -	30 metros de tubería PVC cedula 80 de 3"" -	Se incluye insumos necesarios para la fijación de la tubería",Suministro e instalación de tubería para conexión de CIP a Osmosis,1.0,40830.0
SO6006,2024-05-29,"Nalco de Mexico SA. de .CV, Eugenio Olivares",SERVICIOS FTS,117968.52,"Suministro e instalación de tubería para conexión de retorno a CIP rechazo osmosis  •	Materiales  -	2 bridas de 150 lbs en PVC cedula 80 pagables de 1” 1/2” -	1 tee en cedula 80 de 1” 1/2"" -	1 coples en cedula 80 de 1” ½ -	3 codos en cedula 80 de 1” ½ -	1 reducción bushing en cedula 80 de 3” a 1” 1/2"" -	4 metros de tubería PVC cedula 80 de 1” 1/2"" -	6 codo en cedula 80 de 3"" -	2 bridas de 150 lbs en PVC cedula 80 pagables de 3"" -	1 tee en cedula 80 de 3"" -	10 metros de tubería PVC cedula 80 de 3"" -	Se incluye insumos necesarios para la fijación de la tubería",Suministro e instalación de tubería para conexión de retorno a CIP rechazo osmosis,1.0,29670.0
SO6006,2024-05-29,"Nalco de Mexico SA. de .CV, Eugenio Olivares",SERVICIOS FTS,117968.52,"Suministro e instalación de tubería para conexión de retorno a CPI permeado  •	Materiales  -	5 codos en cedula 80 de 3/4"" -	1 tee en cedula 80 de 3/4"" -	12 metros de tubería PVC cedula 80 de 3/4"" -	2 coples en cedula 80 de 3/4"" -	2 válvulas check doble unión de de PVC cedula 80 de 3/4” -	Se incluye insumos necesarios para la fijación de la tubería",Suministro e instalación de tubería para conexión de retorno a CPI permeado,1.0,15910.0
SO6006,2024-05-29,"Nalco de Mexico SA. de .CV, Eugenio Olivares",SERVICIOS FTS,117968.52,"Suministro e instalación de tubería para conexión de skid de bombas a alimentación principal de osmosis  •	Materiales  -	4 bridas de 150 lbs en PVC cedula 80 pagables de 1” 1/2"" -	4 en cedula 80 de 1” 1/2"" -	2 niples roscados cedula 80 1 1/2 -	1 codo en cedula 80 de 3"" -	2 tee en cedula 80 de 3"" -	3 reducción bushing en cedula 80 de 3” a 1” 1/2""",Suministro e instalación de tubería para conexión de skid de bombas a alimentación principal de osmosis,1.0,15287.0
SO6068,2024-05-27,"MONDELEZ MEXICO, Erasto Ramirez Meza",SERVICIOS FTS,140119.88,"Mantenimiento a equipo de Aire Acondicionado tipo Minisplits en oficina de aduana ubicado a altura de techo, considerando dos evaporador por equipo, condensadora doble ubicado en techo exterior de oficinas a una altura aproximada de 6 metros, se requiere uso de equipo de elevación articulado para la actividad  •	Actividades incluidas:  - Limpieza a serpentines de condensadoras - Limpieza de filtros - Revisión de blowers, turbinas y sistemas de movimiento de aire. - Revisión de circuito de refrigeración - Reapriete a tornillería de fuerza y de control eléctrico dentro de las unidades.","Mantenimiento a equipo de Aire Acondicionado tipo Minisplits en oficina de aduana ubicado a altura de techo, considerando dos evaporador por equipo, condensadora doble ubicado en techo exterior de oficinas a una altura aproximada de 6 metros, se requiere uso de equipo de elevación articulado para la actividad",3.0,76734.0
SO6068,2024-05-27,"MONDELEZ MEXICO, Erasto Ramirez Meza",SERVICIOS FTS,140119.88,"Servicio de instalación de línea de vida a nivel del techo, de viga a viga, bien tensado, fabricada en cable acerado galvanizado de 1/2 “, se consideran todos los insumos para su correcta colocación, se considera el uso de equipo de elevación","Servicio de instalación de línea de vida a nivel del techo, de viga a viga, bien tensado, fabricada en cable acerado galvanizado de 1/2 “, se consideran todos los insumos ara su correcta colocación, se considera el uso de quipo de elevación",1.0,44059.0
SO6015,2024-05-24,MONDELEZ MEXICO,SERVICIOS FTS,377000.0,Matenimiento y Calibracion de rayos X de Linea 6  Serie: - 4660292359 - 4660292341 - 4660292344 - 4660292347 - 4660292365   OBSERVACION:   - INCLUYE MANO DE OBRA  -HERRAMIENTAS - REFACCIONES NECESARIAS,Matenimiento y Calibracion de rayos X de Linea 6,1.0,325000.0
SO6014,2024-05-24,MONDELEZ MEXICO,SERVICIOS FTS,377000.0,Mantenimiento y Calibracion de rayos X de Linea 9  Serie: - 4660292359 - 4660292341 - 4660292344 - 4660292347 - 4660292365   OBSERVACION:   - INCLUYE MANO DE OBRA  -HERRAMIENTAS - REFACCIONES NECESARIAS,Mantenimiento y Calibracion de rayos X de Linea 9,1.0,325000.0
SO5998,2024-05-23,Mondelez Global LLC,FTS FULL TECHNOLOGY SYSTEMS LLC,22800.0,"Annual Maintenance Services for Cooling Tower in Mondelez, Portland Oregon.",Annual Maintenance Services for Cooling Tower,1.0,22800.0
SO6042,2024-05-22,MONDELEZ MEXICO,SERVICIOS FTS,246731.79,CLIMA/4000W/SK3188.940/RITTAL,CLIMA/4000W/SK3188.940/RITTAL,1.0,212699.82
SO6008,2024-05-22,Ing. Palomares,SERVICIOS FTS,345600.0,Automatizacion,Fabricacion de plataforma automática para alberca (CONCEPTO DE AUTOMATIZACION),1.0,160000.0
SO6008,2024-05-22,Ing. Palomares,SERVICIOS FTS,345600.0,Estructura,Fabricacion de plataforma automática para alberca (CONCEPTO DE AUTOMATIZACION),1.0,160000.0
SO6008,2024-05-22,Ing. Palomares,SERVICIOS FTS,345600.0,Descuento,Descuento,1.0,-25600.0
SO5990,2024-05-21,"British American Tobacco Mexico S.A. de C.V., Tania Garcia",SERVICIOS FTS,11507.2,1 lampara de emergencia modelo 12PTLEDR65MVB,1 lampara de emergencia modelo 12PTLEDR65MVB,20.0,6620.0
SO5990,2024-05-21,"British American Tobacco Mexico S.A. de C.V., Tania Garcia",SERVICIOS FTS,11507.2,Batería recargable Li-Po 400 mAh 3.7VCC,Batería recargable Li-Po 400 mAh 3.7VCC,20.0,3300.0
SO6030,2024-05-20,MONDELEZ MEXICO,SERVICIOS FTS,58696.0,Mantenimiento a equipo de Aire Acondicionado tipo Piso/Techo en Site ubicado a raz de piso,Mantenimiento a equipo de Aire Acondicionado tipo Piso/Techo en Site ubicado a raz de piso,1.0,9800.0
SO6030,2024-05-20,MONDELEZ MEXICO,SERVICIOS FTS,58696.0,Mantenimiento a equipo de Aire Acondicionado tipo Piso/Techo en Site ubicado a altura de techo,Mantenimiento a equipo de Aire Acondicionado tipo Piso/Techo en Site ubicado a altura de techo,1.0,9800.0
SO6030,2024-05-20,MONDELEZ MEXICO,SERVICIOS FTS,58696.0,Mantenimiento de Deshumidificador marca gForce ubicado en site de Mondelez Salinas,Mantenimiento de Deshumidificador marca gForce ubicado en site de Mondelez Salinas,1.0,31000.0
SO5933,2024-05-20,"Nalco de Mexico SA. de .CV, Nerit Mcgregor",SERVICIOS FTS,1064.88,"Tee de 2"" C80","Tee de 2""",1.0,615.0
SO5933,2024-05-20,"Nalco de Mexico SA. de .CV, Nerit Mcgregor",SERVICIOS FTS,1064.88,"Reducción de 2"" a 1 1/2"" C80","Reducción de 2"" a 1 1/2""",1.0,303.0
SO5957,2024-05-15,MONDELEZ MEXICO,SERVICIOS FTS,377000.0,"Matenimiento y ajuste de rayos X de Linea 10   Serie: 1436568530020, 1436568530030 , 1436568530040 y 1436568530050 OBSERVACION:   - INCLUYE MANO DE OBRA  -HERRAMIENTAS - REFACCIONES NECESARIAS",Matenimiento y ajuste de rayos X de Linea 10,5.0,325000.0
SO5948,2024-05-15,MONDELEZ MEXICO,SERVICIOS FTS,226200.0,"Matenimiento y ajuste de rayos X de Linea 2  Serie:  E2345, E2346 , E42347  Marca:  Eagle  OBSERVACION: - INCLUYE MANO DE OBRA -HERRAMIENTAS - REFACCIONES NECESARIAS.",Matenimiento y ajuste de rayos X de Linea 2,3.0,195000.0
SO5780,2024-05-15,MONDELEZ MEXICO,SERVICIOS FTS,301600.0,"Matenimiento y ajuste de rayos X de Linea 3   Serie: 4400000066, 4400000065, 4400000064, 4400000063 y 4400000062  OBSERVACION:   - INCLUYE MANO DE OBRA  -HERRAMIENTAS - REFACCIONES NECESARIAS",Matenimiento y ajuste de rayos X de Linea 3,1.0,260000.0
SO6001,2024-05-13,Mondelez Global LLC,FTS FULL TECHNOLOGY SYSTEMS LLC,6200.0,Service of PVC insulation of steam pipes in industrial Dehumidifier    Inludes: -QTY 6 mts of PVC insulation for steam pipes. 2 inches. We are considering to use the current installed yellow insulation for hot surfaes over 3000 F. (Just changing the PVC with new material) -  QTY1 air Filter change in the 5th floor area. - QTY 1 filter supply additional for munters dehumidifier,[USA] Service of PVC insulation of steam pipes in industrial Dehumidifier  Inludes: -6 mts of PVC insulation for steam pipes. - 1 Filter change in the 5th floor area ' 1 filter supply additional for munters dehumidifier,1.0,6200.0
SO5989,2024-05-12,"Nalco de Mexico SA. de .CV, Fernando Guzman",SERVICIOS FTS,44240.21,"Revisión al sistema de control de ultrafiltración  •	Características Principales:  -	Inspección exhaustiva: se realiza una evaluación detallada de todos los aspectos del sistema de control de ultrafiltración, desde la integridad de las membranas hasta la eficacia de los dispositivos de monitoreo y regulación. -	Análisis de rendimiento: Utilizamos herramientas avanzadas para analizar el rendimiento actual del sistema y detectar cualquier anomalía o área de mejora. -	Optimización de parámetros: Ajustamos los parámetros de operación según las especificaciones del fabricante y las necesidades específicas de tu proceso, maximizando así la eficiencia y la calidad del filtrado. -	Identificación de mejoras: Proponemos soluciones innovadoras y mejoras tecnológicas para aumentar la fiabilidad y la productividad del sistema a largo plazo.",Revisión al sistema de control de ultrafiltración,1.0,38138.11
SO5962,2024-05-09,Mondelez Global LLC,FTS FULL TECHNOLOGY SYSTEMS LLC,9980.0,Maintenance and Diagnosis for Munters Industrial Dehumidifier,Maintenance and Diagnosis for Munters Industrial Dehumidifier,1.0,9000.0
SO5962,2024-05-09,Mondelez Global LLC,FTS FULL TECHNOLOGY SYSTEMS LLC,9980.0,Instalation and replacement of  thermocuple type j with Electronic transducer 4/20 ma or 0 to 10 volts.,[USA] Instalation and replacement of  thermocuple type j with Electronic transducer 4/20 ma or 0 to 10 volts.,1.0,980.0
SO5997,2024-05-07,"Nalco de Mexico SA. de .CV, Eugenio Olivares",SERVICIOS FTS,6496.0,Traslado de equipos de apodaca a planta de stellantis,Traslado de equipos de apodaca a planta de stellantis,1.0,5600.0
SO5960,2024-05-07,Mondelez Global LLC,FTS FULL TECHNOLOGY SYSTEMS LLC,4980.0,Ventilation and HVAC Assessment for Mixing area in Portland Facility Activities: - Assessment in site with Thermal camera and Anemometer.  Deliverables: - Digital report of assesment inluding equipment recomendations.,Ventilation and HVAC Assessment for Mixing area in Portland Facility,1.0,4980.0
SO5922,2024-05-06,MONDELEZ MEXICO,SERVICIOS FTS,377000.0,Matenimiento y Calibracion de rayos X de Linea 13   Serie: - 4460000047 - 4660292362 - 4660292356 - 4600272321 - 4600272310   OBSERVACION:   - INCLUYE MANO DE OBRA  -HERRAMIENTAS - REFACCIONES NECESARIAS,Matenimiento y ajuste de rayos X de Linea 13,5.0,325000.0
SO5921,2024-05-06,MONDELEZ MEXICO,SERVICIOS FTS,377000.0,"Matenimiento y ajuste de rayos X de Linea 7 y Linea 5    Serie:   E214302, E214301, E210201,  E210202,  E210203    Marca:  Eagle    OBSERVACION: - INCLUYE MANO DE OBRA      -HERRAMIENTAS                        - REFACCIONES NECESARIAS","Matenimiento y ajuste de rayos X de Linea 7 y Linea 5  Serie:  E214302, E214301, E210201,  E210202, E210203  Marca:  Eagle  OBSERVACION: - INCLUYE MANO DE OBRA -HERRAMIENTAS - REFACCIONES NECESARIAS",1.0,325000.0
SO5906,2024-05-06,"British American Tobacco Mexico S.A. de C.V., Miguel Rios",SERVICIOS FTS,10740.44,LAMPARA FLUORESCENTE TL5 14W 865,LAMPARA FLUORESCENTE TL5 14W 865,10.0,2650.0
SO5906,2024-05-06,"British American Tobacco Mexico S.A. de C.V., Miguel Rios",SERVICIOS FTS,10740.44,LAMPARA MODEL FP18C300-18S,LAMPARA MODEL FP18C300-18S,4.0,4320.0
SO5906,2024-05-06,"British American Tobacco Mexico S.A. de C.V., Miguel Rios",SERVICIOS FTS,10740.44,Foco ahorrador LED,Foco ahorrador LED,10.0,1760.0
SO5906,2024-05-06,"British American Tobacco Mexico S.A. de C.V., Miguel Rios",SERVICIOS FTS,10740.44,balastro modelo Empotrado Good Will led redondo 15w bf (21635),balastro modelo Empotrado Good Will led redondo 15w bf (21635),1.0,529.0
SO5985,2024-05-03,"Nalco de Mexico SA. de .CV, Jesus Corona",SERVICIOS FTS,42892.16,"Servicio de limpieza a torre de enfriamiento en AGP eGlass  -	Limpieza en interior de torre de enfriamiento, lavado a paredes con Hidro lavadora, en caso de requerir químico para desincrustado, este lo proporciona Nalco -	Limpieza a aspas y motor de ventilador de recirculación de aire, no se incluye ninguna refacción, ni mantenimiento a ninguna de sus partes, solo limpieza general y en caso de observar alguna anomalía en su funcionamiento se realiza el reporte correspondiente  -	Limpieza y destapado de tren de es preas, retiro para destapado y limpieza  -	Limpieza en filtros de entrada en caso de ser lavables, no se considera el repuesto, solo limpieza y lavado en caso que si sean lavables -	Limpieza a relleno laminar para desincrustado, se evalúa si soporta lavado con hidro lavadora o requiere remojado en químico desincrustado, en caso de requerir químico este lo suministra Nalco",Servicio de limpieza a torre de enfriamiento en AGP eGlass,1.0,36976.0
SO5984,2024-05-02,Mondelez Global LLC,FTS FULL TECHNOLOGY SYSTEMS LLC,2500.0,Compressor Danfoss MTZ36JG4BVE,Compressor Danfoss MTZ36JG4BVE,1.0,2500.0
SO5946,2024-04-30,Nalco de Mexico SA. de .CV,SERVICIOS FTS,2088.0,"SUMINISTRO DE MATERIAL PVC CED 80  Incluye: - (1 ) reducción. Bushing 2"" a 1/2"" CED 80 - Flete express",SUMINISTRO DE MATERIAL PVC CED 80,1.0,1800.0
SO5904,2024-04-30,"Nalco de Mexico SA. de .CV, Nerit Mcgregor",SERVICIOS FTS,6145.68,PLAYERA TIPO POLO ML UNITAM 50P/50A CAB-AZUL MARINO,"CAMISA DE MEZCLILLA INDUSTRIAL DE 8oz. ,MANGA LARGA COLOR AZUL INDIGO,INCLUYE BORDADO AL FRENTE IZQUIERDO,TALLAS DE LA CH A XL.",3.0,2088.0
SO5904,2024-04-30,"Nalco de Mexico SA. de .CV, Nerit Mcgregor",SERVICIOS FTS,6145.68,CAMISA LINEA EJEC ML CUADRO MANHATTAN 50A/50P MARINO/BLANCO,Delet,3.0,2280.0
SO5904,2024-04-30,"Nalco de Mexico SA. de .CV, Nerit Mcgregor",SERVICIOS FTS,6145.68,CHALECO RESCATISTA GAB 65%POL/35%ALG-NARANJA,CHALECO RESCATISTA GAB 65%POL/35%ALG-NARANJA,1.0,930.0
SO5918,2024-04-29,"Nalco de Mexico SA. de .CV, Nerit Mcgregor",SERVICIOS FTS,11167.32,TIJERA ACERO INOXIDABLE NO. 6   3M,TIJERA ACERO INOXIDABLE NO. 6   3M,2.0,170.0
SO5918,2024-04-29,"Nalco de Mexico SA. de .CV, Nerit Mcgregor",SERVICIOS FTS,11167.32,CALCULADORA  PRINTAFORM 12 DIG. 1380,CALCULADORA  PRINTAFORM 12 DIG. 1380,2.0,1254.0
SO5918,2024-04-29,"Nalco de Mexico SA. de .CV, Nerit Mcgregor",SERVICIOS FTS,11167.32,TABLA FRIBACEL CARTA   BACO,TABLA FRIBACEL CARTA   BACO,2.0,316.0
SO5918,2024-04-29,"Nalco de Mexico SA. de .CV, Nerit Mcgregor",SERVICIOS FTS,11167.32,ROLLO DE CONTAC COVER 20 MT.,ROLLO DE CONTAC COVER 20 MT.,1.0,510.0
SO5918,2024-04-29,"Nalco de Mexico SA. de .CV, Nerit Mcgregor",SERVICIOS FTS,11167.32,CLIP STANDARD NO. 1 C/100 BACO,CLIP STANDARD NO. 1 C/100 BACO,1.0,24.0
SO5918,2024-04-29,"Nalco de Mexico SA. de .CV, Nerit Mcgregor",SERVICIOS FTS,11167.32,DESENGRAPADOR BACO,DESENGRAPADOR BACO,1.0,49.0
SO5918,2024-04-29,"Nalco de Mexico SA. de .CV, Nerit Mcgregor",SERVICIOS FTS,11167.32,MARCADOR EXPO  PARA PIZARRON EST. /4,MARCADOR EXPO  PARA PIZARRON EST. /4,1.0,191.0
SO5918,2024-04-29,"Nalco de Mexico SA. de .CV, Nerit Mcgregor",SERVICIOS FTS,11167.32,NAVAJA RETRACTIL GRUESO CON GUIA 123,NAVAJA RETRACTIL GRUESO CON GUIA 123,1.0,83.0
SO5918,2024-04-29,"Nalco de Mexico SA. de .CV, Nerit Mcgregor",SERVICIOS FTS,11167.32,PAPEL CARTA VERDE  93 % BLANCURA PAQ/500,PAPEL CARTA VERDE  93 % BLANCURA PAQ/500,5.0,1125.0
SO5918,2024-04-29,"Nalco de Mexico SA. de .CV, Nerit Mcgregor",SERVICIOS FTS,11167.32,LAPICERO TINKY BIC   0.5,LAPICERO TINKY BIC   0.5,12.0,336.0
SO5918,2024-04-29,"Nalco de Mexico SA. de .CV, Nerit Mcgregor",SERVICIOS FTS,11167.32,JARRA FERPLAST 2L,JARRA FERPLAST 2L,1.0,94.0
SO5918,2024-04-29,"Nalco de Mexico SA. de .CV, Nerit Mcgregor",SERVICIOS FTS,11167.32,ESCOBA ABANICO MEDIANA,ESCOBA ABANICO MEDIANA,10.0,1320.0
SO5918,2024-04-29,"Nalco de Mexico SA. de .CV, Nerit Mcgregor",SERVICIOS FTS,11167.32,TRAPEADOR HILAZA,TRAPEADOR HILAZA,10.0,1760.0
SO5918,2024-04-29,"Nalco de Mexico SA. de .CV, Nerit Mcgregor",SERVICIOS FTS,11167.32,RECOGEDOR METALICO GRANDE,RECOGEDOR METALICO GRANDE,5.0,815.0
SO5918,2024-04-29,"Nalco de Mexico SA. de .CV, Nerit Mcgregor",SERVICIOS FTS,11167.32,SHAMPOO MANOS 1L,SHAMPOO MANOS 1L,5.0,305.0
SO5918,2024-04-29,"Nalco de Mexico SA. de .CV, Nerit Mcgregor",SERVICIOS FTS,11167.32,GEL ANTIBACTERIAL 1L,GEL ANTIBACTERIAL 1L,5.0,895.0
SO5918,2024-04-29,"Nalco de Mexico SA. de .CV, Nerit Mcgregor",SERVICIOS FTS,11167.32,ENVASE 500 ML CTAPA,ENVASE 500 ML CTAPA,15.0,210.0
SO5918,2024-04-29,"Nalco de Mexico SA. de .CV, Nerit Mcgregor",SERVICIOS FTS,11167.32,ENVASE 1L CTAPA,ENVASE 1L CTAPA,10.0,170.0
SO5705,2024-04-24,Nalco de Mexico SA. de .CV,SERVICIOS FTS,46974.2,Suministró e instalación de cuello de garza en tubería de rechazo para mantener inundad tubería en sistema de osmosis y cambio por daño de 2 tuercas unión en agua permeada de osmosis,Suministró e instalación de cuello de garza en tubería de rechazo para mantener inundad tubería en sistema de osmosis y cambio por daño de 2 tuercas unión en agua permeada de osmosis,1.0,40495.0
SO5911,2024-04-23,"Nalco de Mexico SA. de .CV, Nerit Mcgregor",SERVICIOS FTS,5143.44,"codo 90 x 2"" CEM PC C80","codo 90 x 2"" CEM PC C80",2.0,352.0
SO5911,2024-04-23,"Nalco de Mexico SA. de .CV, Nerit Mcgregor",SERVICIOS FTS,5143.44,"TEE 2"" CEM PVC C80","TEE 2"" CEM PVC C80",1.0,615.0
SO5911,2024-04-23,"Nalco de Mexico SA. de .CV, Nerit Mcgregor",SERVICIOS FTS,5143.44,"RED BUSH 2X 1/2"" CEM PVC C80","RED BUSH 2X 1/2"" CEM PVC C80",1.0,243.0
SO5911,2024-04-23,"Nalco de Mexico SA. de .CV, Nerit Mcgregor",SERVICIOS FTS,5143.44,"TUERCA UNION 2""CEM PVC C80","TUERCA UNION 2""CEM PVC C80",2.0,1572.0
SO5911,2024-04-23,"Nalco de Mexico SA. de .CV, Nerit Mcgregor",SERVICIOS FTS,5143.44,PISTOLA DE SILICON INDUSTRIAL,PISTOLA DE SILICON INDUSTRIAL,1.0,413.0
SO5911,2024-04-23,"Nalco de Mexico SA. de .CV, Nerit Mcgregor",SERVICIOS FTS,5143.44,BARRA DE SILICON,BARRA DE SILICON,3.0,1239.0
SO5887,2024-04-23,MONDELEZ MEXICO,SERVICIOS FTS,301600.0,Mantenimiento y Calibracion de rayos X de Linea 3,Mantenimiento y Calibracion de rayos X de Linea 3,1.0,260000.0
SO5886,2024-04-23,MONDELEZ MEXICO,SERVICIOS FTS,377000.0,"Matenimiento y ajuste de rayos X de Linea 14     Serie:  4400000066,  4400000065,  4400000064,  4400000063 y  4400000062     OBSERVACION:  - INCLUYE MANO DE OBRA  -HERRAMIENTAS  - REFACCIONES NECESARIAS","Matenimiento y ajuste de rayos X de Linea 14   Serie:  4400000066, 4400000065, 4400000064, 4400000063 y 4400000062   OBSERVACION: - INCLUYE MANO DE OBRA -HERRAMIENTAS - REFACCIONES NECESARIAS",1.0,325000.0
SO5912,2024-04-22,"British American Tobacco Mexico S.A. de C.V., Tania Garcia",SERVICIOS FTS,16342.66,Paquete de trampas adhesivas para moscas,trampas adhesivas para moscas,1.0,3809.5
SO5912,2024-04-22,"British American Tobacco Mexico S.A. de C.V., Tania Garcia",SERVICIOS FTS,16342.66,MANGUERA LED MODELO WMA-006 2835 ROLLO 25M 100W 127VCA EXTERIOR IP65 BLANCO FRIO 6500K,MANGUERA LED MODELO WMA-006,5.0,7220.0
SO5912,2024-04-22,"British American Tobacco Mexico S.A. de C.V., Tania Garcia",SERVICIOS FTS,16342.66,Extension de inyector flexible de grasa rosca estandar 3/8,Extension de inyector flexible de grasa rosca estandar 3/8,1.0,579.0
SO5912,2024-04-22,"British American Tobacco Mexico S.A. de C.V., Tania Garcia",SERVICIOS FTS,16342.66,Tope de puerta phillips mod. 54,Tope de puerta phillips mod. 54,10.0,2480.0
SO5903,2024-04-19,"Nalco de Mexico SA. de .CV, Nerit Mcgregor",SERVICIOS FTS,73741.2,BOTA INDUSTRIAL RDX RIVERLINE,"BORCEGUI MICROFIBRA NEGRO,SUELA ANTIDERRAPANTE,CASCO POLIAMIDA,ZAPATO DIELECTRICO.TALLAS DE LA 5 A LA 10",15.0,13950.0
SO5903,2024-04-19,"Nalco de Mexico SA. de .CV, Nerit Mcgregor",SERVICIOS FTS,73741.2,CHALECO RESCATISTA GAB 65%POL/35%ALG-NARANJA,"CHALECO BRIGADISTA COLOR A ELEGIR UNITALLA,INCLUYE UN LOGOTIPO BORDADO AL FRENTE IZQUIERDO",15.0,49620.0
SO5902,2024-04-19,"Nalco de Mexico SA. de .CV, Nerit Mcgregor",SERVICIOS FTS,57054.6,BLUSA LINEA EJEC ML CUADRO MANHATTAN 50A/50P MARINO/BLANCO CH,"CAMISA DE MEZCLILLA INDUSTRIAL DE 8oz. ,MANGA LARGA COLOR AZUL INDIGO,INCLUYE BORDADO AL FRENTE IZQUIERDO,TALLAS DE LA CH A XL.",12.0,13116.0
SO5902,2024-04-19,"Nalco de Mexico SA. de .CV, Nerit Mcgregor",SERVICIOS FTS,57054.6,CAMISA LINEA EJEC ML CUADRO MANHATTAN 50A/50P MARINO/BLANCO,Delet,33.0,36069.0
SO5901,2024-04-19,"Nalco de Mexico SA. de .CV, Nerit Mcgregor",SERVICIOS FTS,43663.56,PANT MEZCLILLA STRETCH DAMA-AZUL PRELAVADO,"PANTALON DE MEZCLILLA CABALLERO DE 14oz.,PRELAVADO COLOR AZUL INDIGO.INCLUYE UN LOGOTIPO BORDADO EN PIERNA,TALLAS DE LA 28 A 42",12.0,12528.0
SO5901,2024-04-19,"Nalco de Mexico SA. de .CV, Nerit Mcgregor",SERVICIOS FTS,43663.56,PANT VAQUERO MEZCLILLA AZUL PRELAVADO,PANT VAQUERO MEZCLILLA AZUL PRELAVADO,33.0,25113.0
SO5809,2024-04-19,"Nalco de Mexico SA. de .CV, Eugenio Olivares",SERVICIOS FTS,114840.0,"Suministro e instalación de silleta catalogo 2193, Feeder con Circuit Breiker de 125 Ampers, Lugs Supplied: Std Mech/Lug Pads, 1/0 AWG Size Wire, 1 Cables per Phase, unidad de  1 espacio de factor, marca ALLEN BRADLEY, numero de orden 6504501056 item 400, Enclosure Type: 1G - with Gasketed Doors, Section Depth: Front Mounted, 15"" Deep, Section Height: 90"" High","Suministro e instalación de silleta catalogo 2193, Feeder con Circuit Breiker de 125 Ampers, Lugs Supplied: Std Mech/Lug Pads, 1/0 AWG Size Wire, 1 Cables per Phase, unidad de  1 espacio de factor, marca ALLEN BRADLEY, numero de orden 6504501056 item 400, Enclosure Type: 1G - with Gasketed Doors, Section Depth: Front Mounted, 15"" Deep, Section Height: 90"" High",1.0,99000.0
SO5789,2024-04-19,"Nalco de Mexico SA. de .CV, Eugenio Olivares",SERVICIOS FTS,762342.72,"Instalación de cableado de fuerza principal de MMC hacia Osmosis  -	Cableado de fuerza en calibre 1/0, 3 fases, 1 tierra 110 metros aproximadamente de instalación lineal, se considera utilizar tubería existente de tablero MCC a llegar al cuarto de osmosis, y se considera llevar el cableado por la charola existente, se considera 6 metros de tubería de 2 1 /2"" para llegar de la charola al tablero nuevo de osmosis",Instalación de cableado de fuerza principal de MMC hacia Osmosis,1.0,171200.0
SO5789,2024-04-19,"Nalco de Mexico SA. de .CV, Eugenio Olivares",SERVICIOS FTS,762342.72,"Instalación de cableado de fuerza de tablero de Osmosis hacia skid de bombas  -	Cableado de fuerza en calibre 10, 3 fases, 1 tierra por bomba, 70 metros aproximadamente de instalación lineal, se considera la alimentación de 2 bombas, se lleva el cableado por la charola existente, se considera 12 metros de tubería de 1 1 /2"" para llegar de la charola al tablero y de charola a bombas",Instalación de cableado de fuerza de tablero de Osmosis hacia skid de bombas,1.0,67013.0
SO5789,2024-04-19,"Nalco de Mexico SA. de .CV, Eugenio Olivares",SERVICIOS FTS,762342.72,"Tubería de PVC cedula 80 para alimentar osmosis desde skid nuevo  -	Instalación de 80 metros de tubería en cedula 80 de 3” desde skid nuevo hacia osmosis -	Fabricación e instalación de 6 soportes aproximadamente de tipo T, fabricados en acero al carbón con PTR de 2 x 2 y ángulo de 2 x 2 para instalación de tubería -	Fabricación e instalación de 6 soportes aproximadamente de tipo escuadra, fabricados en acero al carbón con ángulo de 2” para instalación de tubería",Tubería de PVC cedula 80 para alimentar osmosis desde skid nuevo,1.0,112147.0
SO5789,2024-04-19,"Nalco de Mexico SA. de .CV, Eugenio Olivares",SERVICIOS FTS,762342.72,"Tubería de PVC cedula 80 para agua permeada  -	Instalación de 150 metros de tubería en cedula 80 de 2” desde osmosis hacia tanque de agua permeada -	Fabricación e instalación de 3 soportes aproximadamente de tipo T, fabricados en acero al carbón con PTR de 2 x 2 y ángulo de 2 x 2 para instalación de tubería -	Fabricación e instalación de 3 soportes aproximadamente de tipo escuadra, fabricados en acero al carbón con ángulo de 2” para instalación de tubería",Tubería de PVC cedula 80 para agua permeada,1.0,80956.0
SO5789,2024-04-19,"Nalco de Mexico SA. de .CV, Eugenio Olivares",SERVICIOS FTS,762342.72,"Tubería de PVC cedula 80 para agua de rechazo  -	Instalación de 150 metros de tubería en cedula 80 de 1 1/2” desde osmosis hacia tanque de agua de rechazo -	Fabricación e instalación de 3 soportes aproximadamente de tipo T, fabricados en acero al carbón con PTR de 2 x 2 y ángulo de 2 x 2 para instalación de tubería -	Fabricación e instalación de 3 soportes aproximadamente de tipo escuadra, fabricados en acero al carbón con ángulo de 2” para instalación de tubería",Tubería de PVC cedula 80 para agua de rechazo,1.0,70375.0
SO5789,2024-04-19,"Nalco de Mexico SA. de .CV, Eugenio Olivares",SERVICIOS FTS,762342.72,"Armado e instalación de skid de bombas  -	Fabricación de 1 base metálica para bombas a una altura de entre 16 a 20 cm con una dimensión de 100 cm x 60 cm, fabricada en acero al carbón pintada -	Instalación de bomba verticales en base metálica (Bombas suministradas por cliente) -	Suministro e instalación de 6 válvulas mariposa para brida en pvc cedula 80 de 3″ -	Suministro e instalación de 14 bridas de 150 lbs en PVC cedula 80 pagables -	Suministro e instalación de 2 Válvulas check cuerpo fierro interior inoxidable de 3″ -	Suministro e instalación de tubería de 3"" pagable en PVC cedula 80 para unión de bombas a tanque y ramal existente, se consideran los insumos necesarios -	Reubicación de válvula eléctrica actual, se considera el cambio de servicios, aire, luz y los insumos para su correcta colocación -	12 metros aproximadamente de instalación de tubería conduit pared gruesa de 1 1/2"" de tablero eléctrico de osmosis hacia bombas  -	Suministro e instalación de 100 metros de cable calibre 12 negro para alimentación de 2 bombas -	Suministro e instalación de 32 metros de cable calibre 12 verde",Armado e instalación de skid de bombas,1.0,155501.0
SO5897,2024-04-17,"Nalco de Mexico SA. de .CV, Nerit Mcgregor",SERVICIOS FTS,41029.2,"CAMISA DE MEZCLILLA INDUSTRIAL DE 8oz. ,MANGA LARGA COLOR AZUL INDIGO,INCLUYE BORDADO AL FRENTE IZQUIERDO,TALLAS DE LA CH A XL.","CAMISA DE MEZCLILLA INDUSTRIAL DE 8oz. ,MANGA LARGA COLOR AZUL INDIGO,INCLUYE BORDADO AL FRENTE IZQUIERDO,TALLAS DE LA CH A XL.",45.0,35370.0
SO5897,2024-04-17,"Nalco de Mexico SA. de .CV, Nerit Mcgregor",SERVICIOS FTS,41029.2,ESTE CONCEPTO SE ELIMINA,Delet,0,0
SO5896,2024-04-17,"Nalco de Mexico SA. de .CV, Nerit Mcgregor",SERVICIOS FTS,38001.6,"CAMISA DE MEZCLILLA INDUSTRIAL DE 8oz. ,MANGA LARGA COLOR AZUL INDIGO,INCLUYE BORDADO AL FRENTE IZQUIERDO,TALLAS DE LA CH A XL.","PANTALON DE MEZCLILLA CABALLERO DE 14oz.,PRELAVADO COLOR AZUL INDIGO.INCLUYE UN LOGOTIPO BORDADO EN PIERNA,TALLAS DE LA 28 A 42",45.0,32760.0
SO5896,2024-04-17,"Nalco de Mexico SA. de .CV, Nerit Mcgregor",SERVICIOS FTS,38001.6,ESTE CONCEPTO SE ELIMINA,PANT VAQUERO MEZCLILLA AZUL PRELAVADO,0,0
SO5895,2024-04-17,"Nalco de Mexico SA. de .CV, Nerit Mcgregor",SERVICIOS FTS,10372.72,"Codos de 2""","codos de 2""",2.0,152.0
SO5895,2024-04-17,"Nalco de Mexico SA. de .CV, Nerit Mcgregor",SERVICIOS FTS,10372.72,"Tee de 2""","Tee de 2""",1.0,81.0
SO5895,2024-04-17,"Nalco de Mexico SA. de .CV, Nerit Mcgregor",SERVICIOS FTS,10372.72,"Reducción de 2"" a 1/2""","Reducción de 2"" a 1/2""",1.0,45.0
SO5895,2024-04-17,"Nalco de Mexico SA. de .CV, Nerit Mcgregor",SERVICIOS FTS,10372.72,"Tuercas unión de 2""","Tuercas unión de 2""",2.0,1050.0
SO5895,2024-04-17,"Nalco de Mexico SA. de .CV, Nerit Mcgregor",SERVICIOS FTS,10372.72,Conectores macho roscado de 1/2,Conectores macho roscado de 1/2,5.0,45.0
SO5895,2024-04-17,"Nalco de Mexico SA. de .CV, Nerit Mcgregor",SERVICIOS FTS,10372.72,Codos de 1/2,codos de 1/2,25.0,275.0
SO5895,2024-04-17,"Nalco de Mexico SA. de .CV, Nerit Mcgregor",SERVICIOS FTS,10372.72,tuercas unión de 1/2,tuercas unión de 1/2,4.0,408.0
SO5895,2024-04-17,"Nalco de Mexico SA. de .CV, Nerit Mcgregor",SERVICIOS FTS,10372.72,Tee de 1 1/2,Tee de 1 1/2,1.0,13.0
SO5895,2024-04-17,"Nalco de Mexico SA. de .CV, Nerit Mcgregor",SERVICIOS FTS,10372.72,Conectores hembras de 1 1/2,Conectores hembras de 1 1/2,5.0,140.0
SO5895,2024-04-17,"Nalco de Mexico SA. de .CV, Nerit Mcgregor",SERVICIOS FTS,10372.72,Valvulas de 1 1/2,valvulas de 1 1/2,3.0,987.0
SO5895,2024-04-17,"Nalco de Mexico SA. de .CV, Nerit Mcgregor",SERVICIOS FTS,10372.72,Tramos de 1 1/2,tramos de 1 1/2,5.0,2245.0
SO5895,2024-04-17,"Nalco de Mexico SA. de .CV, Nerit Mcgregor",SERVICIOS FTS,10372.72,Tramos de tubería de 1/2,tramos de tubería de 1/2,5.0,745.0
SO5895,2024-04-17,"Nalco de Mexico SA. de .CV, Nerit Mcgregor",SERVICIOS FTS,10372.72,"valvula de alivio de presion trasera upvc 1/2""","valvula de alivio de presion trasera upvc 1/2""",1.0,2756.0
SO5894,2024-04-17,"Nalco de Mexico SA. de .CV, Nerit Mcgregor",SERVICIOS FTS,37410.0,"BORCEGUI MICROFIBRA NEGRO,SUELA ANTIDERRAPANTE,CASCO POLIAMIDA,ZAPATO DIELECTRICO.TALLAS DE LA 5 A LA 10","BORCEGUI MICROFIBRA NEGRO,SUELA ANTIDERRAPANTE,CASCO POLIAMIDA,ZAPATO DIELECTRICO.TALLAS DE LA 5 A LA 10",15.0,22530.0
SO5894,2024-04-17,"Nalco de Mexico SA. de .CV, Nerit Mcgregor",SERVICIOS FTS,37410.0,"CHALECO BRIGADISTA COLOR A ELEGIR UNITALLA,INCLUYE UN LOGOTIPO BORDADO AL FRENTE IZQUIERDO","CHALECO BRIGADISTA COLOR A ELEGIR UNITALLA,INCLUYE UN LOGOTIPO BORDADO AL FRENTE IZQUIERDO",15.0,9720.0
SO5865,2024-04-17,"MONDELEZ MEXICO, Mateo Salazar",FTS FULL TECHNOLOGY SYSTEMS LLC,2800.0,"-  Qty (5) Valve kit for steam for dehumidifier industrial Munters brad Bell & Gossett model 26.  - Each kit includes: Vacuum breaker , reduction and tee conection","-  Valve kit for steam for dehumidifier industrial Munters. - each kit includes: Vacuum breaker , reduction and tee conection",1.0,2800.0
SO5884,2024-04-12,"Nalco de Mexico SA. de .CV, Vanessa Silva",SERVICIOS FTS,25520.0,Fabricación de 1 base para bombas de agua  Fabricación de 1 base para bombas en acero inoxidable tipo 304 con acrílico para montajes de bombas con medidas de 50 cm x 30 cm x 35 cm x 1.60 metros con refuerzos según dibujo,Fabricación de 2 base para bombas en acero inoxidable tipo 304 con acrílico para montajes de bombas con medidas de 50 cm x 30 cm x 35 cm x 1.60 metros con refuerzos según dibujo,2.0,22000.0
SO5870,2024-04-12,"British American Tobacco Mexico S.A. de C.V., Miguel Rios",SERVICIOS FTS,5523.92,Servicio de instalación de papel tapiz en enfermería Incluye Mano de obra para instalación,Servicio de instalacion de papel tapiz en enfermeria,1.0,4762.0
SO5767,2024-04-12,British American Tobacco Mexico S.A. de C.V.,SERVICIOS FTS,32480.0,Reparación de 2 registros de tablaroca para acceso a pasos de gatos. (baño de hombres),Reparacion de 4 registros de tablaroca para acceso a pasos de gatos. (2 en baños de hombres y 2 en baños de mujeres),1.0,7000.0
SO5767,2024-04-12,British American Tobacco Mexico S.A. de C.V.,SERVICIOS FTS,32480.0,Fabricación de extensión estructural para pasos de gato (baños de hombre) de 1 metro de largo. - Fabricación en PTR 2X2 cal 18. - Anclaje en techo con taquetes expansores de 1/4 pulgada.,fabricacion de estructura para pasos de gato en PTR 2X2 cal 18.,1.0,21000.0
SO5882,2024-04-11,MONDELEZ MEXICO,SERVICIOS FTS,377000.0,Mantenimiento y Calibracion de rayos X de Linea 9  Serie: - 4660292359 - 4660292341 - 4660292344 - 4660292347 - 4660292365   OBSERVACION:   - INCLUYE MANO DE OBRA  -HERRAMIENTAS - REFACCIONES NECESARIAS,Mantenimiento y Calibracion de rayos X de Linea 9,1.0,325000.0
SO5827,2024-04-09,MONDELEZ MEXICO,SERVICIOS FTS,226200.0,"Matenimiento y ajuste de rayos X de Linea 2  Serie:  E2345, E2346 , E42347  Marca:  Eagle  OBSERVACION: - INCLUYE MANO DE OBRA -HERRAMIENTAS - REFACCIONES NECESARIAS.",Matenimiento y ajuste de rayos X de Linea 2,3.0,195000.0
SO5826,2024-04-09,MONDELEZ MEXICO,SERVICIOS FTS,377000.0,"Matenimiento y ajuste de rayos X de Linea 14   Serie:  4400000066, 4400000065, 4400000064, 4400000063 y 4400000062   OBSERVACION: - INCLUYE MANO DE OBRA -HERRAMIENTAS - REFACCIONES NECESARIAS","Matenimiento y ajuste de rayos X de Linea 14   Serie:  4400000066, 4400000065, 4400000064, 4400000063 y 4400000062   OBSERVACION: - INCLUYE MANO DE OBRA -HERRAMIENTAS - REFACCIONES NECESARIAS",1.0,325000.0
SO5640,2024-04-09,Regal Rexnord,SERVICIOS FTS,21982.0,Servicio de instalacion de etiquetas Brady en cables para maquina tester en base a diagrama electrico de control,Servicio de instalacion de etiquetas Brady para maquina tester,1.0,18950.0
SO5736,2024-04-08,Mondelez Global LLC,FTS FULL TECHNOLOGY SYSTEMS LLC,2927.0,Recirculation pump for reactivation temperature control.  GRUNDFOS PN 98961763,Recirculation pump for reactivation temperature control. PN52722347,1.0,997.0
SO5736,2024-04-08,Mondelez Global LLC,FTS FULL TECHNOLOGY SYSTEMS LLC,2927.0,kit ¾ Steam gauge and Qty (1) ¾ Ball valve for steam process.,(1) ¾ gauge and Qty (1) ¾ valve for steam process.,1.0,120.0
SO5736,2024-04-08,Mondelez Global LLC,FTS FULL TECHNOLOGY SYSTEMS LLC,2927.0,"1 ¼ ” Flange gate valve, for steam process. class astm A216 WCB","1 ¼ ” Valve, for steam process.",1.0,310.0
SO5736,2024-04-08,Mondelez Global LLC,FTS FULL TECHNOLOGY SYSTEMS LLC,2927.0,"1 1/4 "" VALV CHECK F-85N 32MM",Check valves for Steam process.,5.0,600.0
SO5736,2024-04-08,Mondelez Global LLC,FTS FULL TECHNOLOGY SYSTEMS LLC,2927.0,"Precooling Filters KIT with 80% filtration PN ZPS12241285H0 and PN ZPS24241285BO, Brand GlassFos","Precooling Filters KIT with 80% filtration PN ZPS12241285H0 and PN ZPS24241285BO, Brand GlassFos",1.0,400.0
SO5736,2024-04-08,Mondelez Global LLC,FTS FULL TECHNOLOGY SYSTEMS LLC,2927.0,KIT Cover Claps and screws  (Hardware),KIT Cover Claps and screws  (Hardware),1.0,150.0
SO5736,2024-04-08,Mondelez Global LLC,FTS FULL TECHNOLOGY SYSTEMS LLC,2927.0,"Shipping for General materials (Houston TX to Portland , Or)",Shipping,1.0,350.0
SO5869,2024-04-05,"MONDELEZ MEXICO, Amauri Hernandez",SERVICIOS FTS,146160.0,"Clima de tablero Cosmotec 230V   CVE08  Aires acondicionados de pared o puerta Serie: Protherm interior CVE Fuente de alimentación 230-1-50 / 60 Capacidad 900 Watts / 3072.69 BTU Rango de operación -20 a 55 C Dimensiones 642 x 314,5 x 223 mm modelo CVE08 NON UL","Clima de tablero Cosmotec 230V  Aires acondicionados de pared o puerta Serie: Protherm interior CVE Fuente de alimentación 230-1-50 / 60 Capacidad 900 Watts / 3072.69 BTU Rango de operación -20 a 55 C Dimensiones 642 x 314,5 x 223 mm modelo CVE08U122080007035F",2.0,126000.0
SO5819,2024-04-04,"Mattel, Mildret Estrada",SERVICIOS FTS,55199.76,"Fabricación de cubierta metálica rectangular, fabricada de lámina calibre 18 de acero al carbón , ente pintada de color a definir , 50 metros lineales aproximadamente","Fabricación de cubierta metálica rectangular, fabricada de lámina calibre 18 de acero al carbón , ente pintada de color a definir , 75 metros lineales aproximadamente",1.0,47586.0
SO5796,2024-04-04,"MONTOI, Monica Legazpi",SERVICIOS FTS,33489.2,Servicio de empotrado de 2 pantallas en muro de Tablaroca de auditorio  •	Servicios  -	Perforaciones en pared de Tablaroca a altura solicitada  -	Resanes requeridos  -	Colocación de bisel en PVC -	Cambio de ubicación de soportería actuales -	Conexiones de cableados requeridos -	Se consideran todos los insumos necesarios,Servicio de empotrado de 2 pantallas en muro de Tablaroca de auditorio,1.0,28870.0
SO5793,2024-04-04,"MONDELEZ MEXICO, Alfredo Sabalija",SERVICIOS FTS,46307.2,"Mantenimiento a 1 clima de tablero eléctrico de Hoover L14 y a 3 climas de tableros eléctricos de RSM L14  •	Servicios incluidos para cada clima  -	Desinstalación e Instalación de la unidad.  -	Desinfección de evaporador. -	Limpieza de filtros.  -	Medición y evaluación de corriente de consumo.  -	Limpieza en intercambiadores de calor.  -	Limpieza de compresor.  -	Revisión, Análisis y diagnóstico de la unidad.",Mantenimiento a 1 clima de tablero eléctrico de Hoover L14 y a 3 climas de tableros eléctricos de RSM L14,1.0,39920.0
SO5786,2024-04-04,"MONTOI, Monica Legazpi",SERVICIOS FTS,9274.2,Excedentes en servicio de renta de pantalla  •	Servicios  -	Se considera la diferencia en precios por considerar una mezcladora con mayor cantidad de canales para soportar micrófonos extras -	Renta de 1 Webcam -	Renta de 6 bases para micrófono de pedestal para uso en mesa -	Canalizado y encintado de cables de instalación de pantallas,Excedentes en servicio de renta de pantalla,1.0,7995.0
SO5338,2024-04-04,Nalco de Mexico SA. de .CV,SERVICIOS FTS,25520.0,Fabricación de 1 base para bombas de agua   Fabricación de base para bombas en acero inoxidable tipo 304 con acrílico para montajes de bombas con medidas de 50 cm x 30 cm x 35 cm x 1.60 metros con refuerzos según dibujo,Fabricación de 1 base para bombas de agua,2.0,22000.0
SO5795,2024-04-02,Mariana Anell Garcia,SERVICIOS FTS,5232.76,Reparacion de bisagra para puerta,Reparacion de bisagra para puerta,1.0,4511.0
SO5770,2024-04-02,"British American Tobacco Mexico S.A. de C.V., Miguel Rios",SERVICIOS FTS,23020.2,Reparación de tabla roca de baño  -Cambiar plafón de baños  desinstalación de lo existente retiro de escombro y  acarreo -Instalación de plafón correctamente igualar pintura del mismo tono,Reparacion de tabla roca de baño,1.0,19845.0
SO5446,2024-04-01,MONDELEZ MEXICO,SERVICIOS FTS,19720.0,"Guantes Showa Arc Flash Guantes de Arco Eléctrico, SHOWA Material Kevlar Modacrílico y Fribra de Vidrio con Revestimiento de Neopreno en la Palma, Aplicación Ensamblaje, Mantenimiento. #8",Guantes Showa Arc Flash,20.0,17000.0
SO5816,2024-03-28,Mondelez Global LLC,FTS FULL TECHNOLOGY SYSTEMS LLC,900.0,"ENVIO PDTE DE MOTOR GYRATOR, PDTE SUBIR  EN OTRO TRABAJO","ENVIO PDTE DE MOTOR GYRATOR, PDTE SUBIR  EN OTRO TRABAJO",1.0,900.0
SO5799,2024-03-28,MONDELEZ MEXICO,SERVICIOS FTS,377000.0,Matenimiento y Calibracion de rayos X de Linea 13   Serie: - 4460000047 - 4660292362 - 4660292356 - 4600272321 - 4600272310   OBSERVACION:   - INCLUYE MANO DE OBRA  -HERRAMIENTAS - REFACCIONES NECESARIAS,Matenimiento y ajuste de rayos X de Linea 13,5.0,325000.0
SO5785,2024-03-27,MONDELEZ MEXICO,SERVICIOS FTS,38865.8,"Reparación e instalación de guardas de servidores de harina  •	Servicios  -	Reparacion de 8 puertas, en acero al carbón , con medidas aproximadas de 100 cm x 60 cm, en placa perforada de 1/8” y marco de ptr de 1” x 1”  -	Reparacion de 8 soportes metálicas, con solera de acero al carbón de 2” x 3/16”",Reparación e instalación de guardas de servidores de harina,1.0,33505.0
SO5709,2024-03-27,MONDELEZ MEXICO,SERVICIOS FTS,34730.4,"Mantenimiento a 3 climas de tablero eléctrico de Horno L14  •	Servicios incluidos para cada clima  -	Desinstalación e Instalación de la unidad.  -	Desinfección de evaporador. -	Limpieza de filtros.  -	Medición y evaluación de corriente de consumo.  -	Limpieza en intercambiadores de calor.  -	Limpieza de compresor.  -	Revisión, Análisis y diagnóstico de la unidad.  -	""Setup"" y puesta marcha.",Mantenimiento a 3 climas de tablero eléctrico de Horno L14,1.0,29940.0
SO5707,2024-03-27,"MONDELEZ MEXICO, Alfredo Sabalija",SERVICIOS FTS,23153.6,"Mantenimiento a 1 clima de tablero eléctrico de maquinado L14 y a 1 clima de tablero eléctrico de maquinado L14  •	Servicios incluidos para cada clima  -	Desinstalación e Instalación de la unidad.  -	Desinfección de evaporador. -	Limpieza de filtros.  -	Medición y evaluación de corriente de consumo.  -	Limpieza en intercambiadores de calor.  -	Limpieza de compresor.  -	Revisión, Análisis y diagnóstico de la unidad.",Mantenimiento a 1 clima de tablero eléctrico de maquinado L14 y a 1 clima de tablero eléctrico de maquinado L14,1.0,19960.0
SO5787,2024-03-22,"British American Tobacco Mexico S.A. de C.V., Tania Garcia",SERVICIOS FTS,1141.44,Banda HI-POWER II GATES A40,Banda HI-POWER II GATES A40,6.0,984.0
SO5797,2024-03-21,MONDELEZ MEXICO,SERVICIOS FTS,301600.0,Mantenimiento y Calibracion de rayos X de Linea 3,Mantenimiento y Calibracion de rayos X de Linea 3,1.0,260000.0
SO5765,2024-03-21,British American Tobacco Mexico S.A. de C.V.,SERVICIOS FTS,16369.92,"Servicio de reparación de tabla roca en enfermería de oficinas BAT Punto valle  Incluye:  - Materiales de tabla roca - Registro de aluminio con bisel y marco de aluminio, lavable - Pintura igual a la actual. -Mano de obra necesaria para la actividad. - Reemplazo de tabla roca dañada",Servicio de reparacion de tablaroca en enfermeria de oficinas BAT Punto valle,1.0,14112.0
SO5752,2024-03-21,Arca Continental,SERVICIOS FTS,41760.0,Mantenimiento a Colector de Polvos en planta BOKADOS Santa Catarina  INCLUIDO EN EL ALCANCE:  - Desmontaje de 10m de ducto de campana de colector		 - Lavado de ductos de colector y campana		 - Instalación de ductos de colector y campana		 - Desmontaje de tapa de colector y limpieza interior del colector		 - Retiro de filtros de colector y lavado 		 - Mantenimiento a motor de colector		 - Instalacion de filtros de colector		 - Limpieza de area 				 - Supervisor de seguridad,Mantenimiento a Colector de Polvos en planta BOKADOS,1.0,36000.0
SO5570,2024-03-21,MONDELEZ MEXICO,SERVICIOS FTS,377000.0,"Matenimiento y ajuste de rayos X de Linea 7 y Linea 5    Serie:   E214302, E214301, E210201,  E210202,  E210203    Marca:  Eagle    OBSERVACION: - INCLUYE MANO DE OBRA      -HERRAMIENTAS                        - REFACCIONES NECESARIAS","Matenimiento y ajuste de rayos X de Linea 7 y Linea 5  Serie:  E214302, E214301, E210201,  E210202, E210203  Marca:  Eagle  OBSERVACION: - INCLUYE MANO DE OBRA -HERRAMIENTAS - REFACCIONES NECESARIAS",1.0,325000.0
SO5777,2024-03-16,MONDELEZ MEXICO,SERVICIOS FTS,377000.0,Reemplazo PO 7332287746,Reemplazo PO 7332287746,1.0,325000.0
SO5776,2024-03-15,MONDELEZ MEXICO,SERVICIOS FTS,377000.0,Remplazo PO 7332359630,Remplazo PO 7332359630,1.0,325000.0
SO5769,2024-03-14,"British American Tobacco Mexico S.A. de C.V., Tania Garcia",SERVICIOS FTS,4818.64,1 motor honeywell ML6161B2024,1 motor honeywell ML6161B2024,1.0,2867.0
SO5769,2024-03-14,"British American Tobacco Mexico S.A. de C.V., Tania Garcia",SERVICIOS FTS,4818.64,Lamparas de emergencia modelo 12PTLEDR65MVB lamparas de emergencia modelo 12PTLEDR65MVB,Lamparas de emergencia modelo 12PTLEDR65MVB,4.0,672.0
SO5769,2024-03-14,"British American Tobacco Mexico S.A. de C.V., Tania Garcia",SERVICIOS FTS,4818.64,1 Led XLamp modelo CXB1507,1 Led XLamp modelo CXB1507,1.0,123.0
SO5769,2024-03-14,"British American Tobacco Mexico S.A. de C.V., Tania Garcia",SERVICIOS FTS,4818.64,"1 Transformador 120 V, 42A, 240 .22A modelo: AT140B1214","1 Transformador 120 V, 42A, 240 .22A",1.0,492.0
SO5753,2024-03-14,MONTOI,SERVICIOS FTS,88740.0,Renta 2 dias de pantalla LED p 3.9 mm Tamaño: 3 m x 2 m,Renta de pantalla LED para auditorio,1.0,76500.0
SO5689,2024-03-12,"Nalco de Mexico SA. de .CV, Fernando Guzman",SERVICIOS FTS,26312.8,"Suministro y cambio de 2 válvulas check en tuberías de químicos en área de chilers  •	Servicios  -	Suministro e instalación de 2 válvulas check, en PVC cedula 80 -	Pruebas de circulación de fluidos por la línea  -	Se considera trabajos con Genie articuladas, en alturas",Suministro y cambio de 2 válvulas check en tuberías de químicos en área de chilers,1.0,22683.45
SO5688,2024-03-12,Nalco de Mexico SA. de .CV,SERVICIOS FTS,52427.57,"•	Cambio de tubería de químicos en área de chillers   -	Suministro e instalación de 60 metros de tubería PVC cedula 80 para cambio en el ramal 2 y 3 -	Suministro e instalación de 10 codos de PVC cedula 80 aproximadamente  -	Suministro e instalación de 6 coples de PVC cedula 80 -	Se consideran trabajos en alturas y uso de Genie de brazo articulado -	Suministro de agente limpiador, pegamento y todos los insumos para su correcta instalación",•	Cambio de tubería de químicos en área de chillers,1.0,45196.18
SO5686,2024-03-12,MONTOI,SERVICIOS FTS,240236.0,"Suministro de extensión para pantalla led, para tamaño total de pantalla de 4.16 metros de largo X 2.40 metros de altura",Suministro de extensión para pantalla led para tamaño total de pantalla de 4.16 metros de largo X 2.40 metros de altura,1.0,207100.0
SO5757,2024-03-08,MONDELEZ MEXICO,SERVICIOS FTS,377000.0,Remplazo PO 7332359630,Remplazo PO 7332359630,1.0,325000.0
SO5756,2024-03-08,MONDELEZ MEXICO,SERVICIOS FTS,377000.0,remplazo PO 7332345660,remplazo PO 7332345660,1.0,325000.0
SO5734,2024-03-08,Mondelez Global LLC,FTS FULL TECHNOLOGY SYSTEMS LLC,33055.0,GYRA-TC-2120 (comes with Marathon Motor-direct replacement)  GYRATOR:3K;2HP; TENV;460/3/60;WGTS,GYRA-TC-2120 (comes with Marathon Motor-direct replacement),1.0,32875.0
SO5734,2024-03-08,Mondelez Global LLC,FTS FULL TECHNOLOGY SYSTEMS LLC,33055.0,Shipping,Shipping and Packing,1.0,180.0
SO5429,2024-03-07,MONDELEZ MEXICO,SERVICIOS FTS,246731.79,CLIMA/4000W/SK3188.940/RITTAL,CLIMA/4000W/SK3188.940/RITTAL,1.0,212699.82
SO5698,2024-02-29,MONTOI,SERVICIOS FTS,115976.8,Suministro de 42 paneles para extensión de dimensiones en pantalla led modular,Suministro de 42 paneles para extensión de dimensiones en pantalla led modular,1.0,99980.0
SO5697,2024-02-29,"MONTOI, Monica Legazpi",SERVICIOS FTS,124259.2,Suministro de 45 paneles para extensión de dimensiones en pantalla led modular,Suministro de 45 paneles para extensión de dimensiones en pantalla led modular,1.0,107120.0
SO5696,2024-02-29,MONDELEZ MEXICO,SERVICIOS FTS,301600.0,Mantenimiento y Calibracion de rayos X de Linea 3,Mantenimiento y Calibracion de rayos X de Linea 3,1.0,260000.0
SO5675,2024-02-26,MONDELEZ MEXICO,SERVICIOS FTS,377000.0,"Calibracion y ajuste de rayos X de Linea 14 Serie: 4400000066, 4400000065, 4400000064, 4400000063 y 4400000062","Matenimiento y ajuste de rayos X de Linea 14   Serie:  4400000066, 4400000065, 4400000064, 4400000063 y 4400000062   OBSERVACION: - INCLUYE MANO DE OBRA -HERRAMIENTAS - REFACCIONES NECESARIAS",1.0,325000.0
SO5534,2024-02-26,Mondelez Global LLC,FTS FULL TECHNOLOGY SYSTEMS LLC,6792.0,Electrical panel for conveyor alignment control,Fabrication of electrical panel for conveyor alignment control,1.0,5892.0
SO5534,2024-02-26,Mondelez Global LLC,FTS FULL TECHNOLOGY SYSTEMS LLC,6792.0,Shipping and Packing [Shipping considered from Monterrey To Mondelez Portland Plant] also included import and export fees in this price,Shipping and Packing,1.0,900.0
SO5674,2024-02-22,MONDELEZ MEXICO,SERVICIOS FTS,377000.0,Matenimiento y Calibracion de rayos X de Linea 13   Serie: - 4460000047 - 4660292362 - 4660292356 - 4600272321 - 4600272310   OBSERVACION:   - INCLUYE MANO DE OBRA  -HERRAMIENTAS - REFACCIONES NECESARIAS,Matenimiento y ajuste de rayos X de Linea 13,5.0,325000.0
SO5650,2024-02-21,MONDELEZ MEXICO,SERVICIOS FTS,377000.0,Matenimiento y Calibracion de rayos X de Linea 6  Serie: - 4660292359 - 4660292341 - 4660292344 - 4660292347 - 4660292365   OBSERVACION:   - INCLUYE MANO DE OBRA  -HERRAMIENTAS - REFACCIONES NECESARIAS,Matenimiento y Calibracion de rayos X de Linea 6,1.0,325000.0
SO5649,2024-02-21,MONDELEZ MEXICO,SERVICIOS FTS,377000.0,Mantenimiento y Calibracion de rayos X de Linea 9  Serie: - 4660292359 - 4660292341 - 4660292344 - 4660292347 - 4660292365   OBSERVACION:   - INCLUYE MANO DE OBRA  -HERRAMIENTAS - REFACCIONES NECESARIAS,Mantenimiento y Calibracion de rayos X de Linea 9,1.0,325000.0
SO5642,2024-02-09,MONDELEZ MEXICO,SERVICIOS FTS,377000.0,Rempalzo de PO7332324319 por cierre sotf closed,Rempalzo de PO7332324319 por cierre sotf closed,1.0,325000.0
SO5641,2024-02-09,MONDELEZ MEXICO,SERVICIOS FTS,377000.0,Rempalzo de PO 7332307029 por cierre sotf closed,Rempalzo de PO 7332307029 por cierre sotf closed,1.0,325000.0
SO5584,2024-02-08,MONTOI,SERVICIOS FTS,176793.37,"Instalaciones de tubería Conduit (eléctrico, audio y reubicación de HDMI) para pantalla LED de auditorio  -	Suministro e instalación de extensión de tubería Conduit existente, se considera extensión para 4 tuberías existentes (se consideran 33 metros aproximadamente, actividad de altura considerada con uso de andamios) -	Instalación eléctrica en tubería Conduit de 1/2” para alimentación eléctrica de 110 VAC para pantallas (se consideran 30 metros aproximante y 100 metros de cableado cal 14 awg, actividad de altura considerada con uso de andamios)","•	Instalaciones de tubería Conduit (eléctrico, audio y reubicación de HDMI)",1.0,152408.08
SO5538,2024-02-01,"MONDELEZ MEXICO, Eduardo Aguilera",SERVICIOS FTS,128354.0,Suministro e instalación de tubería Conduit y cableado para interruptor de nivel  Servicios  -	Suministro de 30 metros de cable multilínea 5 x 18 blindado para conexión eléctrica de alimentación de interruptor de nivel y para retroalimentación de señal -	Suministro e instalación de 25 metros de tubería Conduit de 1/2” pared gruesa -	Soportaría requerida para instalación de tubería Conduit -	Suministro e instalación de cableado y conexiones en tablero eléctrico y en interruptor de nivel (suministro e instalación de interruptor lo realiza planta) -	Programación con Studio 5000 en PLC de tablero de skid de bomba para procesamiento de señal recibida por sensor -	Configuración para indicación de alarma visual y sonora (en torreta existente),Suministro e instalación de tubería Conduit y cableado de interruptor de nivel en tanque 1 de agua,1.0,110650.0
SO5537,2024-02-01,"MONDELEZ MEXICO, Amauri Hernandez",SERVICIOS FTS,114260.0,Instalación de 3 resistencias dinámicas de frenado 7.5 HP,Instalación de resistencia dinámica de frenado 7.5 HP,1.0,98500.0
SO5613,2024-01-31,MONDELEZ MEXICO,SERVICIOS FTS,377000.0,Rempalzo de PO 7332329094 por cierre sotf closed,Rempalzo de PO 7332329094 por cierre sotf closed,1.0,325000.0
SO5536,2024-01-31,Mondelez Global LLC,FTS FULL TECHNOLOGY SYSTEMS LLC,9000.0,Maintenance and Diagnosis for Munters Industrial Dehumidifier,Maintenance and Diagnosis for Munters Industrial Dehumidifier,1.0,9000.0
SO5572,2024-01-29,MONDELEZ MEXICO,SERVICIOS FTS,301600.0,"Matenimiento y ajuste de rayos X de Linea 3   Serie: 4400000066, 4400000065, 4400000064, 4400000063 y 4400000062  OBSERVACION:   - INCLUYE MANO DE OBRA  -HERRAMIENTAS - REFACCIONES NECESARIAS",Matenimiento y ajuste de rayos X de Linea 3,1.0,260000.0
SO5580,2024-01-26,MONDELEZ MEXICO,SERVICIOS FTS,226200.0,"Matenimiento y ajuste de rayos X de L11                                       Serie: 1436568530020, 1436568530030 , 1436568530040 y 1436568530050 OBSERVACION: - INCLUYE MANO DE OBRA - HERRAMIENTAS - REFACCIONES NECESARIAS Matenimiento y ajuste de rayos X de Linea 11  Serie:  4460000047 4660292362 4660292356   OBSERVACION: - INCLUYE MANO DE OBRA -HERRAMIENTAS - REFACCIONES NECESARIAS",Matenimiento y ajuste de rayos X de L11,3.0,195000.0
SO5589,2024-01-25,MONDELEZ MEXICO,SERVICIOS FTS,301600.0,Mantenimiento y Calibracion de rayos X de Linea 3,Mantenimiento y Calibracion de rayos X de Linea 3,1.0,260000.0
SO5585,2024-01-25,"Mattel, Mildret Estrada",SERVICIOS FTS,301600.0,"(50%) Suministro e instalación de pantalla LED y estructura metalica   -	Suministro de pantallas de interior, tipo LED, modelo P2.5 SMD, con dimensiones de 2.88 metros x 1.92 metros, resolución 1,152 px X 768 px - Pitch de 2.5 milimetros -	Fabricación y suministro de base fabricada en PTR de 2” x 2” en acero al carbón, pintada  -	Instalación de base para pantallas, sujeción con taquete tipo arpón, se incluyen herrajes y tornillería requerida para su correcta instalación",•	Suministro e instalación de pantalla LED,1.0,260000.0
SO5577,2024-01-25,MONDELEZ MEXICO,SERVICIOS FTS,377000.0,Matenimiento y Calibracion de rayos X de Linea 13   Serie: - 4460000047 - 4660292362 - 4660292356 - 4600272321 - 4600272310   OBSERVACION:   - INCLUYE MANO DE OBRA  -HERRAMIENTAS - REFACCIONES NECESARIAS,Matenimiento y ajuste de rayos X de Linea 13,5.0,325000.0
SO5568,2024-01-25,"Regal Rexnord, Lucina Ramos",SERVICIOS FTS,55680.0,Diseño y creacion de diagrama electrico para tester,Diseño y creacion de diagrama electrico para tester,1.0,48000.0
SO5571,2024-01-23,MONDELEZ MEXICO,SERVICIOS FTS,377000.0,"Matenimiento y ajuste de rayos X de Linea 14   Serie:  4400000066, 4400000065, 4400000064, 4400000063 y 4400000062   OBSERVACION: - INCLUYE MANO DE OBRA -HERRAMIENTAS - REFACCIONES NECESARIAS","Matenimiento y ajuste de rayos X de Linea 14   Serie:  4400000066, 4400000065, 4400000064, 4400000063 y 4400000062   OBSERVACION: - INCLUYE MANO DE OBRA -HERRAMIENTAS - REFACCIONES NECESARIAS",1.0,325000.0
SO5527,2024-01-10,MONDELEZ MEXICO,SERVICIOS FTS,377000.0,Matenimiento y Calibracion de rayos X de Linea 6  Serie: - 4660292359 - 4660292341 - 4660292344 - 4660292347 - 4660292365   OBSERVACION:   - INCLUYE MANO DE OBRA  -HERRAMIENTAS - REFACCIONES NECESARIAS,Matenimiento y Calibracion de rayos X de Linea 6,1.0,325000.0
SO5528,2024-01-09,MONDELEZ MEXICO,SERVICIOS FTS,377000.0,Matenimiento y Calibracion de rayos X de Linea 9   Serie: - 4660292359 - 4660292341 - 4660292344 - 4660292347 - 4660292365   OBSERVACION:   - INCLUYE MANO DE OBRA  -HERRAMIENTAS - REFACCIONES NECESARIAS,Mantenimiento y ajuste de rayos x L9,1.0,325000.0
SO5522,2024-01-03,MONDELEZ MEXICO,SERVICIOS FTS,20340.6,COT SO5364 Reparación de maneral rotati,"Reparación de maneral rotativo, 194R Disconnect Switch Accessories, Red/Yellow Padlockable handle, standard y 194R Disconnect Switch Accessories, NFPA 79 internal operating handle with shaft, 21 in en tablero TC1-26 2-2",1.0,17535.0
SO5518,2024-01-03,MONDELEZ MEXICO,SERVICIOS FTS,20340.6,COT SO5364 Reparación de maneral rotati,"Reparación de maneral rotativo, 194R Disconnect Switch Accessories, Red/Yellow Padlockable handle, standard y 194R Disconnect Switch Accessories, NFPA 79 internal operating handle with shaft, 21 in en tablero TC1-26 1-2",1.0,17535.0
SO5515,2023-12-27,MONDELEZ MEXICO,SERVICIOS FTS,377000.0,Matenimiento y Calibracion de rayos X de Linea 13   Serie: - 4460000047 - 4660292362 - 4660292356 - 4600272321 - 4600272310   OBSERVACION:   - INCLUYE MANO DE OBRA  -HERRAMIENTAS - REFACCIONES NECESARIAS,Matenimiento y ajuste de rayos X de Linea 3,5.0,325000.0
SO5483,2023-12-22,MONDELEZ MEXICO,SERVICIOS FTS,78880.0,Renovacion Anual de licencias REVIT AUTODESK AEC Collection,Renovacion Anual de licencias REVIT AUTODESK AEC Collection,1.0,68000.0
SO5513,2023-12-18,MONDELEZ MEXICO,SERVICIOS FTS,301600.0,remplazo PO 7332299769,remplazo PO 7332299769,1.0,260000.0
SO5512,2023-12-18,MONDELEZ MEXICO,SERVICIOS FTS,377000.0,Remplazo PO 7332255704,Remplazo PO 7332255704,1.0,325000.0
SO5478,2023-12-13,Industrial de Cuautitlan,SERVICIOS FTS,791584.0,Tablero de control Marca ARGOS. 1.2 M X 80CM X 30 CM,Gabinete de control de 180mm x 80m m x 40 m Marca Rittal. Anclado a Suelo con Zocalo Negro.,1.0,20000.0
SO5478,2023-12-13,Industrial de Cuautitlan,SERVICIOS FTS,791584.0,Kit de Contactores y relay para arranque de Bombas de 15 HP. Marca LS. para 22 amps,"Variador de Frecuencia 15HP, Marca ABB. WEG o similar.",4.0,19200.0
SO5478,2023-12-13,Industrial de Cuautitlan,SERVICIOS FTS,791584.0,"Variador de Frecuencia 40HP Marca ABB, WEG o similar.","Variador de Frecuencia 40HP Marca ABB, WEG o similar.",2.0,191200.0
SO5478,2023-12-13,Industrial de Cuautitlan,SERVICIOS FTS,791584.0,"Cricuit Breakers para cada Variador de Frecuencia. MCA Eaton, LS o similar","Cricuit Breakers para cada Variador de Frecuencia. MCA Eaton, LS o similar",6.0,13500.0
SO5478,2023-12-13,Industrial de Cuautitlan,SERVICIOS FTS,791584.0,Circuit breaker principal  400 AMPS para tablero de Control Marca EATON o similar. con varilla para desconexión exterior y punto de candadeo.,Circuit breaker principal  400 AMPS para tablero de Control Marca EATON o similar. con varilla para desconexión exterior y punto de candadeo.,1.0,52500.0
SO5478,2023-12-13,Industrial de Cuautitlan,SERVICIOS FTS,791584.0,Cable para interior de Gabinete de potencia y control.,Cableado interior de Gabinete de potencia y control.,1.0,21000.0
SO5478,2023-12-13,Industrial de Cuautitlan,SERVICIOS FTS,791584.0,"Terminales, Clemas, Canaletas, din riel , Selectores y botoneras y accesorios de CONTROL misceláneos.","'Terminales, Clemas, Canaletas, din riel , Selectores y botoneras y accesorios de CONTROL misceláneos.",1.0,5250.0
SO5478,2023-12-13,Industrial de Cuautitlan,SERVICIOS FTS,791584.0,"Fabricacion, armado y cableado de componentes dentro de Gabinete.","Fabricacion, armado y cableado de componentes dentro de Gabinete.",1.0,141250.0
SO5478,2023-12-13,Industrial de Cuautitlan,SERVICIOS FTS,791584.0,Disconnect Switch a pie de cada Bomba para Exterior MCA Scuare D.,Disconnect Switch a pie de cada Bomba para Exterior MCA Scuare D.,1.0,8850.0
SO5478,2023-12-13,Industrial de Cuautitlan,SERVICIOS FTS,791584.0,Fabricacion y suministro de bases para interruptores de candadeo exteriores,Fabricacion y suministro de bases para interruptores de candadeo exteriores,1.0,1950.0
SO5478,2023-12-13,Industrial de Cuautitlan,SERVICIOS FTS,791584.0,"Alimentación y canalizacion electrica desde el tablero de control hasta cada Bomba, aereo o subterraneo. con cableado independiente para cada bomba. (Se contempla para 8 Bombas)","Alimentación y canalizacion electrica desde el tablero de control hasta cada Bomba, aereo o subterraneo. con cableado independiente para cada bomba. (Se contempla para 8 Bombas)",1.0,207700.0
SO5450,2023-12-12,MONDELEZ MEXICO,SERVICIOS FTS,377000.0,Matenimiento y Calibracion de rayos X de Linea 6  Serie: - 4660292359 - 4660292341 - 4660292344 - 4660292347 - 4660292365   OBSERVACION:   - INCLUYE MANO DE OBRA  -HERRAMIENTAS - REFACCIONES NECESARIAS,Matenimiento y Calibracion de rayos X de Linea 6,1.0,325000.0
SO5449,2023-12-12,MONDELEZ MEXICO,SERVICIOS FTS,377000.0,"Matenimiento y ajuste de rayos X de Linea 7 y Linea 5    Serie:   E214302, E214301, E210201,  E210202,  E210203    Marca:  Eagle    OBSERVACION: - INCLUYE MANO DE OBRA      -HERRAMIENTAS                        - REFACCIONES NECESARIAS","Matenimiento y ajuste de rayos X de Linea 7 y Linea 5  Serie:  E214302, E214301, E210201,  E210202, E210203  Marca:  Eagle  OBSERVACION: - INCLUYE MANO DE OBRA -HERRAMIENTAS - REFACCIONES NECESARIAS",1.0,325000.0
SO5419,2023-11-28,MONDELEZ MEXICO,SERVICIOS FTS,377000.0,Mantenimiento y Calibracion de rayos X de Linea 6 Serie: - 4660292359 - 4660292341 - 4660292344 - 4660292347 - 4660292365   OBSERVACION:   - INCLUYE MANO DE OBRA  -HERRAMIENTAS - REFACCIONES NECESARIAS,Mantenimiento y Calibracion de rayos X de Linea 6,1.0,325000.0
SO5334,2023-11-27,MONDELEZ MEXICO,SERVICIOS FTS,1198570.0,"Soporte con personal por cambio en plan de instalacion (Instalacion en nueva Ubicación)  • Soporte por 40 hrs por persona para acareo de materiales y posicionamiento en áreas asignadas y soporte por 240 hrs por persona para instalacion y soporte de arranque de equipos, personal considerado:  - 1 supervisor de obra - 2 supervisores de seguridad (soporte con supervisión en sitio, permisos y realizar todos los cambios en la documentación requeridos por el cambio de ubicación) - 4 mecánicos  - 2 auxiliares de proyectos   • Características del personal  - Cuenta con DC3 en trabajos en altura, corte y soldadura, seguridad eléctrica, uso de EPP, uso de extintor, uso de herramientas manuales,LOTO, manejo de plataformas, manipulación de químicos, seguridad industrial - Amplia experiencia en puestos afines",Soporte con personal por cambio en plan de instalacion (Instalacion en nueva Ubicación),1.0,771642.0
SO5334,2023-11-27,MONDELEZ MEXICO,SERVICIOS FTS,1198570.0,"Renta de equipos por cambio en plan de instalación (Instalacion en nueva Ubicación)  •	Renta de 2 plataformas de tijera, marca GENIE o SKY JACK modelo de 19’ por 14 días, se considera traslado de entrada y salida de planta   •	Renta de 1 montacargas, para una carga máxima de 700 kg, por 10 días, se considera traslado de entrada y salida de planta",Renta de equipos por cambio en plan de instalación (Instalacion en nueva Ubicación),1.0,261608.0
SO5420,2023-11-24,MONDELEZ MEXICO,SERVICIOS FTS,377000.0,Mantenimiento y Calibracion de rayos X de Linea 9 Serie: - 4660292359 - 4660292341 - 4660292344 - 4660292347 - 4660292365   OBSERVACION:   - INCLUYE MANO DE OBRA  -HERRAMIENTAS - REFACCIONES NECESARIAS,Mantenimiento y Calibracion de rayos X de Linea 9,1.0,325000.0
SO5377,2023-11-23,Nalco de Mexico SA. de .CV,SERVICIOS FTS,10975.05,DEMANDA BIOQUIMICA DE OXIGENO (DBO5),DEMANDA BIOQUIMICA DE OXIGENO (DBO5),3.0,1696.5
SO5377,2023-11-23,Nalco de Mexico SA. de .CV,SERVICIOS FTS,10975.05,DEMANDA QUIMICA DE OXIGENO,DEMANDA QUIMICA DE OXIGENO,3.0,1696.5
SO5377,2023-11-23,Nalco de Mexico SA. de .CV,SERVICIOS FTS,10975.05,FOSFORO TOTAL,FOSFORO TOTAL,3.0,1827.0
SO5377,2023-11-23,Nalco de Mexico SA. de .CV,SERVICIOS FTS,10975.05,NITROGENO TOTAL KJELDAHL,NITROGENO TOTAL KJELDAHL,3.0,1696.5
SO5377,2023-11-23,Nalco de Mexico SA. de .CV,SERVICIOS FTS,10975.05,GRASAS Y ACEITES,GRASAS Y ACEITES,3.0,1239.75
SO5377,2023-11-23,Nalco de Mexico SA. de .CV,SERVICIOS FTS,10975.05,SOLIDOS SUSPENDIDOS TOTALES,SOLIDOS SUSPENDIDOS TOTALES,3.0,1305.0
SO5371,2023-11-22,MONDELEZ MEXICO,SERVICIOS FTS,22260.4,"Reparación de operating Handle, Frame Size: 150A, NEMA Enclosure Type: 1, 3R, 3, 12, marca Eaton en tablero TC8-06","Reparación de operating Handle, Frame Size: 150A, NEMA Enclosure Type: 1, 3R, 3, 12, marca Eaton en tablero TC8-06",1.0,19190.0
SO5370,2023-11-22,MONDELEZ MEXICO,SERVICIOS FTS,26366.8,"Reparación de Kit containing red/yellow door rotary handle, extension shaft, external warning plate label (German/English), Eaton (NZM), en tablero TC7-05","Reparación de Kit containing red/yellow door rotary handle, extension shaft, external warning plate label (German/English), Eaton (NZM), en tablero TC7-05",1.0,22730.0
SO5369,2023-11-22,MONDELEZ MEXICO,SERVICIOS FTS,19663.16,"Reparación de 194E Rotary Disconnect Switch S Handle, Red/Yellow marca Allen Bradley, modelo 194E-SY, en tablero TC6-21","Reparación de 194E Rotary Disconnect Switch S Handle, Red/Yellow marca Allen Bradley, modelo 194E-SY, en tablero TC6-21",1.0,16951.0
SO5368,2023-11-22,"MONDELEZ MEXICO, Salvador Mendez",SERVICIOS FTS,68208.0,"Reparación de interruptor principal en tablero TC9-02, se considera cambio de interruptor ya que no es compatible con maneral giratorio, el desconectador recomendado es, Fused and Non-Fused Disconnected Switches, Open, Non-Fused IEC, 250 A, 3 Pole ,  modelo 194R-NE250-1753, marca Allen Bradley","Reparación de interruptor principal en tablero TC9-02, se considera cambio de interruptor ya que no es compatible con maneral giratorio, el desconectador recomendado es, Fused and Non-Fused Disconnected Switches, Open, Non-Fused IEC, 250 A, 3 Pole ,  modelo 194R-NE250-1753, marca Allen Bradley",1.0,58800.0
SO5364,2023-11-22,MONDELEZ MEXICO,SERVICIOS FTS,40681.2,"Reparación de maneral rotativo, 194R Disconnect Switch Accessories, Red/Yellow Padlockable handle, standard y 194R Disconnect Switch Accessories, NFPA 79 internal operating handle with shaft, 21 in en tablero TC1-26 1-2","Reparación de maneral rotativo, 194R Disconnect Switch Accessories, Red/Yellow Padlockable handle, standard y 194R Disconnect Switch Accessories, NFPA 79 internal operating handle with shaft, 21 in en tablero TC1-26 1-2",1.0,17535.0
SO5364,2023-11-22,MONDELEZ MEXICO,SERVICIOS FTS,40681.2,"Reparación de maneral rotativo, 194R Disconnect Switch Accessories, Red/Yellow Padlockable handle, standard y 194R Disconnect Switch Accessories, NFPA 79 internal operating handle with shaft, 21 in en tablero TC1-26 2-2","Reparación de maneral rotativo, 194R Disconnect Switch Accessories, Red/Yellow Padlockable handle, standard y 194R Disconnect Switch Accessories, NFPA 79 internal operating handle with shaft, 21 in en tablero TC1-26 2-2",1.0,17535.0
SO5294,2023-11-17,MONDELEZ MEXICO,SERVICIOS FTS,22040.0,Reparacion de cerrojos de puerta en tablero TC2-13,Instalacion de cerrojos en tablero TC2-13,1.0,19000.0
SO5357,2023-11-14,"MONDELEZ MEXICO, Christian Ortiz",SERVICIOS FTS,377000.0,"Matenimiento y ajuste de rayos X de Linea 14   Serie:  4400000066, 4400000065, 4400000064, 4400000063 y 4400000062   OBSERVACION: - INCLUYE MANO DE OBRA -HERRAMIENTAS - REFACCIONES NECESARIAS","Matenimiento y ajuste de rayos X de Linea 14   Serie:  4400000066, 4400000065, 4400000064, 4400000063 y 4400000062   OBSERVACION: - INCLUYE MANO DE OBRA -HERRAMIENTAS - REFACCIONES NECESARIAS",1.0,325000.0
SO5336,2023-11-02,Nalco de Mexico SA. de .CV,SERVICIOS FTS,7594.52,"FILTRO Y PVC MESH #20 CTAR 3/4"".  Spears® Manufacturing Company Socket Y-Strainer. Pressure Rating @ 73°F (23°C), Water 1/2"" - 2"" 150 psi 3"" - 4"" 90 psi. Maximum Service Temperature PVC = 140°F (60°C). U.S. Standard Mesh Sieve No.20 Sieve Opening Size (in.) 0.033 (0.8382 mm) Part Number Mesh Code 20.","FILTRO Y PVC MESH #20 CTAR 3/4"".  Spears® Manufacturing Company Socket Y-Strainer. Pressure Rating @ 73°F (23°C), Water 1/2"" - 2"" 150 psi 3"" - 4"" 90 psi. Maximum Service Temperature PVC = 140°F (60°C). U.S. Standard Mesh Sieve No.20 Sieve Opening Size (in.) 0.033 (0.8382 mm) Part Number Mesh Code 20.",1.0,6547.0
SO5341,2023-11-01,Nalco de Mexico SA. de .CV,SERVICIOS FTS,22040.0,2 bases: Fabricación de base para 3 bombas en acero inoxidable tipo 304 con acrílico para montajes de bombas con medidas de 50 cm x 30 cm x 35 cm x 1.60 metros con refuerzos según dibujo,2 bases: Fabricación de base para 3 bombas en acero inoxidable tipo 304 con acrílico para montajes de bombas con medidas de 50 cm x 30 cm x 35 cm x 1.60 metros con refuerzos según dibujo,1.0,19000.0
SO5106,2023-10-30,MONDELEZ MEXICO,SERVICIOS FTS,301600.0,"Matenimiento y ajuste de rayos X de Linea 3   Serie: 4400000066, 4400000065, 4400000064, 4400000063 y 4400000062  OBSERVACION:   - INCLUYE MANO DE OBRA  -HERRAMIENTAS - REFACCIONES NECESARIAS",Matenimiento y ajuste de rayos X de Linea 3,1.0,260000.0
SO5288,2023-10-26,MONDELEZ MEXICO,SERVICIOS FTS,91442.8,Reparación de manerales para tableros de silos exterior   •	Reparación de  -	Desconectador de 160 amperes en tablero A7 -	Desconectador de 160 amperes en tablero TCS-05 -	Desconectador de 250 amperes en tablero A11 -	Desconectador de 200 amperes en tablero de distribución TD-02 -	Desconectador de 315 amperes en tablero TCS-17,Reparación de manerales para tableros de silos exterior,1.0,78830.0
SO5286,2023-10-26,MONDELEZ MEXICO,SERVICIOS FTS,301600.0,Mantenimiento y Calibracion de rayos X de Linea 3,Mantenimiento y Calibracion de rayos X de Linea 3,1.0,260000.0
SO5189,2023-10-26,MONDELEZ MEXICO,SERVICIOS FTS,377000.0,Remplazo Po 7332117777 soft clots ( cierre de sistema ),"Matenimiento y ajuste de rayos X de L10                                       Serie: 1436568530020, 1436568530030 , 1436568530040 y 1436568530050 OBSERVACION: - INCLUYE MANO DE OBRA - HERRAMIENTAS - REFACCIONES NECESARIAS",1.0,325000.0
SO5226,2023-10-24,MONDELEZ MEXICO,SERVICIOS FTS,54253.2,"Suministro y cambio de valvulas check en tuberias de químicos en área de chilers  -	Suministro e instalacion de 4 valvulas check, en PVC cedula 80 -	Pruebas de circulación de fluidos por la línea  -	Se considera trabajos con Genie articuladas, en alturas",Suministro y cambio de valvulas check en tuberias de químicos en área de chilers,1.0,46770.0
SO5227,2023-10-19,"MONDELEZ MEXICO, Kevin Ortiz",SERVICIOS FTS,114645.12,"Suministro e instalacion de sistema de ventilación en trasformador ZETRAK en subestacion 1  •	Servicios  -	Suministro e instalacion de 4 motores de 1 fase, 220 VAC de 1550 rpm de 1 velocidad, con capacitor de arranque y aspas de aluminio de 5 hojas, con rotación de descarga frontal en sentido de las ajugas del reloj -	Suministro de 1 relevador con bobina en 220 VAC, con contactos de 10 amperes  -	Fabricación, suministro e instalacion de bracket para montaje en base de transformador -	Conexiones eléctricas para correcto funcionamiento de sistema de enfriamiento, voltaje se considera tomar de la salida del devanado del trasformador",Suministro e instalacion de sistema de ventilación en trasformador ZETRAK en subestacion 1,1.0,98832.0
SO5285,2023-10-18,MONDELEZ MEXICO,SERVICIOS FTS,150800.0,Mantenimiento y Calibracion de rayos X de Linea 8,Mantenimiento y Calibracion de rayos X de Linea 8,1.0,130000.0
SO5284,2023-10-18,MONDELEZ MEXICO,SERVICIOS FTS,377000.0,Mantenimiento y Calibracion de rayos X de Linea 9,Mantenimiento y Calibracion de rayos X de Linea 9,1.0,325000.0
SO4934,2023-10-11,MONDELEZ MEXICO,SERVICIOS FTS,7496254.39,"1.-Supply and installation of 1 Main cabinet and 1 inteconnections cabinets(Open time)  IP66, Stainless steel, InspectiOn window, local isolation for installation, size is proposal dependent, consider using soft starters for motors (35 motors)","1.-Supply and installation of 1 Main cabinet and 2 inteconnections cabinets(Open time)  IP66, Stainless steel, InspectiOn window, local isolation for installation, size is proposal dependent, consider using soft starters for motors (35 motors)""",1.0,381961.8
SO4934,2023-10-11,MONDELEZ MEXICO,SERVICIOS FTS,7496254.39,"2.- Electrical  installation (Open time)  All cabinets electrical connections, local isolation for installation, Electrical connections between new cabinets, they must be ready for migration PH1","2.- Electrical  installation (Open time)  All cabinets electrical connections, local isolation for installation, Electrical connections between new cabinets, they must be ready for migration PH1",1.0,623997.0
SO4934,2023-10-11,MONDELEZ MEXICO,SERVICIOS FTS,7496254.39,3.- Migration PH1 Electrical migration for 35 actuators to the interconnection cabinet (3-4 days),3.- Migration PH1 Electrical migration for 35 actuators to the interconnection cabinet (3-4 days),1.0,1350102.6
SO4934,2023-10-11,MONDELEZ MEXICO,SERVICIOS FTS,7496254.39,"4.- Migration PH2 Hardware control(PLC, I/O, Signals, Sensors) migration to the new cabinet IP66 (3-4 days) Migration PH2 Hardware control(PLC, I/O, Signals, Sensors) migration to the new cabinet IP66 (3-4 days)","4.- Migration PH2 Hardware control(PLC, I/O, Signals, Sensors) migration to the new cabinet IP66 (3-4 days)",1.0,2779674.57
SO4934,2023-10-11,MONDELEZ MEXICO,SERVICIOS FTS,7496254.39,"5.- Mechanical / Electrical / Controls engineering required to complete equipment, and systems design, as well as to provide Bid & Installation Drawings actualizing current drawings.","5.- Mechanical / Electrical / Controls engineering required to complete equipment, and systems design, as well as to provide Bid & Installation Drawings actualizing current drawings.",1.0,109947.24
SO4934,2023-10-11,MONDELEZ MEXICO,SERVICIOS FTS,7496254.39,"6.- All labor required completing mechanical & electrical installation, controls integration, and all supervision required to complete this project.","6.- All labor required completing mechanical & electrical installation, controls integration, and all supervision required to complete this project.",1.0,721739.34
SO4934,2023-10-11,MONDELEZ MEXICO,SERVICIOS FTS,7496254.39,7.- Supervision and labor required to commission and start up all systems including safety supervisors.,7.- Supervision and labor required to commission and start up all systems including safety supervisors.,1.0,114863.58
SO4934,2023-10-11,MONDELEZ MEXICO,SERVICIOS FTS,7496254.39,8.- Installation,8.- Installation,1.0,102211.74
SO4934,2023-10-11,MONDELEZ MEXICO,SERVICIOS FTS,7496254.39,9.- Installation Supervision,9.- Installation Supervision,1.0,79074.0
SO4934,2023-10-11,MONDELEZ MEXICO,SERVICIOS FTS,7496254.39,10.- FAT (Factory Acceptance Test),10.- FAT (Factory Acceptance Test),1.0,39743.28
SO4934,2023-10-11,MONDELEZ MEXICO,SERVICIOS FTS,7496254.39,11.- Training,11.- Training,1.0,34775.37
SO4934,2023-10-11,MONDELEZ MEXICO,SERVICIOS FTS,7496254.39,12.- Performance Testing,12.- Performance Testing,1.0,80707.05
SO4934,2023-10-11,MONDELEZ MEXICO,SERVICIOS FTS,7496254.39,13.- Commissioning,13.- Commissioning,1.0,18633.96
SO4934,2023-10-11,MONDELEZ MEXICO,SERVICIOS FTS,7496254.39,14.- Start-Up Support,14.- Start-Up Support,1.0,24856.74
SO5260,2023-10-10,MONDELEZ MEXICO,SERVICIOS FTS,377000.0,"Matenimiento y ajuste de rayos X de Linea 7 y Linea 5    Serie:   E214302, E214301, E210201,  E210202,  E210203    Marca:  Eagle    OBSERVACION: - INCLUYE MANO DE OBRA      -HERRAMIENTAS                        - REFACCIONES NECESARIAS","Matenimiento y ajuste de rayos X de Linea 7 y Linea 5  Serie:  E214302, E214301, E210201,  E210202, E210203  Marca:  Eagle  OBSERVACION: - INCLUYE MANO DE OBRA -HERRAMIENTAS - REFACCIONES NECESARIAS",1.0,325000.0
SO5259,2023-10-10,MONDELEZ MEXICO,SERVICIOS FTS,226200.0,"Matenimiento y Calibracion de rayos X de Linea 2   Serie: E0051, E0052, E0053  OBSERVACION:   - INCLUYE MANO DE OBRA  -HERRAMIENTAS - REFACCIONES NECESARIAS",Mantenimiento y Calibracion de rayos X de Linea 2,1.0,195000.0
SO5191,2023-10-06,MONDELEZ MEXICO,SERVICIOS FTS,76208.52,Suministro de 120 metros de cable multilinea 5 x 16 marca Arsa,Suministro de 120 metros de cable multilinea 5 x 16 marca Arsa,1.0,24117.0
SO5191,2023-10-06,MONDELEZ MEXICO,SERVICIOS FTS,76208.52,"Mano de obra para canalizado de cable multilinea por tuberia subterránea existente, desde oficinas de almacen hasta bascula de camiones","Mano de obra para canalizado de cable multilinea por tuberia subterránea existente, desde oficinas de almacen hasta bascula de camiones",1.0,41580.0
SO5171,2023-10-05,"BIC, Martin Martinez",SERVICIOS FTS,160660.0,"Desmontaje, maniobra y traslado de Chiller de planta 1 a planta 2 de BIC  -	Desconexión mecánica y electrica de 2 equipos Chillers marca Carrier, modelo 30RBA06064-5---3 -	Preparación para su traslado a una planta vecina de BIC -	Maniobra de carga a camión de traslado de 2 Chillers, se considera en base a modelo de equipo un peso no mayor a 2400 kg -	Traslado de planta 1 a planta 2 de BIC de los dos equipos mencionados  -	Maniobra de descarga en nuevo lugar asignado en planta 2","Desmontaje, maniobra y traslado de Chiller de planta 1 a planta 2 de BIC",1.0,138500.0
SO5203,2023-10-03,MONDELEZ MEXICO,SERVICIOS FTS,301600.0,"Matenimiento y ajuste de rayos X de Linea 3   Serie: 4400000066, 4400000065, 4400000064, 4400000063 y 4400000062  OBSERVACION:   - INCLUYE MANO DE OBRA  -HERRAMIENTAS - REFACCIONES NECESARIAS",Matenimiento y ajuste de rayos X de Linea 3,1.0,260000.0
SO5230,2023-09-29,MONDELEZ MEXICO,SERVICIOS FTS,18560.0,Servicio de Suministro y fabricación de Cerrojos para 2 puertas de tablero TC11-07   •	Incluye:   -	(2) Cam lock made entirely from stainless steel 1.4404 (AISI 316L) (2 cerrojos por cada puerta)  -	(2) Placas maquinadas para Cerrojo.  -	Instalación; Incluye perforación e instalación de placas y cerrojos.,Servicio de Suministro y fabricación de Cerrojos para 2 puertas de tablero TC11-07,1.0,16000.0
SO1728,2023-09-26,MONDELEZ MEXICO,SERVICIOS FTS,7192.0,MANTENIMIENTO CLMA TABLERO CALIBRADORES,Mantenimiento Clima de Tablero,1.0,6200.0
SO5193,2023-09-25,MONDELEZ MEXICO,SERVICIOS FTS,377000.0,Calibración de equipos de rayos X de linea 9,Mantenimiento y ajuste de rayos x L9,1.0,325000.0
SO5192,2023-09-22,MONDELEZ MEXICO,SERVICIOS FTS,377000.0,Matenimiento y Calibracion de rayos X de Linea 6  Serie: - 4660292359 - 4660292341 - 4660292344 - 4660292347 - 4660292365   OBSERVACION:   - INCLUYE MANO DE OBRA  -HERRAMIENTAS - REFACCIONES NECESARIAS,Matenimiento y Calibracion de rayos X de Linea 6,1.0,325000.0
SO5051,2023-09-22,MONDELEZ MEXICO,SERVICIOS FTS,34730.4,"•	Mantenimiento a 3 climas de tablero eléctrico de horno L14:  -	Desinstalación e Instalación de la unidad.  -	Desinfección de evaporador. -	Limpieza de filtros.  -	Medición y evaluación de corriente de consumo.  -	Limpieza en intercambiadores de calor.  -	Limpieza de compresor.  -	Revisión, Análisis y diagnóstico de la unidad.  -	""Setup"" y puesta marcha.",•	Mantenimiento a 3 climas de tablero eléctrico de horno L14:,1.0,29940.0
SO5050,2023-09-22,MONDELEZ MEXICO,SERVICIOS FTS,23153.6,"•	Mantenimiento a 1 clima de tablero eléctrico de mixer L14  -	Desinstalación e Instalación de la unidad.  -	Desinfección de evaporador. -	Limpieza de filtros.  -	Medición y evaluación de corriente de consumo.  -	Limpieza en intercambiadores de calor.  -	Limpieza de compresor.  -	Revisión, Análisis y diagnóstico de la unidad.  -	""Setup"" y puesta marcha.",•	Mantenimiento a 1 clima de tablero eléctrico de mixer L14,1.0,9980.0
SO5050,2023-09-22,MONDELEZ MEXICO,SERVICIOS FTS,23153.6,"•	Mantenimiento a 1 clima de tablero eléctrico de maquinado L14 :  -	Desinstalación e Instalación de la unidad.  -	Desinfección de evaporador. -	Limpieza de filtros.  -	Medición y evaluación de corriente de consumo.  -	Limpieza en intercambiadores de calor.  -	Limpieza de compresor.  -	Revisión, Análisis y diagnóstico de la unidad.  -	""Setup"" y puesta marcha.",•	Mantenimiento a 1 clima de tablero eléctrico de maquinado L14 :,1.0,9980.0
SO5197,2023-09-20,No sabe fallar,SERVICIOS FTS,5109787.01,2.1 SUMINISTRO DE EQUIPOS HVAC,2.1 SUMINISTRO DE EQUIPOS HVAC,1.0,68590.8
SO5197,2023-09-20,No sabe fallar,SERVICIOS FTS,5109787.01,2.2 INSTALACION DE EQUIPOS HVAC,2.2 INSTALACION DE EQUIPOS HVAC,1.0,68590.8
SO5197,2023-09-20,No sabe fallar,SERVICIOS FTS,5109787.01,2.3 TUBERIAS VALVULAS Y CONEXIONES,2.3 TUBERIAS VALVULAS Y CONEXIONES,1.0,3592807.2
SO5197,2023-09-20,No sabe fallar,SERVICIOS FTS,5109787.01,2.4 GENERALES,2.4 GENERALES,1.0,675000.0
SO5195,2023-09-20,MONDELEZ MEXICO,SERVICIOS FTS,10846.0,Servicio de traslado de equipos y materiales  para disposición.,Servicio de renta de Grúa para descarga de equipos TCS y TPS en CFE,1.0,9350.0
SO5158,2023-09-20,MONDELEZ MEXICO,SERVICIOS FTS,15080.0,"Mantenimiento a tablero de Silos exterior A7  •	Servicios  -	Entrega de reporte de mantenimiento en formato digital -	Sopleteado y limpieza de componentes con nitrógeno -	Aspirado de tablero y componentes -	Limpieza de gabinete exterior e interior -	Reapriete de tornillería con torque controlado en base a Workmanship standar de Rockwell Automation. -	Prueba ""Pull check"" punto por punto -	Soporte en encendido y pruebas de tablero",Mantenimiento a tablero de Silos exterior A7,1.0,13000.0
SO5157,2023-09-20,MONDELEZ MEXICO,SERVICIOS FTS,18560.0,"Mantenimiento a tablero de Silos exterior A11  •	Servicios  -	Entrega de reporte de mantenimiento en formato digital -	Sopleteado y limpieza de componentes con nitrógeno -	Aspirado de tablero y componentes -	Limpieza de gabinete exterior e interior -	Reapriete de tornillería con torque controlado en base a Workmanship standar de Rockwell Automation. -	Prueba ""Pull check"" punto por punto -	Soporte en encendido y pruebas de tablero",Mantenimiento a tablero de Silos exterior A11,1.0,16000.0
SO5196,2023-09-19,MONDELEZ MEXICO,SERVICIOS FTS,8700.0,Suministro de Laser de 2 puntos verdes Marca Bosch,Suministro de Laser de 2 puntos verdes Marca Bosch,1.0,7500.0
SO4884,2023-09-14,Nalco de Mexico SA. de .CV,SERVICIOS FTS,95537.6,"-	Pintado de 84 metros cuadrados de piso, con pintura epoxica en un área aproximada de 6 metros X 14 metros, color azul","-	Pintado de 84 metros cuadrados de piso, con pintura epoxica en un área aproximada de 6 metros X 14 metros, color azul",1.0,60980.0
SO4884,2023-09-14,Nalco de Mexico SA. de .CV,SERVICIOS FTS,95537.6,"-	Pintado de 36 metros aproximadamente de pared, en color blanco","-	Pintado de 36 metros aproximadamente de pared, en color blanco",1.0,21380.0
SO5190,2023-09-12,MONDELEZ MEXICO,SERVICIOS FTS,377000.0,"Matenimiento y ajuste de rayos X de Linea 14   Serie:  4400000066, 4400000065, 4400000064, 4400000063 y 4400000062   OBSERVACION: - INCLUYE MANO DE OBRA -HERRAMIENTAS - REFACCIONES NECESARIAS","Matenimiento y ajuste de rayos X de Linea 14   Serie:  4400000066, 4400000065, 4400000064, 4400000063 y 4400000062   OBSERVACION: - INCLUYE MANO DE OBRA -HERRAMIENTAS - REFACCIONES NECESARIAS",1.0,325000.0
SO5004,2023-09-12,Nalco de Mexico SA. de .CV,SERVICIOS FTS,22040.0,2 bases: Fabricación de base para 3 bombas en acero inoxidable tipo 304 con acrílico para montajes de bombas con medidas de 50 cm x 30 cm x 35 cm x 1.60 metros con refuerzos según dibujo,2 bases: Fabricación de base para 3 bombas en acero inoxidable tipo 304 con acrílico para montajes de bombas con medidas de 50 cm x 30 cm x 35 cm x 1.60 metros con refuerzos según dibujo,1.0,19000.0
SO5122,2023-09-08,"MONDELEZ MEXICO, Kevin Ortiz",SERVICIOS FTS,41126.64,Instalación de etiqueta con información especifica de Arc Flash en tableros eléctricos.,Instalación de etiqueta con información especifica de Arc Flash en tableros eléctricos,228.0,35454.0
SO5160,2023-09-06,MONDELEZ MEXICO,SERVICIOS FTS,377000.0,"Matenimiento y ajuste de rayos X de Linea 14   Serie:  4400000066, 4400000065, 4400000064, 4400000063 y 4400000062   OBSERVACION: - INCLUYE MANO DE OBRA -HERRAMIENTAS - REFACCIONES NECESARIAS","Matenimiento y ajuste de rayos X de L10                                       Serie: 1436568530020, 1436568530030 , 1436568530040 y 1436568530050 OBSERVACION: - INCLUYE MANO DE OBRA - HERRAMIENTAS - REFACCIONES NECESARIAS",5.0,325000.0
SO5159,2023-09-06,MONDELEZ MEXICO,SERVICIOS FTS,301600.0,"Matenimiento y ajuste de rayos X de Linea 3   Serie: 4400000066, 4400000065, 4400000064, 4400000063 y 4400000062  OBSERVACION:   - INCLUYE MANO DE OBRA  -HERRAMIENTAS - REFACCIONES NECESARIAS",Matenimiento y ajuste de rayos X de Linea 3,1.0,260000.0
SO5155,2023-09-05,MONDELEZ MEXICO,SERVICIOS FTS,180334.76,CLIMA/4000W/SK3188.940/RITTAL,CLIMA/4000W/SK3188.940/RITTAL,1.0,155461.0
SO5133,2023-09-04,MONDELEZ MEXICO,SERVICIOS FTS,377000.0,"Matenimiento y ajuste de rayos X de Linea 10   Serie: 1436568530020, 1436568530030 , 1436568530040 y 1436568530050 OBSERVACION:   - INCLUYE MANO DE OBRA  -HERRAMIENTAS - REFACCIONES NECESARIAS","Matenimiento y ajuste de rayos X de L10                                       Serie: 1436568530020, 1436568530030 , 1436568530040 y 1436568530050 OBSERVACION: - INCLUYE MANO DE OBRA - HERRAMIENTAS - REFACCIONES NECESARIAS",5.0,325000.0
SO5120,2023-08-30,Industrial de Cuautitlan,SERVICIOS FTS,9167322.24,Agua Helada Sistema General,Agua Helada Sistema General,1.0,7902864.0
SO5116,2023-08-28,MONDELEZ MEXICO,SERVICIOS FTS,120070.44,CLIMA/2000W/SK3186.930/RITTAL,CLIMA/2000W/SK3186.930/RITTAL,1.0,103509.0
SO5097,2023-08-28,MONDELEZ MEXICO,SERVICIOS FTS,51254.6,Suministro e instalación de tubería conduit y cableado de válvula de entrada de tanque 2 de agua  •	Servicios  -	Suministro de 70 metros de cable multilínea 2 x 18 blindado para conexión electrica de alimentación de valvula y para retroalimentación de señal -	Suministro de 4 metros de tuberia conduit de 1/2” pared gruesa -	Soportería requerida para tuberia conduit -	Cableado y conexiones en tablero eléctrico y en valvula,Suministro e instalación de tubería conduit y cableado de válvula de entrada de tanque 2 de agua,1.0,44185.0
SO4949,2023-08-25,"MONDELEZ MEXICO, Eduardo Aguilera",SERVICIOS FTS,5916.0,Servicio de inspección y limpieza a sensor de flujo,Impresión de planos,1.0,5100.0
SO5087,2023-08-24,MONDELEZ MEXICO,SERVICIOS FTS,11281.0,"•	Suministro e instalacion de maneral rotativo rojo/amarillo con puto de candadeo, modelo a definir, para sustitución del existente en tablero TC11-03","•	Suministro e instalacion de maneral rotativo rojo/amarillo con puto de candadeo, modelo a definir, para sustitución del existente en tablero TC11-03",1.0,9725.0
SO5088,2023-08-21,MONDELEZ MEXICO,SERVICIOS FTS,226200.0,Matenimiento y ajuste de rayos X de Linea 11  Serie:  4460000047 4660292362 4660292356   OBSERVACION: - INCLUYE MANO DE OBRA -HERRAMIENTAS - REFACCIONES NECESARIAS,"Matenimiento y ajuste de rayos X de L10                                       Serie: 1436568530020, 1436568530030 , 1436568530040 y 1436568530050 OBSERVACION: - INCLUYE MANO DE OBRA - HERRAMIENTAS - REFACCIONES NECESARIAS",3.0,195000.0
SO5055,2023-08-21,MONDELEZ MEXICO,SERVICIOS FTS,377000.0,"Matenimiento y ajuste de rayos X de Linea 10   Serie: 1436568530020, 1436568530030 , 1436568530040 y 1436568530050 OBSERVACION:   - INCLUYE MANO DE OBRA  -HERRAMIENTAS - REFACCIONES NECESARIAS","Matenimiento y ajuste de rayos X de L10                                       Serie: 1436568530020, 1436568530030 , 1436568530040 y 1436568530050 OBSERVACION: - INCLUYE MANO DE OBRA - HERRAMIENTAS - REFACCIONES NECESARIAS",5.0,325000.0
SO5005,2023-08-21,MONDELEZ MEXICO,SERVICIOS FTS,48720.0,"Suministro e integracion de torreta para tablero eléctrico en L11, para IDC Gold","Suministro e integracion de torreta para tablero eléctrico en L11, para IDC Gold",1.0,42000.0
SO5041,2023-08-15,"MONDELEZ MEXICO, Christian Ortiz",SERVICIOS FTS,377000.0,Matenimiento y Calibracion de rayos X de Linea 13   Serie: - 4460000047 - 4660292362 - 4660292356 - 4600272321 - 4600272310   OBSERVACION:   - INCLUYE MANO DE OBRA  -HERRAMIENTAS - REFACCIONES NECESARIAS,Matenimiento y ajuste de rayos X de Linea 13,1.0,325000.0
SO5040,2023-08-15,"MONDELEZ MEXICO, Christian Ortiz",SERVICIOS FTS,377000.0,"Matenimiento y ajuste de rayos X de Linea 14   Serie:  4400000066, 4400000065, 4400000064, 4400000063 y 4400000062   OBSERVACION: - INCLUYE MANO DE OBRA -HERRAMIENTAS - REFACCIONES NECESARIAS","Matenimiento y ajuste de rayos X de Linea 14   Serie:  4400000066, 4400000065, 4400000064, 4400000063 y 4400000062   OBSERVACION: - INCLUYE MANO DE OBRA -HERRAMIENTAS - REFACCIONES NECESARIAS",1.0,325000.0
SO5006,2023-08-09,MONDELEZ MEXICO,SERVICIOS FTS,80726.72,"•	Suministro e instalacion de maneral rotativo negro con puto de candadeo, modelo a definir, para sustitución del existente en tablero TC11-03","•	Suministro e instalacion de maneral rotativo negro con puto de candadeo, modelo a definir, para sustitución del existente en tablero TC11-03",1.0,9725.0
SO5006,2023-08-09,MONDELEZ MEXICO,SERVICIOS FTS,80726.72,"•	Suministro e instalacion de maneral rotativo negro con puto de candadeo, modelo a definir, para sustitución del existente en tablero TC11-06","•	Suministro e instalacion de maneral rotativo negro con puto de candadeo, modelo a definir, para sustitución del existente en tablero TC11-06",1.0,11867.0
SO5006,2023-08-09,MONDELEZ MEXICO,SERVICIOS FTS,80726.72,•	Servicio de Suministro y fabricación de Cerrojos para 2 puertas de tableroTC11-06  -	Incluye:  -	(2) Cam lock made entirely from stainless steel 1.4404 (AISI 316L) (2 cerrojos por cada puerta)  -	(2) Placas maquinadas para Cerrojo.  -	Instalación; Incluye perforación e instalación de placas y cerrojos.,•	Servicio de Suministro y fabricación de Cerrojos para 2 puertas de tableroTC11-06,1.0,16000.0
SO5006,2023-08-09,MONDELEZ MEXICO,SERVICIOS FTS,80726.72,•	Servicio de Suministro y fabricación de Cerrojos para 4 puertas de tablero TC6-  -	Incluye:  -	(2) Cam lock made entirely from stainless steel 1.4404 (AISI 316L) (2 cerrojos por cada puerta)  -	(2) Placas maquinadas para Cerrojo.  -	Instalación; Incluye perforación e instalación de placas y cerrojos.,•	Servicio de Suministro y fabricación de Cerrojos para 4 puertas de tablero TC6-,1.0,32000.0
SO4464,2023-08-08,MONDELEZ MEXICO,SERVICIOS FTS,15590.4,"Suministro e instalacion de interphone MCA HINKVISION para almacen Incluye: - Kit De Videoportero Analogico Con Pantalla Lcd A Color De 7 "",  - Instalación básica de equipo",Suministro e instalacion de interphone MCA HINKVISION para almacen,1.0,13440.0
SO5033,2023-08-07,MONDELEZ MEXICO,SERVICIOS FTS,377000.0,Matenimiento y Calibracion de rayos X de Linea 6  Serie: - 4660292359 - 4660292341 - 4660292344 - 4660292347 - 4660292365   OBSERVACION:   - INCLUYE MANO DE OBRA  -HERRAMIENTAS - REFACCIONES NECESARIAS,Matenimiento y Calibracion de rayos X de Linea 6,1.0,325000.0
SO5001,2023-08-07,MONDELEZ MEXICO,SERVICIOS FTS,2647.58,"MANGUERA FLEXIBLE MCA YIN MODELO: YN250221 Incluye en el kit : - 1 Manguera metálica flexible TMF de 1"" Diámetro X 1.5 mts de longitud total con niples en las puntas de rosca ntp en acero inox 304 . Cedula 40 de 10 cms de longitud en ambos extremos",MANGUERA FLEXIBLE MCA YIN MODELO: YN250221,1.0,2282.4
SO4913,2023-08-07,MONDELEZ MEXICO,SERVICIOS FTS,226200.0,"Matenimiento y ajuste de rayos X de Linea 2  Serie:  E2345, E2346 , E42347  Marca:  Eagle  OBSERVACION: - INCLUYE MANO DE OBRA -HERRAMIENTAS - REFACCIONES NECESARIAS.",Matenimiento y ajuste de rayos X de Linea 2,3.0,195000.0
SO4823,2023-08-02,"MONDELEZ MEXICO, Felipe Perez",SERVICIOS FTS,301600.0,Cambio de Switches s en 11 IDF´s en planta monterrey,Cambio de Switches s en 11 IDF´s en planta monterrey,1.0,260000.0
SO4859,2023-08-01,"CARRIER ENTERPRISE MEXICO S DE RL DE CV, Javier Vilchis",SERVICIOS FTS,72558.0,Programacion de nuevos modelos en Robot Soldador ABB,Programacion de nuevos modelos en Robot Soldador ABB,1.0,62550.0
SO4931,2023-07-27,MONDELEZ MEXICO,SERVICIOS FTS,377000.0,Matenimiento y Calibracion de rayos X de Linea 6  Serie: - 4660292359 - 4660292341 - 4660292344 - 4660292347 - 4660292365   OBSERVACION:   - INCLUYE MANO DE OBRA  -HERRAMIENTAS - REFACCIONES NECESARIAS,Matenimiento y Calibracion de rayos X de Linea 6,1.0,325000.0
SO4986,2023-07-25,MONDELEZ MEXICO,SERVICIOS FTS,348000.0,CLIMA/4000W/SK3188.940/RITTAL,CLIMA/4000W/SK3188.940/RITTAL,2.0,348000.0
SO4502,2023-07-25,MONDELEZ MEXICO,SERVICIOS FTS,91411.48,"Suministro de barrera vehicular Planta Mty. Incluye:  Barrera Vehicular de uso rudo / Servo Motor / Brazo Octagonal de 4.5 metros / Velocidad 3 segundos / Izquierda o Derecha. Cable control para automatización con botonera. Cable Eléctrico para energización de barrera, uso rudo 3 x 14 awg. Botonera triple para accionamiento. Regulador de Voltaje de Escritorio NEMA 5-15 /1000VA/400W. Misceláneos varios para instalación y anclaje",Suministro de barrera vehicular Planta Mty.,1.0,59890.0
SO4502,2023-07-25,MONDELEZ MEXICO,SERVICIOS FTS,91411.48,"Servicio de Instalacion y Puesta en marcha Incluye Instalación de:  Gabinete de pluma anclado a suelo de concreto mediante expansor ancla. barrera o pluma Botonera de accionamiento. Cableado de control y fuerza Conexiones necesarias, instalación de regulador de voltaje. Puesta en marcha de equipo.",Servicio de Instalacion y Puesta en marcha,1.0,18913.0
SO4904,2023-07-19,"MONDELEZ MEXICO, Jose Luis Leura",SERVICIOS FTS,2797395.62,•	Suministro e instalacion de 1 nodos en empaque L6,•	Suministro e instalacion de 18 nodos en empaque L6,18.0,472903.92
SO4904,2023-07-19,"MONDELEZ MEXICO, Jose Luis Leura",SERVICIOS FTS,2797395.62,•	Integración de sistema Label Verification a 1 baggers,•	Integración de sistema Label Verification a paqueteras nuevas,9.0,944511.03
SO4904,2023-07-19,"MONDELEZ MEXICO, Jose Luis Leura",SERVICIOS FTS,2797395.62,•	Servicio de integración de conveyor de enfriamiento a bagger 8,•	Servicio de integración de conveyor de enfriamiento a bagger 8,1.0,203000.0
SO4904,2023-07-19,"MONDELEZ MEXICO, Jose Luis Leura",SERVICIOS FTS,2797395.62,•,•	Suministro 2 aspiradoras industriales Nilfisk 480 vac,2.0,630000.0
SO4904,2023-07-19,"MONDELEZ MEXICO, Jose Luis Leura",SERVICIOS FTS,2797395.62,•	Instalacion y fabricacion de sistema de rechazo de paquetes vacios en bagger 8,•	Integracion de rechazador de paquetes vacíos,1.0,161133.0
SO4916,2023-07-18,MONDELEZ MEXICO,SERVICIOS FTS,377000.0,"Matenimiento y ajuste de rayos X de Linea 7 y Linea 5    Serie:   E214302, E214301, E210201,  E210202,  E210203    Marca:  Eagle    OBSERVACION: - INCLUYE MANO DE OBRA      -HERRAMIENTAS                        - REFACCIONES NECESARIAS","Matenimiento y ajuste de rayos X de Linea 7 y Linea 5  Serie:  E214302, E214301, E210201,  E210202, E210203  Marca:  Eagle  OBSERVACION: - INCLUYE MANO DE OBRA -HERRAMIENTAS - REFACCIONES NECESARIAS",1.0,325000.0
SO4853,2023-07-18,"MONDELEZ MEXICO, Christian Ortiz",SERVICIOS FTS,377000.0,"Matenimiento y ajuste de rayos X de Linea 14   Serie:  4400000066, 4400000065, 4400000064, 4400000063 y 4400000062   OBSERVACION: - INCLUYE MANO DE OBRA -HERRAMIENTAS - REFACCIONES NECESARIAS","Matenimiento y ajuste de rayos X de Linea 14   Serie:  4400000066, 4400000065, 4400000064, 4400000063 y 4400000062   OBSERVACION: - INCLUYE MANO DE OBRA -HERRAMIENTAS - REFACCIONES NECESARIAS",1.0,325000.0
SO4657,2023-07-04,"ALTA EXTRACCION, S.A. DE C.V",SERVICIOS FTS,145000.0,"Upgrade Sistema de enfriamiento tostador probat - 1 cambio de malla inox con abertura de 1/4.  -Suministro y fabricacion de estructura para malla de suelo de tina de enfriamiento, en solera y ángulo de acero.  - Fabricacion y modificacion de cuello en forma de V para cerrar por abajo la tolva para mayor succion de aire caliente.  - Cambio de turbina por una refurbished de mayor potencia.  - Cambio de arreglo mecanico de ducteria, para acercar turbina de enfriamiento hacia la tina de enfriamiento.",Upgrade Sistema de enfriamiento tostador probat,1.0,125000.0
SO4263,2023-07-04,MONDELEZ MEXICO,SERVICIOS FTS,377000.0,Matenimiento y Calibracion de rayos X de Linea 9   Serie: - 4660292359 - 4660292341 - 4660292344 - 4660292347 - 4660292365   OBSERVACION:   - INCLUYE MANO DE OBRA  -HERRAMIENTAS - REFACCIONES NECESARIAS,Matenimiento y ajuste de rayos X de Linea 3,5.0,325000.0
SO4861,2023-07-03,MONDELEZ MEXICO,SERVICIOS FTS,134444.0,Diagnostico a sistema prism2 control de climatización oficinas generales,Diagnostico a sistema prism2 control de climatización oficinas generales,1.0,115900.0
SO4442,2023-07-03,MONDELEZ MEXICO,SERVICIOS FTS,9976.0,Mantenimiento a Tablero Electrico,Mantenimiento a Tablero Electrico,1.0,8600.0
SO4441,2023-07-03,MONDELEZ MEXICO,SERVICIOS FTS,9976.0,Mantenimiento a Tablero Electrico,Mantenimiento a Tablero Electrico,1.0,8600.0
SO4440,2023-07-03,MONDELEZ MEXICO,SERVICIOS FTS,9976.0,Mantenimiento a Tablero Electrico,Mantenimiento a Tablero Electrico,1.0,8600.0
SO279,2023-07-03,Daniel Cuateta,SERVICIOS FTS,17400.0,SERVICIO SOPORTE TECNICO LUCCA,SERVICIO SOPORTE TECNICO LUCCA,1.0,15000.0
SO092,2023-07-03,MONDELEZ MEXICO,SERVICIOS FTS,2378.0,Mantenimiento a Clima de Tablero Servicio de Mantenimiento Preventivo AC Unit en tablero de control salida de Horno L9  Incluye:  • Desinfección de evaporador. • Limpieza de filtros. • Medición y evaluación de corriente de consumo. • Medición y evaluación del estado de gas de enfriamiento. • Limpieza en intercambiadores de calor.• Limpieza de compresores. • Puesta en marcha del equipo. • Termografia de componentes mecanicos • Incluye Analisis de situación termica del tablero de control • Incluye pruebas de funcionamiento en tablero con equipo energizado utilizando EPP Arc Resistant CAT 2.,Mantenimiento a Clima Rittal,1.0,2050.0
SO4900,2023-06-29,MONDELEZ MEXICO,SERVICIOS FTS,377000.0,Mantenimiento y ajuste de rayos x L9 Mantenimiento de rayos x L9 Matenimiento y Calibracion de rayos X de Linea 9   Serie: - 4660292359 - 4660292341 - 4660292344 - 4660292347 - 4660292365   OBSERVACION:   - INCLUYE MANO DE OBRA  -HERRAMIENTAS - REFACCIONES NECESARIAS,Mantenimiento y ajuste de rayos x L9,5.0,325000.0
SO4863,2023-06-29,MONDELEZ MEXICO,SERVICIOS FTS,329542.08,Modificaciones a pantalla de monitoreo existente,Modificaciones a pantalla de monitoreo existente,1.0,181913.0
SO4863,2023-06-29,MONDELEZ MEXICO,SERVICIOS FTS,329542.08,Integracion mecanica y cableado de medidor de flujo existente,Integracion mecanica y cableado de medidor de flujo existente,1.0,80125.0
SO4863,2023-06-29,MONDELEZ MEXICO,SERVICIOS FTS,329542.08,Integración de medidor a PLC existente en skid de bombas e instalación de switch,Integración de medidor a PLC existente en skid de bombas e instalación de switch,1.0,22050.0
SO4647,2023-06-29,MONDELEZ MEXICO,SERVICIOS FTS,19140.0,Suministro de marco metálico para PanelView,Suministro de marco metálico para PanelView,1.0,16500.0
SO4417,2023-06-29,"CBRE GCS, S. de R.L. de C.V.",SERVICIOS FTS,53070.0,Servicio de Mantenimiento a Cierra Cinta  Marca: Grizzly Mod: G0561 Incluye Refacion: Banda/cinta,Servicio de Mantenimiento a Encintadoras,2.0,7220.0
SO4417,2023-06-29,"CBRE GCS, S. de R.L. de C.V.",SERVICIOS FTS,53070.0,Servicio de Mantenimiento a Cierra Cinta  Marca: Jet Mod: J-3130 Incluye Refacion: Banda/cinta,Servicio de Mantenimiento a Cierra Cinta  Marca: Jet Mod: J-3130,1.0,3610.0
SO4417,2023-06-29,"CBRE GCS, S. de R.L. de C.V.",SERVICIOS FTS,53070.0,Servicio de Mantenimiento a Esmeril de Banco MCA: DEWALT MOD: DW758,Servicio de Mantenimiento a Esmeril de Banco MCA: DEWALT MOD: DW758,1.0,1710.0
SO4417,2023-06-29,"CBRE GCS, S. de R.L. de C.V.",SERVICIOS FTS,53070.0,"Servicio de Mantenimiento a Taladro de banco, MCA: Jet , Mod: J-2530","Servicio de Mantenimiento a Taladro de banco, MCA: Jet , Mod: J-2530",1.0,1900.0
SO4417,2023-06-29,"CBRE GCS, S. de R.L. de C.V.",SERVICIOS FTS,53070.0,Servicio de Mantenimiento a Fixed router MCA: Dewalt mod: DW6184,Servicio de Mantenimiento a Fixed router MCA: Dewalt mod: DW6184,1.0,950.0
SO4417,2023-06-29,"CBRE GCS, S. de R.L. de C.V.",SERVICIOS FTS,53070.0,"Servicio de Mantenimiento a Clavadora MCA:Porter Cable, Mod: BN200C","Servicio de Mantenimiento a Clavadora MCA:Porter Cable, Mod: BN200C",1.0,950.0
SO4417,2023-06-29,"CBRE GCS, S. de R.L. de C.V.",SERVICIOS FTS,53070.0,Servicio de Mantenimiento a Engrapadora neumatica MCA: Urrea Mod: EN916,Servicio de Mantenimiento a Engrapadora neumatica MCA: Urrea Mod: EN916,1.0,1425.0
SO4417,2023-06-29,"CBRE GCS, S. de R.L. de C.V.",SERVICIOS FTS,53070.0,Servicio de Mantenimiento a Caladora Mca: Bosch Mod: GST-150-BCE,Servicio de Mantenimiento a Caladora Mca: Bosch Mod: GST-150-BCE,1.0,855.0
SO4417,2023-06-29,"CBRE GCS, S. de R.L. de C.V.",SERVICIOS FTS,53070.0,Servicio de mantenimiento a Taladro electrico MCA: Dewalt Mod: DW235G,Servicio de mantenimiento,1.0,855.0
SO4417,2023-06-29,"CBRE GCS, S. de R.L. de C.V.",SERVICIOS FTS,53070.0,"Servicio de mantenimiento a compresor MCA: ABAC , MOD: BDT30FM1DRYSIL","Servicio de mantenimiento a compresor MCA: ABAC , MOD: BDT30FM1DRYSIL",1.0,2375.0
SO4417,2023-06-29,"CBRE GCS, S. de R.L. de C.V.",SERVICIOS FTS,53070.0,Traslado de cuadrilla a planta Guadalajara para realizar labores de Mantneimiento a herramientas,Traslado de cuadrilla a planta Guadalajara,1.0,9500.0
SO4417,2023-06-29,"CBRE GCS, S. de R.L. de C.V.",SERVICIOS FTS,53070.0,6 dias de labores para trabajo en mantenimiento de herramientas en IBM Guadalajara,1 semana de labores para trabajo en mantenimiento de herramientas en IBM Guadalajara,1.0,14400.0
SO4860,2023-06-27,MONDELEZ MEXICO,SERVICIOS FTS,13920.0,Suministro y ponchado de 2 conectores ethernet en L11,Suministro y ponchado de 2 conectores ethernet en L11,1.0,12000.0
SO4592,2023-06-27,MONDELEZ MEXICO,SERVICIOS FTS,27091.8,Reparación clima de RSM L6 Salinas,Reparación clima de RSM L6 Salinas,1.0,23355.0
SO4597,2023-06-23,MONDELEZ MEXICO,SERVICIOS FTS,112520.0,Servicio de corte con ArcAir y plasma de equipos en Mondelez Monterrey. Incluye. - Gases necesarios  - Mano de obra - Corte de equipos para que quepan dentro de dimensiones de tarima,Servicio de corte con ArcAir y plasma de equipos en Mondelez Monterrey.,1.0,97000.0
SO4772,2023-06-22,MONDELEZ MEXICO,SERVICIOS FTS,377000.0,Matenimiento y Calibracion de rayos X de Linea 13   Serie: - 4460000047 - 4660292362 - 4660292356 - 4600272321 - 4600272310   OBSERVACION:   - INCLUYE MANO DE OBRA  -HERRAMIENTAS - REFACCIONES NECESARIAS,Matenimiento y ajuste de rayos X de Linea 3,5.0,325000.0
SO4591,2023-06-22,MONDELEZ MEXICO,SERVICIOS FTS,49260.56,Reparación clima de Amases L6 Salinas,Reparación clima de Amases L6 Salinas,1.0,42466.0
SO2472,2023-06-14,Conductores Monterrey,SERVICIOS FTS,45240.0,Servicio de reparacion de camara Frigorifica PLANTA VIAKON MTY Incluye.  - Insumos necesarios para soldadura. - Desarmar todo el panel aislante y volverlo a instalar. - instalacion y suministro de aislante en paredes que se tenga aue remover en proceso de soldsduda. - Deteccion de fugas con nitrogeno. - pruebas de hermeticidad positivas y negativas. - Pruebas funcionales y puests en marcha,Servicio de reparacion de camara Frigorifica PLANTA VIAKON MTY,1.0,39000.0
SO4526,2023-06-13,MONDELEZ MEXICO,SERVICIOS FTS,377000.0,Matenimiento y Calibracion de rayos X de Linea 13   Serie: - 4460000047 - 4660292362 - 4660292356 - 4600272321 - 4600272310   OBSERVACION:   - INCLUYE MANO DE OBRA  -HERRAMIENTAS - REFACCIONES NECESARIAS,Matenimiento y ajuste de rayos X de Linea 3,5.0,325000.0
SO4773,2023-06-08,MONDELEZ MEXICO,SERVICIOS FTS,377000.0,Matenimiento y Calibracion de rayos X de Linea 9   Serie: - 4660292359 - 4660292341 - 4660292344 - 4660292347 - 4660292365   OBSERVACION:   - INCLUYE MANO DE OBRA  -HERRAMIENTAS - REFACCIONES NECESARIAS,Matenimiento y ajuste de rayos X de Linea 3,5.0,325000.0
SO4443,2023-06-08,MONDELEZ MEXICO,SERVICIOS FTS,9976.0,Mantenimiento a Tablero Electrico,Mantenimiento a Tablero Electrico,1.0,8600.0
SO4799,2023-06-04,MONDELEZ MEXICO,SERVICIOS FTS,55680.0,Reprogramacion sistema de alimentacion Bagger PFM L6 Incluye. - Reprogramacion para alimentadores de baggers L6 - Supervisor de seguridad. - 1 programador y 1 técnico. - Pruebas funcionales y evidencia con video.,Reprogramacion sistema de alimentacion Bagger PFM L6,1.0,48000.0
SO4571,2023-05-29,MONDELEZ MEXICO,SERVICIOS FTS,226200.0,Matenimiento y ajuste de rayos X de Linea 2,Matenimiento y ajuste de rayos X de Linea 2,1.0,195000.0
SO4730,2023-05-24,MONDELEZ MEXICO,SERVICIOS FTS,377000.0,Matenimiento y Calibracion de rayos X de Linea 6,Matenimiento y ajuste de rayos X de Linea 3,1.0,325000.0
SO4743,2023-05-23,MONDELEZ MEXICO,SERVICIOS FTS,120070.44,CLIMA/2000W/SK3186.930/RITTAL,CLIMA/2000W/SK3186.930/RITTAL,1.0,103509.0
SO4731,2023-05-22,"ADVANCED TECHNOLOGY SERVICES, MEXICO,",SERVICIOS FTS,80571.28,Revisión a comunicación de run test,Revisión a comunicación de run test,1.0,69458.0
SO4732,2023-05-19,MONDELEZ MEXICO,SERVICIOS FTS,6113200.0,"Vertical Warehouse with Installation ((Equipment, transportation, handling, utilities, installation, training, start up) for SALINAS","Vertical Warehouse with Installation ((Equipment, transportation, handling, utilities, installation, training, start up) for SALINAS",1.0,5270000.0
SO4710,2023-05-19,MONDELEZ MEXICO,SERVICIOS FTS,1531.2,FILTRO/AIRE/SK 3240.200/RITTAL,FILTRO/AIRE/SK 3240.200/RITTAL,1.0,1320.0
SO4671,2023-05-17,MONDELEZ MEXICO,SERVICIOS FTS,377000.0,"Matenimiento y ajuste de rayos X de Linea 14   Serie:  4400000066, 4400000065, 4400000064, 4400000063 y 4400000062   OBSERVACION: - INCLUYE MANO DE OBRA -HERRAMIENTAS - REFACCIONES NECESARIAS","Matenimiento y ajuste de rayos X de L10                                       Serie: 1436568530020, 1436568530030 , 1436568530040 y 1436568530050 OBSERVACION: - INCLUYE MANO DE OBRA - HERRAMIENTAS - REFACCIONES NECESARIAS",5.0,325000.0
SO4706,2023-05-12,Abbotsford Road Coffee Specialists Inc.,SERVICIOS FTS,129000.0,GREEN COFFEE SILOS BATTERY – AUTOMATIC SYSTEM  Includes: - 4 Battery silo system - Shipping - Installation - Commisioning,[SILOSCOFFE001] GREEN COFFEE SILOS,1.0,129000.0
SO4705,2023-05-12,Nalco de Mexico SA. de .CV,SERVICIOS FTS,22040.0,2 bases: Fabricación de base para 3 bombas en acero inoxidable tipo 304 con acrílico para montajes de bombas con medidas de 50 cm x 30 cm x 35 cm x 1.60 metros con refuerzos según dibujo,2 bases: Fabricación de base para 3 bombas en acero inoxidable tipo 304 con acrílico para montajes de bombas con medidas de 50 cm x 30 cm x 35 cm x 1.60 metros con refuerzos según dibujo,1.0,19000.0
SO4704,2023-05-12,Nalco de Mexico SA. de .CV,SERVICIOS FTS,11600.0,1 bases: Fabricación de base para 5 bombas en acero inoxidable tipo 304 con acrílico para montajes de bombas con medidas de 30 cm x 35 cm x 80 cm x 1.60 metros con refuerzos según dibujo,1 bases: Fabricación de base para 5 bombas en acero inoxidable tipo 304 con acrílico para montajes de bombas con medidas de 30 cm x 35 cm x 80 cm x 1.60 metros con refuerzos según dibujo,1.0,10000.0
SO4703,2023-05-12,MONDELEZ MEXICO,SERVICIOS FTS,3056600.0,"Vertical Warehouse with Installation (Equipment, transportation, handling, utilities, installation, training, start up) for MTY","Vertical Warehouse with Installation (Equipment, transportation, handling, utilities, installation, training, start up) for MTY",1.0,2635000.0
SO4649,2023-05-12,MONDELEZ MEXICO,SERVICIOS FTS,46318.8,Servicio de mantenimiento a deshumidificador,Servicio de mantenimiento a deshumidificador,1.0,39930.0
SO4550,2023-05-12,WASHINGTON PENN PLASTIC DE MEXICO,SERVICIOS FTS,53360.0,"Servicio de integracion de sistema UPS para Panel Views  Incluye:  1 Spdc24480 Fuente De Poder,480w, 24vdc, 20 A Carlo Gavazz 1 Batería de respaldo (UPS) MARCA APC BR1500M2LM de 1,500VA/900W con 10 contactos NEMA 5-15R, 120V. 1 DIN RIEL 1 Cableado de interconexion. 1 Main Circuit breaker 30 amperes 1 Kit de Mangueras liquidtight para interconexión de tableros de Panel Views. 1 lote de 3 a 4  metros de tubería Conduit necesaria para interconexión 1/2 pulgada pared Gruesa 1 Mano de obra",Servicio de integracion de sistema UPS para Panel Views,1.0,46000.0
SO4695,2023-05-10,MONDELEZ MEXICO,SERVICIOS FTS,53360.0,Lampara De Campana Led 150w Tipo Ufo (colgante) 1pz Jwj,Lampara De Campana Led 150w Tipo Ufo (colgante) 1pz Jwj,20.0,46000.0
SO4572,2023-05-04,MONDELEZ MEXICO,SERVICIOS FTS,452400.0,"Matenimiento y Calibracion de rayos X de Linea 2, MARCA Eagle Pro   Serie: E0051, E0052, E0053  OBSERVACION:   - INCLUYE MANO DE OBRA  -HERRAMIENTAS - REFACCIONES NECESARIAS",Matenimiento y ajuste de rayos X de Linea 3,1.0,195000.0
SO4572,2023-05-04,MONDELEZ MEXICO,SERVICIOS FTS,452400.0,"Matenimiento y ajuste de rayos X de Linea 5   Serie: 4400000066, 4400000065, 4400000064, 4400000063 y 4400000062  OBSERVACION:   - INCLUYE MANO DE OBRA  -HERRAMIENTAS - REFACCIONES NECESARIAS",Matenimiento y ajuste de rayos X de Linea 3,1.0,195000.0
SO4501,2023-05-04,MONDELEZ MEXICO,SERVICIOS FTS,33524.0,Servicio de Mantenimiento Preventivo a Polipasto L6,Servicio de Mantenimiento Preventivo a Polipasto L13,1.0,28900.0
SO4603,2023-04-24,CORPORACION ELECTRICA DEL BRAVO,SERVICIOS FTS,16240.0,"Router STARSHIP 412 Es un dispositivo celular que permite la transmisión de una gran cantidad de datos a través de la red LTE/WCDMA.  Contiene un poderoso CPU industrial de 32-bits y un sistema operativo integrado en tiempo real. Soporta puertos RS232 (o RS485/RS422), Ethernet y Wi-Fi que permite conectar tus dispositivos seriales, Ethernet y Wi-Fi tan sólo realizando unas configuraciones básicas. También soporta funciones GPS.  Es ampliamente usado en los campos del M2M, transportación inteligente, redes de distribución eléctricas inteligentes, automatización industrial, telemetría, finanzas, TPV, abastecimiento de agua, protección ambiental, correos, clima, etc.  Cuenta con una plataforma de administracion y monitoreoremota para su mejor control.  -------------------------------------------------------------------------------------------------------------------------------------------- SERVICIOS FTS SA DE CV - NO es distrubiuidor autorizado de la marca de este articulo Se cuenta con estos productos nuevos y en stock para la venta inmediata de los productos.",Router STARSHIP 412,1.0,14000.0
SO4561,2023-04-24,MONDELEZ MEXICO,SERVICIOS FTS,10672.0,Lampara De Campana Led 150w Tipo Ufo (colgante) 1pz Jwj,Lampara De Campana Led 150w Tipo Ufo (colgante) 1pz Jwj,4.0,9200.0
SO4569,2023-04-19,MONDELEZ MEXICO,SERVICIOS FTS,377000.0,Matenimiento y Calibracion de rayos X de Linea 9   Serie: - 4660292359 - 4660292341 - 4660292344 - 4660292347 - 4660292365   OBSERVACION:   - INCLUYE MANO DE OBRA  -HERRAMIENTAS - REFACCIONES NECESARIAS,Matenimiento y ajuste de rayos X de Linea 3,5.0,325000.0
SO4589,2023-04-17,MONDELEZ MEXICO,SERVICIOS FTS,77720.0,Retiro de Equipos de medicion de planta Mondelez Monterrey Incluye. - Renta de Camion tipo plancha plana para flete de Mondelez hacia FTS - Uso de Montacargas. - Trasvasar aceite de Equipos de medicion y colocarlos en garrafas especificadas. - Etiquetado de garrafas. - Mano de obra necesaria. - Traslado de equipos a Instalaciones finales.,Retiro de Equipos de medicion de planta Mondelez Monterrey,1.0,67000.0
SO4570,2023-04-17,MONDELEZ MEXICO,SERVICIOS FTS,377000.0,Matenimiento y Calibracion de rayos X de Linea 6   Serie: - 4660292359 - 4660292341 - 4660292344 - 4660292347 - 4660292365   OBSERVACION:   - INCLUYE MANO DE OBRA  -HERRAMIENTAS - REFACCIONES NECESARIAS,Matenimiento y ajuste de rayos X de Linea 3,5.0,325000.0
SO4588,2023-04-14,"MONDELEZ MEXICO, Jesus Olivares",SERVICIOS FTS,74240.0,Integracion de ventilador extractor y turbinas de recirculación aire Tablero Trayloader L2,Integracion de ventilador extractor y turbinas de recirculación aire Tablero Trayloader L2  Suministro e Instalación de 2 turbinas para tablero Enclosure internal fan MCA. RITTAL Suministro e Instalación de 1 Ventilador para tablero modelo : K2S165-AA77-15 MCA. RITTAL Suministro e Instalación de cableado eléctrico para alimentación de turbinas. Suministro e instalación de Circuit Breakers MCA. Allen Bradley para alimentación eléctrica. Perforación de tablero para instalación de Ventilador en puerta de tablero. DIN RIEL o base necesaria para montaje de componentes. Suministro e instalación de bases metálicas para instalación de ventiladores. Instalación de filtros para ventilador de puertas.,1.0,64000.0
SO4587,2023-04-14,"MONDELEZ MEXICO, Jesus Olivares",SERVICIOS FTS,74240.0,Integracion de ventilador extractor y turbinas de recirculación aire Tablero Trayloader L2,Integracion de ventilador extractor y turbinas de recirculación aire Tablero Trayloader L2  Suministro e Instalación de 2 turbinas para tablero Enclosure internal fan MCA. RITTAL Suministro e Instalación de 1 Ventilador para tablero modelo : K2S165-AA77-15 MCA. RITTAL Suministro e Instalación de cableado eléctrico para alimentación de turbinas. Suministro e instalación de Circuit Breakers MCA. Allen Bradley para alimentación eléctrica. Perforación de tablero para instalación de Ventilador en puerta de tablero. DIN RIEL o base necesaria para montaje de componentes. Suministro e instalación de bases metálicas para instalación de ventiladores. Instalación de filtros para ventilador de puertas.,1.0,64000.0
SO4444,2023-04-14,"MONDELEZ MEXICO, Jesus Olivares",SERVICIOS FTS,74240.0,Integracion de ventilador extractor y turbinas de recirculación aire Tablero Trayloader L2,Integracion de ventilador extractor y turbinas de recirculación aire Tablero Trayloader L2  Suministro e Instalación de 2 turbinas para tablero Enclosure internal fan MCA. RITTAL Suministro e Instalación de 1 Ventilador para tablero modelo : K2S165-AA77-15 MCA. RITTAL Suministro e Instalación de cableado eléctrico para alimentación de turbinas. Suministro e instalación de Circuit Breakers MCA. Allen Bradley para alimentación eléctrica. Perforación de tablero para instalación de Ventilador en puerta de tablero. DIN RIEL o base necesaria para montaje de componentes. Suministro e instalación de bases metálicas para instalación de ventiladores. Instalación de filtros para ventilador de puertas.,1.0,64000.0
SO4551,2023-04-11,MONDELEZ MEXICO,SERVICIOS FTS,7192.0,Mantenimiento preventivo a 1 clima de tablero de maquiados L11,Mantenimiento preventivo a 1 clima de tablero de maquiados L11,1.0,6200.0
SO4548,2023-04-11,MONDELEZ MEXICO,SERVICIOS FTS,53341.44,Maniobra de descarga de equipos en patio de maniobras,Maniobra de descarga de equipos en patio de maniobras,1.0,45984.0
SO4531,2023-04-11,MONDELEZ MEXICO,SERVICIOS FTS,28768.0,Mantenimiento preventivo a 4 climas de procesos L1,Mantenimiento preventivo a 4 climas de procesos L1,1.0,24800.0
SO4340,2023-04-11,MONDELEZ MEXICO,SERVICIOS FTS,28768.0,Mantenimiento preventivo a 4 climas de tableros de procesos L6,Mantenimiento preventivo a 4 climas de tableros de procesos L6,1.0,24800.0
SO4515,2023-04-07,INDUSTRY SERVICE & UPKEEP,SERVICIOS FTS,561971.28,Soporte de ingeniería en alarmas de equipo,Soporte de ingeniería en alarmas de equipo,1.0,69458.0
SO4515,2023-04-07,INDUSTRY SERVICE & UPKEEP,SERVICIOS FTS,561971.28,"Desinstalación de equipos obsoletos, cartonera L7 y empaque L9","Desinstalación de equipos obsoletos, cartonera L7 y empaque L9",1.0,227000.0
SO4515,2023-04-07,INDUSTRY SERVICE & UPKEEP,SERVICIOS FTS,561971.28,"Suministro e instalacion de 110mts 2 piso epoxico en color azul,  inlcuir todo lo necesario para una correcta instalacion.","Suministro e instalacion de 110mts 2 piso epoxico en color azul,  inlcuir todo lo necesario para una correcta instalacion.",1.0,70000.0
SO4515,2023-04-07,INDUSTRY SERVICE & UPKEEP,SERVICIOS FTS,561971.28,"Fabricacion e instalacion de tapial, temporal, necesario para el corte y destrucion de los equipos, base de lona blanca y estructura metalica.   Dimenciones aproximadas. 6.0 mts ancho, 6.0 mts de largo,  3.0 mts de altura.","Fabricacion e instalacion de tapial, temporal, necesario para el corte y destrucion de los equipos, base de lona blanca y estructura metalica.   Dimenciones aproximadas. 6.0 mts ancho, 6.0 mts de largo,  3.0 mts de altura.",1.0,30000.0
SO4515,2023-04-07,INDUSTRY SERVICE & UPKEEP,SERVICIOS FTS,561971.28,"Desmantelamiento de caldera. precio incluye lo siguiente:                                                           1.- Desconexion electrica 480vac,  retiro de tuberias condui          (5 mts) y tablero electrico.                                                                                   2.- Desconexion y retiro de tuberia de gas, hasta el muro, colocando una valvula a la salida del cabezal.  (10 mts)                                                   3.- Desmontaje y retiro de chimenea, incluye sellado del hueco en la cubierta.  (6 mts de largo y 10""Ø).                                                                                         4.- Retiro de tuberia de vapor. (18 mts).                                                            5.- retiro de tuberias de alivio de presion. (25 mts).                                           6.- desconexion y retiro de alimentacion de agua. (1 mto)                             7.- desmantelado y seccionado de la caldera en partes que no exedan el tamaño de un palet standard de mdlz.                                 8.- Acarreo de chatarra y depositado de la misma en contenedor ubicado en el area de barredura, con montacarga proporcionado por el contratista.",Desmantelamiento de caldera.,1.0,88000.0
SO4261,2023-04-06,MONDELEZ MEXICO,SERVICIOS FTS,301600.0,Matenimiento y ajuste de rayos X de Linea 3,"Matenimiento y ajuste de rayos X de L10                                       Serie: 1436568530020, 1436568530030 , 1436568530040 y 1436568530050 OBSERVACION: - INCLUYE MANO DE OBRA - HERRAMIENTAS - REFACCIONES NECESARIAS",1.0,260000.0
SO4552,2023-04-05,MONDELEZ MEXICO,SERVICIOS FTS,120070.44,CLIMA/2000W/SK3186.930/RITTAL,CLIMA/2000W/SK3186.930/RITTAL,1.0,103509.0
SO4497,2023-04-05,MONDELEZ MEXICO,SERVICIOS FTS,123540.0,Modificacion de set de guias de gradomatics,Modificacion de set de guias de gradomatics,1.0,106500.0
SO4484,2023-04-05,MONDELEZ MEXICO,SERVICIOS FTS,7192.0,Mantenimiento preventivo a 1 climas de tableros de GOE L10,Mantenimiento preventivo a 1 climas de tableros de GOE L10,1.0,6200.0
SO4483,2023-04-05,MONDELEZ MEXICO,SERVICIOS FTS,14384.0,Mantenimiento preventivo a 2 climas de tableros de horno L10,Mantenimiento preventivo a 2 climas de tableros de horno L10,1.0,12400.0
SO4481,2023-04-05,MONDELEZ MEXICO,SERVICIOS FTS,7192.0,Mantenimiento preventivo a 1 climas de tableros de amases L10,Mantenimiento preventivo a 1 climas de tableros de amases L10,1.0,6200.0
SO4462,2023-04-05,"MONDELEZ MEXICO, Johan Rubio",SERVICIOS FTS,19720.0,Servicio de Suministro y fabricación de Cerrojos para 1 puerta de tablero   Incluye: - (2) Cam lock made entirely from stainless steel 1.4404 (AISI 316L) (2 cerrojos por cada puerta) - (2) Placas maquinadas para Cerrojo. - Instalación; Incluye perforación e instalación de placas y cerrojos.,Servicio de Suministro y fabricación de Cerrojos para 1 puerta de tablero de Silos interiores.  Incluye: - (2) Cam lock made entirely from stainless steel 1.4404 (AISI 316L) (2 cerrojos por cada puerta) - (2) Placas maquinadas para Cerrojo. - Instalación; Incluye perforación e instalación de placas y cerrojos.,1.0,8000.0
SO4462,2023-04-05,"MONDELEZ MEXICO, Johan Rubio",SERVICIOS FTS,19720.0,"Mantenimiento a tablero eléctrico   - Aspirado de tablero y componentes - Limpieza de gabinete exterior e interior - Reapriete de tornillería con torque controlado. - Reacomodo de cables, canaletas y conexiones mal ubicadas. (Previa autorización de zonas que no afecten a línea de producción por antecedentes en mal estado y posible falla critica) - Prueba ""Pull check"" punto por punto - Puesta en marcha de equipo. - Reportes de Mantenimiento digitales",Mantenimiento a tablero eléctrico y 1 climas mixer L1,1.0,9000.0
SO4527,2023-03-31,MONDELEZ MEXICO,SERVICIOS FTS,377000.0,Matenimiento y Calibracion de rayos X de Linea 9   Serie: - 4660292359 - 4660292341 - 4660292344 - 4660292347 - 4660292365   OBSERVACION:   - INCLUYE MANO DE OBRA  -HERRAMIENTAS - REFACCIONES NECESARIAS,Matenimiento y ajuste de rayos X de Linea 3,5.0,325000.0
SO4401,2023-03-31,MONDELEZ MEXICO,SERVICIOS FTS,375192.72,Programacion de control de niveles en sistema de bombeo,Programacion de control de niveles en sistema de bombeo,1.0,137913.0
SO4401,2023-03-31,MONDELEZ MEXICO,SERVICIOS FTS,375192.72,Servicios,Servicios,1.0,89293.0
SO4401,2023-03-31,MONDELEZ MEXICO,SERVICIOS FTS,375192.72,Modulos entradas para PLC,Modulos entradas para PLC,1.0,13395.0
SO4401,2023-03-31,MONDELEZ MEXICO,SERVICIOS FTS,375192.72,Material general,Material general,1.0,82841.0
SO4525,2023-03-28,HYDRO PRECISION TUBING MANUFACTURING MONTERREY,SERVICIOS FTS,9894.8,Control de presion alta y baja dual marca penn jhonson contr,Control de presion alta y baja dual marca penn jhonson contr,1.0,3200.0
SO4525,2023-03-28,HYDRO PRECISION TUBING MANUFACTURING MONTERREY,SERVICIOS FTS,9894.8,Filtro deshidratador para 1.5 ton medida 3/8,Filtro deshidratador para 1.5 ton medida 3/8,1.0,780.0
SO4525,2023-03-28,HYDRO PRECISION TUBING MANUFACTURING MONTERREY,SERVICIOS FTS,9894.8,Valvula de servicio bola de 3/8,Valvula de servicio bola de 3/8,1.0,950.0
SO4525,2023-03-28,HYDRO PRECISION TUBING MANUFACTURING MONTERREY,SERVICIOS FTS,9894.8,Valvula de servicio bola de 1/2,Valvula de servicio bola de 1/2,1.0,1300.0
SO4525,2023-03-28,HYDRO PRECISION TUBING MANUFACTURING MONTERREY,SERVICIOS FTS,9894.8,Mantenimiento preventivo a condesandora de secadora limpieza,Mantenimiento preventivo a condesandora de secadora limpieza,1.0,2300.0
SO4518,2023-03-27,HYDRO PRECISION TUBING MANUFACTURING MONTERREY,SERVICIOS FTS,15271.4,Compresor rotativo 18 k para gas 410  220/2/60,Compresor rotativo 18 k para gas 410  220/2/60,1.0,3525.0
SO4518,2023-03-27,HYDRO PRECISION TUBING MANUFACTURING MONTERREY,SERVICIOS FTS,15271.4,Capacitor para compresor,Capacitor para compresor,1.0,240.0
SO4518,2023-03-27,HYDRO PRECISION TUBING MANUFACTURING MONTERREY,SERVICIOS FTS,15271.4,Recuperacion de refrigenrante R22 en sistema,Recuperacion de refrigenrante R22 en sistema,1.0,2000.0
SO4518,2023-03-27,HYDRO PRECISION TUBING MANUFACTURING MONTERREY,SERVICIOS FTS,15271.4,Lavado de sistema de refrigeracion con ecoflush y nitrogeno,Lavado de sistema de refrigeracion con ecoflush y nitrogeno,1.0,2500.0
SO4518,2023-03-27,HYDRO PRECISION TUBING MANUFACTURING MONTERREY,SERVICIOS FTS,15271.4,Carga de gas r407para sistema de refrigeracion,Carga de gas r407para sistema de refrigeracion,1.0,1300.0
SO4518,2023-03-27,HYDRO PRECISION TUBING MANUFACTURING MONTERREY,SERVICIOS FTS,15271.4,Cambio de compresor incluye retiro e instalacion de compresor,Cambio de compresor incluye retiro e instalacion de compresor,1.0,3600.0
SO4465,2023-03-27,Daniel Cuateta,SERVICIOS FTS,150312.8,"Instalación de enlace de red ethernet  en area  de almacen Incluye:   - Suministro e instalación de materiales de canalización con tubería:  - Tubería Conduit de 3/4” pared gruesa aproximadamente 88 metros, codos, coples, condulet, abrazaderas.   - Cable de red (aproximada 87 metros de cable) ethernet UTP en categoría 6A con blindaje en marca SIMEÓN color purpura.   - Ponchado de conectores RJ45 Plug en extremos de cable.  - Conectores RJ45 SIMEÓN categoría 6A con blindaje   - Certificación: Los Nodos de red con cable UTP incluyen certificación con Certificador FLUKE Networks DSX2-600-PRO   - Identificación de cableado y nodo.  - Incluidos renta de plataforma articulada o andamios para trabajo en alturas.",Instalación de enlace de red ethernet  en area  de almacen,1.0,129580.0
SO4459,2023-03-27,MONDELEZ MEXICO,SERVICIOS FTS,150800.0,Matenimiento y Calibracion de rayos X de Linea 8   Serie: - 4660293172 - 4660293169    OBSERVACION:   - INCLUYE MANO DE OBRA  -HERRAMIENTAS - REFACCIONES NECESARIAS,Matenimiento y ajuste de rayos X de Linea 3,2.0,130000.0
SO4303,2023-03-24,MONDELEZ MEXICO,SERVICIOS FTS,51088.72,Integración de tablero en site,Integración de tablero en site,1.0,44042.0
SO4494,2023-03-22,MONDELEZ MEXICO,SERVICIOS FTS,301600.0,Matenimiento y ajuste de rayos X de Linea 3  Serie:  4660351224 4660351568 4660351571 4660351574   OBSERVACION: - INCLUYE MANO DE OBRA -HERRAMIENTAS - REFACCIONES NECESARIAS,"Matenimiento y ajuste de rayos X de L10                                       Serie: 1436568530020, 1436568530030 , 1436568530040 y 1436568530050 OBSERVACION: - INCLUYE MANO DE OBRA - HERRAMIENTAS - REFACCIONES NECESARIAS",4.0,260000.0
SO4458,2023-03-15,MONDELEZ MEXICO,SERVICIOS FTS,377000.0,Matenimiento y Calibracion de rayos X de Linea 6   Serie: - 4660292359 - 4660292341 - 4660292344 - 4660292347 - 4660292365   OBSERVACION:   - INCLUYE MANO DE OBRA  -HERRAMIENTAS - REFACCIONES NECESARIAS,Matenimiento y ajuste de rayos X de Linea 3,5.0,325000.0
SO4418,2023-03-13,MONDELEZ MEXICO,SERVICIOS FTS,1856.0,FILTRO/AIRE/SK 3240.200/RITTAL,52117983,1.0,1600.0
SO4423,2023-03-08,MONDELEZ MEXICO,SERVICIOS FTS,377000.0,"Matenimiento y ajuste de rayos X de Linea 14   Serie:  4400000066, 4400000065, 4400000064, 4400000063 y 4400000062   OBSERVACION: - INCLUYE MANO DE OBRA -HERRAMIENTAS - REFACCIONES NECESARIAS","Matenimiento y ajuste de rayos X de L10                                       Serie: 1436568530020, 1436568530030 , 1436568530040 y 1436568530050 OBSERVACION: - INCLUYE MANO DE OBRA - HERRAMIENTAS - REFACCIONES NECESARIAS",5.0,325000.0
SO4330,2023-03-08,MONDELEZ MEXICO,SERVICIOS FTS,1055600.0,Servicio de comisionamiento por 5 semanas en tunel de enfriamiento L11,Servicio de comisionamiento por 5 semanas en tunel de enfriamiento L11,1.0,910000.0
SO4341,2023-03-07,MONDELEZ MEXICO,SERVICIOS FTS,28768.0,Mantenimiento preventivo a 4 climas de tableros de RSM L6,Mantenimiento preventivo a 4 climas de tableros de RSM L6,1.0,24800.0
SO4205,2023-03-07,"MONDELEZ MEXICO, Alfredo Sabalija",SERVICIOS FTS,96376.28,Remplazo de cableado de potencia a motor en área de amases,Remplazo de cableado de potencia a motor en área de amases,1.0,83083.0
SO4264,2023-03-03,"MONDELEZ MEXICO, Alfredo Sabalija",SERVICIOS FTS,17337.36,SERVICIO DE SUMINISTRO DE CABLE MULTILINEA MARCA ARSA 16 HILOS CALIBRE 18 COLOR GRIS,METRO DE CABLE MULTILINEA MARCA ARSA 16 HILOS CALIBRE 18 COLOR GRIS,30.0,14946.0
SO4276,2023-02-27,MONDELEZ MEXICO,SERVICIOS FTS,98600.0,Servicio de ruteo en tablero de control de caseta de vigilancia,Servicio de ruteo en tablero de control de caseta de vigilancia,1.0,85000.0
SO4244,2023-02-27,MONDELEZ MEXICO,SERVICIOS FTS,23200.0,Instalación de nodo de red para tablero TC5-18 a TC5-19,Instalación de nodo de red para tablero TC5-18 a TC5-19,1.0,20000.0
SO3203,2023-02-27,"MONDELEZ MEXICO, Ernesto Olachea",SERVICIOS FTS,295100.52,Retiro de sistema obsolete e integración de sistema de motorreductor,Retiro de sistema obsolete e integración de sistema de motorreductor,1.0,193367.0
SO3203,2023-02-27,"MONDELEZ MEXICO, Ernesto Olachea",SERVICIOS FTS,295100.52,Suministro de Motorreductor de 2 hp,Suministro de Motorreductor de 2 hp,1.0,61030.0
SO4302,2023-02-22,MONDELEZ MEXICO,SERVICIOS FTS,226200.0,Matenimiento y ajuste de rayos X de Linea 11  Serie:  4460000047 4660292362 4660292356   OBSERVACION: - INCLUYE MANO DE OBRA -HERRAMIENTAS - REFACCIONES NECESARIAS,"Matenimiento y ajuste de rayos X de L10                                       Serie: 1436568530020, 1436568530030 , 1436568530040 y 1436568530050 OBSERVACION: - INCLUYE MANO DE OBRA - HERRAMIENTAS - REFACCIONES NECESARIAS",3.0,195000.0
SO2502,2023-02-22,MONDELEZ MEXICO,SERVICIOS FTS,32248.0,"Instalación de Clima Rittal 4000W en Tablero Horno L2 Incluye:  Montaje de 1 clima Rittal, (Lado Interruptor Fuerza) modelo: Blue 4200 Kw (Suministrado por Mondelez). Se realizara corte a puerta lateral de tablero con pulidor. (Medidas a especificar con plantilla). Suministro e instalación de 1 Guarda motor trifásico 600 Volts, con ajuste a 16 ampers como protección para equipo. Suministro e instalación de cable monopolar eléctrico calibre 3 x 14 awg. Ajustes de set point a clima mediante panel de control local. Pruebas de arranque de equipo.",Instalación de Clima Rittal 4000W en Tablero Horno L2,1.0,27800.0
SO4329,2023-02-21,"ADVANCED TECHNOLOGY SERVICES, MEXICO,",SERVICIOS FTS,80570.7,Revisión a sistema de fotocelda de área robot de soldadura,Revisión a sistema de fotocelda de área robot de soldadura,1.0,69457.5
SO4301,2023-02-14,MONDELEZ MEXICO,SERVICIOS FTS,377000.0,Matenimiento y Calibracion de rayos X de Linea 13   Serie: - 4460000047 - 4660292362 - 4660292356 - 4600272321 - 4600272310   OBSERVACION:   - INCLUYE MANO DE OBRA  -HERRAMIENTAS - REFACCIONES NECESARIAS,Matenimiento y ajuste de rayos X de Linea 3,5.0,325000.0
SO4267,2023-02-11,MONDELEZ MEXICO,SERVICIOS FTS,48836.0,"Servicio de instalación de Resistencia dinámica de frenado 125 HP. Incluye:  Instalación física de resistencia dinámica, suministrada por cliente ( M3775RK-H125A, Marca: BONITRON). Suministro de herrajes necesarios para sujeción. Suministro de cable calibre 3/0 para conexión eléctrica de resistencia color negro. Mano de obra para conexión de resistencia - variador de frecuencia. Validación de funcionamiento en arranque de equipo.",Servicio de instalación de Resistencia dinámica de frenado 125 HP.,1.0,42100.0
SO4288,2023-02-07,MONDELEZ MEXICO,SERVICIOS FTS,301600.0,Matenimiento y ajuste de rayos X de Linea 3  Serie:  4660351224 4660351568 4660351571 4660351574   OBSERVACION: - INCLUYE MANO DE OBRA -HERRAMIENTAS - REFACCIONES NECESARIAS,"Matenimiento y ajuste de rayos X de L10                                       Serie: 1436568530020, 1436568530030 , 1436568530040 y 1436568530050 OBSERVACION: - INCLUYE MANO DE OBRA - HERRAMIENTAS - REFACCIONES NECESARIAS",4.0,260000.0
SO4287,2023-02-02,MONDELEZ MEXICO,SERVICIOS FTS,377000.0,"Matenimiento y ajuste de rayos X de Linea 14   Serie:  4400000066, 4400000065, 4400000064, 4400000063 y 4400000062   OBSERVACION: - INCLUYE MANO DE OBRA -HERRAMIENTAS - REFACCIONES NECESARIAS","Matenimiento y ajuste de rayos X de L10                                       Serie: 1436568530020, 1436568530030 , 1436568530040 y 1436568530050 OBSERVACION: - INCLUYE MANO DE OBRA - HERRAMIENTAS - REFACCIONES NECESARIAS",5.0,325000.0
SO3238,2023-01-26,"MONDELEZ MEXICO, Rafael Felix",SERVICIOS FTS,61248.0,Reparación de 1er pantalla marca Allen Bradley modelo 1400ELK6/G,Reparación de 1er pantalla marca Allen Bradley modelo 1400ELK6/G,1.0,22000.0
SO3238,2023-01-26,"MONDELEZ MEXICO, Rafael Felix",SERVICIOS FTS,61248.0,Reparación de 2da pantalla marca Allen Bradley modelo 1400ELK6/G,Reparación de 2da pantalla marca Allen Bradley modelo 1400ELK6/G,1.0,30800.0
SO4243,2023-01-23,MONDELEZ MEXICO,SERVICIOS FTS,150800.0,Matenimiento y Calibracion de rayos X de Linea 8   Serie: - 4660293172 - 4660293169    OBSERVACION:   - INCLUYE MANO DE OBRA  -HERRAMIENTAS - REFACCIONES NECESARIAS,Matenimiento y ajuste de rayos X de Linea 3,2.0,130000.0
SO4196,2023-01-11,MONDELEZ MEXICO,SERVICIOS FTS,226200.0,Matenimiento y ajuste de rayos X de Linea 11  Serie:  4460000047 4660292362 4660292356   OBSERVACION: - INCLUYE MANO DE OBRA -HERRAMIENTAS - REFACCIONES NECESARIAS,"Matenimiento y ajuste de rayos X de L10                                       Serie: 1436568530020, 1436568530030 , 1436568530040 y 1436568530050 OBSERVACION: - INCLUYE MANO DE OBRA - HERRAMIENTAS - REFACCIONES NECESARIAS",3.0,195000.0
SO4161,2023-01-10,MONDELEZ MEXICO,SERVICIOS FTS,56291.09,"Tableta HP Elite X2 G4 13 l5-8265u, 8gb","Tableta HP Elite X2 G4 13 l5-8265u, 8gb",1.0,48526.8
SO4177,2023-01-06,MONDELEZ MEXICO,SERVICIOS FTS,377000.0,"Matenimiento y ajuste de rayos X de Linea 7 y Linea 5  Serie:  E214302, E214301, E210201,  E210202, E210203  Marca:  Eagle  OBSERVACION: - INCLUYE MANO DE OBRA -HERRAMIENTAS - REFACCIONES NECESARIAS","Matenimiento y ajuste de rayos X de L10                                       Serie: 1436568530020, 1436568530030 , 1436568530040 y 1436568530050 OBSERVACION: - INCLUYE MANO DE OBRA - HERRAMIENTAS - REFACCIONES NECESARIAS",5.0,325000.0
SO4176,2023-01-05,MONDELEZ MEXICO,SERVICIOS FTS,301600.0,Matenimiento y ajuste de rayos X de Linea 3  Serie: 4660351224 4660351568 4660351571 4660351574 OBSERVACION: - INCLUYE MANO DE OBRA -HERRAMIENTAS - REFACCIONES NECESARIAS,Matenimiento y ajuste de rayos X de Linea 3,4.0,260000.0
SO4175,2023-01-03,MONDELEZ MEXICO,SERVICIOS FTS,150800.0,Matenimiento y Calibracion de rayos X de Linea 8   Serie: - 4660293172 - 4660293169    OBSERVACION:   - INCLUYE MANO DE OBRA  -HERRAMIENTAS - REFACCIONES NECESARIAS,Matenimiento y ajuste de rayos X de Linea 3,2.0,130000.0
SO4164,2022-12-26,MONDELEZ MEXICO,SERVICIOS FTS,95120.0,Servicio de analisis de calidad de energia y potencial tablero L8,Servicio de analisis de calidad de energia y potencial tablero L8,1.0,82000.0
SO3226,2022-12-26,"MONDELEZ MEXICO, Felipe Perez",SERVICIOS FTS,95120.0,Estudio de medición de la calidad de la energía en tablero de L8,Estudio de medición de la calidad de la energía en tablero de cuchilla,1.0,82000.0
SO2442,2022-12-26,MONDELEZ MEXICO,SERVICIOS FTS,90514.8,"Suministro e Instalación de nodo de Red y 24 VCD para tablero TC8-01 Incluye:  - Suministro e Instalación de: - Tubería Conduit de 3/4” pared gruesa  aprox. 20 metros. - Accesorios y herrajes como: codos, coples, caja de registro, condulet, abrazaderas. - Mangueras y conectores Licuatite en caso necesario. - 30 metros de cable de red ethernet UTP en categoría 6A con blindaje en marca SIEMON color purpura. - 4 Conectores tipo Plug RJ45 SIEMON categoría 6A con blindaje. - Ponchado o armado de conectores RJ45 - Certificación: Los Nodos de red con cable UTP incluyen certificación con Certificador FLUKE Networks DSX2-600-PRO - Conexión de nodo en tablero Guerin, asi como en tablero TC8-01 - Cable de control calibre 3 x 18 o 3 x 20  para alimentación de 24VCD. - Conexión de cable 24 VCD en clemas existentes en tablero guerin - Identificación de cableado y nodos de red con etiquetadora.",Suministro e Instalación de nodo de Red y 24 VCD para tablero TC8-01,1.0,78030.0
SO4167,2022-12-20,MONDELEZ MEXICO,SERVICIOS FTS,11600.0,4-021315 Mantenimiento Mayor a Tablero E,4-021315 Mantenimiento Mayor a Tablero E,1.0,10000.0
SO4166,2022-12-20,MONDELEZ MEXICO,SERVICIOS FTS,11600.0,4-021314 Mantenimiento Mayor a Tablero E,4-021314 Mantenimiento Mayor a Tablero E,1.0,10000.0
SO4165,2022-12-20,MONDELEZ MEXICO,SERVICIOS FTS,11600.0,SVO REALIZAR MTTO MAYOR A TABLERO A 13,4-021314 Mantenimiento Mayor a Tablero E,1.0,10000.0
SO2555,2022-12-14,MONDELEZ MEXICO,SERVICIOS FTS,62988.0,Servicio de reubicación de VFD TC1-03 en cuarto Bombas.,Servicio de reubicación de VFD TC1-03 en cuarto Bombas.,1.0,54300.0
SO3162,2022-12-13,MONDELEZ MEXICO,SERVICIOS FTS,928000.0,Suministro e Instalación eléctrica y pruebas a gabinete medición.,Suministro e Instalación eléctrica y pruebas a gabinete medición.,1.0,800000.0
SO3195,2022-12-12,MONDELEZ MEXICO,SERVICIOS FTS,377000.0,Matenimiento y Calibracion de rayos X de Linea 13   Serie: - 4460000047 - 4660292362 - 4660292356 - 4600272321 - 4600272310   OBSERVACION:   - INCLUYE MANO DE OBRA  -HERRAMIENTAS - REFACCIONES NECESARIAS,Matenimiento y ajuste de rayos X de Linea 3,5.0,325000.0
SO3193,2022-12-12,MONDELEZ MEXICO,SERVICIOS FTS,150800.0,"Matenimiento y ajuste de rayos X de Linea 8  Serie:  E4852, E4853 , E4854,   Marca:  Eagle  OBSERVACION: - INCLUYE MANO DE OBRA -HERRAMIENTAS - REFACCIONES NECESARIAS","Matenimiento y ajuste de rayos X de L10                                       Serie: 1436568530020, 1436568530030 , 1436568530040 y 1436568530050 OBSERVACION: - INCLUYE MANO DE OBRA - HERRAMIENTAS - REFACCIONES NECESARIAS",1.0,130000.0
SO3161,2022-12-12,MONDELEZ MEXICO,SERVICIOS FTS,1276000.0,Construcción de caseta para tablero medición con base a especificación CFE-G0100-20,Construcción de caseta para tablero medición con base a especificación CFE-G0100-20,1.0,1100000.0
SO3208,2022-12-10,Daniel Cuateta,SERVICIOS FTS,32485.8,Enlace de comunicación ethernet de tablero TC8-06 a tablero TC8-05,Enlace de comunicación ethernet de tablero TC8-06 a tablero TC8-05,1.0,28005.0
SO3242,2022-12-07,HYDRO PRECISION TUBING MANUFACTURING MONTERREY,SERVICIOS FTS,15883.88,Servicio de Mantenimiento preventivo a equipos de aire acondicionado,Servicio de Mantenimiento preventivo a equipos de aire acondicionado,1.0,13693.0
SO3163,2022-12-07,MONDELEZ MEXICO,SERVICIOS FTS,696000.0,Pruebas de equipos TCS y TPS y montaje de gabinete eléctrico en caseta.,Pruebas de equipos TCS y TPS y montaje de gabinete eléctrico en caseta.,1.0,600000.0
SO3192,2022-12-06,MONDELEZ MEXICO,SERVICIOS FTS,377000.0,"Matenimiento y ajuste de rayos X de Linea 10   Serie: 1436568530020, 1436568530030 , 1436568530040 y 1436568530050 OBSERVACION:   - INCLUYE MANO DE OBRA  -HERRAMIENTAS - REFACCIONES NECESARIAS","Matenimiento y ajuste de rayos X de L10                                       Serie: 1436568530020, 1436568530030 , 1436568530040 y 1436568530050 OBSERVACION: - INCLUYE MANO DE OBRA - HERRAMIENTAS - REFACCIONES NECESARIAS",5.0,325000.0
SO3227,2022-11-29,"MONDELEZ MEXICO, Sergio Ongay",SERVICIOS FTS,374680.0,Configuración de firewall en subestación principal,Configuración de firewall en subestación principal,1.0,323000.0
SO2197,2022-11-28,MONDELEZ MEXICO,SERVICIOS FTS,14384.0,"Servicio de mantenimiento a climas de tablero de Maquinado L8 Incluye:  • Mantenimiento prev. a 2 Climas Rittal Maquinado L8 • Desinstalación e Instalación de la unidad. • Desinfección de evaporador. • Limpieza de filtros. • Medición y evaluación de corriente de consumo. • Limpieza en intercambiadores de calor. • Limpieza de compresor. • Revisión, Análisis y diagnostico de la unidad. • ""setup"" y puesta marcha.",Servicio de mantenimiento a climas de tablero de Maquinado L8,1.0,12400.0
SO2196,2022-11-28,MONDELEZ MEXICO,SERVICIOS FTS,14384.0,"Servicio de mantenimiento climas de tablero eléctrico Horno L8  Incluye:  • Mantenimiento prev. a 2 Climas Rittal Horno L8 • Desinstalación e Instalación de la unidad. • Desinfección de evaporador. • Limpieza de filtros. • Medición y evaluación de corriente de consumo. • Limpieza en intercambiadores de calor. • Limpieza de compresor. • Revisión, Análisis y diagnostico de la unidad. • ""setup"" y puesta marcha.",Servicio de mantenimiento climas de tablero eléctrico Horno L8,1.0,12400.0
SO3190,2022-11-22,MONDELEZ MEXICO,SERVICIOS FTS,104400.0,Modificacion de tablero eléctrico  (Lado Horno),Modificacion de tablero electrico al lado del horno,1.0,90000.0
SO3217,2022-11-18,MONDELEZ MEXICO,SERVICIOS FTS,226200.0,Matenimiento y ajuste de rayos X de Linea 2,Matenimiento y ajuste de rayos X de Linea 2,3.0,195000.0
SO3216,2022-11-17,NANCY MIREYA GARCIA HERNANDEZ,SERVICIOS FTS,255896.0,Servicio de ingeniería inversa a infraestructura de control de equipos en planta Santa Catarina,Servicio de ingeniería inversa a infraestructura de control de equipos en planta Santa Catarina,1.0,68300.0
SO3216,2022-11-17,NANCY MIREYA GARCIA HERNANDEZ,SERVICIOS FTS,255896.0,Servicio de ingeniería inversa a infraestructura de control de equipos en planta Montemorrelos,Servicio de ingeniería inversa a infraestructura de control de equipos en planta Montemorrelos,1.0,68300.0
SO3216,2022-11-17,NANCY MIREYA GARCIA HERNANDEZ,SERVICIOS FTS,255896.0,Servicio de ingeniería inversa a infraestructura de control de equipos en planta Toluca,Servicio de ingeniería inversa a infraestructura de control de equipos en planta Toluca,1.0,84000.0
SO2568,2022-11-17,"ALTA EXTRACCION, S.A. DE C.V",SERVICIOS FTS,60320.0,Trabajos de ingeniería para verificación de las instalaciones de aprovechamiento de gas natural conforme a la NOM-002-SECRE-2010,Trabajos de ingeniería para verificación de las instalaciones de aprovechamiento de gas natural conforme a la NOM-002-SECRE-2010,1.0,52000.0
SO3178,2022-11-16,MONDELEZ MEXICO,SERVICIOS FTS,2910904.0,"Integracion de Skid Bombeo con VFDs  con capacidad de ""1400 GPM","Integracion de Skid Bombeo con VFDs  con capacidad de ""1400 GPM",1.0,1200000.0
SO3178,2022-11-16,MONDELEZ MEXICO,SERVICIOS FTS,2910904.0,Instalacion Electrica 480VCA de Fuerza de 100 mts para  SKID tanque de agua NUEVO,Instalacion Electrica 480VCA de Fuerza de 100 mts para  SKID tanque de agua NUEVO,1.0,645000.0
SO3178,2022-11-16,MONDELEZ MEXICO,SERVICIOS FTS,2910904.0,"Instalacion de tuberia  y cableado de  control  para Valvulas y actuadores, (1 valvula en tanque nuevo y 1 en tanque existente)","Instalacion de tuberia  y cableado de  control  para Valvulas y actuadores, (1 valvula en tanque nuevo y 1 en tanque existente)",1.0,196000.0
SO3178,2022-11-16,MONDELEZ MEXICO,SERVICIOS FTS,2910904.0,Kit de 2 valvulas y 2 Actuadores de 8 pulgadas MCA.GENEBRE,Kit de 2 valvulas y 2 Actuadores de 8 pulgadas MCA.XXXX,1.0,78400.0
SO3178,2022-11-16,MONDELEZ MEXICO,SERVICIOS FTS,2910904.0,"Integración de Sensor de Nivel Ultrasonico en tanque nuevo Conectado a un display de nivel local digital en tablero de control de SKID, mca. Omron o similar","Integración de Sensor de Nivel Ultrasonico en tanque nuevo Conectado a un display de nivel local digital en tablero de control de SKID, mca. Omron o similar",1.0,145000.0
SO3178,2022-11-16,MONDELEZ MEXICO,SERVICIOS FTS,2910904.0,"Integracion de control para valvulas, actuadores y sensor de nivel en tablero local de SKID 2","Integracion de control para valvulas, actuadores y sensor de nivel en tablero local de SKID 2",1.0,193000.0
SO3178,2022-11-16,MONDELEZ MEXICO,SERVICIOS FTS,2910904.0,"Acceosorios de control para tablero de SKID 2 paa control de valvulas y actuadores. (Se instalaran en gabinete de control de SKID 2) Incluye: - Transformador de control, fuente de voltaje 24VDC, clemas y accesorios para tablero de SKID 2 para control local",Acceosorios de control para tablero de SKID 2 paa control de valvulas y actuadores.,1.0,27000.0
SO3178,2022-11-16,MONDELEZ MEXICO,SERVICIOS FTS,2910904.0,"Integracion de gabinete /Registro y componentes de control, para controlar valvula y actuador en tanque de agua existente Incluye: - Registro, Transformador de control, fuente de voltaje 24VDC, clemas y accesorios para tablero .","Integracion de gabinete /Registro y componentes de control, para controlar valvula y actuador en tanque de agua existente",1.0,25000.0
SO3197,2022-11-14,MONDELEZ MEXICO,SERVICIOS FTS,377000.0,"Matenimiento y ajuste de rayos X de Linea 14   Serie:  4400000066, 4400000065, 4400000064, 4400000063 y 4400000062   OBSERVACION: - INCLUYE MANO DE OBRA -HERRAMIENTAS - REFACCIONES NECESARIAS","Matenimiento y ajuste de rayos X de L10                                       Serie: 1436568530020, 1436568530030 , 1436568530040 y 1436568530050 OBSERVACION: - INCLUYE MANO DE OBRA - HERRAMIENTAS - REFACCIONES NECESARIAS",5.0,325000.0
SO3165,2022-11-09,MONDELEZ MEXICO,SERVICIOS FTS,49126.0,Servicio de maquinado de 4 piezas en aluminio para soporte de encoders de proyecto Cuchilla Ultrasonica.,Servicio de maquinado de 4 piezas en aluminio para soporte de encoders de proyecto Cuchilla Ultrasonica.,4.0,21350.0
SO3165,2022-11-09,MONDELEZ MEXICO,SERVICIOS FTS,49126.0,Servicio de maquinado y fabricacion de topes mecanicos de aluminio para cortadora ultrasonica,Servicio de maquinado y fabricacion de topes mecanicos de aluminio para cortadora ultrasonica,4.0,21000.0
SO3187,2022-11-08,"Alta Extracción S.A. de C.V., Martin chavez",SERVICIOS FTS,110644.28,Integración de control de flama en secuencia de PLC,Integración de control de flama en secuencia de PLC,1.0,95383.0
SO3186,2022-11-08,"Alta Extracción S.A. de C.V., Martin chavez",SERVICIOS FTS,262769.0,"Integración de soplador ,polipasto y adecuaciones en tolva","Integración de soplador ,polipasto y adecuaciones en tolva",1.0,226525.0
SO3188,2022-11-04,"Alta Extracción S.A. de C.V., Martin chavez",SERVICIOS FTS,173972.16,Integración de sistema de cadenas a sistema mecánico de tostador,Integración de sistema de cadenas a sistema mecánico de tostador,1.0,149976.0
SO3168,2022-11-04,"Alta Extracción S.A. de C.V., Martin chavez",SERVICIOS FTS,98600.0,Mantenimiento a sistema de combustion de tostador STA,Mantenimiento a sistema de gas de tostador STA,1.0,85000.0
SO2541,2022-11-04,"Alta Extracción S.A. de C.V., Martin chavez",SERVICIOS FTS,229680.0,Servicio de integración de Automatización de Silo de café tostado Incluye: - Suministro e instalación de 4 basculas compatibles con sistema integrado en tostador  - 1 válvula neumática para descarga de café - Pailería necesaria en silo existente para instalación de basculas. - Integración de válvula neumática con PLC - Integración de componentes a sistema actual  - Suministro e instalación de válvula solenoide neumática y tuberías de aire. - Instalación de cableado de control necesario y tuberías conduit.,Servicio de integración de Automatización de Silo de café tostado,1.0,198000.0
SO3136,2022-11-03,MONDELEZ MEXICO,SERVICIOS FTS,377000.0,Matenimiento y Calibracion de rayos X de Linea 9   Serie: - 4660292359 - 4660292341 - 4660292344 - 4660292347 - 4660292365   OBSERVACION:   - INCLUYE MANO DE OBRA  -HERRAMIENTAS - REFACCIONES NECESARIAS,Matenimiento y ajuste de rayos X de Linea 3,5.0,325000.0
SO2567,2022-11-02,MONDELEZ MEXICO,SERVICIOS FTS,28768.0,Servicio de mantenimiento a 4 climas de área Procesos L6.,Servicio de mantenimiento a 4 climas de área Procesos L6.,1.0,24800.0
SO3164,2022-10-28,ENG SOLUCIONES SA DE CV,SERVICIOS FTS,9024.8,Dia de soporte supervisor de seguridad,Dia de soporte supervisor de seguridad,2.0,7780.0
SO3167,2022-10-27,"MONDELEZ MEXICO, Luis Hernández",SERVICIOS FTS,348000.0,Servicio de integración en HMI para transportador en L5 empaque,Servicio de integración en HMI para transportador en L5 empaque,1.0,300000.0
SO3152,2022-10-20,MONDELEZ MEXICO,SERVICIOS FTS,696000.0,Servicio de Instalación de tablero de control,Servicio de Instalación de gabinete - Optimizer compresores,1.0,600000.0
SO3140,2022-10-20,MONDELEZ MEXICO,SERVICIOS FTS,600963.52,"Suministro e Instalacion de Tuberia Ced 10 6"" Inox 304 para Aire de Proceso (80 Metros)",Fabricacion e Instalacion de Ducto 10x10 En acero Inoxidable Enchaquetado 25 Metros,1.0,237000.0
SO3140,2022-10-20,MONDELEZ MEXICO,SERVICIOS FTS,600963.52,Fabricacion e Instalacion de Ducto 10x10  y Ducto de 12X10 En acero Inoxidable Enchaquetado 50 Metros lineales,-Fabricacion e Instalacion de Ducto 10x10  y Ducto de 12X10 En acero Inoxidable Enchaquetado 50 Metros lineales,1.0,101072.0
SO3140,2022-10-20,MONDELEZ MEXICO,SERVICIOS FTS,600963.52,"Suministro e Instalacion de de 14 Coples Morris 6""","Suministro e Instalacion de de 14 Cople Morris 6""",1.0,180000.0
SO3139,2022-10-20,MONDELEZ MEXICO,SERVICIOS FTS,437273.6,Integracion de valvulas para control por sistema  Para tuberia de deshumidificador  Incluye:  - Suministro e Instalacion de 4 Valvula Mariposa Ebro Armaturen - Suministro e Instalacion de  8 BRIDAS ANSI en Inox 304 para Valvulas Extra - Maniobras necesarias para instalacion y montaje de Deshumidificador. - Trabajos necesarios de soldadura para integración,Integracion de valvulas para control por sistema  Para tuberia de deshumidificador,1.0,376960.0
SO3173,2022-10-19,HYDRO PRECISION TUBING MANUFACTURING MONTERREY,SERVICIOS FTS,15883.88,Servicio de Mantenimiento preventivo a equipos de aire acondicionado,Servicio de Mantenimiento preventivo a equipos de aire acondicionado,1.0,13693.0
SO3172,2022-10-19,HYDRO PRECISION TUBING MANUFACTURING MONTERREY,SERVICIOS FTS,59160.0,Reparacion de cortina se requiere reponiendo duelas tipo PPB,Reparacion de cortina se requiere reponiendo duelas tipo PPB,1.0,36400.0
SO3172,2022-10-19,HYDRO PRECISION TUBING MANUFACTURING MONTERREY,SERVICIOS FTS,59160.0,"Instalacion de triante, instalacion de cable de liberacion","Instalacion de triante, instalacion de cable de liberacion",1.0,14600.0
SO1809,2022-10-18,MONDELEZ MEXICO,SERVICIOS FTS,301600.0,Matenimiento y Calibracion de rayos X de Linea 3,Matenimiento y Calibracion de rayos X de Linea 3,1.0,260000.0
SO3151,2022-10-17,MONDELEZ MEXICO,SERVICIOS FTS,377000.0,Matenimiento y Calibracion de rayos X de Linea 6   Serie: - 4660292359 - 4660292341 - 4660292344 - 4660292347 - 4660292365   OBSERVACION:   - INCLUYE MANO DE OBRA  -HERRAMIENTAS - REFACCIONES NECESARIAS,Matenimiento y ajuste de rayos X de Linea 3,5.0,325000.0
SO2445,2022-10-17,MONDELEZ MEXICO,SERVICIOS FTS,51620.0,"Adicional por cambio de modelo tablero Fastaback L7  Adicionales por cambio de tablero para proyecto Fastback:  Tablero cotizado en un inicio de proyecto: Capacidad de 39 VFDs Tablero cotizado actual en proyecto: Capacidad 53 VFDs:  Incluye: ARMARIO INDIVIDUAL 1800x2000x500 Enclosure Light LED 400, 100-240V ZOCALO FROTAL/TRASERO",Adicional por cambio de modelo tablero Fastaback L7,1.0,44500.0
SO3141,2022-10-13,MONDELEZ MEXICO,SERVICIOS FTS,335472.0,Fabricacion e Instalacion Enchaquetado de tuberia de cobre para circuito de refrigeración  Incluye: - Armaflex prearmado negro de 5/8 / Enchaquetado de aluminio biselado en cal. 26,Fabricacion e Instalacion Enchaquetado de tuberia de cobre para circuito de refrigeración,1.0,163200.0
SO3141,2022-10-13,MONDELEZ MEXICO,SERVICIOS FTS,335472.0,Maniobra de instalacion y montaje sobre plataforma Incluye:  - Adecuaciones para maniobra necesarias por limitaciones de espacios y pesos de elevador,Maniobra de instalacion y montaje sobre plataforma,1.0,126000.0
SO2562,2022-10-13,MONDELEZ MEXICO,SERVICIOS FTS,820096.8,"Trazo y nivelación para cimentacion, estableciendo referencias definitivas, con equipo topográfico. Incluye: personal técnico calificado, estacas, mojoneras, localización de entre ejes, bancos de nivel, materiales para señalamiento, equipo, herramienta, supervisión, personal, equipo de seguridad y mano de obra todo lo necesario para la correcta ejecución de los trabajos.","Trazo y nivelación para cimentacion, estableciendo referencias definitivas, con equipo topográfico. Incluye: personal técnico calificado, estacas, mojoneras, localización de entre ejes, bancos de nivel, materiales para señalamiento, equipo, herramienta, supervisión, personal, equipo de seguridad y mano de obra todo lo necesario para la correcta ejecución de los trabajos.",35.0,20790.0
SO2562,2022-10-13,MONDELEZ MEXICO,SERVICIOS FTS,820096.8,"Corte con disco de 38mm de profundidad y 6mm de ancho, para limitar área de demolición de firme existente. Incluye: mano de obra, herramienta, equipo, supervisión, personal, equipo de seguridad y todo lo necesario para la correcta ejecución de los trabajos.","Corte con disco de 38mm de profundidad y 6mm de ancho, para limitar área de demolición de firme existente. Incluye: mano de obra, herramienta, equipo, supervisión, personal, equipo de seguridad y todo lo necesario para la correcta ejecución de los trabajos.",35.0,16660.0
SO2562,2022-10-13,MONDELEZ MEXICO,SERVICIOS FTS,820096.8,"Demolición de firme existente de 150mm de espesor aproximado en area de estacionamiento. Incluye: corte de acero y estructuras subterráneas, banqueta, cordones, mano de obra, herramienta, equipo neumático para demoliciones, limpieza diaria del área, supervisión, personal capacitado, equipo de seguridad y todo lo necesario para la correcta ejecución de los trabajos.","Demolición de firme existente de 150mm de espesor aproximado en area de estacionamiento. Incluye: corte de acero y estructuras subterráneas, banqueta, cordones, mano de obra, herramienta, equipo neumático para demoliciones, limpieza diaria del área, supervisión, personal capacitado, equipo de seguridad y todo lo necesario para la correcta ejecución de los trabajos.",5.0,8910.0
SO2562,2022-10-13,MONDELEZ MEXICO,SERVICIOS FTS,820096.8,"Carga y acarreo de material producto de la demolición de firme existente, fuera de la obra a tiro oficial. Incluye: 50% de abundamiento mano de obra, equipo de compactación manual, retiro de material sobrante, limpieza, supervisión, personal, equipo de seguridad y mano de obra todo lo necesario para la correcta ejecución de los trabajos.","Carga y acarreo de material producto de la demolición de firme existente, fuera de la obra a tiro oficial. Incluye: 50% de abundamiento mano de obra, equipo de compactación manual, retiro de material sobrante, limpieza, supervisión, personal, equipo de seguridad y mano de obra todo lo necesario para la correcta ejecución de los trabajos.",8.0,16632.0
SO2562,2022-10-13,MONDELEZ MEXICO,SERVICIOS FTS,820096.8,"Excavación en terreno natural tipo ""B"" para cimentación de cuarto de bombas, con una profundidad hasta un máximo de 0.5 metros. con excavadora. Incluye: trazo y nivelación, afine de paredes y fondo de excavación, mano de obra, herramienta, limpieza del área de trabajo, personal competente de seguridad y todo lo necesario para la correcta ejecución de los trabajos.","Excavación en terreno natural tipo ""B"" para cimentación de cuarto de bombas, con una profundidad hasta un máximo de 0.5 metros. con excavadora. Incluye: trazo y nivelación, afine de paredes y fondo de excavación, mano de obra, herramienta, limpieza del área de trabajo, personal competente de seguridad y todo lo necesario para la correcta ejecución de los trabajos.",8.0,18056.0
SO2562,2022-10-13,MONDELEZ MEXICO,SERVICIOS FTS,820096.8,"Carga y acarreo de material producto de la excavacion para movimiento de tierra, fuera de la obra a tiro oficial. Incluye: 30% de abundamiento mano de obra, equipo de compactación manual, retiro de material sobrante, limpieza, supervisión, personal, equipo de seguridad y mano de obra todo lo necesario para la correcta ejecución de los trabajos.","Carga y acarreo de material producto de la excavacion para movimiento de tierra, fuera de la obra a tiro oficial. Incluye: 30% de abundamiento mano de obra, equipo de compactación manual, retiro de material sobrante, limpieza, supervisión, personal, equipo de seguridad y mano de obra todo lo necesario para la correcta ejecución de los trabajos.",12.0,24948.0
SO2562,2022-10-13,MONDELEZ MEXICO,SERVICIOS FTS,820096.8,"Fumigación antitermita preventivo en paredes y fondo de excavación, antes de colado de plantilla con solución termidor en la proporción que garantice un mínimo de 2 años. Incluye: equipo químico, impregnación optima de la superficie y aplicación especializada, supervisión, personal y equipo de seguridad y todo lo necesario para la correcta ejecución de los trabajos.","Fumigación antitermita preventivo en paredes y fondo de excavación, antes de colado de plantilla con solución termidor en la proporción que garantice un mínimo de 2 años. Incluye: equipo químico, impregnación optima de la superficie y aplicación especializada, supervisión, personal y equipo de seguridad y todo lo necesario para la correcta ejecución de los trabajos.",30.0,21390.0
SO2562,2022-10-13,MONDELEZ MEXICO,SERVICIOS FTS,820096.8,"Suministro y colocación de plantilla f´c= 100 kg/cm2 hecho en obra o premezclado para cimentación de sistema contra incendio. Incluye: preparación de la superficie, nivelación, muestreado, colado, mano de obra, equipo, herramienta y todo lo necesario para la correcta elaboración de la actividad.","Suministro y colocación de plantilla f´c= 100 kg/cm2 hecho en obra o premezclado para cimentación de sistema contra incendio. Incluye: preparación de la superficie, nivelación, muestreado, colado, mano de obra, equipo, herramienta y todo lo necesario para la correcta elaboración de la actividad.",10.0,23760.0
SO2562,2022-10-13,MONDELEZ MEXICO,SERVICIOS FTS,820096.8,"Suministro y colado de Concreto premezclado en planta dosificadora para cimentación de cuarto de bombas, con aditivo superfluidizante y/o reductor de agua de alto rango f'c= 250 Kg/cm2 tamaño máximo de agregado de 3/4"" revenimiento de 14 cm. Colado según las normas del ACI. Incluye: impermeabilizante integral, aditivos para resistencia a sulfatos, mano de obra, materiales de consumo, herramientas, tiro directo o bombeo, acarreo y carretilleo, desperdicios, vibrado, curado de la superficie con Curafest de Fester, limpieza del área de trabajo, verificación de revenimiento, cilindros, pruebas y reportes de laboratorio, supervisión, personal, equipo de seguridad y mano de obra todo lo necesario para la correcta ejecución de los trabajos.","Suministro y colado de Concreto premezclado en planta dosificadora para cimentación de cuarto de bombas, con aditivo superfluidizante y/o reductor de agua de alto rango f'c= 250 Kg/cm2 tamaño máximo de agregado de 3/4"" revenimiento de 14 cm. Colado según las normas del ACI. Incluye: impermeabilizante integral, aditivos para resistencia a sulfatos, mano de obra, materiales de consumo, herramientas, tiro directo o bombeo, acarreo y carretilleo, desperdicios, vibrado, curado de la superficie con Curafest de Fester, limpieza del área de trabajo, verificación de revenimiento, cilindros, pruebas y reportes de laboratorio, supervisión, personal, equipo de seguridad y mano de obra todo lo necesario para la correcta ejecución de los trabajos.",10.0,26730.0
SO2562,2022-10-13,MONDELEZ MEXICO,SERVICIOS FTS,820096.8,"Acero de refuerzo con varilla corrugada fy=4200 kg/cm2 para para anillo de cimentación y firme, amarrado en el lugar con alambre recocido. Incluye: suministro, habilitado, armado, colocación en fosa, alambre recocido, silletas, cortes, longitud de ganchos, dobleces, traslapes, desperdicios y maniobras, el acero deberá estar limpio de oxido, grasa, polvo excesivo, supervisión, personal, equipo de seguridad y mano de obra todo lo necesario para la correcta ejecución de los trabajos.","Acero de refuerzo con varilla corrugada fy=4200 kg/cm2 para para anillo de cimentación y firme, amarrado en el lugar con alambre recocido. Incluye: suministro, habilitado, armado, colocación en fosa, alambre recocido, silletas, cortes, longitud de ganchos, dobleces, traslapes, desperdicios y maniobras, el acero deberá estar limpio de oxido, grasa, polvo excesivo, supervisión, personal, equipo de seguridad y mano de obra todo lo necesario para la correcta ejecución de los trabajos.",550.0,36300.0
SO2562,2022-10-13,MONDELEZ MEXICO,SERVICIOS FTS,820096.8,"Cimbra acabado común en  firme. Incluye: suministro de todos los materiales necesarios, madera de primera, acarreos, cortes, habilitados, cimbrado, descimbrado, desmoldante, equipo, herramienta, mano de obra, limpieza del área de trabajo y todo lo necesario para la correcta elaboración de la actividad.","Cimbra acabado común en  firme. Incluye: suministro de todos los materiales necesarios, madera de primera, acarreos, cortes, habilitados, cimbrado, descimbrado, desmoldante, equipo, herramienta, mano de obra, limpieza del área de trabajo y todo lo necesario para la correcta elaboración de la actividad.",10.0,17820.0
SO2562,2022-10-13,MONDELEZ MEXICO,SERVICIOS FTS,820096.8,"Suministro y colocación de taquete mecánico Hilti Kwik Bolt 3 de 19mm de diámetro con una longitud de 203mm en acero al carbón con rosca exterior con un empotramiento de 127mm. Incluye:  taquete, tuerca, arandelas limpieza, trazo, nivelación, plomeo, equipo mecánico y eléctrico, mano de obra, supervisión, equipo de seguridad y todo lo necesario para la correcta elaboración de la actividad.","Suministro y colocación de taquete mecánico Hilti Kwik Bolt 3 de 19mm de diámetro con una longitud de 203mm en acero al carbón con rosca exterior con un empotramiento de 127mm. Incluye:  taquete, tuerca, arandelas limpieza, trazo, nivelación, plomeo, equipo mecánico y eléctrico, mano de obra, supervisión, equipo de seguridad y todo lo necesario para la correcta elaboración de la actividad.",24.0,2160.0
SO2562,2022-10-13,MONDELEZ MEXICO,SERVICIOS FTS,820096.8,"Suministro, y montaje de estructura de acero A-440. Fy=3230 kg/cm2 en perfiles CF para estructura de cuarto de bombas a una altura maxima de 4.10m.  Incluye: material de consumo, soldadura AWS E-7018 y limpieza mecánica de la superficie removiendo oxido suelto, escama de laminación, tierra y otras materias extrañas, andamios, grúas, aplicación de dos capas de 0.003"" de espesor seco total de pintura primaria anticorrosiva color rojo y aplicación de pintura de acabado en dos capas de 0.003"" de espesor seco total de pintura alquidalica Sherwin Williams, color a especificar por cliente. Incluye: retoque de las superficies dañadas durante el transporte y montaje, maquinaria para montaje y maniobras, personal calificado en maniobras, soldadores calificados, supervisión, personal y equipo de seguridad, pruebas de soldadura, nivelación, alineación y plomeo, dosier de fabricación de estructuras, supervisión, personal, equipo de seguridad y todo lo necesario para su correcta ejecución.","Suministro, y montaje de estructura de acero A-440. Fy=3230 kg/cm2 en perfiles CF para estructura de cuarto de bombas a una altura maxima de 4.10m.  Incluye: material de consumo, soldadura AWS E-7018 y limpieza mecánica de la superficie removiendo oxido suelto, escama de laminación, tierra y otras materias extrañas, andamios, grúas, aplicación de dos capas de 0.003"" de espesor seco total de pintura primaria anticorrosiva color rojo y aplicación de pintura de acabado en dos capas de 0.003"" de espesor seco total de pintura alquidalica Sherwin Williams, color a especificar por cliente. Incluye: retoque de las superficies dañadas durante el transporte y montaje, maquinaria para montaje y maniobras, personal calificado en maniobras, soldadores calificados, supervisión, personal y equipo de seguridad, pruebas de soldadura, nivelación, alineación y plomeo, dosier de fabricación de estructuras, supervisión, personal, equipo de seguridad y todo lo necesario para su correcta ejecución.",1005.0,84420.0
SO2562,2022-10-13,MONDELEZ MEXICO,SERVICIOS FTS,820096.8,"Suministro, fabricación y montaje de estructura en acero A-36. Fy=2530 kg/cm2 en PERFILES CE, ÁNGULOS, PLACAS, REDONDOS Y ACERO MISELANEO para estructura de cuarto de bombas a una altura maxima de 4.10m . Incluye: material de consumo, soldadura AWS E-7018 y limpieza mecánica de la superficie removiendo oxido suelto, escama de laminación, tierra y otras materias extrañas, andamios, grúas, aplicación de dos capas de 0.003"" de espesor seco total de pintura primaria anticorrosiva color rojo y aplicación de pintura de acabado en dos capas de 0.003"" de espesor seco total de pintura alquidalica Sherwin Williams, color a especificar por cliente. Incluye: retoque de las superficies dañadas durante el transporte y montaje, maquinaria para montaje y maniobras, personal calificado en maniobras, soldadores calificados, supervisión, personal y equipo de seguridad, pruebas de soldadura, nivelación, alineación y plomeo, dosier de fabricación de estructuras, supervisión, personal, equipo de seguridad y todo lo necesario para su correcta ejecución.","Suministro, fabricación y montaje de estructura en acero A-36. Fy=2530 kg/cm2 en PERFILES CE, ÁNGULOS, PLACAS, REDONDOS Y ACERO MISELANEO para estructura de cuarto de bombas a una altura maxima de 4.10m . Incluye: material de consumo, soldadura AWS E-7018 y limpieza mecánica de la superficie removiendo oxido suelto, escama de laminación, tierra y otras materias extrañas, andamios, grúas, aplicación de dos capas de 0.003"" de espesor seco total de pintura primaria anticorrosiva color rojo y aplicación de pintura de acabado en dos capas de 0.003"" de espesor seco total de pintura alquidalica Sherwin Williams, color a especificar por cliente. Incluye: retoque de las superficies dañadas durante el transporte y montaje, maquinaria para montaje y maniobras, personal calificado en maniobras, soldadores calificados, supervisión, personal y equipo de seguridad, pruebas de soldadura, nivelación, alineación y plomeo, dosier de fabricación de estructuras, supervisión, personal, equipo de seguridad y todo lo necesario para su correcta ejecución.",385.0,32340.0
SO2562,2022-10-13,MONDELEZ MEXICO,SERVICIOS FTS,820096.8,"Suministro, habilitado y colocación de panel aislado multytecho marca MULTIPANEL de lamina metalica calibre 26 y nucleo de espuma de poliuretano de 2"" de espesor, color blanco. Incluye cortes necesarios para conseguir la seccion necesaria, proteccion anticorrosiva, materiales, equipo, herramienta y mano de obra, perfilería para instalación (tapajuntas, placas de fijación) y accesorios de fijación.","Suministro, habilitado y colocación de panel aislado multytecho marca MULTIPANEL de lamina metalica calibre 26 y nucleo de espuma de poliuretano de 2"" de espesor, color blanco. Incluye cortes necesarios para conseguir la seccion necesaria, proteccion anticorrosiva, materiales, equipo, herramienta y mano de obra, perfilería para instalación (tapajuntas, placas de fijación) y accesorios de fijación.",40.0,97440.0
SO2562,2022-10-13,MONDELEZ MEXICO,SERVICIOS FTS,820096.8,"Suministro, habilitado y colocación de panel aislado multymuro marca MULTIPANEL de lamina metalica calibre 26 y nucleo de espuma de poliuretano de 2"" de espesor, color blanco. Incluye cortes necesarios para conseguir la seccion necesaria, proteccion anticorrosiva, materiales, equipo, herramienta y mano de obra, perfilería para instalación (tapajuntas, placas de fijación) y accesorios de fijación.","Suministro, habilitado y colocación de panel aislado multymuro marca MULTIPANEL de lamina metalica calibre 26 y nucleo de espuma de poliuretano de 2"" de espesor, color blanco. Incluye cortes necesarios para conseguir la seccion necesaria, proteccion anticorrosiva, materiales, equipo, herramienta y mano de obra, perfilería para instalación (tapajuntas, placas de fijación) y accesorios de fijación.",60.0,146160.0
SO2562,2022-10-13,MONDELEZ MEXICO,SERVICIOS FTS,820096.8,"Suministro e instalación de puerta doble (P-1) para hueco de 1.5m de ancho por 2.20m de alto con piston cierra puerta, sencilla abatible tipo lisa de multypanel de 1/ 1/2"" de espesor, con hojas de acero galvanizado pintado, con nucleo poliuretano y cristal inastillable duovent transparente de de 6mm de espesor, llave y manija marca yale modelo valencia acabado mate, con ventana mirilla vidrio inastillable. Incluye marco de perlfil prolamsa a color eleccion por cliente. Incluye suministro, material, mano de obra, instalacion, accesorios de fijacion y tolo lo necesario para su correcta ejecucion.","Suministro e instalación de puerta doble (P-1) para hueco de 1.5m de ancho por 2.20m de alto con piston cierra puerta, sencilla abatible tipo lisa de multypanel de 1/ 1/2"" de espesor, con hojas de acero galvanizado pintado, con nucleo poliuretano y cristal inastillable duovent transparente de de 6mm de espesor, llave y manija marca yale modelo valencia acabado mate, con ventana mirilla vidrio inastillable. Incluye marco de perlfil prolamsa a color eleccion por cliente. Incluye suministro, material, mano de obra, instalacion, accesorios de fijacion y tolo lo necesario para su correcta ejecucion.",1.0,13662.0
SO2562,2022-10-13,MONDELEZ MEXICO,SERVICIOS FTS,820096.8,"Suministro, fabricación y colocación de canalón pluvial CP-1 de lámina lisa pintro color blanco cal. 22 de seccion variable (ver detalle en plano) varios dobleces o golpes considerando la transición en bajante pluvial, recortes necesarios para su colocación, incluye: soportes a base de angulo LI 64x64x9.5 esp. a cada 1000mm en acero A-36, cortes, soldadura, pijas con empaque, fletes, acarreos, cortes, ajustes, fijaciones, selladores, maniobras hasta el lugar de montaje, materiales, desperdicios, mano de obra, herramientas, maquinaria y limpieza del area de trabajo equipo,supervisión, personal y equipo de seguridad y todo lo necesario para la correcta ejecución del trabajo.","Suministro, fabricación y colocación de canalón pluvial CP-1 de lámina lisa pintro color blanco cal. 22 de seccion variable (ver detalle en plano) varios dobleces o golpes considerando la transición en bajante pluvial, recortes necesarios para su colocación, incluye: soportes a base de angulo LI 64x64x9.5 esp. a cada 1000mm en acero A-36, cortes, soldadura, pijas con empaque, fletes, acarreos, cortes, ajustes, fijaciones, selladores, maniobras hasta el lugar de montaje, materiales, desperdicios, mano de obra, herramientas, maquinaria y limpieza del area de trabajo equipo,supervisión, personal y equipo de seguridad y todo lo necesario para la correcta ejecución del trabajo.",7.0,8316.0
SO2562,2022-10-13,MONDELEZ MEXICO,SERVICIOS FTS,820096.8,"Suministro y colocación de bajante pluvial BP-1 a base de tubo PVC de 102mm de diametro, de 4.5m de altura Incluye: transicion a canalon, codos, abrazaderas, tornillos, pijas, remaches, empaques, accesorios de fijacion, pegamento, grua, herramienta, maquinaria, supervisión, personal y equipo de seguridad y todo lo necesario para la correcta ejecución del trabajo.","Suministro y colocación de bajante pluvial BP-1 a base de tubo PVC de 102mm de diametro, de 4.5m de altura Incluye: transicion a canalon, codos, abrazaderas, tornillos, pijas, remaches, empaques, accesorios de fijacion, pegamento, grua, herramienta, maquinaria, supervisión, personal y equipo de seguridad y todo lo necesario para la correcta ejecución del trabajo.",1.0,1188.0
SO2562,2022-10-13,MONDELEZ MEXICO,SERVICIOS FTS,820096.8,"Suministro e instalación de flashing FL-1, remate exterior de cubierta,  en lámina galvanizada calibre 24 de 330mm de desarrollo. Incluye mano de obra, material de consumo, herramientas y todo lo necesario para su correcta colocación.","Suministro e instalación de flashing FL-1, remate exterior de cubierta,  en lámina galvanizada calibre 24 de 330mm de desarrollo. Incluye mano de obra, material de consumo, herramientas y todo lo necesario para su correcta colocación.",20.0,10700.0
SO2562,2022-10-13,MONDELEZ MEXICO,SERVICIOS FTS,820096.8,"Suministro e instalación de flashing FL-2, esquinero interior en muro,  en lámina galvanizada calibre 24 de 220mm de desarrollo. Incluye mano de obra, material de consumo, herramientas y todo lo necesario para su correcta colocación.","Suministro e instalación de flashing FL-2, esquinero interior en muro,  en lámina galvanizada calibre 24 de 220mm de desarrollo. Incluye mano de obra, material de consumo, herramientas y todo lo necesario para su correcta colocación.",16.0,6656.0
SO2562,2022-10-13,MONDELEZ MEXICO,SERVICIOS FTS,820096.8,"Suministro e instalación de flashing FL-3, esquinero exterior en muro,  en lámina galvanizada calibre 24 de 220mm de desarrollo. Incluye mano de obra, material de consumo, herramientas y todo lo necesario para su correcta colocación.","Suministro e instalación de flashing FL-3, esquinero exterior en muro,  en lámina galvanizada calibre 24 de 220mm de desarrollo. Incluye mano de obra, material de consumo, herramientas y todo lo necesario para su correcta colocación.",16.0,6656.0
SO2562,2022-10-13,MONDELEZ MEXICO,SERVICIOS FTS,820096.8,"Suministro e instalación de flashing FL-4, remate en huecos de puertas y ventanas,  en lámina galvanizada calibre 24 de 150mm de desarrollo. Incluye mano de obra, material de consumo, herramientas y todo lo necesario para su correcta colocación.","Suministro e instalación de flashing FL-4, remate en huecos de puertas y ventanas,  en lámina galvanizada calibre 24 de 150mm de desarrollo. Incluye mano de obra, material de consumo, herramientas y todo lo necesario para su correcta colocación.",6.0,2322.0
SO2562,2022-10-13,MONDELEZ MEXICO,SERVICIOS FTS,820096.8,"Limpieza  general (gruesa) durante la obra con acarreo, apile, carga y retiro de escombro en camión de volteo fuera de la obra a centro de acopio de municipio. Incluye: materiales de limpieza, herramienta, equipo, mano de obra y todo lo necesario para su correcta ejecución.","Limpieza  general (gruesa) durante la obra con acarreo, apile, carga y retiro de escombro en camión de volteo fuera de la obra a centro de acopio de municipio. Incluye: materiales de limpieza, herramienta, equipo, mano de obra y todo lo necesario para su correcta ejecución.",1.0,16632.0
SO2562,2022-10-13,MONDELEZ MEXICO,SERVICIOS FTS,820096.8,"Limpieza  general (fina) al finalizar, para entrega de trabajos de vialidades, drenajes y demoliciones. Incluye: materiales de limpieza, herramienta, equipo, mano de obra y todo lo necesario para su correcta ejecución.","Limpieza  general (fina) al finalizar, para entrega de trabajos de vialidades, drenajes y demoliciones. Incluye: materiales de limpieza, herramienta, equipo, mano de obra y todo lo necesario para su correcta ejecución.",1.0,14850.0
SO2562,2022-10-13,MONDELEZ MEXICO,SERVICIOS FTS,820096.8,"Suministro de material y mano de obra para el habilitado e instalación de tapial para delimitar área de trabajo durante el periodo de ejecución de la obra a base de triplay de 1/2"" de espesor y barrotes de madera de 4"" x 2"" de 2.44 m de altura x 113 m de longitud para impedir visibilidad, plástico negro hasta la losa, retiro al finalizar la construcción, herramienta, equipo y mano de obra, supervisión, personal, equipo de seguridad  y todo lo necesario para su correcta ejecución de los trabajos.","Suministro de material y mano de obra para el habilitado e instalación de tapial para delimitar área de trabajo durante el periodo de ejecución de la obra a base de triplay de 1/2"" de espesor y barrotes de madera de 4"" x 2"" de 2.44 m de altura x 113 m de longitud para impedir visibilidad, plástico negro hasta la losa, retiro al finalizar la construcción, herramienta, equipo y mano de obra, supervisión, personal, equipo de seguridad  y todo lo necesario para su correcta ejecución de los trabajos.",1.0,31482.0
SO2575,2022-10-12,MONDELEZ MEXICO,SERVICIOS FTS,30740.0,"Suministro de cables Phoenix contact Modelo: NBC-MS/10,0-94B/FS_SCO , para conexion de encoders de cuchilla ultrasonica","Suministro de cables Phoenix contact Modelo: NBC-MS/10,0-94B/FS_SCO , para conexion de encoders de cuchilla ultrasonica",4.0,26500.0
SO2225,2022-10-10,MONDELEZ MEXICO,SERVICIOS FTS,66584.0,"Instalación de tierra aislada para 34 VFDS Maquinado L10 Incluye:  Perforación de suelo con rompedora y broca para concreto de 1 m. para instalación de barra de cobre 10 Ft. de largo Instalación de 2 cerchas cuadradas con perforación de 16 orificios en 3/16  para conexión de 34 VFDs dentro de tablero. Suministro e instalación de aisladores para cerchas de cobre perforadas. Suministro de 120 metros de cable calibre 12 awg en color verde para conexión de tierra de Variadores. Suministro de 5 metros de cable calibre 1/0 para conectar de barra de suelo a barras perforadas. Suministro e instalación de mordazas para sujetar cable a barra de suelo e interconexiones entre cerchas Conexión de cableado dentro de tablero electrico. Suministro e instalación de terminales de ojo, para extremo de cableado de tierra.",INSTALACION DE TIERRA AISLADA VFDS,1.0,57400.0
SO1898,2022-10-10,MONDELEZ MEXICO,SERVICIOS FTS,31320.0,"Análisis de energía a tablero Maquinado L10 Incluye: Medición de las variaciones de voltaje. Medición de frecuencia, parpadeos, desequilibrio de tensión. Medición de niveles de las componentes de distorsión armónica en voltaje. Componentes armónicas; magnitud y ángulo de fase. Fluctuaciones de voltaje y corriente (sag, swells, caídas de voltaje). Desbalance de voltaje en sistemas trifásicos. La medición se realizara durante un periodo de 7 días, con equipo medidor de parámetros eléctricos trifásicos : DRANETZ, se deja equipo en tablero eléctrico conectado a las 3 fases de potencia 480 Volts. SE ENGTREGA REPORTE TECNICO CON EVENTOS DETECTADOS Y RECOMENDACIONES POR ESPECIALISTA DE ENERGIA.",Análisis de energía a tablero Maquinado L10,1.0,27000.0
SO3137,2022-10-07,MONDELEZ MEXICO,SERVICIOS FTS,301600.0,Matenimiento y ajuste de rayos X de Linea 3  Serie:  4660351224 4660351568 4660351571 4660351574   OBSERVACION: - INCLUYE MANO DE OBRA -HERRAMIENTAS - REFACCIONES NECESARIAS,"Matenimiento y ajuste de rayos X de L10                                       Serie: 1436568530020, 1436568530030 , 1436568530040 y 1436568530050 OBSERVACION: - INCLUYE MANO DE OBRA - HERRAMIENTAS - REFACCIONES NECESARIAS",4.0,260000.0
SO2574,2022-10-07,MONDELEZ MEXICO,SERVICIOS FTS,118998.6,"Suministro e Instalacion de 1 sensor de temperatura en tablero exterior de cabina. Incluye cableado exterior , 20 mts de cable de comunicacion BELDEN para sensor de temperatura.",Suministro e Instalacion de 1 sensor de temperatura en tablero exterior de cabina,1.0,30775.5
SO2574,2022-10-07,MONDELEZ MEXICO,SERVICIOS FTS,118998.6,"Suministro e Instalacion de 1 sensor de temperatura en PLC cuchilla.  -Incluye cableado del sensor, 20 metros de cable de comunicacion Belden -Programacion de sensor: Creacion de rutina y tags de programacion en STUDIO 5000. - Modificacion de pantalla de panel view para visualizar temperatura de cabina.",Suministro e Instalacion de 1 sensor de temperatura en PLC cuchilla,1.0,71809.5
SO3150,2022-10-05,MONDELEZ MEXICO,SERVICIOS FTS,226200.0,Matenimiento y ajuste de rayos X de Linea 11  Serie:  4460000047 4660292362 4660292356   OBSERVACION: - INCLUYE MANO DE OBRA -HERRAMIENTAS - REFACCIONES NECESARIAS,"Matenimiento y ajuste de rayos X de L10                                       Serie: 1436568530020, 1436568530030 , 1436568530040 y 1436568530050 OBSERVACION: - INCLUYE MANO DE OBRA - HERRAMIENTAS - REFACCIONES NECESARIAS",3.0,195000.0
SO2564,2022-10-05,Mariana Anell Garcia,SERVICIOS FTS,23962.91,Suministro de motor para Liebert Marca: US  RPM: 1100 MOD: KO63TPF4856011B MOTOR: 3/4HP 208/230/460 V,Suministro de motor para Liebert,1.0,20657.68
SO3149,2022-10-04,"ALTA EXTRACCION, S.A. DE C.V",SERVICIOS FTS,55680.0,"Servicio para control de RPMs de tostador de café Incluye: - Servicio de ajuste y modificación a transmisión reductora de velocidad variable por bandas para incrementar RPM en tómbola de tostado, incluye maquinado e instalación de partes faltantes y programación en PLC actual  -Servicio de puesta en marcha de variador de velocidad para controlar RPM de gases de salida de la tómbola de tostado, incluye programación en PLC actual",Servicio para control de RPMs de tostador de café,1.0,48000.0
SO3142,2022-09-29,MONDELEZ MEXICO,SERVICIOS FTS,120070.44,CLIMA/2000W/SK3186.930/RITTAL,CLIMA/2000W/SK3186.930/RITTAL,1.0,103509.0
SO2566,2022-09-26,HYDRO PRECISION TUBING MANUFACTURING MONTERREY,SERVICIOS FTS,17043.88,Servicio de Mantenimiento preventivo a equipos de aire acondicionado,Servicio de Mantenimiento preventivo a equipos de aire acondicionado,1.0,13693.0
SO2566,2022-09-26,HYDRO PRECISION TUBING MANUFACTURING MONTERREY,SERVICIOS FTS,17043.88,Adeudo pendiente de servicio previo,Adeudo pendiente de servicio previo,1.0,1000.0
SO2565,2022-09-26,HYDRO PRECISION TUBING MANUFACTURING MONTERREY,SERVICIOS FTS,7400.8,Mantenimiento preventivo a cortina incluye: Revision y ajuste,Mantenimiento preventivo a cortina incluye: Revision y ajuste,1.0,6380.0
SO2553,2022-09-26,"Alta Extracción S.A. de C.V., Martin chavez",SERVICIOS FTS,147320.0,Desmontaje e instalacion de chimeneas de tostador,Desmontaje e instalacion de chimeneas de tostador,1.0,97500.0
SO2553,2022-09-26,"Alta Extracción S.A. de C.V., Martin chavez",SERVICIOS FTS,147320.0,Adicional a desmontaje e instalacion de chimeneas en tostador,Adicional a desmontaje e instalacion de chimeneas en tostador,1.0,29500.0
SO2529,2022-09-23,Mariana Anell Garcia,SERVICIOS FTS,34394.0,Suministro de compresor Marca: Trane Capacidad: 2 ton reciprocante. Voltaje: 200/230 Fases: 1,Suministro de compresor× Binary file Product Name,1.0,29650.0
SO2540,2022-09-22,MONDELEZ MEXICO,SERVICIOS FTS,226200.0,Matenimiento y ajuste de rayos X de Linea 11  Serie:  4460000047 4660292362 4660292356   OBSERVACION: - INCLUYE MANO DE OBRA -HERRAMIENTAS - REFACCIONES NECESARIAS,"Matenimiento y ajuste de rayos X de L10                                       Serie: 1436568530020, 1436568530030 , 1436568530040 y 1436568530050 OBSERVACION: - INCLUYE MANO DE OBRA - HERRAMIENTAS - REFACCIONES NECESARIAS",3.0,195000.0
SO2560,2022-09-21,MONDELEZ MEXICO,SERVICIOS FTS,180334.76,CLIMA/4000W/SK3188.940/RITTAL,CLIMA/4000W/SK3188.940/RITTAL,1.0,155461.0
SO2556,2022-09-15,Daniel Cuateta,SERVICIOS FTS,119308.32,"Suministro e instalación de enlace de comunicación en sistema de dosificación de agua en L6  INCLUYE: - Suministro e instalación de materiales de canalización con tubería: Tubería Conduit de 1” pared gruesa aproximadamente 55 metros, codos, coples, condulet, abrazaderas. - Cable de red (aproximada 65 metros de cable) ethernet UTP en categoría 6A con blindaje en marca SIMEÓN color purpura. - Ponchado de conectores RJ45 Plug en extremos de cable. - Conectores RJ45 SIMEÓN categoría 6A con blindaje - Certificación: Los Nodos de red con cable UTP incluyen certificación con Certificador FLUKE Networks DSX2-600- PRO - Identificación de cableado y nodo. - Incluidos renta de plataforma articulada para trabajo en alturas - Instalación de cable inicia en cuarto chillers y llegando hasta área de cuarto (costado de bunker)",Suministro e instalación de enlace de comunicación en sistema de dosificación de agua en L6,1.0,102852.0
SO2552,2022-09-14,MONDELEZ MEXICO,SERVICIOS FTS,120070.44,CLIMA/2000W/SK3186.930/RITTAL,CLIMA/2000W/SK3186.930/RITTAL,1.0,103509.0
SO2522,2022-09-14,MONDELEZ MEXICO,SERVICIOS FTS,403680.0,CLIMA/4000W/SK3188.940/RITTAL,CLIMA/4000W/SK3188.940/RITTAL,2.0,348000.0
SO2532,2022-09-13,MONDELEZ MEXICO,SERVICIOS FTS,58589.28,"Integración de Thin Client TM700 Incluye: Integración de los siguientes componentes en el sistema de Thin Client: - Adaptador USB - Etiquetas Brady - Thin Client TM700 - Thhw-ls Calibre 20awg 90°c 600v (Color azul) - Rankie Adaptador Mini DisplayPort a HDMI, Mini DP Macho a HDMI Hembra Convertidor, Resolución 4K, Negro - 2 Cables WLGQ Mini display port 8k a 60HZ a 144HZ",Integración de Thin Client TM700,1.0,50508.0
SO2544,2022-09-12,"Empacadora San Marcos, Jesus Navarro",SERVICIOS FTS,388537.84,INSTALACIÓN DE EQUIPO NUEVO,INSTALACIÓN DE EQUIPO NUEVO,1.0,91073.41
SO2544,2022-09-12,"Empacadora San Marcos, Jesus Navarro",SERVICIOS FTS,388537.84,SERVICIO MANTENIMIENTO ELECTROMECANICO,SERVICIO MANTENIMIENTO ELECTROMECANICO,1.0,243873.0
SO2537,2022-09-12,"MONDELEZ MEXICO, Marco Figueroa",SERVICIOS FTS,44677.4,Servicio de soporte especializado en subestación principal,Servicio de soporte especializado en subestación principal,1.0,38515.0
SO2536,2022-09-08,HYDRO PRECISION TUBING MANUFACTURING MONTERREY,SERVICIOS FTS,12421.28,Servicio de Mantenimiento preventivo a equipos de aire acondicionado,Servicio de Mantenimiento preventivo a equipos de aire acondicionado,1.0,10708.0
SO2506,2022-09-08,MONDELEZ MEXICO,SERVICIOS FTS,377000.0,"Matenimiento y ajuste de rayos X de Linea 14   Serie:  4400000066, 4400000065, 4400000064, 4400000063 y 4400000062   OBSERVACION: - INCLUYE MANO DE OBRA -HERRAMIENTAS - REFACCIONES NECESARIAS","Matenimiento y ajuste de rayos X de L10                                       Serie: 1436568530020, 1436568530030 , 1436568530040 y 1436568530050 OBSERVACION: - INCLUYE MANO DE OBRA - HERRAMIENTAS - REFACCIONES NECESARIAS",5.0,325000.0
SO2525,2022-09-06,HYDRO PRECISION TUBING MANUFACTURING MONTERREY,SERVICIOS FTS,41902.68,Mini Split de 1 ton Frio calor inverter Mirage gas 410,Mini Split de 1 ton Frio calor inverter Mirage gas 410,1.0,11960.0
SO2525,2022-09-06,HYDRO PRECISION TUBING MANUFACTURING MONTERREY,SERVICIOS FTS,41902.68,Mini Split de 1.5 ton Frio calor inverter Mirage gas,Mini Split de 1.5 ton Frio calor inverter Mirage gas,1.0,17243.0
SO2525,2022-09-06,HYDRO PRECISION TUBING MANUFACTURING MONTERREY,SERVICIOS FTS,41902.68,Instalacion basica de mini split 1 a 2 ton,Instalacion basica de mini split 1 a 2 ton,2.0,4100.0
SO2525,2022-09-06,HYDRO PRECISION TUBING MANUFACTURING MONTERREY,SERVICIOS FTS,41902.68,Base para condensadora,Base para condensadora,2.0,1820.0
SO2525,2022-09-06,HYDRO PRECISION TUBING MANUFACTURING MONTERREY,SERVICIOS FTS,41902.68,Tuberia de PVC 1/2 para dren de equipos,Tuberia de PVC 1/2 para dren de equipos,2.0,1000.0
SO2507,2022-09-06,MONDELEZ MEXICO,SERVICIOS FTS,226200.0,"Matenimiento y ajuste de rayos X de Linea 2  Serie:  E2345, E2346 , E42347  Marca:  Eagle  OBSERVACION: - INCLUYE MANO DE OBRA -HERRAMIENTAS - REFACCIONES NECESARIAS","Matenimiento y ajuste de rayos X de L10                                       Serie: 1436568530020, 1436568530030 , 1436568530040 y 1436568530050 OBSERVACION: - INCLUYE MANO DE OBRA - HERRAMIENTAS - REFACCIONES NECESARIAS",3.0,195000.0
SO2521,2022-09-05,MONDELEZ MEXICO,SERVICIOS FTS,32248.0,SVO. INSTALACION DE CLIMA,Instalación de clima Rittal en tablero Horno L11,1.0,27800.0
SO2518,2022-09-05,HYDRO PRECISION TUBING MANUFACTURING MONTERREY,SERVICIOS FTS,21372.75,Pastilla termomagnetica de 20 amperes 220v,Pastilla termomagnetica de 20 amperes 220v,3.0,1839.0
SO2518,2022-09-05,HYDRO PRECISION TUBING MANUFACTURING MONTERREY,SERVICIOS FTS,21372.75,Centro de carga Q8 para 4 pastillas dobles,Centro de carga Q8 para 4 pastillas dobles,1.0,1560.23
SO2518,2022-09-05,HYDRO PRECISION TUBING MANUFACTURING MONTERREY,SERVICIOS FTS,21372.75,"Cable uso rudo 75 mts de 3x12, 3 lineas calibre 12","Cable uso rudo 75 mts de 3x12, 3 lineas calibre 12",75.0,7095.75
SO2518,2022-09-05,HYDRO PRECISION TUBING MANUFACTURING MONTERREY,SERVICIOS FTS,21372.75,Mano de obra instalacion de material electrico,Mano de obra instalacion de material electrico,3.0,6949.8
SO2518,2022-09-05,HYDRO PRECISION TUBING MANUFACTURING MONTERREY,SERVICIOS FTS,21372.75,Miscelaneos grapas cintas etc,Miscelaneos grapas cintas etc,1.0,980.0
SO2340,2022-09-05,MONDELEZ MEXICO,SERVICIOS FTS,32248.0,"Instalación de clima Rittal en tablero Horno L11 Incluye:  Montaje de 1 clima Rittal, modelo: Blue 4200 Kw (Suministrado por Mondelez). Se realizara corte a puerta lateral de tablero con pulidor. (Medidas a especificar). Suministro e instalación de 1 Guarda motor trifásico 16 ampers, incluye contacto auxiliar contacto NA, NC. Suministro e instalación de cable monopolar eléctrico. Se incluye ajustes de set point a clima mediante panel de control local. Encendido y puesta en marcha de equipo.",Instalación de clima Rittal en tablero Horno L11,1.0,27800.0
SO2493,2022-08-31,MONDELEZ MEXICO,SERVICIOS FTS,377000.0,"Matenimiento y ajuste de rayos X de Linea 7 y Linea 5  Serie:  E214302, E214301, E210201,  E210202, E210203  Marca:  Eagle  OBSERVACION: - INCLUYE MANO DE OBRA -HERRAMIENTAS - REFACCIONES NECESARIAS","Matenimiento y ajuste de rayos X de L10                                       Serie: 1436568530020, 1436568530030 , 1436568530040 y 1436568530050 OBSERVACION: - INCLUYE MANO DE OBRA - HERRAMIENTAS - REFACCIONES NECESARIAS",5.0,325000.0
SO2474,2022-08-31,MONDELEZ MEXICO,SERVICIOS FTS,1531.2,FILTRO/AIRE/SK 3240.200/RITTAL,52117983,1.0,1320.0
SO2504,2022-08-24,HYDRO PRECISION TUBING MANUFACTURING MONTERREY,SERVICIOS FTS,6728.0,"Cierre de valvulas - Cierre de valvulas Retiro de monomando Desinstalacion de sanitario Revision y Limpieza Cambio de brida Instalacion de sanitario, mantenimiento a mono mando.","Cierre de valvulas - Cierre de valvulas Retiro de monomando Desinstalacion de sanitario Revision y Limpieza Cambio de brida Instalacion de sanitario, mantenimiento a mono mando.",1.0,5800.0
SO2503,2022-08-24,HYDRO PRECISION TUBING MANUFACTURING MONTERREY,SERVICIOS FTS,15828.2,Reparacion de ducteria danada en area de embarques,Reparacion de ducteria dañada en area de embarques,1.0,6900.0
SO2503,2022-08-24,HYDRO PRECISION TUBING MANUFACTURING MONTERREY,SERVICIOS FTS,15828.2,Motor evaporador para manejadora de 3.5 ton 3/4 hp 220v de 3,Motor evaporador para manejadora de 3.5 ton 3/4 hp 220v de 3,1.0,4945.0
SO2503,2022-08-24,HYDRO PRECISION TUBING MANUFACTURING MONTERREY,SERVICIOS FTS,15828.2,Termostato programable 1 frio 1 calor,Termostato programable 1 frio 1 calor,1.0,1800.0
SO2466,2022-08-23,MONDELEZ MEXICO,SERVICIOS FTS,34626.0,Reparación cable y control de Polipasto Maquinado L6 Suministro y remplazo de control UP-DOWN control a 1 mano para subir bajar polipasto. Botonera Incluye 2 botones pushbutton tipo retenidos y juego de contactos. Suministro de cable uso rudo multiconductor de calibre 4 x 12 para control aprox. 3 metros. Conexiones en botonera y en interior de polipasto. Pruebas de funcionamiento.,Reparación cable y control de Polipasto Maquinado L6,1.0,29850.0
SO2495,2022-08-19,Mariana Anell Garcia,SERVICIOS FTS,3306.0,""" SO2484 Suministro de filtro deshidratador.",""" SO2484 Suministro de filtro deshidratador.",1.0,2850.0
SO2494,2022-08-19,Mariana Anell Garcia,SERVICIOS FTS,3306.0,""" SO2484 Suministro de filtro deshidratador.",""" SO2484 Suministro de filtro deshidratador.",1.0,2850.0
SO2458,2022-08-18,MONDELEZ MEXICO,SERVICIOS FTS,290000.0,Servicio de ingeniería de refrigeración y accesorios.,Servicios de ingeniería de refrigeración y accesorios.,1.0,250000.0
SO2469,2022-08-15,MONDELEZ MEXICO,SERVICIOS FTS,226200.0,Matenimiento y ajuste de rayos X de Linea 11  Serie:  4460000047 4660292362 4660292356   OBSERVACION: - INCLUYE MANO DE OBRA -HERRAMIENTAS - REFACCIONES NECESARIAS,"Matenimiento y ajuste de rayos X de L10                                       Serie: 1436568530020, 1436568530030 , 1436568530040 y 1436568530050 OBSERVACION: - INCLUYE MANO DE OBRA - HERRAMIENTAS - REFACCIONES NECESARIAS",3.0,195000.0
SO2467,2022-08-15,MONDELEZ MEXICO,SERVICIOS FTS,301600.0,Matenimiento y ajuste de rayos X de Linea 3  Serie:  4660351224 4660351568 4660351571 4660351574   OBSERVACION: - INCLUYE MANO DE OBRA -HERRAMIENTAS - REFACCIONES NECESARIAS,"Matenimiento y ajuste de rayos X de L10                                       Serie: 1436568530020, 1436568530030 , 1436568530040 y 1436568530050 OBSERVACION: - INCLUYE MANO DE OBRA - HERRAMIENTAS - REFACCIONES NECESARIAS",4.0,260000.0
SO2485,2022-08-11,MONDELEZ MEXICO,SERVICIOS FTS,48836.0,"Servicio de instalación de Resistencia dinámica de frenado 125 HP. Incluye:  Instalación física de resistencia dinámica, suministrada por cliente ( M3775RK-H125A, Marca: BONITRON). Suministro de herrajes necesarios para sujeción. Suministro de cable calibre 3/0 para conexión eléctrica de resistencia color negro. Mano de obra para conexión de resistencia - variador de frecuencia. Validación de funcionamiento en arranque de equipo.",Servicio de instalación de Resistencia dinámica de frenado 125 HP.,1.0,42100.0
SO2471,2022-08-11,MONDELEZ MEXICO,SERVICIOS FTS,4234.0,Servicio de programación para control de velocidad de motor de manejadora de aire en Cuchilla Ultrasonica L1  Incluye: - Ingeniero de servicio para realizar la programación. - Soporte y pruebas,Servicio de entrenamiento en POWER BI,1.0,3650.0
SO2460,2022-08-11,MONDELEZ MEXICO,SERVICIOS FTS,30716.8,"Mantenimiento preventivo a 4 climas de tableros eléctricos área empaque L6.  Douglas 1 Douglas 2 Tablero espirales aéreos ambaflex 1 Tablero espirales aéreos ambaflex 2  • Desinstalación e Instalación de la unidad. • Desinfección de evaporador. • Limpieza de filtros. • Medición y evaluación de corriente de consumo. • Limpieza en intercambiadores de calor. • Limpieza de compresor. • Revisión, Análisis y diagnostico de la unidad. • ""setup"" y puesta marcha.",Mantenimiento preventivo a 4 climas de tableros eléctricos área empaque L6.,1.0,26480.0
SO2481,2022-08-10,Mariana Anell Garcia,SERVICIOS FTS,7656.0,"Suministro de valvula para unidad de paquete 10 ton. Marca: Danfoss Refrigerante: R22 Tamaño entrada:	5/8"" Tamaño igualación: 1/4"" Tamaño orificio: 11 Tamaño salida: 7/8""",Suministro de Valvula.,1.0,6600.0
SO2362,2022-08-10,MONDELEZ MEXICO,SERVICIOS FTS,29232.0,"Instalación y ruteo de cable feddback Maquinado L1  Instalación de cable de Feedback para servomotor aproximadamente 40 mts. Apertura de canaletas existentes para ruteo de cable Desconexión de cable en los dos extremos, si es necesario se realiza de armado de conector. Cable suministrado por cliente Mdlz.",Instalación y ruteo de cable feddback Maquinado L1,1.0,25200.0
SO2293,2022-08-10,MONDELEZ MEXICO,SERVICIOS FTS,68440.0,Suministro e instalación de Nodo de red en  área Compresores,Suministro e instalación de Nodo de red en  área Compresores,1.0,59000.0
SO2292,2022-08-10,MONDELEZ MEXICO,SERVICIOS FTS,76734.0,"50 horas de servicio para Identificación de sistema Monitoreo de energía planta Mty. Incluye:  1 Persona con conocimientos técnicos en electricidad y automatización, para trabajar en identificar sistema de monitoreo de energía. Contacto Mondelez, compartirá documentación actual para guía y poder identificar ingeniería del sistema El servicio consta de 1 Semana de servicio, en horario de 8 a 5 PM de L a V.",50 horas de servicio para Identificación de sistema Monitoreo de energía planta Mty.,1.0,66150.0
SO2243,2022-08-10,MONDELEZ MEXICO,SERVICIOS FTS,38860.0,"Instalación de Tubería Control Amases L2. Incluye:  Instalación de 15 metros  aproximados de tubería Conduit pared gruesa en 3/4 Instalación de 20 metros de cable de control 3 x 16 o 2 x 16, para alimentación 127 volts desde salida de PLC Herrajes necesarios, condulet LBs, abrazaderas, tornillería. Ruteo de cable y conexión en caso necesario, o en su defecto ruteo desde tablero hasta solenoide. Cableado se va dejar dentro del tablero, personal de auto realizara conexiones en PLC.",Instalación de Tubería Control Amases L2.,1.0,33500.0
SO2204,2022-08-10,MONDELEZ MEXICO,SERVICIOS FTS,370040.0,"Servicio de Mantenimiento a 34 Climas IDFS planta Salinas Incluye:  • Mantenimiento realizado en cuartos de lavado de Mondelez o fuera de planta acorde a necesidades de cliente. • Desinstalación e Instalación de la unidad, considerado uso de plataforma tijera para trabajo en altura. • Desarmado de equipo, desensamble de piezas • Desinfección de evaporador de equipo. • Limpieza de filtros con agua o sopleteo aire. • Medición y evaluación de voltaje, corrientes de consumo en componentes y compresor. • Verificación de temperaturas con equipo termográfico para validar funcionamiento. • Limpieza en intercambiadores de calor. • Limpieza de compresor, validación de terminales eléctricas y termistor • Revisión, Análisis y diagnostico de la unidad, se entrega reporte en PDF. • ""setup"" y puesta marcha de equipo.",Servicio de Mantenimiento a 34 Climas IDFS planta Salinas,1.0,319000.0
SO2468,2022-08-09,MONDELEZ MEXICO,SERVICIOS FTS,377000.0,"Matenimiento y ajuste de rayos X de Linea 14   Serie:  4400000066, 4400000065, 4400000064, 4400000063 y 4400000062   OBSERVACION: - INCLUYE MANO DE OBRA -HERRAMIENTAS - REFACCIONES NECESARIAS","Matenimiento y ajuste de rayos X de L10                                       Serie: 1436568530020, 1436568530030 , 1436568530040 y 1436568530050 OBSERVACION: - INCLUYE MANO DE OBRA - HERRAMIENTAS - REFACCIONES NECESARIAS",5.0,325000.0
SO2438,2022-08-09,MONDELEZ MEXICO,SERVICIOS FTS,100920.0,[SER-CUR-CUR] PROGRAMA DE CAPACITACIÓN,[SER-CUR-CUR] PROGRAMA DE CAPACITACIÓN,1.0,87000.0
SO2457,2022-08-06,MONDELEZ MEXICO,SERVICIOS FTS,369692.0,"Fabricacion de barandales, escalera y accesorios en acero inoxidable complementarios de seguridad para tanques de 30 mil lts proyecto non gmo",Integración y programación de recetas para sistema de pruebas logicas,1.0,318700.0
SO2419,2022-08-05,MONDELEZ MEXICO,SERVICIOS FTS,1142600.0,Integración y programación de recetas para sistema de pruebas logicas Incluye: - Ingenierías de secuencias en diagramas de escalera. - Programacion en PLC en software Studio 500. - Creación de respaldos de programa de PLC. - Pruebas funcionales Offline con el respaldo que se tome del PLC. - Configuración de comunicacion Ethernet de proyecto No GMO.,Integración y programación de recetas para sistema de pruebas logicas,1.0,985000.0
SO2461,2022-08-02,"Productos de Vinagre SA de CV, Luis Vieyra",SERVICIOS FTS,84970.0,Mantenimiento y Diagnostico de Bomba de Agua de 15 HP,Mantenimiento y Diagnostico de Bomba de Agua de 15 HP,1.0,73250.0
SO2433,2022-08-01,MONDELEZ MEXICO,SERVICIOS FTS,199517.68,1734 - AENT Port EtherNet I/o Adapter Module,1734 - AENT,1.0,26000.0
SO2433,2022-08-01,MONDELEZ MEXICO,SERVICIOS FTS,199517.68,1734 - IB8S Point Guard I/O Safety Module -8 Point Input Module,2211-03 Mod. IBS point guard - 3 pzas.,3.0,97998.0
SO2433,2022-08-01,MONDELEZ MEXICO,SERVICIOS FTS,199517.68,1734- 0B8S POINT Guard I/O Safety Sourcing Output  Module,1734- 0B8S,1.0,24000.0
SO2433,2022-08-01,MONDELEZ MEXICO,SERVICIOS FTS,199517.68,1734- TBS Module  Bases W / Removable IEC Spring Terminals,1734- TBS,4.0,24000.0
SO2437,2022-07-29,MONDELEZ MEXICO,SERVICIOS FTS,44080.0,"Servicio de programación en STUDIO 5000, para sensor ultrasonico de tanque de Agua Incluye: - Porgramación de PLC para traducir valores de 2 a 20 ma en % de llenado de tanque. - Porgramación y creación de tags en PLC para guardado de información. - Pruebas funcionales","Servicio de programación en STUDIO 5000, para sensor ultrasonico de tanque de Agua",1.0,38000.0
SO2290,2022-07-29,MONDELEZ MEXICO,SERVICIOS FTS,28768.0,"Mantenimiento preventivo a 4 climas de tableros eléctricos área procesos L6  • Desinstalación e Instalación de la unidad. • Desinfección de evaporador. • Limpieza de filtros. • Medición y evaluación de corriente de consumo. • Limpieza en intercambiadores de calor. • Limpieza de compresor. • Revisión, Análisis y diagnostico de la unidad. • ""setup"" y puesta marcha.",Mantenimiento preventivo a 4 climas de tableros eléctricos área procesos L6,1.0,24800.0
SO2455,2022-07-28,HYDRO PRECISION TUBING MANUFACTURING MONTERREY,SERVICIOS FTS,5550.6,Instalación electromecánica de mini split 2 ton,Instalacion electromecanica de mini split 2 ton,1.0,2490.0
SO2455,2022-07-28,HYDRO PRECISION TUBING MANUFACTURING MONTERREY,SERVICIOS FTS,5550.6,Retiro de equipo dañado,Retiro de equipo dañado,1.0,995.0
SO2455,2022-07-28,HYDRO PRECISION TUBING MANUFACTURING MONTERREY,SERVICIOS FTS,5550.6,Tubería de cobre para puntas de evaporador,Tubería de cobre para puntas de evaporador,1.0,500.0
SO2455,2022-07-28,HYDRO PRECISION TUBING MANUFACTURING MONTERREY,SERVICIOS FTS,5550.6,Carga de gas para 1kg,Carga de gas para 1kg,1.0,800.0
SO2416,2022-07-28,MONDELEZ MEXICO,SERVICIOS FTS,10440.0,Suministro de Batas y Guantes Arc Flash,Suministro de Batas y Guantes Arc Flash,2.0,3000.0
SO2416,2022-07-28,MONDELEZ MEXICO,SERVICIOS FTS,10440.0,Bata para electricista Flame resistant mod. VF-SLS2LB.,Bata para electricista Flame resistant mod. VF-SLS2LB.,2.0,6000.0
SO2454,2022-07-27,VETRA AMERICAS,SERVICIOS FTS,4060.0,Inspección y diagnostico de plc en equipo llovera y reparacion de corto circuito,Inspección y diagnostico de plc en equipo llovera y reparacion de corto circuito,1.0,3500.0
SO2368,2022-07-24,MONDELEZ MEXICO,SERVICIOS FTS,212245.2,"TUBERIA, CABLEADO Y HERRAJES PARA INSTALACION ELECTRICA Incluye:  Instalación de 100 metros aproximados de Tubería Conduit pared gruesa de 3/4  Condulets LB, condulet tipo C y tipo T 150 metros aprox. de Cable multiconductor flexible marca: Belden, calibre 2 x 16 AWG con blindaje para  transmisión de señales de instrumentación, y evitar ruido eléctrico con aislamiento y cubierta de PVC. Herrajes tipo MUs, mordazas, varilla roscada, tuercas, arandelas necesarias. Canalización de cableado desde tanque de proceso, en parte superior hasta sub estación #4, para sensor ultrasónico de nivel. Canalización de cableado desde tubería salida de  desde tanque de proceso hasta sub estación #4 para medidor de flujo o caudalímetro. Perforación en tablero existente en sub estación #4 para acceso de tubería 3/4 con terminación tipo myers. Instalaciones necesarias para proyecto.","TUBERIA, CABLEADO Y HERRAJES PARA INSTALACION ELECTRICA",1.0,146970.0
SO2368,2022-07-24,MONDELEZ MEXICO,SERVICIOS FTS,212245.2,"SENSOR DE NIVEL. Incluye:  1 pza.   Endress + Hauser FMU30-AAHGABRHF Sensor ultrasónico de nivel FMU-AAHGABRHF Transmisor de Nivel sensor ultrasónico, continuo Medida: Ultrasonidos, sin contacto Cabezal Plástico F16 compartimento único Membrana del sensor: EPDM Temperatura Proceso:-20…60oC/-4140oF Alimentación 2 hilos, Señal 4-20mA Presión de Proceso: máx 3 bar abs Idiomas de Operación seleccionables (DE,EN,NL,FR,ES,IT,JA) Rango de Medida libremente ajustable Posibilidad de calcular volumen",SENSOR DE NIVEL.,1.0,36000.0
SO2436,2022-07-22,HYDRO PRECISION TUBING MANUFACTURING MONTERREY,SERVICIOS FTS,12421.28,Servicio de Mantenimiento preventivo a equipos de aire acondicionado en planta hydro monterrey,Servicio de Mantenimiento preventivo a equipos de aire acondicionado,1.0,10708.0
SO2435,2022-07-22,HYDRO PRECISION TUBING MANUFACTURING MONTERREY,SERVICIOS FTS,3120.4,Bomba de condensado para equipo de 2 ton marca: aspen - Bomba de condensado para equipo de 2 ton marca: aspen,Bomba de condensado para equipo de 2 ton marca: aspen - Bomba de condensado para equipo de 2 ton marca: aspen,1.0,2690.0
SO2434,2022-07-21,HYDRO PRECISION TUBING MANUFACTURING MONTERREY,SERVICIOS FTS,12421.28,Servicio de Mantenimiento preventivo a equipos de aire acondicionado en planta hydro monterrey,Servicio de Mantenimiento preventivo a equipos de aire acondicionado,1.0,10708.0
SO1783,2022-07-15,"MONDELEZ MEXICO, Sergio Ongay",SERVICIOS FTS,4222400.0,"Suministro e instalacion de transformador tipo seco de 2500 kva de 13200- 480/277 V Izquierdo conexion delta estrella  para operar en un sitema de  3 fases 4 hilos (Barra de Neutro ), 60 HZ., 460 VCA.,  acceso frontal y posterior.  Incluye: Materiales de consumo, cintas, pegamentos, sellado,  pijas, tornillería, pruebas, montaje y adaptacion , Arranque y Puesta en marcha, limpieza, herramienta equipos,Gruas y  mano de obra.","Suministro e instalacion de transformador tipo seco de 2500 kva de 13200- 480/277 V Izquierdo conexion delta estrella  para operar en un sitema de  3 fases 4 hilos (Barra de Neutro ), 60 HZ., 460 VCA.,  acceso frontal y posterior.  Incluye: Materiales de consumo, cintas, pegamentos, sellado,  pijas, tornillería, pruebas, montaje y adaptacion , Arranque y Puesta en marcha, limpieza, herramienta equipos,Gruas y  mano de obra.",1.0,1811250.0
SO1783,2022-07-15,"MONDELEZ MEXICO, Sergio Ongay",SERVICIOS FTS,4222400.0,"Suministro e instalacion de Subestacion Compacta Clase 15 Kv 400 Amps, Nema 12 Izquierda Incluye : 1  Celda para cable de Acometida , 1 Cuchilla de operacion sin carga,1 Celda para Seccionador de operacion con carga y portafusibles, 3 fusibles, apartarrayos y con acoplamiento a transformador  para operar en un sitema de  3 fases  (Barra de Tierra ), 60 HZ. acceso frontal y posterior.  Incluye: Materiales de consumo, cintas, pegamentos, sellado,  pijas, tornillería, pruebas, montaje y adaptacion , Arranque y Puesta en marcha, limpieza, herramienta equipos,Gruas y  mano de obra, .","Suministro e instalacion de Subestacion Compacta Clase 15 Kv 400 Amps, Nema 12 Izquierda Incluye : 1  Celda para cable de Acometida , 1 Cuchilla de operacion sin carga,1 Celda para Seccionador de operacion con carga y portafusibles, 3 fusibles, apartarrayos y con acoplamiento a transformador  para operar en un sitema de  3 fases  (Barra de Tierra ), 60 HZ. acceso frontal y posterior.  Incluye: Materiales de consumo, cintas, pegamentos, sellado,  pijas, tornillería, pruebas, montaje y adaptacion , Arranque y Puesta en marcha, limpieza, herramienta equipos,Gruas y  mano de obra, .",1.0,920325.0
SO1783,2022-07-15,"MONDELEZ MEXICO, Sergio Ongay",SERVICIOS FTS,4222400.0,"Suministro e Instalacion de Tablero de Fuerza  Tipo 3WLPACT 4000 con Interruptor Electromomagnetico tipo Master removible con medicion PAC3200  para operar en un siStema de  3 fases 4 hilos (Barra de Neutro ), 60 HZ., 460 VCA., DE 4000 AMPERES  , Operacion Manual Autosoportado, acceso frontal y posterior. Con  unidad de medicion, MARCA: SIEMENS  Con 1 pza Interruptor Termomagnetico de 3polos 800 amps ,600 Volts,1 pza Interruptor Termomagnetico de 3 polos 300 amperes 600 volts y 1 pza de interruptor Termomagnetico 3 polos 500 amperes 600 volts  Incluye: Materiales de consumo, cintas, pegamentos, sellado,  pijas, tornillería, pruebas, montaje y adaptacion , Arranque y Puesta en marcha, limpieza, herramienta equipos, mano de obra, .","Suministro e Instalacion de Tablero de Fuerza  Tipo 3WLPACT 4000 con Interruptor Electromomagnetico tipo Master removible con medicion PAC3200  para operar en un siStema de  3 fases 4 hilos (Barra de Neutro ), 60 HZ., 460 VCA., DE 4000 AMPERES  , Operacion Manual Autosoportado, acceso frontal y posterior. Con  unidad de medicion, MARCA: SIEMENS  Con 1 pza Interruptor Termomagnetico de 3polos 800 amps ,600 Volts,1 pza Interruptor Termomagnetico de 3 polos 300 amperes 600 volts y 1 pza de interruptor Termomagnetico 3 polos 500 amperes 600 volts  Incluye: Materiales de consumo, cintas, pegamentos, sellado,  pijas, tornillería, pruebas, montaje y adaptacion , Arranque y Puesta en marcha, limpieza, herramienta equipos, mano de obra, .",1.0,571200.0
SO1783,2022-07-15,"MONDELEZ MEXICO, Sergio Ongay",SERVICIOS FTS,4222400.0,"Suministro e instalacion de Materiales para interconexion entre Subestacion compacta y transformador y tablero de fuerza a base de barras de cobre, incluye Aislamiento cortez,doblez perforacion ,conexión y pruebas,cintas, pegamentos, sellado,  pijas, tornillería, limpieza, herramienta equipos, mano de obra, .","Suministro e instalacion de Materiales para interconexion entre Subestacion compacta y transformador y tablero de fuerza a base de barras de cobre, incluye Aislamiento cortez,doblez perforacion ,conexión y pruebas,cintas, pegamentos, sellado,  pijas, tornillería, limpieza, herramienta equipos, mano de obra, .",1.0,184103.0
SO1783,2022-07-15,"MONDELEZ MEXICO, Sergio Ongay",SERVICIOS FTS,4222400.0,"Suministro e Instalacion de Juego de Terminal de alivio (CONO de 3 PZAS ) tipo QTII  PARA SERVICIO INTERIOR , de 15 kv para cal 3/0 CU, incluye Zapata terminal de compresion con barreno  minimo de 1/2""  y Tornillo galvanizado y/o tropicalizado de 1/2"" x 2-1/2"" con tuerca y rondana plana y de presion Incluye cortez,doblez perforacion ,conexión y pruebas,cintas, pegamentos, sellado,  pijas, tornillería, limpieza, herramienta equipos, mano de obra","Suministro e Instalacion de Juego de Terminal de alivio (CONO de 3 PZAS ) tipo QTII  PARA SERVICIO INTERIOR , de 15 kv para cal 3/0 CU, incluye Zapata terminal de compresion con barreno  minimo de 1/2""  y Tornillo galvanizado y/o tropicalizado de 1/2"" x 2-1/2"" con tuerca y rondana plana y de presion Incluye cortez,doblez perforacion ,conexión y pruebas,cintas, pegamentos, sellado,  pijas, tornillería, limpieza, herramienta equipos, mano de obra",2.0,65528.0
SO1783,2022-07-15,"MONDELEZ MEXICO, Sergio Ongay",SERVICIOS FTS,4222400.0,"Suministro e Instalacion de cable de Potencia XLPE, CAL 3/0 AWG CU, 15 KV, 100% N.A.,Conductores Monterrey  incluye Aislamiento cortez,doblez perforacion ,conexión y pruebas,cintas, pegamentos, sellado,  pijas, tornillería, limpieza, herramienta equipos, mano de obra, .","Suministro e Instalacion de cable de Potencia XLPE, CAL 3/0 AWG CU, 15 KV, 100% N.A.,Conductores Monterrey  incluye Aislamiento cortez,doblez perforacion ,conexión y pruebas,cintas, pegamentos, sellado,  pijas, tornillería, limpieza, herramienta equipos, mano de obra, .",100.0,33900.0
SO1783,2022-07-15,"MONDELEZ MEXICO, Sergio Ongay",SERVICIOS FTS,4222400.0,"Suministro e Instalacion de Tubo Conduit Galvanizado de 4"" de diam con cople y conector tipo Hug para llegada a tablero Incluye cortez,doblez perforacion soporteria ,conexión y pruebas,cintas, pegamentos, sellado,  pijas, tornillería, limpieza, herramienta equipos, mano de obra, .","Suministro e Instalacion de Tubo Conduit Galvanizado de 4"" de diam con cople y conector tipo Hug para llegada a tablero Incluye cortez,doblez perforacion soporteria ,conexión y pruebas,cintas, pegamentos, sellado,  pijas, tornillería, limpieza, herramienta equipos, mano de obra, .",20.0,47140.0
SO1783,2022-07-15,"MONDELEZ MEXICO, Sergio Ongay",SERVICIOS FTS,4222400.0,"Suministro e Instalacion de Codo Conduit Galvanizado de 4"" de diam con cople  Incluye cortez,doblez perforacion ,soporteria,conexión y pruebas,cintas, pegamentos, sellado,  pijas, tornillería, limpieza, herramienta equipos, mano de obra, .","Suministro e Instalacion de Codo Conduit Galvanizado de 4"" de diam con cople  Incluye cortez,doblez perforacion ,soporteria,conexión y pruebas,cintas, pegamentos, sellado,  pijas, tornillería, limpieza, herramienta equipos, mano de obra, .",2.0,6554.0
SO2245,2022-07-14,MONDELEZ MEXICO,SERVICIOS FTS,36493.6,Servicio de mantenimiento a deshumidificador de Azucar Incluye:  Incluye: - Limpieza a serpentines de condensadora - Limpieza de filtros . - Revisión de rueda desecante. - Revisión de circuito de refrigeración - Reapriete a tornillería de fuerza y de control -Revisión de consumo eléctrico,Servicio de mantenimiento a deshumidificador de Azucar,1.0,31460.0
SO2403,2022-07-12,MONDELEZ MEXICO,SERVICIOS FTS,377000.0,Matenimiento y Calibracion de rayos X de Linea 13   Serie: - 4460000047 - 4660292362 - 4660292356 - 4600272321 - 4600272310   OBSERVACION:   - INCLUYE MANO DE OBRA  -HERRAMIENTAS - REFACCIONES NECESARIAS,Matenimiento y ajuste de rayos X de Linea 3,5.0,325000.0
SO2402,2022-07-12,MONDELEZ MEXICO,SERVICIOS FTS,377000.0,Matenimiento y Calibracion de rayos X de Linea 9   Serie: - 4660292359 - 4660292341 - 4660292344 - 4660292347 - 4660292365   OBSERVACION:   - INCLUYE MANO DE OBRA  -HERRAMIENTAS - REFACCIONES NECESARIAS,Matenimiento y ajuste de rayos X de Linea 3,5.0,325000.0
SO2367,2022-07-08,MONDELEZ MEXICO,SERVICIOS FTS,226200.0,"Matenimiento y ajuste de rayos X de Linea 2  Serie:  E2345, E2346 , E42347  Marca:  Eagle  OBSERVACION: - INCLUYE MANO DE OBRA -HERRAMIENTAS - REFACCIONES NECESARIAS","Matenimiento y ajuste de rayos X de L10                                       Serie: 1436568530020, 1436568530030 , 1436568530040 y 1436568530050 OBSERVACION: - INCLUYE MANO DE OBRA - HERRAMIENTAS - REFACCIONES NECESARIAS",3.0,195000.0
SO2384,2022-07-07,MONDELEZ MEXICO,SERVICIOS FTS,7192.0,Servicio de mantenimiento y diagnostico clima de tablero maquinado L4,Servicio de mantenimiento y diagnostico clima de tablero maquinado L4,1.0,6200.0
SO2383,2022-07-07,MONDELEZ MEXICO,SERVICIOS FTS,27724.0,Suministro y remplazo de cable de uso rudo 3x14 Maquinado L4,Suministro y remplazo de cable de uso rudo 3x14 Maquinado L4,1.0,23900.0
SO2313,2022-07-06,MONDELEZ MEXICO,SERVICIOS FTS,102080.0,"Instalación de Clima Rittal en Tablero de Red De Guerin  Incluye:  -Montaje y suministro de 1 clima Rittal,  Modelo: Thermoelectric cooler Total cooling/heating output 100 W  24VDC peltier technology. - Montaje y suministro de 1 resistencia de 110VCA condensado Modelo: Electric condensate evaporator with hose. - Corte a lateral de tablero con pulidor.  - Suministro e instalación de 1 Guarda motor de 4 amps. - Suministro e instalación de cable monopolar eléctrico. - Se incluye ajustes de set point a clima mediante panel de control local. Encendido y puesta en marcha de equipo.",Instalación de Clima Rittal en Tablero Maquinado L1,1.0,88000.0
SO2273,2022-07-06,MONDELEZ MEXICO,SERVICIOS FTS,48836.0,"Servicio de instalación de Resistencia dinámica de frenado 125 HP. Incluye:  Instalación física de resistencia dinámica, suministrada por cliente ( M3775RK-H125A, Marca: BONITRON). Suministro de herrajes necesarios para sujeción. Suministro de cable calibre 3/0 para conexión eléctrica de resistencia color negro. Mano de obra para conexión de resistencia - variador de frecuencia. Validación de funcionamiento en arranque de equipo.",Servicio de instalación de Resistencia dinámica de frenado 125 HP.,1.0,42100.0
SO1947,2022-07-06,"Alta Extracción S.A. de C.V., Martin chavez",SERVICIOS FTS,1192712.0,* Maniobras e Instalación de equipos existentes,* Maniobras e Instalación de equipos existentes,1.0,288000.0
SO1947,2022-07-06,"Alta Extracción S.A. de C.V., Martin chavez",SERVICIOS FTS,1192712.0,* Reingenierías,* Reingenierías,1.0,63000.0
SO1947,2022-07-06,"Alta Extracción S.A. de C.V., Martin chavez",SERVICIOS FTS,1192712.0,* Mantenimiento de piezas dañas y/o fabricación de las inexistentes,* Mantenimiento de piezas dañas y/o fabricación de las inexistentes,1.0,135000.0
SO1947,2022-07-06,"Alta Extracción S.A. de C.V., Martin chavez",SERVICIOS FTS,1192712.0,* Modificaciones estructurales en nave requeridas,* Modificaciones estructurales en nave requeridas,1.0,79100.0
SO1947,2022-07-06,"Alta Extracción S.A. de C.V., Martin chavez",SERVICIOS FTS,1192712.0,*  Mantenimiento de Motores Eléctricos,*  Mantenimiento de Motores Eléctricos,1.0,45000.0
SO1947,2022-07-06,"Alta Extracción S.A. de C.V., Martin chavez",SERVICIOS FTS,1192712.0,* Instalación de servicios requeridos para maquina,* Instalación de servicios requeridos para maquina,1.0,192100.0
SO1947,2022-07-06,"Alta Extracción S.A. de C.V., Martin chavez",SERVICIOS FTS,1192712.0,* Integración de sistema de control,* Integración de sistema de control,1.0,226000.0
SO2392,2022-07-05,"Empacadora San Marcos, Jesus Navarro",SERVICIOS FTS,435189.08,Fabricación de tolva para vaciado de sal,Fabricación de tolva para vaciado de sal,1.0,375163.0
SO2360,2022-07-04,Nalco de Mexico SA. de .CV,SERVICIOS FTS,17400.0,Adicionales servicio Reparacion fosa aereacion MDLZ Salinas Incluye: 6 codos a 90 grados por 4 pulgadas  3 mts de tubo de 4 in ced 40  Lote de tornilleria y empaques  Mano de obra soldadura,Adicionales servicio Reparacion fosa aereacion MDLZ Salinas,1.0,15000.0
SO2373,2022-06-27,Empacadora San Marcos,SERVICIOS FTS,337096.0,Suministro de 1 Parrilla Magnetica de limpieza Semiautomatica MARCA GRACIDA y 1 Juego de 5 barras de repuesto para parrilla,Suministro de 1 Parrilla Magnetica de limpieza Semiautomatica MARCA GRACIDA y 1 Juego de 5 barras de repuesto para parrilla,1.0,290600.0
SO2345,2022-06-23,"Empacadora San Marcos, Jesus Navarro",SERVICIOS FTS,1075503.74,Servicio de 2 técnicos para soporte en áreas generales,Servicio de 2 técnicos para soporte en áreas generales,6.0,800150.4
SO2345,2022-06-23,"Empacadora San Marcos, Jesus Navarro",SERVICIOS FTS,1075503.74,Saldo para compras de emergencia,Saldo para compras de emergencia,6.0,127008.0
SO2239,2022-06-23,MONDELEZ MEXICO,SERVICIOS FTS,1752945.6,INTEGRACION DE SISTEMA DE ENFRIAMIENTO,INTEGRACION DE SISTEMA DE ENFRIAMIENTO,1.0,693000.0
SO2239,2022-06-23,MONDELEZ MEXICO,SERVICIOS FTS,1752945.6,INTEGRACION DE SISTEMA MECANICO,INTEGRACION DE SISTEMA MECANICO,1.0,230580.0
SO2239,2022-06-23,MONDELEZ MEXICO,SERVICIOS FTS,1752945.6,INTEGRACION DE SISTEMA ELECTRICO,INTEGRACION DE SISTEMA ELECTRICO,1.0,587580.0
SO2354,2022-06-22,MONDELEZ MEXICO,SERVICIOS FTS,403680.0,CLIMA/4000W/SK3188.940/RITTAL,CLIMA/4000W/SK3188.940/RITTAL,2.0,348000.0
SO2332,2022-06-22,MONDELEZ MEXICO,SERVICIOS FTS,2726727.32,"Descarga del equipo con peso aproximado de 1 ton con las dimensiones siguentes, 3.8 de largo x 1.32 de ancho x 1.50  alto, con el panel de control desarmado. Uso de balancin con forme a manual con un factor de carga de 3ton uso de eslingas y de refuerzos todo lo necesario para protejer el equipo en la maniobra uso de grilletes y grua para poder bajarlo de la plataforma. y ubicarlo en un carro de arrastre para ser llevado al interior de la planta, uso de personal calificado para maniobras y personal para arrastre de equipo al interior de planta segurista y permisos correspondientes.   ( considere retiro de embalaje y acarreo de madera fuera de planta. ) tambien dos equipos condensadores de  15 TR & 7.5 TR Con un peso estimado de 366 kg & 174 kg respectivamente",2127-01 Instalacion de deshumidifcador,1.0,80000.0
SO2332,2022-06-22,MONDELEZ MEXICO,SERVICIOS FTS,2726727.32,"Acarreo del equipo dentro de planta con personal calificado por medio de patines al area de montaje.(area de amases segundo piso)  Instalacion de deshumidificador, en plataforma existente, conforme al manual separacion para mantenimiento y colocacion de dren de condensados con tubo de pvc bien soportado, se usara maniobra para izaje, uso de garrucha eslingas grilletes y balancin.",2127-01 Acarreo y montaje Deshumidificad,1.0,167714.0
SO2332,2022-06-22,MONDELEZ MEXICO,SERVICIOS FTS,2726727.32,"Acarreo de equipo de dos condensadoras de 366 kg  y 174 kg al area de montaje, uso de grua para levante de 10 m de alto aproximadamente ubicado en la entrada principal para planta. Realizar retiro y volver a instalar la malla sombra  existente. Parcialmente asi como preparacion de hueco para paso de tuberia y sellado con concreto tambien sellado con sika, para grietas y juntas. medidas de los equipos.el de 7.5 TR 914 mm de ancho x 1067 de largo x 991 mm de alto,  el de 15 TR de 1168 mm de ancho x 2413 mm de largo x 1143 mm de alto.","Acarreo de equipo de dos condensadoras de 366 kg  y 174 kg al area de montaje, uso de grua para levante de 10 m de alto aproximadamente ubicado en la entrada principal para planta. Realizar retiro y volver a instalar la malla sombra  existente. Parcialmente asi como preparacion de hueco para paso de tuberia y sellado con concreto tambien sellado con sika, para grietas y juntas. medidas de los equipos.el de 7.5 TR 914 mm de ancho x 1067 de largo x 991 mm de alto,  el de 15 TR de 1168 mm de ancho x 2413 mm de largo x 1143 mm de alto.",2.0,111810.0
SO2332,2022-06-22,MONDELEZ MEXICO,SERVICIOS FTS,2726727.32,"Suministro e instalacion de tubo de ecero inoxidable 304 o 316, para conduccion. de aire tratado, desde equipo deshumidificador hasta Usebin de azucar indicados de  4"" y 3"" diam. para 6 bar de trabajo CEDULA 10. Con salida del deshumidificador en Y para dos salidas incluye valvula mariposa en ambas salidas,con actuador, incluye; sensor de transmisor de temperatura y humedad dos unidades.considere codos de 90 ° , 6 pzas considere abrasaderas morris para union de tubos .","Suministro e instalacion de tubo de ecero inoxidable 304 o 316, para conduccion. de aire tratado, desde equipo deshumidificador hasta Usebin de azucar indicados de  4"" y 3"" diam. para 6 bar de trabajo CEDULA 10. Con salida del deshumidificador en Y para dos salidas incluye valvula mariposa en ambas salidas,con actuador, incluye; sensor de transmisor de temperatura y humedad dos unidades.considere codos de 90 ° , 6 pzas considere abrasaderas morris para union de tubos .",1.0,479181.0
SO2332,2022-06-22,MONDELEZ MEXICO,SERVICIOS FTS,2726727.32,suministro e instalacion de tuberia de cobre rigido para condensadora a deshumificador realizacion de 2 huecos por cada condensadora para paso de fuerza y tubo de cobre para el deshumificador desde el techo del area frente a planta hasta conexion de deshumidificador. Todos los conectores de ducto flexibles deben ser de material retardante al fuego. Todo el tubo en el exterior  debe estar aislada e impermeabilizada de acuerdo con los códigos locales de mondelez.  Los orificios realizados en los muros deben sellarse de acuerdo con los códigos de mdlz. Asegure que el orificio en la estructura para el tubo sea lo suficientemente grande para recibir los tubos y el aislamiento envolvente. el condensado sera canalizado a una bajada para ello en pvc y sera lo suficientemente riguido para evitar que el aire lo desprenda de su soporte. y considere el termostato de calibre 18,suministro e instalacion de tuberia de cobre rigido para condensadora a deshumificador realizacion de 2 huecos por cada condensadora para paso de fuerza y tubo de cobre para el deshumificador desde el techo del area frente a planta hasta conexion de deshumidificador. Todos los conectores de ducto flexibles deben ser de material retardante al fuego. Todo el tubo en el exterior  debe estar aislada e impermeabilizada de acuerdo con los códigos locales de mondelez.  Los orificios realizados en los muros deben sellarse de acuerdo con los códigos de mdlz. Asegure que el orificio en la estructura para el tubo sea lo suficientemente grande para recibir los tubos y el aislamiento envolvente. el condensado sera canalizado a una bajada para ello en pvc y sera lo suficientemente riguido para evitar que el aire lo desprenda de su soporte. y considere el termostato de calibre 18,2.0,139626.0
SO2332,2022-06-22,MONDELEZ MEXICO,SERVICIOS FTS,2726727.32,"Instalacion de un termomagnetico (deshumidificador) de acuerdo al tablero no. De cat. P1E42MCA00CT marca: SIEMENS, panel typo P1 *de acuerdo a catalogo de conceptos e ingenieria electrica otorgada por mondelez","Instalacion de un termomagnetico (deshumidificador) de acuerdo al tablero no. De cat. P1E42MCA00CT marca: SIEMENS, panel typo P1 *de acuerdo a catalogo de conceptos e ingenieria electrica otorgada por mondelez",1.0,111396.0
SO2332,2022-06-22,MONDELEZ MEXICO,SERVICIOS FTS,2726727.32,"conexión del deshumidificador,  460 v/3f/60 hz, 58.7 kw, CON COMANDO EN 110V. TOTAL DE CORRIENTE 76.6 AMP. *de acuerdo a catalogo de conceptos e ingenieria electrica otorgada por mondelez","conexión del deshumidificador,  460 v/3f/60 hz, 58.7 kw, CON COMANDO EN 110V. TOTAL DE CORRIENTE 76.6 AMP. *de acuerdo a catalogo de conceptos e ingenieria electrica otorgada por mondelez",1.0,445581.0
SO2332,2022-06-22,MONDELEZ MEXICO,SERVICIOS FTS,2726727.32,"Instalacion de un termomagnetico (condensadora 15 Ton) de acuerdo al tablero no. De cat. P1E42MCA00CT marca: SIEMENS, panel typo P1, *de acuerdo a catalogo de conceptos e ingenieria electrica otorgada por mondelez","Instalacion de un termomagnetico (condensadora 15 Ton) de acuerdo al tablero no. De cat. P1E42MCA00CT marca: SIEMENS, panel typo P1, *de acuerdo a catalogo de conceptos e ingenieria electrica otorgada por mondelez",1.0,46415.0
SO2332,2022-06-22,MONDELEZ MEXICO,SERVICIOS FTS,2726727.32,"Conexión electrica de Condensador de refrigeración Trane de 15 toneladas refrigerante, para un sistema dividido. Modelo TTA18044D. Datos eléctricos 3/60/460 voltios. Ampacidad mínima del circuito 34, máxima protección de sobrecarga 45. distancia del tablero al equipo de 45 m aprox.","Conexión electrica de Condensador de refrigeración Trane de 15 toneladas refrigerante, para un sistema dividido. Modelo TTA18044D. Datos eléctricos 3/60/460 voltios. Ampacidad mínima del circuito 34, máxima protección de sobrecarga 45. distancia del tablero al equipo de 45 m aprox.",1.0,185659.0
SO2332,2022-06-22,MONDELEZ MEXICO,SERVICIOS FTS,2726727.32,"Instalacion de un termomagnetico (condensadora 7.5 Ton) de acuerdo al tablero no. De cat. P1E42MCA00CT marca: SIEMENS, panel typo P1,  *de acuerdo a catalogo de conceptos e ingenieria electrica otorgada por mondelez*","Instalacion de un termomagnetico (condensadora 7.5 Ton) de acuerdo al tablero no. De cat. P1E42MCA00CT marca: SIEMENS, panel typo P1,  *de acuerdo a catalogo de conceptos e ingenieria electrica otorgada por mondelez*",1.0,27849.0
SO2332,2022-06-22,MONDELEZ MEXICO,SERVICIOS FTS,2726727.32,"Conexión electrica de Condensador de refrigeración Trane de 7.5 toneladas refrigerante, para un sistema dividido. Modelo TTA09044D. Datos eléctricos 3/60/460 voltios. Ampacidad mínima del circuito 15, máxima protección de sobrecarga 20. deistanci de tablero al equipo 45m aprox.","Conexión electrica de Condensador de refrigeración Trane de 7.5 toneladas refrigerante, para un sistema dividido. Modelo TTA09044D. Datos eléctricos 3/60/460 voltios. Ampacidad mínima del circuito 15, máxima protección de sobrecarga 20. deistanci de tablero al equipo 45m aprox.",1.0,111396.0
SO2332,2022-06-22,MONDELEZ MEXICO,SERVICIOS FTS,2726727.32,"Integracion de equipo (deshumificador ) al sistema guerin con visivilidad en C5, condierar tambien comunicación de cable de ethernet. Al tablero A1 de guerin.","Integracion de equipo (deshumificador ) al sistema guerin con visivilidad en C5, condierar tambien comunicación de cable de ethernet. Al tablero A1 de guerin.",1.0,70000.0
SO2332,2022-06-22,MONDELEZ MEXICO,SERVICIOS FTS,2726727.32,"REALIZAR LAS PRUEBAS DE ARRANQUE CON TECNICOS DE  MUNTERS PARA LA ESTABILIZACION DEL SISTEMA, INCLUYE DIAS DE PRUEBAS",REALIZAR LAS PRUEBAS DE ARRANQUE CON TECNICOS DE  MUNTERS,1.0,20000.0
SO2332,2022-06-22,MONDELEZ MEXICO,SERVICIOS FTS,2726727.32,Suministro de condensadoras de doble circuito en 7.5 Ton y 15 Ton (según ficha tecnica compartida por mondelez,Suministro de condensadoras de doble circuito en 7.5 Ton y 15 Ton (según ficha tecnica compartida por mondelez,1.0,354000.0
SO2342,2022-06-21,MONDELEZ MEXICO,SERVICIOS FTS,162864.0,Programacion de PLC en Rotary Moulder y Horno de L11 para agregar: un contador de entradas y salidas.   Incluye: 1.- Metodo de conteo a usar en cada estacion 2.- Agregar contador en PLC 3.- Configuracion para generar archivo compatible con Shoplogix 4.- Programador certificado para la ejecucion de los trabajos 5.- Todo lo necesario para su correcta instalacion y funcionamiento,Requeriminetos adicionales Label solicitados por Calidad Parte 2,1.0,140400.0
SO2361,2022-06-16,"British American Tobacco Mexico S.A. de C.V., Marlon Castellanos",SERVICIOS FTS,9512.0,"Servicio de reparación de fuga en tuberías de retorno de edificio 5 INLCUYE: - Retiro de forro aislante. - Reparación de tubería de 2"" de diámetro. - Mano de obra",Servicio de reparación de fuga en tuberia de retorno,1.0,8200.0
SO2359,2022-06-16,"British American Tobacco Mexico S.A. de C.V., Marlon Castellanos",SERVICIOS FTS,21576.0,Servicio de reparación de bomba Altamira Modelo: SCALA200-2/3234 Fases: 3 230/460V,Servicio de reparación de bomba Altamira,1.0,18600.0
SO2356,2022-06-16,"British American Tobacco Mexico S.A. de C.V., Marlon Castellanos",SERVICIOS FTS,8120.0,Servicio de instalación de 6 selectores en puerta de tablero. INCLUYE: - Identificación de líneas. - Cable necesario calibre 16.  - 6 Selector de 2 posiciones con 1 contacto abierto.  - Terminales de tope a tope para calibre 16. - Interconexiones. - 1 botón de paro de emergencia. - etiquetas de identificación on - off. - etiquetas para identificación de cableado  - Perforado en puerta de tablero para accionamiento manual de válvulas. - Herramienta manual necesaria. - Mano de obra.  - Pruebas funcionales en modo manual.,Servicio de instalacion de selectores,1.0,7000.0
SO2314,2022-06-16,MONDELEZ MEXICO,SERVICIOS FTS,377000.0,Matenimiento y Calibracion de rayos X de Linea 13   Serie: - 4460000047 - 4660292362 - 4660292356 - 4600272321 - 4600272310   OBSERVACION:   - INCLUYE MANO DE OBRA  -HERRAMIENTAS - REFACCIONES NECESARIAS,Matenimiento y ajuste de rayos X de Linea 3,5.0,325000.0
SO2352,2022-06-14,Mariana Anell Garcia,SERVICIOS FTS,16315.4,Mingitorio ahorrador de agua. Marca: American Standard Modelo: 6002001 Color: Blanco Medida: 36.4x36.7x57.5 cm,Mingitorio ahorrador de agua,1.0,14065.0
SO2158,2022-06-14,MONDELEZ MEXICO,SERVICIOS FTS,7308.0,"Servicio de mantenimiento a tablero eléctrico de Riley L4 Incluido:  - Limpieza de gabinetes parte exterior. - Limpieza de gabinetes parte interior, se utiliza toallas,  brocha. - Aspirado de tablero y componentes. - Reapriete de tornillería de componentes de control y fuerza. - Reacomodo de cables, canaletas y conexiones mal ubicadas. - Prueba de equipo, pruebas funcionales. - Reportes de Mantenimiento digitales.",Servicio de mantenimiento a tablero eléctrico de Riley L4,1.0,6300.0
SO2157,2022-06-14,MONDELEZ MEXICO,SERVICIOS FTS,14152.0,"Servicio de Mantenimiento a Tablero eléctrico y clima de GOE L4 Incluye:  Incluido:  - Limpieza de gabinetes parte exterior. - Limpieza de gabinetes parte interior, se utiliza toallas,  brocha. - Aspirado de tablero y componentes. - Reapriete de tornillería de componentes de control y fuerza. - Reacomodo de cables, canaletas y conexiones mal ubicadas. - Prueba de equipo, pruebas funcionales. - Reportes de Mantenimiento digitales.  Clima: • Desinstalación e Instalación de la unidad. • Desinfección de evaporador. • Limpieza de filtros. • Medición y evaluación de corriente de consumo. • Limpieza en intercambiadores de calor. • Limpieza de compresor. • Revisión, Análisis y diagnostico de la unidad. • ""setup"" y puesta marcha.",Servicio de Mantenimiento a Tablero eléctrico y clima de GOE L4,1.0,12200.0
SO2156,2022-06-14,MONDELEZ MEXICO,SERVICIOS FTS,32364.0,"Servicio de mantenimiento con Nitrógeno a Tablero Principal de Maquinado L4 Incluye: Mantenimiento a equipos Power Flex 755 Apertura de frame de plástico (carcasa de VFD) Inyección de nitrógeno con pistola (Sopleteo), regulando presión adecuada. Des incrustación de polvo, azúcar, sal, harina y corrosión dentro de equipos VFD y componentes Armado de Frames de plástico. Revisión y reapriete de terminales en clemas y componentes de tablero. Aspirado de polvo y suciedad Limpieza general de tablero Encendido y pruebas de funcionalidad o cero alarmas en VFDS",Servicio de mantenimiento con Nitrógeno a Tablero Principal de Maquinado L4,1.0,27900.0
SO2155,2022-06-14,MONDELEZ MEXICO,SERVICIOS FTS,20520.4,"Servicio de mantenimiento con Nitrógeno a Tablero eléctrico Mixer L4  Incluye:  Mantenimiento en equipos Power Flex 755 Apertura de frame de plástico (carcasa de VFD ) Inyección de nitrógeno con pistola (Sopleteo), regulando presión adecuada. Desincrustación de polvo, azúcar, harina o corrosión dentro de equipos y componentes. Armado de Frames de plástico. Revisión y reapriete de terminales en clemas y componentes de tablero. Aspirado de polvo y suciedad Limpieza general de tablero Encendido y pruebas de funcionalidad o cero alarmas en VFDS.",Servicio de mantenimiento con Nitrógeno a Tablero eléctrico Mixer L4,1.0,17690.0
SO2133,2022-06-14,MONDELEZ MEXICO,SERVICIOS FTS,21576.0,"Servicio de mantenimiento climas de tablero eléctrico Mixer y maquinado L4  Servicio incluye Climas de tablero Mixer (1) y Maquinado (2).  • Desinstalación e Instalación de la unidad. • Desinfección de evaporador. • Limpieza de filtros. • Medición y evaluación de corriente de consumo. • Limpieza en intercambiadores de calor. • Limpieza de compresor. • Revisión, Análisis y diagnostico de la unidad. • ""setup"" y puesta marcha.",Servicio de mantenimiento climas de tablero eléctrico Mixer y maquinado L4,3.0,18600.0
SO2195,2022-06-13,MONDELEZ MEXICO,SERVICIOS FTS,14384.0,"Servicio de mantenimiento climas de tablero eléctrico Horno L12 Incluye:  • Mantenimiento prev. a 2 Climas Rittal Horno • Desinstalación e Instalación de la unidad. • Desinfección de evaporador. • Limpieza de filtros. • Medición y evaluación de corriente de consumo. • Limpieza en intercambiadores de calor. • Limpieza de compresor. • Revisión, Análisis y diagnostico de la unidad. • ""setup"" y puesta marcha.",Servicio de mantenimiento climas de tablero eléctrico Horno L12,1.0,12400.0
SO2194,2022-06-13,MONDELEZ MEXICO,SERVICIOS FTS,14384.0,"Servicio de mantenimiento a clima de tablero electrico Maquinado L12  Incluye:    • Mantenimiento prev. a 2 Climas Rittal  • Desinstalación e Instalación de la unidad. • Desinfección de evaporador. • Limpieza de filtros. • Medición y evaluación de corriente de consumo. • Limpieza en intercambiadores de calor. • Limpieza de compresor. • Revisión, Análisis y diagnostico de la unidad. • ""setup"" y puesta marcha.",Servicio de mantenimiento a clima de tablero electrico Maquinado L12,1.0,12400.0
SO2341,2022-06-07,"Empacadora San Marcos, Jesus Navarro",SERVICIOS FTS,206260.76,Servicio de 2 técnicos en área de té y porcionados (febrero-marzo 2022),Servicio de 2 técnicos en área de té y porcionados (febrero-marzo 2022),1.0,177811.0
SO2226,2022-06-07,MONDELEZ MEXICO,SERVICIOS FTS,66816.0,"Instalación de ventiladores aire forzado Trayloader L2 Incluye:  Suministro e Instalación de 2 turbinas para tablero Enclosure internal fan, Marca RITTAL con rejilla de protección. Suministro e Instalación de 1 Ventilador para tablero modelo : Marca RITTAL con capacidad de 230 m3 / Hr 115 VCA. Suministro e Instalación de cableado eléctrico para alimentación deturbinas. Suministro e instalación de 2 Circuit Breakers MCA. ABB de 2 Amper para alimentación eléctrica. Perforación de tablero para instalación de Ventilador en puerta de tablero. DIN RIEL o base necesaria para montaje de componentes. Suministro e instalación de bases metálicas para instalación de ventiladores. Instalación de filtro para ventilador de puerta.",Instalación de ventiladores aire forzado Trayloader L2,1.0,57600.0
SO2329,2022-06-01,Mariana Anell Garcia,SERVICIOS FTS,5626.0,Mantenimiento extractores,Mantenimiento extractores,1.0,4850.0
SO2323,2022-05-31,MONDELEZ MEXICO,SERVICIOS FTS,9249.84,"MANGUERA FLEXIBLE MCA YIN MODELO: YN250221 Incluye en el kit : - 1 Manguera metálica flexible TMF de 1"" Diámetro X 1.5 mts de longitud total con niples en las puntas de rosca ntp en acero inox 304 . Cedula 40 de 10 cms de longitud en ambos extremos",MANGUERA FLEXIBLE MCA YIN MODELO: YN250221,2.0,7974.0
SO2248,2022-05-31,MONDELEZ MEXICO,SERVICIOS FTS,36493.6,Servicio de mantenimiento a deshumidificador de harina L8 Incluye:  - Limpieza a serpentines de condensadora - Limpieza de filtros . - Revisión de rueda desecante. - Revisión de circuito de refrigeración - Reapriete a tornillería de fuerza y de control -Revisión de consumo eléctrico,Servicio de mantenimiento a deshumidificador de harina L8,1.0,31460.0
SO2318,2022-05-27,Mariana Anell Garcia,SERVICIOS FTS,28452.48,Suministro de mini split  inverter frio/ calor 1 tonelada Marco: Trane,Suministro de mini split  1 ton,1.0,24528.0
SO2317,2022-05-26,MONDELEZ MEXICO,SERVICIOS FTS,201840.0,CLIMA/4000W/SK3188.940/RITTAL,CLIMA/4000W/SK3188.940/RITTAL,1.0,174000.0
SO2316,2022-05-25,"Empacadora San Marcos, Jesus Navarro",SERVICIOS FTS,466604.58,Suministro Diesel 10 000 litros,Suministro Diesel,1.0,402245.33
SO2303,2022-05-23,MONDELEZ MEXICO,SERVICIOS FTS,175102.0,"Servicio de carga de gas arranque y pruebas de equipos condensadoras de 7 y 15 Ton con doble serpentin c/u,  Incluye : - Prueba de Hermeticidad con Nitrogeno a 400 psi, incluye 2 tanques de nitrogeno para las pruebas en lineas de gas refrigerante. - Prueba de hermeticiadad con vacuometro. - Soldadura autogena donde sea necesario. - Se garantiza el funcionamiento y hermeticidad de los equioos",Soporte de personal técnico mecánico 6 personas por 15 días,1.0,150950.0
SO2272,2022-05-20,Mariana Anell Garcia,SERVICIOS FTS,5800.0,Suministro de coil cleaner  Presentación de 20 litros.,Suministro de coil cleaner,2.0,5000.0
SO2266,2022-05-20,British American Tobacco Mexico S.A. de C.V.,SERVICIOS FTS,24360.0,Suministro de minisplit 2 ton. inverter 220V R410A,Suministro de minisplit 2 ton,1.0,21000.0
SO2263,2022-05-19,MONDELEZ MEXICO,SERVICIOS FTS,32248.0,"Instalación de Clima Rittal en Tablero Maquinado L1 Incluye:  Montaje de 1 clima Rittal, modelo: Blue 4200 Kw (Suministrado por Mondelez). Se realizara corte a puerta lateral de tablero con pulidor. (Medidas a especificar). Suministro e instalación de 1 Guarda motor trifásico 16 ampers, incluye contacto auxiliar contacto NA, NC. Suministro e instalación de cable monopolar eléctrico. Se incluye ajustes de set point a clima mediante panel de control local. Encendido y puesta en marcha de equipo.",Instalación de Clima Rittal en Tablero Maquinado L1,1.0,27800.0
SO2262,2022-05-19,MONDELEZ MEXICO,SERVICIOS FTS,32248.0,"Instalación de Clima Rittal en Tablero Maquinado L2 Incluye:  Montaje de 1 clima Rittal, modelo: Blue 4200 Kw (Suministrado por Mondelez). Se realizara corte a puerta lateral de tablero con pulidor. (Medidas a especificar). Suministro e instalación de 1 Guarda motor trifásico 16 ampers, incluye contacto auxiliar contacto NA, NC. Suministro e instalación de cable monopolar eléctrico. Se incluye ajustes de set point a clima mediante panel de control local. Encendido y puesta en marcha de equipo.",Instalación de Clima Rittal en Tablero Maquinado L2,1.0,27800.0
SO2261,2022-05-19,MONDELEZ MEXICO,SERVICIOS FTS,32248.0,"Instalacion de Clima Rittal en Tablero Maquinado L4 Incluye:  Montaje de 1 clima Rittal, modelo: Blue 4200 Kw (Suministrado por Mondelez). Se realizara corte a puerta lateral de tablero con pulidor. (Medidas a especificar). Suministro e instalación de 1 Guarda motor trifásico 16 ampers, incluye contacto auxiliar contacto NA, NC. Suministro e instalación de cable monopolar eléctrico. Se incluye ajustes de set point a clima mediante panel de control local. Encendido y puesta en marcha de equipo.",Instalacion de Clima Rittal en Tablero Maquinado L4,1.0,27800.0
SO2260,2022-05-19,MONDELEZ MEXICO,SERVICIOS FTS,32248.0,"Instalacion de Clima Rittal en Tablero Maquinado L5 Incluye:  Montaje de 1 clima Rittal, modelo: Blue 4200 Kw (Suministrado por Mondelez). Se realizara corte a puerta lateral de tablero con pulidor. (Medidas a especificar). Suministro e instalación de 1 Guarda motor trifásico 16 ampers, incluye contacto auxiliar contacto NA, NC. Suministro e instalación de cable monopolar eléctrico. Se incluye ajustes de set point a clima mediante panel de control local. Encendido y puesta en marcha de equipo.",Instalacion de Clima Rittal en Tablero Maquinado L5,1.0,27800.0
SO2231,2022-05-18,MONDELEZ MEXICO,SERVICIOS FTS,45588.0,"Instalacion de tierras para VFDs en Maquinado L13  Incluye:  Perforación de suelo con rompedora y broca para concreto de 1 m. para instalación de barra de cobre 10 Ft. de largo Instalación de 1 cercha cuadrada con perforación de 13 orificios en 3/16 para conexión de 13 VFDs dentro de tablero. Suministro e instalación de aisladores para cerchas de cobre perforada. Suministro de 65 metros de cable calibre 12 awg en color verde para conexión de tierra de Variadores. Suministro de 3 metros de cable calibre 1/0 para conectar de barra de suelo a barras perforadas. Suministro e instalación de mordazas para sujetar cable a barra. Conexión de cableado dentro de tablero eléctrico. Suministro e instalación de terminales de ojo, para extremo de cableado de tierra.",Instalacion de tierras para VFDs en Maquinado L13,1.0,39300.0
SO2206,2022-05-18,MONDELEZ MEXICO,SERVICIOS FTS,552624.0,"Suministro e Instalación de Tablero Eléctrico para Fastback L7 Incluido:  Suministro e Instalación anclaje a piso o pared de Tablero eléctrico marca Rittal medidas 1200 x2000 x 600.  Suministro e instalación de tubería conduit pared gruesa en 1 1/2 pulgadas, aproximadamente 50 mts. desde tablero de distribución SIEMENS hacia tablero nuevo Fastback. Suministro e instalación de cableado 150 mts. aproximados de cable calibre 4, 600 v en color negro. Suministro e instalación de cableado 50 mts. aproximados de cable calibre 4, 600 v en color verde.  Interruptor para tablero distribución marca SIEMENS modelo  ITM MX:ED63B0100MX (100Amp) 600v Interruptor para tablero principal marca ABB de 100 Ampers, 600 Volts. Accesorios, herrajes, condulets para instalación de tubería. Renta de plataforma de elevación por los días de servicio.",Suministro e Instalación de Tablero Eléctrico para Fastback L7,1.0,476400.0
SO2289,2022-05-16,MONDELEZ MEXICO,SERVICIOS FTS,120070.44,CLIMA/2000W/SK3186.930/RITTAL,CLIMA/2000W/SK3186.930/RITTAL,1.0,103509.0
SO2288,2022-05-16,MONDELEZ MEXICO,SERVICIOS FTS,180334.76,CLIMA/4000W/SK3188.940/RITTAL,CLIMA/4000W/SK3188.940/RITTAL,1.0,155461.0
SO2282,2022-05-16,Mariana Anell Garcia,SERVICIOS FTS,40997.42,4MXW1624 /4TXK1624 2 toneladas,Suministro de minisplit  2 ton Tra,1.0,35342.6
SO2256,2022-05-16,Inova SA de CV,SERVICIOS FTS,870.0,"Servicio de Asistencia Técnica, que comprende hasta 1 día de soporte técnico en campo para configuración de puertos de comunicación en computador de flujo Eagle Research.",Servicio de Asistencia Técnica,1.0,750.0
SO2242,2022-05-16,Daniel Cuateta,SERVICIOS FTS,12180.0,Kit de conectores y mangueras neumáticas para mixer L11,Speak PC510,1.0,10500.0
SO2259,2022-05-12,MONDELEZ MEXICO,SERVICIOS FTS,377000.0,Matenimiento y Calibracion de rayos X de Linea 14   Serie :  - 4400000066 - 4400000065 - 4400000064 - 4400000063 - 4400000062  OBSERVACION:   - INCLUYE MANO DE OBRA  -HERRAMIENTAS - REFACCIONES NECESARIAS,Matenimiento y ajuste de rayos X de Linea 3,5.0,325000.0
SO2221,2022-05-12,Mariana Anell Garcia,SERVICIOS FTS,24596.64,Suministro de termostato programable Marca: Honeywell Modelo: T6Pro,Suministro de termostato,3.0,21204.0
SO2255,2022-05-06,MONDELEZ MEXICO,SERVICIOS FTS,37120.0,"Servicio de instalación de bajada 127 volts para checador RH Incluye:  Suministro e instalación de 18 metros aproximados de tubería conduit pared gruesa en 1/2 pulgada. Suministro e instalación de 40 metros de cable cal. 14 en color negro y blanco para identificación de F y N. Suministro e instalación de herrajes, abrazaderas conduit, LBs, expansores y tornillería. Suministro e instalación de 1 caja FS pared gruesa. Suministro e instalación de contacto doble polarizado para 127 volts. Suministro e instalación de interruptor termomagnético de 20 amp. para centro de carga. Conexión en centro de carga y contacto, pruebas de voltaje.",Servicio de instalación de bajada 127 volts para checador RH,1.0,32000.0
SO2209,2022-05-05,MONDELEZ MEXICO,SERVICIOS FTS,131149.6,"Suministro de barrera vehicular Planta Mty. Incluye:  Barrera Vehicular de uso rudo / Servo Motor / Brazo Octagonal de 4.5 metros / Velocidad 3 segundos / Izquierda o Derecha. Cable control para automatización con botonera. Cable Eléctrico para energización de barrera, uso rudo 3 x 14 awg. Botonera triple para accionamiento. Regulador de Voltaje de Escritorio NEMA 5-15 /1000VA/400W. Misceláneos varios para instalación y anclaje",Suministro de barrera vehicular Planta Mty.,2.0,86600.0
SO2209,2022-05-05,MONDELEZ MEXICO,SERVICIOS FTS,131149.6,"Servicio de Instalacion y Puesta en marcha Incluye Instalación de:  Gabinete de pluma anclado a suelo de concreto mediante expansor ancla. barrera o pluma Botonera de accionamiento. Cableado de control y fuerza Conexiones necesarias, instalación de regulador de voltaje. Puesta en marcha de equipo.",Servicio de Instalacion y Puesta en marcha,2.0,26460.0
SO2173,2022-05-05,Nalco de Mexico SA. de .CV,SERVICIOS FTS,76490.4,•	Reparación en tanque de aeración,•	Reparación en tanque de aeración,1.0,65940.0
SO2219,2022-05-03,MONDELEZ MEXICO,SERVICIOS FTS,1531.2,incluye : FILTRO/AIRE/SK 3240.200/RITTAL 52117983,52117983,1.0,1320.0
SO2184,2022-05-03,MONDELEZ MEXICO,SERVICIOS FTS,268524.93,Modificaciones de tablero para UPS,Modificaciones de tablero para UPS,1.0,231487.01
SO2238,2022-05-02,MONDELEZ MEXICO,SERVICIOS FTS,25431.84,"Servicio de Asistencia Técnica, que comprende hasta 1 día de soporte técnico en campo para configuración de puertos de comunicación en computador de flujo Eagle Research.",Servicio de Asistencia Técnica,1.0,21924.0
SO2224,2022-05-02,MONDELEZ MEXICO,SERVICIOS FTS,226200.0,"Matenimiento y ajuste de rayos X de Linea 8  Serie:  E4852, E4853 , E4854,   Marca:  Eagle  OBSERVACION: - INCLUYE MANO DE OBRA -HERRAMIENTAS - REFACCIONES NECESARIAS","Matenimiento y ajuste de rayos X de L10                                       Serie: 1436568530020, 1436568530030 , 1436568530040 y 1436568530050 OBSERVACION: - INCLUYE MANO DE OBRA - HERRAMIENTAS - REFACCIONES NECESARIAS",1.0,195000.0
SO2200,2022-04-26,MONDELEZ MEXICO,SERVICIOS FTS,267380.0,SERVICIOS ESPECIALIZADOS EN:  Soporte de personal técnico eléctrico 4 personas por 15 dias  FOLIO REPSE:  2d92ab19-5f4e-4454-9a42- eaa4dbeas1aa,Soporte de personal técnico eléctrico 4 personas por 15 dias,1.0,230500.0
SO2222,2022-04-22,British American Tobacco Mexico S.A. de C.V.,SERVICIOS FTS,16397.76,Suministro de termostato programable Marca:  Honeywell Modelo: T6 Pro,Suministro de termostato,2.0,14136.0
SO2190,2022-04-21,MONDELEZ MEXICO,SERVICIOS FTS,333389.8,Suministro de 2 Gabinetes de Acero Inoxidable para conexion de TCS y TPS,Suministro de 2 Gabinetes de Acero Inoxidable para conecion de TCS y TPS,1.0,19200.0
SO2190,2022-04-21,MONDELEZ MEXICO,SERVICIOS FTS,333389.8,"Cambio de Tuberia Exterior desde TCS y TPS hasta tableros de Inoxidable por tuberia de 2"", asi como accesorios, LBS y herrajes en 2""","Cambio de Tuberia Exterior desde TCS y TPS hasta tableros de Inoxidable por tuberia de 2""",1.0,42000.0
SO2190,2022-04-21,MONDELEZ MEXICO,SERVICIOS FTS,333389.8,Suministro de Puerta trasera para Gabinete de Control de medidores Incluye: - Herrajes necesarios y visagras. - Puerta pintada en Ral 7030,Suministro de Puerta trasera para Gabinete de Control de medidores,1.0,31205.0
SO2190,2022-04-21,MONDELEZ MEXICO,SERVICIOS FTS,333389.8,Pruebas previas Certificadas a equipos TCS y TPIS alta tension - Pruebas de resistencia de aislamiento de 10KV - Prueba de relacion de transformacion (TTR) - Pruebas de Saturacion y Polaridad. - Prueba de factor de potencia del aislamiento.,Pruebas previas Certificadas a esquipos TCS y TPIS alta tension,1.0,195000.0
SO2183,2022-04-21,MONDELEZ MEXICO,SERVICIOS FTS,1148261.53,Integración de Switches de Red para L9 y L11,Integración de Switches de Red para L9 y L11,1.0,989880.63
SO2211,2022-04-19,MONDELEZ MEXICO,SERVICIOS FTS,377000.0,"Matenimiento y ajuste de rayos X de Linea 7 y Linea 5  Serie:  E214302, E214301, E210201,  E210202, E210203  Marca:  Eagle  OBSERVACION: - INCLUYE MANO DE OBRA -HERRAMIENTAS - REFACCIONES NECESARIAS","Matenimiento y ajuste de rayos X de L10                                       Serie: 1436568530020, 1436568530030 , 1436568530040 y 1436568530050 OBSERVACION: - INCLUYE MANO DE OBRA - HERRAMIENTAS - REFACCIONES NECESARIAS",5.0,325000.0
SO1664,2022-04-19,MONDELEZ MEXICO,SERVICIOS FTS,20300.0,"Mantenimiento clima IDF 17, Marca Hoffman, modelo: T20021  • Desinstalación e Instalación de la unidad. • Desinfección de evaporador. • Limpieza de filtros. • Medición y evaluación de corriente de consumo. • Limpieza en intercambiadores de calor. • Limpieza de compresor. • Revisión, Análisis y diagnostico de la unidad. • ""setup"" y puesta marcha. Entrega de reporte de estado y recomendaciones. Renta de plataforma para trabajo en alturas.","Mantenimiento clima IDF 17, Marca Hoffman, modelo: T20021",1.0,17500.0
SO2208,2022-04-12,Mariana Anell Garcia,SERVICIOS FTS,14500.0,Suministro de motor condensadora 1/2 HP   1075 RPM 220V REVERSIBLE  Marca: Proline,Suministro de motor condensadora,1.0,12500.0
SO2207,2022-04-12,Mariana Anell Garcia,SERVICIOS FTS,14500.0,Suministro de motor condensadora 1/2 hp  1075 RPM 220V 1F Marca: US,Suministro de motor condensadora,1.0,12500.0
SO2202,2022-04-12,British American Tobacco Mexico S.A. de C.V.,SERVICIOS FTS,5800.0,Suministro de coil  cleaner envase de 20 litros,Suministro de coil  cleaner,2.0,5000.0
SO2187,2022-04-12,British American Tobacco Mexico S.A. de C.V.,SERVICIOS FTS,19461.83,Suministro de guarda motor Marca: Schneider Electric Amperaje: 4 a 6.3 Modelo: GV2ME10,Suministro de guarda motor,3.0,11158.8
SO2187,2022-04-12,British American Tobacco Mexico S.A. de C.V.,SERVICIOS FTS,19461.83,Suministro de capacitor Para compresor 1/3 R12 Nf9 5Ak Marca: NG Modelo: 117U5028,Suministro de capacitor,3.0,5618.64
SO2185,2022-04-12,British American Tobacco Mexico S.A. de C.V.,SERVICIOS FTS,32501.08,Suministro de compresor reciprocante hermético 3Hp 220V Monofásico soldable. Marca: Copeland Capacidad: 38.3 mbtu Modelo:  CR38K6PFV525,Suministro de Compresor,1.0,28018.17
SO2165,2022-04-11,MONDELEZ MEXICO,SERVICIOS FTS,66642.0,"Servicio de mantenimiento con Nitrógeno a 3 Tableros eléctricos de área COCOA Incluido:  - Limpieza de gabinetes parte exterior. - Limpieza de gabinetes parte interior, se utiliza toallas,  brocha. - Aspirado de tablero y componentes con equipo para zonas ATEX. - Reapriete de tornillería de componentes de control y fuerza. - Reacomodo de cables, canaletas y conexiones mal ubicadas. - Prueba de equipo, pruebas funcionales. - Reportes de Mantenimiento digitales.",Servicio de mantenimiento con Nitrógeno a 3 Tableros eléctricos de área COCOA,3.0,57450.0
SO2164,2022-04-11,MONDELEZ MEXICO,SERVICIOS FTS,92220.0,"Servicio de mantenimiento con Nitrógeno a 3 Tableros eléctricos de área SILOS Incluido:  - Limpieza de gabinetes parte exterior. - Limpieza de gabinetes parte interior, se utiliza toallas,  brocha. - Aspirado de tablero y componentes con equipo para zonas ATEX. - Reapriete de tornillería de componentes de control y fuerza. - Reacomodo de cables, canaletas y conexiones mal ubicadas. - Prueba de equipo, pruebas funcionales. - Reportes de Mantenimiento digitales.",Servicio de mantenimiento con Nitrógeno a 3 Tableros eléctricos de área SILOS,3.0,79500.0
SO2163,2022-04-11,MONDELEZ MEXICO,SERVICIOS FTS,86304.0,"Servicio de mantenimiento con Nitrógeno a 5 Tableros eléctricos de área CERNIDORES Incluido:  - Limpieza de gabinetes parte exterior. - Limpieza de gabinetes parte interior, se utiliza toallas,  brocha. - Aspirado de tablero y componentes con equipo para zonas ATEX. - Reapriete de tornillería de componentes de control y fuerza. - Reacomodo de cables, canaletas y conexiones mal ubicadas. - Prueba de equipo, pruebas funcionales. - Reportes de Mantenimiento digitales.",Servicio de mantenimiento con Nitrógeno a 5 Tableros eléctricos de área CERNIDORES,3.0,74400.0
SO2162,2022-04-11,MONDELEZ MEXICO,SERVICIOS FTS,86304.0,"Servicio de mantenimiento con Nitrógeno a 3 Tableros eléctricos de área GRINDING Incluido:  - Limpieza de gabinetes parte exterior. - Limpieza de gabinetes parte interior, se utiliza toallas,  brocha. - Aspirado de tablero y componentes con equipo para zonas ATEX. - Reapriete de tornillería de componentes de control y fuerza. - Reacomodo de cables, canaletas y conexiones mal ubicadas. - Prueba de equipo, pruebas funcionales. - Reportes de Mantenimiento digitales.",Servicio de mantenimiento con Nitrógeno a 3 Tableros eléctricos de área GRINDING,3.0,74400.0
SO2192,2022-04-08,British American Tobacco Mexico S.A. de C.V.,SERVICIOS FTS,18244.48,"Suministro de motor  1/2 hp 1750 RPM 230/460V, ARM 56, base rígida, cerrado con flecha de 5/8  Marca : WEG",Suministro de motor para UP,1.0,15728.0
SO2191,2022-04-08,British American Tobacco Mexico S.A. de C.V.,SERVICIOS FTS,25155.76,Suministro de extractor para liebert  Marca: Marathon Modelo: CEB- 2600 Incluye motor  NOTA: Se cotiza extractor segun datos proporcionados por cliente,Suministro de extractor para liebert,1.0,21686.0
SO2090,2022-04-04,Productos de Vinagre SA de CV,SERVICIOS FTS,58564.92,Integración y suministro de arrancador suave ABB,Integración y suministro de arrancador suave ABB,1.0,50487.0
SO2065,2022-04-04,Productos de Vinagre SA de CV,SERVICIOS FTS,226447.08,Instalación de variador ABB y cambio de bomba de agua en área de vinagre,Instalación de variador ABB y cambio de bomba de agua en área de vinagre,1.0,195213.0
SO2062,2022-04-04,Productos de Vinagre SA de CV,SERVICIOS FTS,3317.6,Soporte en falla de bomba de agua en área de vinagre,Soporte en falla de bomba de agua en área de vinagre,1.0,2860.0
SO2175,2022-03-31,MONDELEZ MEXICO,SERVICIOS FTS,19256.0,Suministro de Sensor de Oxigeno Bacharach 0024-1591 Incluye:  Suministro de Bacharach 0024-1591 Long Life Oxygen Sensor,Suministro de Sensor de Oxigeno Bacharach 0024-1591,1.0,16600.0
SO2131,2022-03-31,MONDELEZ MEXICO,SERVICIOS FTS,14384.0,"Servicio de mantenimiento climas de tablero eléctrico Procesos L5  Servicio incluye Clima de tablero Mixer y Maquinado.  • Desinstalación e Instalación de la unidad. • Desinfección de evaporador. • Limpieza de filtros. • Medición y evaluación de corriente de consumo. • Limpieza en intercambiadores de calor. • Limpieza de compresor. • Revisión, Análisis y diagnostico de la unidad. • ""setup"" y puesta marcha.",Servicio de mantenimiento climas de tablero eléctrico Procesos L5,2.0,12400.0
SO2130,2022-03-31,MONDELEZ MEXICO,SERVICIOS FTS,14384.0,"Servicio de mantenimiento climas de tablero eléctrico Horno L5 Incluye:  • Desinstalación e Instalación de las 2 unidades, lado izquierdo, derecho tablero horno. • Desinfección de evaporador. • Limpieza de filtros. • Medición y evaluación de corriente de consumo. • Limpieza en intercambiadores de calor. • Limpieza de compresor. • Revisión, Análisis y diagnostico de la unidad. • ""Setup"" y puesta marcha.",Servicio de mantenimiento climas de tablero eléctrico Horno L5,2.0,12400.0
SO2129,2022-03-31,MONDELEZ MEXICO,SERVICIOS FTS,17748.0,"Servicio de mantenimiento climas de tablero eléctrico Empaque L5. Incluye:  Servicio de mantenimiento a climas de tablero eléctrico: Espirales Ambaflex, Douglas A y B.  • Desinstalación e Instalación de la unidad. • Desinfección de evaporador. • Limpieza de filtros. • Medición y evaluación de corriente de consumo. • Limpieza en intercambiadores de calor. • Limpieza de compresor. • Revisión, Análisis y diagnostico de la unidad. • ""setup"" y puesta marcha.",Servicio de mantenimiento climas de tablero eléctrico Empaque L5.,3.0,15300.0
SO2035,2022-03-31,MONDELEZ MEXICO,SERVICIOS FTS,7240.72,"Fabricacion de conectores Plug RJ45 Ethernet Plug RJ45 Cat6A Blindado, Terminación en Campo, Compatible con Todas las Categorías, Con Clip Protector de Seguro marca SIEMON.",Fabricacion de conectores Plug RJ45 Ethernet,10.0,6242.0
SO2054,2022-03-24,Empacadora San Marcos,SERVICIOS FTS,853760.0,Suministro de (2000 metros) de  5/16” 6X19 Preformed Stainless cable with Fiber/Plastic core nylon coated to 3/8” o.d,Suministro de 5/16” 6X19 Preformed Stainless cable with Fiber/Plastic core nylon coated to 3/8” o.d,1.0,736000.0
SO2141,2022-03-23,Mariana Anell Garcia,SERVICIOS FTS,24861.0,Suministro de motor condensadora 3/4 HP 220 Monofasico 60HZ 1075RPM A48Y con capacitor,Suministro de motor condensadora,2.0,21431.9
SO2138,2022-03-23,British American Tobacco Mexico S.A. de C.V.,SERVICIOS FTS,25568.72,Suministro de Gas refrigerante  Freon MO99 R438a 11.35kg (25lb),Suministro de Gas refrigerante,2.0,22042.0
SO2137,2022-03-23,British American Tobacco Mexico S.A. de C.V.,SERVICIOS FTS,25568.72,Suministro de Gas refrigerante  Freon MO99 R438a 11.35kg (25lb),Suministro de Gas refrigerante,2.0,22042.0
SO2117,2022-03-23,MONDELEZ MEXICO,SERVICIOS FTS,226200.0,"Matenimiento y ajuste de rayos X de Linea 7  Serie:  E210201, E210202, E210203,   Marca:  Eagle  OBSERVACION: - INCLUYE MANO DE OBRA -HERRAMIENTAS - REFACCIONES NECESARIAS","Matenimiento y ajuste de rayos X de L10                                       Serie: 1436568530020, 1436568530030 , 1436568530040 y 1436568530050 OBSERVACION: - INCLUYE MANO DE OBRA - HERRAMIENTAS - REFACCIONES NECESARIAS",3.0,195000.0
SO2116,2022-03-23,MONDELEZ MEXICO,SERVICIOS FTS,452400.0,"Matenimiento y ajuste de rayos X de Linea 10  Serie:  B934145381, B935185138, B935185137, B935191119, B935185139 Y B935495637  OBSERVACION: - INCLUYE MANO DE OBRA -HERRAMIENTAS - REFACCIONES NECESARIAS","Matenimiento y ajuste de rayos X de L10                                       Serie: 1436568530020, 1436568530030 , 1436568530040 y 1436568530050 OBSERVACION: - INCLUYE MANO DE OBRA - HERRAMIENTAS - REFACCIONES NECESARIAS",6.0,390000.0
SO2069,2022-03-16,Mariana Anell Garcia,SERVICIOS FTS,4724.67,Suministro de turbina  Suministro de turbina para equipo:  MODELO 50ZP-060---501.  SERIE 2499G42644  CARRIER paquete de 5 ton.,Suministro de turbina,1.0,4072.99
SO2036,2022-03-16,MONDELEZ MEXICO,SERVICIOS FTS,413424.0,SK 3188.940  RITTAL BLUE+ AC UNIT 4000 W,SK 3305.540 RITTAL BLUE+ AC UNIT 1500 W,2.0,356400.0
SO2111,2022-03-11,British American Tobacco Mexico S.A. de C.V.,SERVICIOS FTS,24232.4,Contactor 3 polos con bobina 24v,Servicio de suministro de refacciones,5.0,20890.0
SO2113,2022-03-10,MONDELEZ MEXICO,SERVICIOS FTS,107218.8,"Servicio de Técnico especialista en automatización Planta Monterrey 6 Días  Horarios de Soporte técnico:  6 Días conforme a rol proporcionado por MDLZ.   Habilidades: - Experiencia técnica en Automatización - Dominio de marca Allen Bradley - Seguimiento a Proyectos. - Capacidad administrativa. - Trabajo en equipo - Certificados DC3 en : Trabajos Eléctricos , LOTO, ARC FLASH.",Servicio de Técnico especialista en automatización Planta Monterrey 6 Días,1.0,92430.0
SO2110,2022-03-10,British American Tobacco Mexico S.A. de C.V.,SERVICIOS FTS,17887.2,Motor para condensador 1HP 220-440 Monofásico 60HZ 1075RPM flecha de 15 CM a 5/8 con cuñero,Servicio y suministro de refacciones,1.0,15420.0
SO2109,2022-03-10,Mariana Anell Garcia,SERVICIOS FTS,14298.4,Transformador multivoltaje a 24v,Servicio y suministro de refacciones,4.0,5497.6
SO2109,2022-03-10,Mariana Anell Garcia,SERVICIOS FTS,14298.4,Termostato para resistencia L165-40F,Servicio y suministro de refacciones,2.0,2340.0
SO2109,2022-03-10,Mariana Anell Garcia,SERVICIOS FTS,14298.4,Contactor 2 polos 220 a 24v Marca: White Rodgers,Servicio y suministro de refacciones,3.0,4488.6
SO2112,2022-03-09,"British American Tobacco Mexico S.A. de C.V., Marlon Castellanos",SERVICIOS FTS,90421.88,"Suministro de brida Vitaulic #741 12""",Suministro de brida,2.0,77949.9
SO2006,2022-03-08,MONDELEZ MEXICO,SERVICIOS FTS,208800.0,"MANTENIMIENTO CALIBRACIONES Y AJUSTE DE CONTRALADORES DE TEMPERATURA DE LINEA 1,2,3,4,5,6 Y 7","MANTENIMIENTO CALIBRACIONES Y AJUSTE DE CONTRALADORES DE TEMPERATURA DE LINEA 1,2,3,4,5,6 Y 7",1.0,180000.0
SO2106,2022-03-07,MONDELEZ MEXICO,SERVICIOS FTS,107218.8,"Servicio de Técnico especialista en automatización Planta Monterrey 6 Dias  Horarios de Soporte técnico:  2 Días turno día (Sábado y Domingo). 4 Días turno noche (Lunes  a Jueves).  Habilidades: - Experiencia técnica en Automatización - Dominio de marca Allen Bradley - Seguimiento a Proyectos. - Capacidad administrativa. - Trabajo en equipo - Certificados DC3 en : Trabajos Eléctricos , LOTO, ARC FLASH.",Servicio de Técnico especialista en automatización Planta Monterrey 6 Días,1.0,92430.0
SO2089,2022-03-07,MONDELEZ MEXICO,SERVICIOS FTS,29000.0,Soporte técnico extra ordinario en Servicio Instalación de barra de tierra RSM L7 Incluido:  Soporte técnico para instalación de Barra de tierra y conexiones de cableado en canales vibratorios de RSM en L7. Se incluyen 2 técnicos y 1 supervisor en tiempo extra ordinario en turno tarde noche.,Soporte técnico extra ordinario en Servicio Instalación de barra de tierra RSM L7,1.0,25000.0
SO2079,2022-03-07,MONDELEZ MEXICO,SERVICIOS FTS,45704.0,"Fabricacion e instalación de gomas antivibratorias para maquina Ishida: Incluye:  - Fabricación y maquinado de Goma anti vibratoria, en base  diseño propuesto. - Instalación dé gomas anti vibratorias con taquetes tipo Arpón. - Personal operativo y de seguridad para la correcta ejecución del proyecto.",Fabricacion e instalación de gomas antivibratorias para maquina Ishida,4.0,39400.0
SO2007,2022-03-07,MONDELEZ MEXICO,SERVICIOS FTS,68121.0,"Instalacion de barra de tierra 3m para tablero RSM A L7 Perforación de suelo área RSM para instalación de varilla de cobre  de10 Ft. de largo Instalación de tablero eléctrico de 25  x 25 cm para conexiones eléctricas Suministro de cable de 12 awg color verde para conexión de tierra de 6 secciones de vibradores. Suministro de cable cobre 6 awg color verde para conexión de tablero a varilla de tierra a suelo. Suministro de mordaza de cobre para sujetar cable a varilla de suelo. Suministro de Riel din, tornilleria y terminales. conexión de cableado dentro de tablero. Eliminación de cableado de tierra existente.",Instalacion de barra de tierra 3m para tablero RSM A L7,1.0,58725.0
SO2105,2022-03-03,British American Tobacco Mexico S.A. de C.V.,SERVICIOS FTS,9525.92,Suministro de aspa:  - Suministro de aspa paquete york.  Modelo:E1FB180A46B,Suministro de aspa,1.0,8212.0
SO2076,2022-03-03,MONDELEZ MEXICO,SERVICIOS FTS,75518.32,"Servicio de Técnico especialista en automatización Planta Monterrey  48 hrs. de Servicio. (Sab, Dom, Lun, Mar.) Turno Nocturno  Habilidades: - Experiencia técnica en Automatización - Dominio de marca Allen Bradley - Seguimiento a Proyectos. - Capacidad administrativa. - Trabajo en equipo - Certificados DC3 en : Trabajos Eléctricos , LOTO, ARC FLASH.",Servicio de Técnico especialista en automatización Planta Monterrey,1.0,65102.0
SO2028,2022-03-02,MONDELEZ MEXICO,SERVICIOS FTS,28768.0,"Mantenimiento preventivo a 4 climas de tableros eléctricos área empaque L6.  Douglas 1 Douglas 2 Tablero espirales aéreos ambaflex 1 Tablero espirales aéreos ambaflex 2  • Desinstalación e Instalación de la unidad. • Desinfección de evaporador. • Limpieza de filtros. • Medición y evaluación de corriente de consumo. • Limpieza en intercambiadores de calor. • Limpieza de compresor. • Revisión, Análisis y diagnostico de la unidad. • ""setup"" y puesta marcha.",Mantenimiento preventivo a 4 climas de tableros eléctricos área empaque L6.,4.0,24800.0
SO2027,2022-03-02,MONDELEZ MEXICO,SERVICIOS FTS,28768.0,"Mantenimiento preventivo a 4 climas de tableros eléctricos área procesos L6  • Desinstalación e Instalación de la unidad. • Desinfección de evaporador. • Limpieza de filtros. • Medición y evaluación de corriente de consumo. • Limpieza en intercambiadores de calor. • Limpieza de compresor. • Revisión, Análisis y diagnostico de la unidad. • ""setup"" y puesta marcha.",Mantenimiento preventivo a 4 climas de tableros eléctricos área procesos L6,4.0,24800.0
SO2026,2022-03-02,MONDELEZ MEXICO,SERVICIOS FTS,29580.0,"Servicio de Mantenimiento Preventivo a Polipasto L6 Incluye:  - Revisión de caja de engranajes y sistema neumático - Revisión de conexiones empernadas y apriete de pernos - Revisión  de tuercas de bloqueo - Revisión de conexiones eléctricas, puesta a tierra, dispositivos eléctricos contra diagrama y revisión de conexiones relacionadas a la seguridad del equipo. - Revisión del estado de la cadena - Revisión de la sujeción de los extremos de la cadena. - Revisión de la correcta lubricación de la cadena. - Revisión de gancho, cerrojo de seguridad en buen estado y su funcionamiento. Revisión de giro, revisión de apertura se gancho de bloqueo y suspensión.  - Lubricación de rodamientos. - Lubricación de cadenas y engranajes - Lubricación de pasadores de suspensión de cadena. - Aplicación de grasa a engranajes. - Retiro de grasa en exceso. - Pruebas de peso con Carga de Mondelez.  Incluye equipo de elevación para maniobras.",Servicio de Mantenimiento Preventivo a Polipasto L6,1.0,25500.0
SO2098,2022-03-01,MONDELEZ MEXICO,SERVICIOS FTS,377000.0,Matenimiento y Calibracion de rayos X de Linea 14   Serie :  - 4400000066 - 4400000065 - 4400000064 - 4400000063 - 4400000062  OBSERVACION:   - INCLUYE MANO DE OBRA  -HERRAMIENTAS - REFACCIONES NECESARIAS,Matenimiento y ajuste de rayos X de Linea 3,5.0,325000.0
SO2097,2022-02-28,MONDELEZ MEXICO,SERVICIOS FTS,40716.0,"Instalación de clima Rittal en tablero Horno L11 Incluye:  Montaje de clima (Suministrado por Modlz.) en tablero eléctrico de Horno linea 11:  Clima marca Rittal, modelo: Blue 4000 watts. Se realizara corte a puerta lateral de tablero mediante pulidor y disco de corte, medidas a especificar con modelo de clima. Suministro e instalación de 1 Guarda motor trifásicos con capacidad de protección de 20 ampers, para remplazo de guarda motor existente. Suministro e instalación de cable monopolar eléctrico en caso necesario. Se incluye ajustes de set point a clima mediante panel de control local.",Instalación de clima Rittal en tablero Horno L11,1.0,35100.0
SO2095,2022-02-28,MONDELEZ MEXICO,SERVICIOS FTS,75518.32,"Servicio de Técnico especialista en automatización Planta Monterrey  48 hrs. de Servicio. (Sab, Dom, Lun, Mar.) Turno Noche  Habilidades: - Experiencia técnica en Automatización - Dominio de marca Allen Bradley - Seguimiento a Proyectos. - Capacidad administrativa. - Trabajo en equipo - Certificados DC3 en : Trabajos Eléctricos , LOTO, ARC FLASH.",Servicio de Técnico especialista en automatización Planta Monterrey,1.0,65102.0
SO2086,2022-02-25,British American Tobacco Mexico S.A. de C.V.,SERVICIOS FTS,9512.0,Servicio de suministro de refacciones:  - Suministro válvula de manómetro tipo esfera de 1/4. - Mano de obra para cambio de válvula tipo esfera de 1/4 - Acordonamiento de área. - Equipo de seguridad - Limpieza,Servicio de suministro de refacc,1.0,8200.0
SO2082,2022-02-25,MONDELEZ MEXICO,SERVICIOS FTS,17864.0,"Suministro candados Master Lock Combinación  Suministro de 35 Candados. Master Lock Juego de candados modelo 653D con combinación, El cuerpo de metal duradero de 2 pulgadas (50 mm) soporta el abuso y la caja de níquel endurecido.  Dije de 1/4 pulgada de diámetro. Ventana lateral de combo de lectura rápida para una fácil visualización.",Suministro candados Master Lock Combinación,1.0,15400.0
SO2088,2022-02-23,British American Tobacco Mexico S.A. de C.V.,SERVICIOS FTS,11368.0,Servicio de suministro y reparación:  - Manómetro de tubería de agua helada de 0 a 7 kg/cm2 - Suministro de pasador en ducto de inyección. - Equipo de seguridad - Limpieza,Servicio de suministro y reparacion:,1.0,9800.0
SO2087,2022-02-23,British American Tobacco Mexico S.A. de C.V.,SERVICIOS FTS,16240.0,Servicio de reparacion:  - Reparación de fuga en válvula de vapor ULA 5 - Reparación de puertas dañadas ULA 5 - Acordonamiento de área - Equipo de seguridad - Limpieza,Servicio de Reparación,1.0,14000.0
SO2080,2022-02-23,Servicios Integrados de Compra SA de CV,SERVICIOS FTS,40282.69,Suministro banco de resistencias 4 etapas. Especificaciones: Equipo: York  Modelo: CM44-60-34-PY5 KW: 60 Etapas: 4 AMPS: 78.8 Circuito de control: 24 Volt: 440 Fases: 3,Suministro banco de resistencias,1.0,34726.46
SO2092,2022-02-21,"Empacadora San Marcos, Jesus Navarro",SERVICIOS FTS,282892.68,Servicio de 2 técnicos en área de té y porcionados (Enero-Febrero 2022),Servicio de 2 técnicos en área de té y porcionados (Enero-Febrero 2022),1.0,243873.0
SO2085,2022-02-21,MONDELEZ MEXICO,SERVICIOS FTS,71864.32,"Servicio de Técnico especialista en automatización Planta Monterrey  48 hrs. de Servicio. (Sab, Dom, Lun, Mar.) Turno Día  Habilidades: - Experiencia técnica en Automatización - Dominio de marca Allen Bradley - Seguimiento a Proyectos. - Capacidad administrativa. - Trabajo en equipo - Certificados DC3 en : Trabajos Eléctricos , LOTO, ARC FLASH.",Servicio de Técnico especialista en automatización Planta Monterrey,1.0,61952.0
SO2032,2022-02-16,MONDELEZ MEXICO,SERVICIOS FTS,457040.0,Soporte en instalación y configuración de módulos de red para Tape Loader para Mondelez planta Monterrey,Soporte en instalación y configuración de módulos de red para Tape Loader para Mondelez planta Monterrey,1.0,394000.0
SO2070,2022-02-15,MONDELEZ MEXICO,SERVICIOS FTS,156600.0,"Servicio de instalación de 72 candados tipo cadena para fijar equipos de medición. Incluye:  Perforación para colocar ancla tipo expansor o taquete en pared o metal. Realizar perforación en equipos que sea necesario para instalación de oreja para candado. Colocar cable acerado , de anclaje a equipo, se coloca un candado por equipo. Entrega de llave maestra por línea.",Servicio de instalación de candados tipo cadena para fijar equipos de medición.,1.0,135000.0
SO2066,2022-02-15,"Empacadora San Marcos, Jesus Navarro",SERVICIOS FTS,150374.28,Soporte técnico y de ingeniería para bypass eléctrico en bomba de tanque de vinagre,Soporte técnico y de ingeniería para bypass eléctrico en bomba de tanque de vinagre,1.0,129633.0
SO2041,2022-02-15,"Empacadora San Marcos, Jesus Navarro",SERVICIOS FTS,1353065.76,Fabricación e Integración de guardas para maquina LT área de te,Fabricación e Integración de guardas para maquina LT área de te,12.0,1166436.0
SO2030,2022-02-15,"Empacadora San Marcos, Jesus Navarro",SERVICIOS FTS,1285421.52,Fabricación de pasillo elevado entre barricas,Fabricación de pasillo elevado entre barricas,1.0,1108122.0
SO2018,2022-02-15,MONDELEZ MEXICO,SERVICIOS FTS,226200.0,Matenimiento y Calibracion de rayos X de Linea 7   Serie: - E210201 - E210202 - E210203    OBSERVACION:   - INCLUYE MANO DE OBRA  -HERRAMIENTAS - REFACCIONES NECESARIAS,Matenimiento y ajuste de rayos X de Linea 3,3.0,195000.0
SO1976,2022-02-15,MONDELEZ MEXICO,SERVICIOS FTS,748200.0,Integración de Sistema de control para TCS y TPS,Sistema de control para TCS y TPS,1.0,645000.0
SO1887,2022-02-15,MONDELEZ MEXICO,SERVICIOS FTS,53689.44,"Modificación de botoneras de paro en Sunrise Paletizado Incluye:  Modificación de posición de botones cabeza de hongo, en 15 botoneras de permiso-paro de emergencia. Desconexión y conexión eléctrica de contactos NO, NC de bloque de contactos de botonera Reacomodo de cableado interno en botoneras, suministro de cable cal. 14 awg Instalación física de tapones marca Allen Bradley para orificio sobrante en botoneras Pruebas eléctricas de funcionalidad de botoneras.",Modificación de botoneras de paro en Sunrise Paletizado,1.0,46284.0
SO2067,2022-02-09,MONDELEZ MEXICO,SERVICIOS FTS,75518.32,"Servicio de Técnico especialista en automatización Planta Monterrey  48 hrs. de Servicio. (Sab, Dom, Lun, Mar.) Turno Nocturno  Habilidades: - Experiencia técnica en Automatización - Dominio de marca Allen Bradley - Seguimiento a Proyectos. - Capacidad administrativa. - Trabajo en equipo - Certificados DC3 en : Trabajos Eléctricos , LOTO, ARC FLASH.",Servicio de Técnico especialista en automatización Planta Monterrey,1.0,65102.0
SO2014,2022-02-09,"Empacadora San Marcos, Jesus Navarro",SERVICIOS FTS,4030137.61,Fabricación de piso y barandal en mezanine de bote vacío en acero al carbón,Fabricación de piso y barandal en mezanine de bote vacío en acero al carbón,1.0,2366134.56
SO2014,2022-02-09,"Empacadora San Marcos, Jesus Navarro",SERVICIOS FTS,4030137.61,Fabricación de pasillo elevado entre barricas,Fabricación de pasillo elevado entre barricas,1.0,1108122.0
SO2023,2022-02-03,MONDELEZ MEXICO,SERVICIOS FTS,25421.4,"Suministro de 9 Batas Arc Flash Planta Mty. Características:  Camisa de trabajo, con protección CAT 2 AR/FR y cumplimiento con NFPA® 2112.  Clasificación de arco ATPV 8,6 calorías/cm² cuello plano Cierres de  botón metálico oculto Puños forrados de una pieza con botón metálico ocultos Mezcla: 88 % algodón/ 12 % nailon Cierre: Cierre frontal con pinzas ocultas Tela: resistente al fuego, 7 oz. (235 g/m²) Color: Light Blue",Suministro de 9 Batas Arc Flash Planta Mty.,9.0,21915.0
SO2063,2022-02-01,MONDELEZ MEXICO,SERVICIOS FTS,452400.0,"Matenimiento y Calibracion de rayos X de Linea 2, MARCA Eagle Pro   Serie: E0051, E0052, E0053  OBSERVACION:   - INCLUYE MANO DE OBRA  -HERRAMIENTAS - REFACCIONES NECESARIAS",Matenimiento y ajuste de rayos X de Linea 3,1.0,195000.0
SO2063,2022-02-01,MONDELEZ MEXICO,SERVICIOS FTS,452400.0,"Matenimiento y ajuste de rayos X de Linea 5   Serie: 4400000066, 4400000065, 4400000064, 4400000063 y 4400000062  OBSERVACION:   - INCLUYE MANO DE OBRA  -HERRAMIENTAS - REFACCIONES NECESARIAS",Matenimiento y ajuste de rayos X de Linea 3,1.0,195000.0
SO2044,2022-02-01,MONDELEZ MEXICO,SERVICIOS FTS,75518.32,"Servicio de Técnico especialista en automatización Planta Monterrey  48 hrs. de Servicio. (Sab, Dom, Lun, Mar.) Turno Nocturno  Habilidades: - Experiencia técnica en Automatización - Dominio de marca Allen Bradley - Seguimiento a Proyectos. - Capacidad administrativa. - Trabajo en equipo - Certificados DC3 en : Trabajos Eléctricos , LOTO, ARC FLASH.",Servicio de Técnico especialista en automatización Planta Monterrey,1.0,65102.0
SO2051,2022-01-27,British American Tobacco Mexico S.A. de C.V.,SERVICIOS FTS,12110.4,Servicio y suministro de refacciones - Válvula de llenado - Aislante para tubería de roció - Mano de obra,Servicio y suministro de refacciones,1.0,10440.0
SO2050,2022-01-27,British American Tobacco Mexico S.A. de C.V.,SERVICIOS FTS,10440.0,Servicio de suministro de refacciones: - Valvula de fuga 3/4  - Mano de obra,Servicio de suministro de refacciones,1.0,9000.0
SO2049,2022-01-27,British American Tobacco Mexico S.A. de C.V.,SERVICIOS FTS,12249.6,Servicio de suministro de refacciones:  - Cambio de válvula de escurrimiento. - Mano de obra,Servicio de suministro de refacciones,1.0,10560.0
SO2031,2022-01-27,MONDELEZ MEXICO,SERVICIOS FTS,71867.8,"Servicio de Técnico especialista en automatización Planta Monterrey  Soporte Técnico Especialista en Automatización. 48 hrs. de Servicio. (Sab, Dom, Lun, Mar.)  Habilidades: - Experiencia técnica en Automatización - Dominio de marca Allen Bradley - Seguimiento a Proyectos. - Capacidad administrativa. - Trabajo en equipo - Certificados DC3 en : Trabajos Eléctricos , LOTO, ARC FLASH.",Servicio de Técnico especialista en automatización Planta Monterrey,1.0,61955.0
SO1961,2022-01-24,MONDELEZ MEXICO,SERVICIOS FTS,68556.0,Instalación de barra de tierra para tablero Maquinado L11 Incluye: Perforación de suelo para instalación de barra de cobre 10 Ft. de largo Instalación de barras cuadrada perforada para conexión de 10 VFDs dentro de tablero Suministro de cable de 12 awg color verde para conexión de tierra de 10 VFDs Suministro de cable 1/0 color negro para conectar de barra de suelo a barras perforadas. Suministro de mordazas para sujetar cable a barra de suelo. Suministro de Zapatas para conexión de varilla a barra de tierra Conexión de cableado dentro de tablero Fabricación de Tapial para realizar perforación en suelo,Instalación de barra de tierra para tablero Maquinado L11,1.0,59100.0
SO1917,2022-01-24,MONDELEZ MEXICO,SERVICIOS FTS,25636.0,"Reparacion de clima marca Pfanenberg RSM B L6 Incluye:  Desarme de equipo y cambio de componentes en taller FTS. Suministro e instalación de ventilador marca: EBMPAPST, MODELO: R2E225-RA92-10 Suministro e instalación de filtro para ventilador condensador marca: ALL EARTH, características: 4MF, 450VAC 10,000 A.F.C. Armado de equipo y pruebas de funcionamiento. Entrega de equipo en planta.",Reparacion de clima marca Pfanenberg RSM B L6,1.0,22100.0
SO1916,2022-01-24,MONDELEZ MEXICO,SERVICIOS FTS,25636.0,"Reparación de clima Pfannenberg RSM C de L6 Incluye:  Desarme de equipo y cambio de componentes en taller FTS. Suministro e instalación de ventilador marca: EBMPAPST, MODELO: R2E225-RA92-10 Suministro e instalación de filtro para ventilador condensador marca: ALL EARTH, características: 4MF, 450VAC 10,000 A.F.C. Armado de equipo y pruebas de funcionamiento. Entrega de equipo en planta.",Reparación de clima Pfannenberg RSM C de L6,1.0,22100.0
SO2033,2022-01-20,MONDELEZ MEXICO,SERVICIOS FTS,229680.0,21025-07 Servicios de Supervisión  - Comments: Servicios de supervision de ingenieria para el proyecto (TAILOR) planta Mondelez Monterrey (G) Folio:2d92ab19-5f4e-4454-9a42- eaa4dbeas1aa (BFMA-TAIL),"Description  21025-07 Servicios de Supervisión   - Comments: Servicios de supervision de ingenieria para el proyecto 21G- Repack - Tailor, planta Mondelez Monterrey (G) Folio:2d92ab19-5f4e-4454-9a42-eaa4dbeas1aa",3.0,198000.0
SO2008,2022-01-20,MONDELEZ MEXICO,SERVICIOS FTS,173634.6,"Instalación de 9 Nodos de Red ethernet RJ45 a M12 Incluye:   Se instalara cableado UTP CAT6A marca SIEMON, desde tablero Maquinado L7 hasta cada punto en sección de laminadores. Cableado se instalara por canaleta elevada ya existente, salimos por canaleta desde tablero y se sigue trayectoria original por dentro de estructura de maquinaria hasta llegar a cada sección. Distancia de cableado aproximado a punto mas lejano son 30 mts. Se instalará en extremo de cable conectores RJ45 Plug SIEMON (tablero) Y cable sin ponchar del lado de (Laminador) para conexion en modulo de comunicacion suministrado por Mondelez Identificación de cableado y nodos. Se utiliza Certificador FLUKE Networks DSX2-600-PRO. Se instalara un cable multilínea de control calibre 3 x 18 awg, desde tablero hasta cada sección de nodos  para alimentación de 24 VCD, en extremo de tablero no se conecta, extremo de laminador se deja solo el cable sin ponchar para recibir modulos de comunicacion.  Incluidos renta de plataforma articulada para trabajo en alturas. No incluye suministro de Switch ni modulos de comunicación.",Instalación de 9 Nodos de Red ethernet RJ45 a M12,1.0,149685.0
SO2021,2022-01-18,MONDELEZ MEXICO,SERVICIOS FTS,120070.44,CLIMA/2000W/SK3186.930/RITTAL CLIMA/2000W/SK3186.930/RITTAL,SK 3305.540 RITTAL BLUE+ AC UNIT 1500 W,1.0,103509.0
SO1962,2022-01-17,MONDELEZ MEXICO,SERVICIOS FTS,348000.0,Servicios de supervision de ingenieria (E) Folio:2d92ab19-5f4e-4454-9a42-eaa4dbead1aa,Supervisor Automatización,4.0,300000.0
SO2015,2022-01-14,"Empacadora San Marcos, Jesus Navarro",SERVICIOS FTS,105645.16,Fabricación e integración de selladora manual para área de te,Fabricación e integración de selladora manual para área de te,1.0,91073.41
SO1999,2022-01-14,"Empacadora San Marcos, Jesus Navarro",SERVICIOS FTS,282892.68,Servicio de 2 técnicos en área de té y porcionados (5 semanas),Servicio de 2 técnicos en área de té y porcionados (5 semanas),1.0,243873.0
SO1991,2022-01-14,"Empacadora San Marcos, Jesus Navarro",SERVICIOS FTS,282562.08,Reparación de 6 Artesa Redonda,Reparación de 6 Artesa Redonda,1.0,243588.0
SO2000,2022-01-12,MONDELEZ MEXICO,SERVICIOS FTS,1531.2,FILTRO/AIRE/SK 3240.200/RITTAL,FILTRO/AIRE/SK 3240.200/RITTAL,1.0,1320.0
SO1998,2022-01-12,MONDELEZ MEXICO,SERVICIOS FTS,14268.0,"Servicio de mantenimiento a  tableros eléctricos Mixer L11 Planta Mty.  Mantenimiento preventivo a Tablero electrico principal de mixer y Tablero control HMI.  - Aspirado de tableros y componentes - Limpieza de gabinetes exterior e interior - Reapriete de tornillería con torque controlado. - Reacomodo de cables, canaletas y conexiones mal ubicadas. - Prueba ""Pull check"" punto por punto - Puesta en marcha de equipos. - Reportes de Mantenimiento digitales.",Servicio de mantenimiento a  tableros eléctricos Mixer L11 Planta Mty.,1.0,12300.0
SO1994,2022-01-10,MONDELEZ MEXICO,SERVICIOS FTS,377000.0,Matenimiento y Calibracion de rayos X de Linea 6   Serie: - 4660292359 - 4660292341 - 4660292344 - 4660292347 - 4660292365   OBSERVACION:   - INCLUYE MANO DE OBRA  -HERRAMIENTAS - REFACCIONES NECESARIAS,Matenimiento y ajuste de rayos X de Linea 3,5.0,325000.0
SO1993,2022-01-10,MONDELEZ MEXICO,SERVICIOS FTS,377000.0,Matenimiento y Calibracion de rayos X de Linea 13   Serie: - 4460000047 - 4660292362 - 4660292356 - 4600272321 - 4600272310   OBSERVACION:   - INCLUYE MANO DE OBRA  -HERRAMIENTAS - REFACCIONES NECESARIAS,Matenimiento y ajuste de rayos X de Linea 3,5.0,325000.0
SO1977,2022-01-10,GARCOMEX,SERVICIOS FTS,31088.0,Transductor Part Number T-0150 MARCA Novotechnik,Transductor Part Number T-0150 MARCA Novotechnik,2.0,26800.0
SO1970,2021-12-13,MONDELEZ MEXICO,SERVICIOS FTS,31320.0,"Servicio análisis de energía Horno Línea 11 Servicio de medición para análisis de energía en Horno L11  Incluye: Medición de las variaciones de voltaje. Medición de frecuencia, parpadeos, desequilibrio de tensión. Medición de niveles de las componentes de distorsión armónica en voltaje. Componentes armónicas; magnitud y ángulo de fase. Fluctuaciones de voltaje y corriente (sag, swells, caídas de voltaje). Desbalance de voltaje en sistemas trifásicos. La medición se realizara durante un periodo de 7 días, con equipo medidor de parámetros eléctricos trifásicos : Marca DRANETZ, se deja equipo en tablero eléctrico conectado a las 3 fases de potencia 480 Volts. SE ENGTREGA REPORTE TECNICO CON EVENTOS DETECTADOS Y RECOMENDACIONES POR ESPECIALISTA DE ENERGIA.",Servicio análisis de energía Horno Línea 11,1.0,27000.0
SO1943,2021-12-11,MONDELEZ MEXICO,SERVICIOS FTS,1253090.0,"Servicio de instalación de Nodos de red Ethernet en  Planta Mondelez Monterrey Incluye:  Suministro de materiales para la instalación de nodos de red. Suministro e instalación de materiales de canalización con tubería: Tuberia conduit de 1” pared gruesa, codos, coples, caja de registro, cajas FS, condulet, abrazaderas. Cable de red ethernet UTP en categoría 6A con blindaje. MCA. SIEMON Certificación: Los Nodos de red con cable UTP incluyen certificación con Certificador FLUKE Networks DSX2-600-PRO Conectores RJ45 categoría 6A con blindaje MCA. SIEMON Face Plate en categoría 6A. Patch cord necesarios en categoría 6A para IDF. MCA SIEMON Patch panel tera-max de 24 puertos con blindaje Patch panel riel din Identificación de cableado y nodos Incluidos renta de plataforma articulada para trabajo en alturas.",Servicio de instalación de Nodos de red en Línea 9 Planta Mty.,1.0,1080250.0
SO1959,2021-12-08,MONDELEZ MEXICO,SERVICIOS FTS,1709840.0,"Desconexión  y Desmontaje, así también Montaje y Conexión  de equipos de medición en Alta Tensión (115KV) DE 3pza de TPS y 3 pzas de TCS","Desconexión  y Desmontaje, así también Montaje y Conexión  de equipos de medición en Alta Tensión (115KV) DE 3pza de TPS y 3 pzas de TCS",1.0,252000.0
SO1959,2021-12-08,MONDELEZ MEXICO,SERVICIOS FTS,1709840.0,"Canalización de Tubería para alimentar cuarto de control desde (TPS Y TCS) para llegar a caseta de control. Apertura de excavación, demolición si es necesario. Tapado de Tubería y Cableado. Colocación de Gabinete para tablilla de conexión","Canalización de Tubería para alimentar cuarto de control desde (TPS Y TCS) para llegar a caseta de control. Apertura de excavación, demolición si es necesario. Tapado de Tubería y Cableado. Colocación de Gabinete para tablilla de conexión",1.0,192000.0
SO1959,2021-12-08,MONDELEZ MEXICO,SERVICIOS FTS,1709840.0,"Fabricación de Sistema de Tierras, para aterriza miento de equipos en Alta Tensión.","Fabricación de Sistema de Tierras, para aterriza miento de equipos en Alta Tensión.",1.0,292000.0
SO1959,2021-12-08,MONDELEZ MEXICO,SERVICIOS FTS,1709840.0,"Identificación, Desconexión, Conexión de señales Existentes y de nueva medición en corrientes y Voltajes","Identificación, Desconexión, Conexión de señales Existentes y de nueva medición en corrientes y Voltajes",1.0,204000.0
SO1959,2021-12-08,MONDELEZ MEXICO,SERVICIOS FTS,1709840.0,Revision y calibracion de 3 TPS Y 3 TCS. (Esta actividad se debe realizar necesariamente antes de la intervencion del 24 y 25 de Dic),Revision y calibracion de TPS Y TCS.,1.0,130000.0
SO1959,2021-12-08,MONDELEZ MEXICO,SERVICIOS FTS,1709840.0,"- Tubería para Canalización subterránea, tubería para interconexión TPS Y TCS  - Sistema de tierras Físicas  - Gabinete de Medición, Base de 13 Terminales, soportería  y hardware","Tubería para Canalización subterránea, tubería para interconexión TPS Y TCS",1.0,404000.0
SO1958,2021-12-08,MONDELEZ MEXICO,SERVICIOS FTS,71892.16,"Servicio de tecnico especialista en Automatizacion Mty. Servicio de Técnico especialista en automatización Planta Monterrey Técnico Especialista en Automatización 48 hrs. de Servicio. Habilidades: - Experiencia técnica en Automatización - Dominio de marca Allen Bradley - Seguimiento a Proyectos. - Capacidad administrativa. - Trabajo en equipo - Certificados DC3 en : Trabajos Eléctricos , LOTO, ARC FLASH.",Servicio de tecnico especialista en Automatizacion Mty.,1.0,61976.0
SO1939,2021-12-08,MONDELEZ MEXICO,SERVICIOS FTS,379581.7,Suministro de equipos ThinClient Modelo: TM700 Marca: ONLOGIC Incluye: -Instalacion y pruebas de equipos,Suministro de equipos Industrial Fanlees Mini PC Whit Thinmanager Modelo: TM700,16.0,327225.6
SO1555,2021-12-08,MONDELEZ MEXICO,SERVICIOS FTS,196632.76,"Instalación alimentación eléctrica IDF 10 Incluye:  Instalación eléctrica de 100 metros aproximados de tubería Conduit pared gruesa en 1/2 "", condulets LBs, coples para Conduit,  desde IDF 10 hacia sub estación Paletizado, trayectoria en linea recta con 2 desviaciones a 90 grados. Bajada y conexión eléctrica en centro de centro de carga 19LG02 208/120 V. Instalación de interruptor térmico de 30 amperes en centro de carga 19LG02. Instalación de 120 metros por 3 líneas de cableado en calibre 14 en colores, negro, blanco y verde para alimentación eléctrica. Instalación de esparrago y mordazas de 3/8 por trayectoria de estructura metálica ,para sujeción de tubería. Perforación de pared de subestación para ingreso de tubería Conduit de 1/2"".  Conexión eléctrica de cableado 127 volts de IDF dentro de gabinete actual. Renta de plataforma articulada para instalación. Puesta en marcha.",Instalación alimentación eléctrica IDF 10,1.0,169511.0
SO1953,2021-12-06,MONDELEZ MEXICO,SERVICIOS FTS,377000.0,"Matenimiento y ajuste de rayos X de Linea 14   Serie:  4400000066, 4400000065, 4400000064, 4400000063 y 4400000062   OBSERVACION: - INCLUYE MANO DE OBRA -HERRAMIENTAS - REFACCIONES NECESARIAS","Matenimiento y ajuste de rayos X de L10                                       Serie: 1436568530020, 1436568530030 , 1436568530040 y 1436568530050 OBSERVACION: - INCLUYE MANO DE OBRA - HERRAMIENTAS - REFACCIONES NECESARIAS",5.0,325000.0
SO1921,2021-12-06,MONDELEZ MEXICO,SERVICIOS FTS,908745.2,"Suministro e Instalacion de equipos UPS y tarjeta de monitoreo Suministro de Smart-UPS marca: APC, modelo: SMT3000C.  Características: - Capacidad eléctrica de salida - 2.7Kilovatios / 2.88kVA - Conexiones de salida - (2) NEMA 5-20R (Batería de reserva) - (8) NEMA 5-15R (Batería de reserva) - Voltaje de salida nominal 120V - Voltaje Nominal de Entrada 120V - Tipo de Conexión de Entrada NEMA L5-30P - Protección inteligente y eficiente de la red eléctrica con tiempo de autonomía ampliable. Ideal para servidores, puntos de venta, equipos médicos.   y dispositivos de red. -Tarjeta de administración de redes para SAI 3 Modelo: AP9640 (Se incluyen 3 tarjetas de red adicionales (Independientes a las 8 totales) - Monitorización remota y control de un SAI individual al conectarlo directamente a la red.",Suministro e Instalacion de equipos UPS y tarjeta de monitoreo,8.0,451067.84
SO1921,2021-12-06,MONDELEZ MEXICO,SERVICIOS FTS,908745.2,"Mano de obra de instalacion y suministro de materiales para instalación  Incluye:  Suministro de materiales necesarios para instalación y alimentación eléctrica: Tubería conduit pared gruesa en 3/4 Herrajes necesarios para instalación de tubería conduit 3/4 Contactos duplex polarizados necesarios, así como cableado necesario  Suministro de cableado de red y etiquetado de los mismos Certificación de nodos mediante Fluke Networks DSX-602 Conexiones de red de UPS´s a red CCN de planta, utilizando cable ethernet UTP Cat6 , patchcords y conectores MCA. SIEMON Equipos UPS se instalara dentro de gabinete de IDF existente. - Configuracion necesaria para monitoreo remoto de UPSs via Ethernet/Ip. -Incluido en esta partida Renta de plataforma articulada para el servicio de instalación de 8 equipos,",Mano de obra de instalacion y suministro de materiales para instalación,8.0,332333.2
SO1768,2021-12-06,MONDELEZ MEXICO,SERVICIOS FTS,72914.12,Instalacion de barra de tierra 3m para tablero maquinado L5 Incluye:  Perforación de suelo para instalación de barra de cobre 10 Ft. de largo Instalación de barras cuadrada perforada para conexión de 17 VFDs dentro de tablero Suministro de cable de 12 awg color verde para conexión de tierra de 17 VFDs Suministro de cable 1/0 desnudo para conectar de barra de suelo a barras perforadas. Suministro de mordaza para sujetar cable a barra de suelo. Conexión de cableado dentro de tablero.,Instalacion de barra de tierra 3m para tablero maquinado L5,1.0,62857.0
SO1960,2021-12-02,MONDELEZ MEXICO,SERVICIOS FTS,36540.0,"24 horas de Servicio de especialista de automatización planta Mty. Servicio de Técnico especialista en automatización Planta Monterrey Técnico Especialista en Automatización 24 hrs. de Servicio turno nocturno. Habilidades: - Experiencia técnica en Automatización - Dominio de marca Allen Bradley - Seguimiento a Proyectos. - Capacidad administrativa. - Trabajo en equipo - Certificados DC3 en : Trabajos Eléctricos , LOTO, ARC FLASH.",24 horas de Servicio de especialista de automatización planta Mty.,1.0,31500.0
SO1931,2021-12-02,MONDELEZ MEXICO,SERVICIOS FTS,301600.0,Matenimiento y Calibracion de rayos X de Linea 3   Serie: - 4660351580 - 4660351583 - 4660351586 - 4660351598    OBSERVACION:   - INCLUYE MANO DE OBRA  -HERRAMIENTAS - REFACCIONES NECESARIAS,Matenimiento y ajuste de rayos X de Linea 3,4.0,260000.0
SO1896,2021-12-02,MONDELEZ MEXICO,SERVICIOS FTS,42340.0,"Instalación de manguera neumática, conexiones y tornillería mariposa Incluye:  Suministro e instalación de manguera neumática industrial tipo carrete, material PVC en medidas de diámetro de 1/2 "" y largo de 15 metros. Para trabajo de 300 PSI máximo, incluye niples o accesorios necesarios para conectar a toma de aire existente en área. Suministro e instalación de tuercas tipo mariposa en mediada de 3/8 para guardas en área de conveyor aéreos en maquinado Suministro e instalación de tuercas tipo mariposa en mediada de 3/8 para guardas en área de detector de metales maquinado","Instalación de manguera neumática, conexiones y tornillería mariposa",1.0,36500.0
SO1955,2021-12-01,MONDELEZ MEXICO,SERVICIOS FTS,70732.16,"Servicio de Técnico especialista en automatización Planta Monterrey Técnico Especialista en Automatización ( FIN DE SEMANA ) 48 hrs. de Servicio. Habilidades: - Experiencia técnica en Automatización - Dominio de marca Allen Bradley - Seguimiento a Proyectos. - Capacidad administrativa. - Trabajo en equipo - Certificados DC3 en : Trabajos Eléctricos , LOTO, ARC FLASH.",Servicio de Técnico especialista en automatización Planta Monterrey,1.0,60976.0
SO1877,2021-12-01,MONDELEZ MEXICO,SERVICIOS FTS,87000.0,"Servicio de Mantenimiento Preventivo a Polipasto 250k L9 Incluye: Mantenimiento a 3 polipastos 250k L9  - Lubricación de cadenas y engranajes - Revisión de caja de engranajes y sistema neumático - Revisión de conexiones empernadas y apriete de pernos - Revisión de tuercas de bloqueo - Revisión de conexiones eléctricas, puesta a tierra, dispositivos eléctricos contra diagrama y revisión de conexiones relacionadas a la seguridad del equipo. - Revisión del estado de la cadena - Revisión de la sujeción de los extremos de la cadena. - Revisión de la correcta lubricación de la cadena. - Revisión de gancho, cerrojo de seguridad en buen estado y su funcionamiento. Revision de giro, revision de apertura se gancho de bloqueo y suspensión. -Lubricación de cadena de carga cada 3 meses. - Lubricación de rodamientos. - Lubricación de pasadores de suspensión de cadena. - Aplicación de grasa a engranajes. - Retiro de grasa en exceso. - Pruebas de peso con Carga de Mondelez. Incluye equipo de elevación para maniobras de desinstalación e instalación.",Servicio de Mantenimiento Preventivo a Polipasto 250k L9,3.0,75000.0
SO1869,2021-12-01,MONDELEZ MEXICO,SERVICIOS FTS,28768.0,"Mantenimiento preventivo a 4 climas de tableros eléctricos área procesos L6 1 Clima de tablero eléctrico Mixer. 1 Clima de tablero eléctrico Maquinado. 2 Climas de tablero eléctrico Horno.  • Desinstalación e Instalación de la unidad. • Desinfección de evaporador. • Limpieza de filtros. • Medición y evaluación de corriente de consumo. • Limpieza en intercambiadores de calor. • Limpieza de compresor. • Revisión, Análisis y diagnostico de la unidad. • ""setup"" y puesta marcha.",Mantenimiento preventivo a 4 climas de tableros eléctricos área procesos L6,4.0,24800.0
SO1944,2021-11-29,MONDELEZ MEXICO,SERVICIOS FTS,36540.0,"24 horas de Servicio de especialista de automatización planta Mty. Servicio de Técnico especialista en automatización Planta Monterrey Técnico Especialista en Automatización 24 hrs. de Servicio turno nocturno. Habilidades: - Experiencia técnica en Automatización - Dominio de marca Allen Bradley - Seguimiento a Proyectos. - Capacidad administrativa. - Trabajo en equipo - Certificados DC3 en : Trabajos Eléctricos , LOTO, ARC FLASH.",24 horas de Servicio de especialista de automatización planta Mty.,1.0,31500.0
SO1942,2021-11-29,"Empacadora San Marcos, Jesus Navarro",SERVICIOS FTS,74880.32,Soporte en peletizadora de frijol en integración de pistón hidráulico y cambio de motorreductor,Soporte en peletizadora de frijol en integración de pistón hidráulico y cambio de motorreductor,1.0,64552.0
SO1941,2021-11-29,"Empacadora San Marcos, Jesus Navarro",SERVICIOS FTS,81498.12,Modificación en rebanador de piña,Modificación en rebanador de piña,1.0,70257.0
SO1938,2021-11-29,"Empacadora San Marcos, Jesus Navarro",SERVICIOS FTS,285451.64,Modificaciones a maquinaria y tolvas en área de porcionados,Modificaciones a maquinaria y tolvas en área de porcionados,1.0,246079.0
SO1937,2021-11-29,"Empacadora San Marcos, Jesus Navarro",SERVICIOS FTS,186203.2,Fabricación e Instalación de refuerzos en volteadores de caja,Fabricación e Instalación de refuerzos en volteadores de caja,1.0,54736.0
SO1937,2021-11-29,"Empacadora San Marcos, Jesus Navarro",SERVICIOS FTS,186203.2,Instalación eléctrica y bases para basculas en porcionados,Instalación eléctrica y bases para basculas en porcionados,1.0,105784.0
SO1936,2021-11-29,"Empacadora San Marcos, Jesus Navarro",SERVICIOS FTS,109618.84,Fabricación de campana para lampara de imprenta y extras,Fabricación de campana para lampara de imprenta y extras,1.0,94499.0
SO1926,2021-11-29,Empacadora San Marcos,SERVICIOS FTS,903174.84,Fabricación de piso en mezanine de baño maría en acero inoxidable T-304,Fabricación de piso en mezanine de baño maría en acero inoxidable T-304,1.0,85439.0
SO1926,2021-11-29,Empacadora San Marcos,SERVICIOS FTS,903174.84,Reparación de 4 Artesas Cuadradas,Reparación de 4 Artesas Cuadradas,1.0,118574.0
SO1926,2021-11-29,Empacadora San Marcos,SERVICIOS FTS,903174.84,Instalación de techo en área de Marmitas,Instalación de techo en área de Marmitas,1.0,260756.0
SO1926,2021-11-29,Empacadora San Marcos,SERVICIOS FTS,903174.84,Reparación de 1 Artesa Redonda,Reparación de 1 Artesa Redonda,7.0,284186.0
SO1926,2021-11-29,Empacadora San Marcos,SERVICIOS FTS,903174.84,Reparación de 1 Artesa Cuadrada,Reparación de 1 Artesa Cuadrada,1.0,29644.0
SO1922,2021-11-29,"Empacadora San Marcos, Jesus Navarro",SERVICIOS FTS,1157532.39,Adicionales en proyecto de mantenimiento a línea de zanahoria,Adicionales en proyecto de mantenimiento a línea de zanahoria,1.0,997872.75
SO1777,2021-11-29,"Empacadora San Marcos, Jesus Navarro",SERVICIOS FTS,197492.32,Fabricación e Instalación de barandal para mezanine de bote vacío,Fabricación e Instalación de barandal para mezanine de bote vacío,1.0,170252.0
SO1946,2021-11-26,"Abamex Ingeniería, SA de CV",SERVICIOS FTS,187998.88,Reprogramación en hidratador de chipotle,Reprogramación en hidratador de chipotle,1.0,162068.0
SO1935,2021-11-26,MONDELEZ MEXICO,SERVICIOS FTS,31320.0,"Servicio de medición para análisis de energía en Sub estación 4. Incluye: Medición de las variaciones de voltaje. Medición de frecuencia, parpadeos, desequilibrio de tensión. Medición de niveles de las componentes de distorsión armónica en voltaje. Componentes armónicas; magnitud y ángulo de fase. Fluctuaciones de voltaje y corriente (sag, swells, caídas de voltaje). Desbalance de voltaje en sistemas trifásicos. La medición se realizara durante un periodo de 7 días, con equipo medidor de parámetros eléctricos trifásicos : DRANETZ, se deja equipo en tablero eléctrico conectado a las 3 fases de potencia 480 Volts. SE ENGTREGA REPORTE TECNICO CON EVENTOS DETECTADOS Y RECOMENDACIONES POR ESPECIALISTA DE ENERGIA.",Servicio de medición para análisis de energía en Sub estación 4.,1.0,27000.0
SO1858,2021-11-26,Empacadora San Marcos,SERVICIOS FTS,46400.0,Soporte Mtto correctivo y preventivo,Servicio de capacitacion para planeacion de Mantenimiento,1.0,40000.0
SO1932,2021-11-22,MONDELEZ MEXICO,SERVICIOS FTS,23316.0,"Servicio de mantenimiento a variadores PF755 Maquinado L8 Incluye:  Mantenimiento a 8 Variadores de frecuencia Modelo Power Flex 755. Apertura de frame de plástico (carcasa de VFD) Inyección de nitrógeno con pistola, regulando presión adecuada. Desincrustación de polvo, harina y corrosión dentro de equipos. Armado de Frames de plástico. Encendido y pruebas de funcionalidad o cero alarmas en VFDS. Revisión y reapriete de terminales en clemas y componentes de tablero. Limpieza general de tablero   Se contempla Supervisor y técnicos con conocimiento en electrónica y automatización.",Servicio de mantenimiento a variadores PF755 Maquinado L8,1.0,20100.0
SO1665,2021-11-22,MONDELEZ MEXICO,SERVICIOS FTS,75168.0,Integracion de ventilador extractor y turbinas de recirculación aire Tablero Trayloader L2  Suministro e Instalación de 2 turbinas para tablero Enclosure internal fan MCA. RITTAL Suministro e Instalación de 1 Ventilador para tablero modelo : K2S165-AA77-15 MCA. RITTAL Suministro e Instalación de cableado eléctrico para alimentación de turbinas. Suministro e instalación de Circuit Breakers MCA. Allen Bradley para alimentación eléctrica. Perforación de tablero para instalación de Ventilador en puerta de tablero. DIN RIEL o base necesaria para montaje de componentes. Suministro e instalación de bases metálicas para instalación de ventiladores. Instalación de filtros para ventilador de puertas.,Integracion de ventilador extractor y turbinas de recirculación aire Tablero Trayloader L2,1.0,64800.0
SO1554,2021-11-18,MONDELEZ MEXICO,SERVICIOS FTS,15428.0,Servicio de Suministro y fabricación de Cerrojos para 2 puertas de tablero   Incluye: - (4) Cam lock made entirely from stainless steel 1.4404 (AISI 316L) (2 cerrojos por cada puerta) - (4) Placas maquinadas para Cerrojo. - Instalación; Incluye perforación e instalación de placas y cerrojos.,Servicio de Suministro y fabricación de Cerrojos para tablero,1.0,13300.0
SO1928,2021-11-16,MONDELEZ MEXICO,SERVICIOS FTS,73045.2,"Servicio de Técnico especialista en automatización Planta Monterrey Técnico Especialista en Automatización  48 hrs. de Servicio. Habilidades: - Experiencia técnica en Automatización - Dominio de marca Allen Bradley - Seguimiento a Proyectos. - Capacidad administrativa. - Trabajo en equipo - Certificados DC3 en : Trabajos Eléctricos , LOTO, ARC FLASH.",Servicio de Técnico especialista en automatización Planta Monterrey,1.0,62970.0
SO1919,2021-11-10,MONDELEZ MEXICO,SERVICIOS FTS,226200.0,Matenimiento y Calibracion de rayos X de Linea 7   Serie: - 4660351580 - 4660351582  - 4660351584    OBSERVACION:   - INCLUYE MANO DE OBRA  -HERRAMIENTAS - REFACCIONES NECESARIAS,Matenimiento y ajuste de rayos X de Linea 3,3.0,195000.0
SO1914,2021-11-10,MONDELEZ MEXICO,SERVICIOS FTS,150800.0,Matenimiento y Calibracion de rayos X de Linea 8   Serie: - 4660293172 - 4660293169    OBSERVACION:   - INCLUYE MANO DE OBRA  -HERRAMIENTAS - REFACCIONES NECESARIAS,Matenimiento y ajuste de rayos X de Linea 3,2.0,130000.0
SO1900,2021-11-08,Nalco de Mexico SA. de .CV,SERVICIOS FTS,14036.0,"Suministro e instalación de válvula neumática en Caldera Incluye:  Suministro de válvula neumática 5 vías 2 posiciones. Piloto actuado internamente, voltaje de 110 vca. Incluido montaje de válvula, conexión de bobina.",Suministro e instalación de válvula neumática en Caldera,1.0,12100.0
SO1871,2021-11-08,"MONDELEZ MEXICO, Jaime Rodriguez",SERVICIOS FTS,20410.2,"Extension de uso rudo 30 metros , cal 12 , uso rudo  MCA : Southwire 2549SWUSA1 100 pies, grado de contratista, cable de extensión 12/3, con extremo iluminado; rojo blanco y azul, uso en interiores y exteriores, chaqueta flexible resistente al agua. 30 mts","Extension de uso rudo 30 metros , cal 12 , uso rudo",3.0,7425.0
SO1871,2021-11-08,"MONDELEZ MEXICO, Jaime Rodriguez",SERVICIOS FTS,20410.2,"Extensión eléctrica uso rudo, 20 m, calibre 16  MCA Volteck ER-20X16, Extensión eléctrica uso rudo, 20 m, calibre 16","Extensión eléctrica uso rudo, 20 m, calibre 16",3.0,1626.0
SO1871,2021-11-08,"MONDELEZ MEXICO, Jaime Rodriguez",SERVICIOS FTS,20410.2,Multicontactos con GFCI  MCA: TRC 90214-6TC-012 Shockshield Triple Tap GFCI Inline with 2 Foot Cord,Multicontactos con GFCI,3.0,4194.0
SO1871,2021-11-08,"MONDELEZ MEXICO, Jaime Rodriguez",SERVICIOS FTS,20410.2,Cinta de aislar Retardante MCA : t-xpress  Cinta Aislante  retardante de llama,Cinta de aislar Retardante,3.0,600.0
SO1871,2021-11-08,"MONDELEZ MEXICO, Jaime Rodriguez",SERVICIOS FTS,20410.2,"Suministro de enmicadora marca Fellowes Halo 95  Enmicadora Fellowes Halo 95 Modelo: 5753001 Color: Blanco Cantidad: 1 pieza Medidas: 7.62 cm (Al.), 11.12 cm (Pr.), 34.29 cm (An.)  Especificaciones: Enmicadora térmica / Uso ocasional / Diseño ligero / Laminación en caliente para 3 milésimas o 5 milésimas / Numero de rodillos 2 / Palanca de liberación integrada para desenganchar la bolsa / Se calienta en 4 minutos / Se adapta a varios tamaños de documentos  / Apagado automático.",Suministro de enmicadora marca Fellowes Halo 95,1.0,3750.0
SO1918,2021-11-05,Empacadora San Marcos,SERVICIOS FTS,266608.6,"Programación, Soporte y Fabricación de Guía Incluye  - 130 horas de Soporte para reprogramación y ajustes en paletizador de frijol - Soporte en coordinación de actividades en tres turnos y fin de semana - Soporte para puesta en marcha del equipo - Suministro de 3 Cables para sensores EVT004 - Fabricación de Guía para entrada de carrito   Características del personal  - Personal dé seguridad certificado  - Ingeniero programador para el PLC - Personal técnico con DC3 correspondientes  - Certificación AllenBradley System Integrator","Programación, Soporte y Fabricación de Guía",1.0,229835.0
SO1913,2021-11-04,MONDELEZ MEXICO,SERVICIOS FTS,377000.0,Matenimiento y Calibracion de rayos X de Linea 9   Serie: - 4660292359 - 4660292341 - 4660292344 - 4660292347 - 4660292365   OBSERVACION:   - INCLUYE MANO DE OBRA  -HERRAMIENTAS - REFACCIONES NECESARIAS,Matenimiento y ajuste de rayos X de Linea 3,5.0,325000.0
SO1760,2021-11-04,MONDELEZ MEXICO,SERVICIOS FTS,7192.0,TUNEL DE ENFRIAMIENTO FALTA DE GAS,TUNEL DE ENFRIAMIENTO FALTA DE GAS,1.0,6200.0
SO1873,2021-10-31,MONDELEZ MEXICO,SERVICIOS FTS,84192.8,"Suministro e Instalación de reactor de línea Amasadora B L7. Incluye:  Suministro de reactor de línea para AMASADORA B L7; Marca TCI, modelo: KDRULH1L, 3 fases, 480 vca, 150 HP. - Desmontaje y desconexión eléctrica de reactor original de equipo. - Montaje y conexión eléctrica de reactor de línea nuevo. - Incluye suministro de terminales eléctricas necesarias. - Encendido y pruebas de funcionamiento en equipo amasadora B.",Suministro e Instalación de reactor de línea Amasadora B L7.,1.0,72580.0
SO1872,2021-10-31,MONDELEZ MEXICO,SERVICIOS FTS,84216.0,"Suministro e instalación de reactor de línea, Amasadora A L7 Incluye:  Suministro de reactor de línea para AMASADORA A L7; Marca TCI, modelo: KDRULH1L, 3 fases, 480 vca, 150 HP. - Desmontaje y desconexión eléctrica de reactor original de equipo. - Montaje y conexión eléctrica de reactor de línea nuevo. - Incluye suministro de terminales eléctricas necesarias. - Encendido y pruebas de funcionamiento en equipo.","Suministro e instalación de reactor de línea, Amasadora A L7",1.0,72600.0
SO1884,2021-10-30,"Empacadora San Marcos, Jesus Navarro",SERVICIOS FTS,187998.88,Reprogramación en hidratador de chipotle,Reprogramación en hidratador de chipotle,1.0,162068.0
SO1761,2021-10-22,MONDELEZ MEXICO,SERVICIOS FTS,7192.0,SERVICIO A EQUIPO DE ENFRIAMIENTO 3M TC0,SERVICIO A EQUIPO DE ENFRIAMIENTO 3M TC0,1.0,6200.0
SO1759,2021-10-22,MONDELEZ MEXICO,SERVICIOS FTS,7192.0,MANTENIMIENTO A CLIMA DE TABLERO L6,MANTENIMIENTO A CLIMA DE TABLERO L6,1.0,6200.0
SO1886,2021-10-20,MONDELEZ MEXICO,SERVICIOS FTS,377000.0,Matenimiento y Calibracion de rayos X de Linea 13   Serie: - 4660351698 - 4660351224 - 4660351568 - 4660351571 - 4660351574   OBSERVACION:   - INCLUYE MANO DE OBRA  -HERRAMIENTAS - REFACCIONES NECESARIAS,Matenimiento y ajuste de rayos X de Linea 3,5.0,325000.0
SO1819,2021-10-20,MONDELEZ MEXICO,SERVICIOS FTS,583480.0,"Instalación eléctrica Amasadora de L11 Incluye:  Instalación, Conexión y prueba de tablero AMASADORA de 125 hp. 3F, 480v. 60 hz. Conexión a sistema de tierras, Terminales o zapatas, materiales de consumo, personal calificado. Suministro, instalación, fijación y prueba de interruptor termomagnético TIPO-JXD6 de 3 polos 300 amp.  600v.60 hz ,35ka., Marca SIEMENS a instalar en tablero AUTOSOPORTADO tipo FC-II existente, INCLUYE conectores, zapatas para 2 cables por fase calibre 2/0 Awg, accesorios y tapa ciega (El  contratista deberá verificar en campo el tipo de interruptor y los accesorios a utilizar ). Suministro instalación y fijación de tubería conduit de fe. galv. pared gruesa de 53mmø(2"") roscada en  ambos extremos con coples en tramos de 3mts. Marca Omega o similar. Suministro e instalación de codo conduit de Fe. galvanizado pared gruesa de 53mmø(2""), roscado en los  extremos; marca Alfa o similar.       Suministro e instalación de condulet de aluminio serie ovalada tipo LB para tubo conduit de 51mmø(2"")  con tapa y empaque de neopreno; catálogo LB-67, marca Crouse Hinds Domex. Suministro e instalación de condulet de aluminio serie ovalada tipo C para tubo conduit de 51mmø(2"")  con tapa y empaque de neopreno; catálogo C-67, marca Crouse Hinds Domex. Suministro e instalación de abrazadera tipo Unicanal para tubo conduit de 53mmø, (2""). Suministro, instalación y fijación de Unicanal de acero al carbón tipo ""LU"" cat. Lu-3300 en tramos de 3.00  metros marca CROUSE LINE o equivalente , para fabricación de soportaría, incluir, cortes, trabajos de  soldadura y accesorios de fijación a losa, muro, piso etc. Suministro, instalación, conexión, identificación, marcado y prueba de cable de cobre monopolar calibre  2/0 awg, thw-ls a 75°/90°C temperatura de operación, con aislamiento a 600 vca, color negro, marca  Viakon. Suministro, instalación, conexión, identificación, marcado y prueba de cable de cobre monopolar calibre 6  awg, thw-ls a 75°/90°C temperatura de operación, con aislamiento a 600 vca, color verde, marca Viakon.  -Condiciones comerciales : 40% anticipo, 60% contra avance.",Instalación eléctrica Amasadora de L11,1.0,503000.0
SO1847,2021-10-19,MONDELEZ MEXICO,SERVICIOS FTS,229680.0,Servicios de supervision de ingenieria para el proyecto (TAILOR) planta Mondelez Monterrey (G) Folio:2d92ab19-5f4e-4454-9a42- eaa4dbeas1aa,"Description  21025-07 Servicios de Supervisión   - Comments: Servicios de supervision de ingenieria para el proyecto 21G- Repack - Tailor, planta Mondelez Monterrey (G) Folio:2d92ab19-5f4e-4454-9a42-eaa4dbeas1aa",3.0,198000.0
SO1729,2021-10-19,MONDELEZ MEXICO,SERVICIOS FTS,7192.0,MANTENIMIENTO CLMA TABLERO CALIBRADORES,Mantenimiento Clima de Tablero,1.0,6200.0
SO1716,2021-10-19,MONDELEZ MEXICO,SERVICIOS FTS,14384.0,SVO Y MTTO A UNIDADES DE REFRIGERACION D,Mantenimiento Clima de Tablero,1.0,12400.0
SO1706,2021-10-19,MONDELEZ MEXICO,SERVICIOS FTS,62872.0,"Instalacion de cableado para sensores alineadores Horno L8 Incluye:  Suministro e Instalación de cableado multilínea 3 x18 awg longitud aproximada 150 mts. Ruteo de cableado por canaleta en parte superior de horno. Conexión eléctrica de cableado en tablero de horno así como en tablero intermedio Suministro e instalación de 2 relevadores mca. Allen bradley con juegos de contactos integrados. Conexión de relevadores en tablero de horno, eliminación de conexión Original. Pruebas de funcionamiento.",Instalacion de cableado para sensores alineadores Horno L8,1.0,54200.0
SO1755,2021-10-18,Empacadora San Marcos,SERVICIOS FTS,776046.96,Suministro de (1800 metros) de  5/16” 6X19 Preformed Stainless cable with Fiber/Plastic core nylon coated to 3/8” o.d,Suministro de 5/16” 6X19 Preformed Stainless cable with Fiber/Plastic core nylon coated to 3/8” o.d,1.0,669006.0
SO1881,2021-10-17,"Empacadora San Marcos, Jesus Navarro",SERVICIOS FTS,34387.04,Reparación de 1 Artesa Cuadrada,Reparación de 1 Artesa Cuadrada,1.0,29644.0
SO1880,2021-10-17,"Empacadora San Marcos, Jesus Navarro",SERVICIOS FTS,329655.76,Reparación de 1 Artesa Redonda,Reparación de 1 Artesa Redonda,7.0,284186.0
SO1878,2021-10-17,"Empacadora San Marcos, Jesus Navarro",SERVICIOS FTS,302476.96,Instalación de techo en área de Marmitas,Instalación de techo en área de Marmitas,1.0,260756.0
SO1862,2021-10-12,MONDELEZ MEXICO,SERVICIOS FTS,377000.0,Matenimiento y Calibracion de rayos X de Linea 11   Serie: - 4460000047 - 4660292362 - 4660292356 - 4600272321 - 4600272310   OBSERVACION:   - INCLUYE MANO DE OBRA  -HERRAMIENTAS - REFACCIONES NECESARIAS,Matenimiento y ajuste de rayos X de Linea 3,5.0,325000.0
SO1838,2021-10-06,MONDELEZ MEXICO,SERVICIOS FTS,28652.0,"Suministro e Instalacion de cable multilínea de control en Wrapper L5 Suministro de cable de control multilínea, 25 conductores cal. 20 awg. Desconexión y retiro de cable original en HMI  y tablero eléctrico. Instalación y ruteo de cable original aproximadamente 10 metros, interior de tablero y brazo de HMI. Conexión de cable nuevo  y pruebas de continuidad, pruebas de encendido y funcionamiento.",Suministro e Instalacion de cable multilínea de control en Wrapper L5,1.0,24700.0
SO1834,2021-10-06,MONDELEZ MEXICO,SERVICIOS FTS,13920.0,Reubicación de clima RITTAL modelo 3328540 de tablero eléctrico Horno L5 Reubicación de clima para tablero  Incluye:  - Puesta en marcha de clima. - Cable de alimentación eléctrica para alimentación en nueva posición - Corte de lamina en nueva ubicación . - Fabricación e instalación de placa para hueco resultante en lateral de tablero. - Incluye hardware y tornillería necesaria.,Reubicación de clima RITTAL modelo 3328540 de tablero eléctrico Horno L5,1.0,12000.0
SO1790,2021-10-06,MONDELEZ MEXICO,SERVICIOS FTS,1294483.41,"Descarga de equipo, con grua previa aceptacion de mdlz (documentacion completa), retiro de embalaje, maniobras, izaje del equipo y uso de herramientas adecuadas para su movilidad ya dentro de la planta, considere 11 ton del equipo. tomar en cuenta equipo para su personal que estara en plataforma (cuerda de vida y arnes doble bandola) limpieza del equipo y traslado al interior  para realizar la maniobra de erguido de equipo uso de garruchas y troles para tal efecto. elevador o andamios. orden y limpieza. considere interferencias en el paso de linea 11 hacia amases.","Descarga de equipo, con grua previa aceptacion de mdlz (documentacion completa), retiro de embalaje, maniobras, izaje del equipo y uso de herramientas adecuadas para su movilidad ya dentro de la planta, considere 11 ton del equipo. tomar en cuenta equipo para su personal que estara en plataforma (cuerda de vida y arnes doble bandola) limpieza del equipo y traslado al interior  para realizar la maniobra de erguido de equipo uso de garruchas y troles para tal efecto. elevador o andamios. orden y limpieza. considere interferencias en el paso de linea 11 hacia amases.",1.0,273403.83
SO1790,2021-10-06,MONDELEZ MEXICO,SERVICIOS FTS,1294483.41,"trazo y nivelacion para acentar la amasadora y barrenadoen concreto y acero de refuerzo para anclaje de 1 1/4""  diametro con proteccion en la parte inferior de la linea 9 y aplicación de graut, en las patas y acabado sanitario.","trazo y nivelacion para acentar la amasadora y barrenadoen concreto y acero de refuerzo para anclaje de 1 1/4""  diametro con proteccion en la parte inferior de la linea 9 y aplicación de graut, en las patas y acabado sanitario.",1.0,85926.92
SO1790,2021-10-06,MONDELEZ MEXICO,SERVICIOS FTS,1294483.41,"Instalacion mecanica de elementos de la mixer: accesorios de la mixer ( motor,  transmicion), valvulas vortex, instalacion de ductos de materia prima.","Instalacion mecanica de elementos de la mixer: accesorios de la mixer ( motor,  transmicion), valvulas vortex, instalacion de ductos de materia prima.",1.0,312461.52
SO1790,2021-10-06,MONDELEZ MEXICO,SERVICIOS FTS,1294483.41,"Servicios agua, aire, de control  de las valvulas vortex. Incluye mangueras.","Servicios agua, aire, de control  de las valvulas vortex. Incluye mangueras.",1.0,39057.69
SO1790,2021-10-06,MONDELEZ MEXICO,SERVICIOS FTS,1294483.41,Acomodo de tablero en zona de amases incluye acarreo e izaje asi como retiro de envalaje limpieza y anclado al piso,Acomodo de tablero en zona de amases incluye acarreo e izaje asi como retiro de envalaje limpieza y anclado al piso,1.0,70303.84
SO1790,2021-10-06,MONDELEZ MEXICO,SERVICIOS FTS,1294483.41,"Suministro e instalacion electrica para amasadora a tablero incluye suministro de tubo conduit de pared gruesa y soporteria pintado de blanco no usar unicanal cableado  de acuerdo alas normas de non mexicana, identificacion de cables, peinado y etiquetado asi como tambien etiquetas en la tuberia segun lo existente en planta, uso de elevador o andamios","Suministro e instalacion electrica para amasadora a tablero incluye suministro de tubo conduit de pared gruesa y soporteria pintado de blanco no usar unicanal cableado  de acuerdo alas normas de non mexicana, identificacion de cables, peinado y etiquetado asi como tambien etiquetas en la tuberia segun lo existente en planta, uso de elevador o andamios",1.0,85926.92
SO1790,2021-10-06,MONDELEZ MEXICO,SERVICIOS FTS,1294483.41,Uso de megeado para la instalacion electrica de fuerza.,Uso de megeado para la instalacion electrica de fuerza.,1.0,12275.27
SO1790,2021-10-06,MONDELEZ MEXICO,SERVICIOS FTS,1294483.41,Instalacion de cable  Ethernet  del tablero de la amasadora al tablero A2 por medio de tuberia conduit de pared gruesa uso de soportes pintados de blanco y que no sea unicanal identificacion de tubo de acuerdo con lo existente. Y con calidad según la normas de mdlz.,Instalacion de cable  Ethernet  del tablero de la amasadora al tablero A2 por medio de tuberia conduit de pared gruesa uso de soportes pintados de blanco y que no sea unicanal identificacion de tubo de acuerdo con lo existente. Y con calidad según la normas de mdlz.,1.0,68741.53
SO1790,2021-10-06,MONDELEZ MEXICO,SERVICIOS FTS,1294483.41,"Sunministro e instalacion de cable para control del tablero ala amasadora incluye tuberia condui de pared gruesa soportes pintados de blanco identificaciones, peinado uso de sinchos detectables, y tuberia identificada como las existentes.","Sunministro e instalacion de cable para control del tablero ala amasadora incluye tuberia condui de pared gruesa soportes pintados de blanco identificaciones, peinado uso de sinchos detectables, y tuberia identificada como las existentes.",1.0,78561.75
SO1790,2021-10-06,MONDELEZ MEXICO,SERVICIOS FTS,1294483.41,"Pruebas de encendido, de vacio y con  producto asistencia al personal tecnico de Peerless y personal de mondelez.","Pruebas de encendido, de vacio y con  producto asistencia al personal tecnico de Peerless y personal de mondelez.",1.0,33478.02
SO1790,2021-10-06,MONDELEZ MEXICO,SERVICIOS FTS,1294483.41,"Conexión de tablero, energizado y pruebas de funcionamiento","Conexión de tablero, energizado y pruebas de funcionamiento",1.0,55796.7
SO1854,2021-10-05,MONDELEZ MEXICO,SERVICIOS FTS,73045.2,"Servicio de Técnico especialista en automatización Planta Monterrey Técnico Especialista en Automatización ( FIN DE SEMANA ) 48 hrs. de Servicio. Habilidades: - Experiencia técnica en Automatización - Dominio de marca Allen Bradley - Seguimiento a Proyectos. - Capacidad administrativa. - Trabajo en equipo - Certificados DC3 en : Trabajos Eléctricos , LOTO, ARC FLASH.",Servicio de Técnico especialista en automatización Planta Monterrey,1.0,62970.0
SO1850,2021-10-05,MONDELEZ MEXICO,SERVICIOS FTS,75400.0,Servicio tecnico de Automatizacion en Planta Monterrey,Soporte tecnico Automatizacion,1.0,65000.0
SO1789,2021-10-05,MONDELEZ MEXICO,SERVICIOS FTS,77024.0,Instalación de ducto cuadrado Maquinado L8 Incluye:  Desconexión de cableado necesario para modificación Eliminación de tubería Conduit actual Retiro de cableado obsoleto en tubería Instalación de base para soporte de ducto cuadrado Instalación de 2.5 metros aproximados de ducto cuadrado Suministro de herrajes y lo necesario para fijación de base Conexión de cableado de motores de forma original Encendido y validación de funcionamiento,Instalación de ducto cuadrado Maquinado L8,1.0,66400.0
SO1594,2021-10-05,Nalco de Mexico SA. de .CV,SERVICIOS FTS,30067.2,"Servicio de diagnostico a sistema de condensado en area Calderas Mdlz. Planta Salinas Incluye:  -Revisión y diagnostico de válvula (apertura, cierre, señales, etc.). -Revisión y diagnostico de parámetros y set point en controlador PLC. -Revisión y diagnostico de flujometro (estado físico, voltaje, parámetros, configuraciones). -Revisión de parámetros desde menú de flujometro -Revisión física de hardware y software necesario en sistema de condensado. Equipo de medición y herramienta necesaria para diagnostico. Plataforma de elevación para trabajo. Entrega de reporte con diagnostico.",Servicio de diagnostico a sistema de condensado en area Calderas Mdlz. Planta Salinas,1.0,25920.0
SO1855,2021-10-01,MONDELEZ MEXICO,SERVICIOS FTS,226200.0,"Matenimiento y Calibracion de rayos X de Linea 5   Serie E214302 , E214301 y E214303  OBSERVACION:   - INCLUYE MANO DE OBRA  -HERRAMIENTAS - REFACCIONES NECESARIAS",Matenimiento y ajuste de rayos X de Linea 3,3.0,195000.0
SO1840,2021-09-29,MONDELEZ MEXICO,SERVICIOS FTS,69864.48,"Servicio de técnico especialista en Automatización Técnico Especialista en Automatización ( FIN DE SEMANA ) 44 hrs. de Servicio. Habilidades: - Experiencia técnica en Automatización - Dominio de marca Allen Bradley - Seguimiento a Proyectos. - Capacidad administrativa. - Trabajo en equipo - Certificados DC3 en : Trabajos Eléctricos , LOTO, ARC FLASH.",Servicio de técnico especialista en Automatización,1.0,60228.0
SO1836,2021-09-29,"Empacadora San Marcos, Jesus Navarro",SERVICIOS FTS,137545.84,Reparación de 4 Artesas Cuadradas,Reparación de 4 Artesas Cuadradas,1.0,118574.0
SO1820,2021-09-29,"Empacadora San Marcos, Jesus Navarro",SERVICIOS FTS,99109.24,Fabricación de piso en mezanine de baño maría en acero inoxidable,Fabricación de piso en mezanine de baño maría en acero inoxidable T-304,1.0,85439.0
SO1813,2021-09-29,"Empacadora San Marcos, Jesus Navarro",SERVICIOS FTS,114436.32,Servicio de 1 técnico en área de té (1 Mes),Servicio de 1 técnico en área de té (1 Mes),1.0,98652.0
SO1812,2021-09-29,"Empacadora San Marcos, Jesus Navarro",SERVICIOS FTS,63493.76,Fabricación e Instalación de refuerzos en volteadores de caja,Fabricación e Instalación de refuerzos en volteadores de caja,1.0,54736.0
SO1811,2021-09-29,"Empacadora San Marcos, Jesus Navarro",SERVICIOS FTS,329655.76,Reparación de 1 Artesa Redonda,Reparación de 1 Artesa Redonda,7.0,284186.0
SO1707,2021-09-29,"Empacadora San Marcos, Jesus Navarro",SERVICIOS FTS,710700.68,Servicio de 1 técnico en área de té (1 Mes),Servicio de 1 técnico en área de té (1 Mes),1.0,98652.0
SO1707,2021-09-29,"Empacadora San Marcos, Jesus Navarro",SERVICIOS FTS,710700.68,Reparación de 1 Artesa Redonda,Reparación de 1 Artesa Redonda,1.0,284186.0
SO1707,2021-09-29,"Empacadora San Marcos, Jesus Navarro",SERVICIOS FTS,710700.68,"Programación, Soporte y Fabricación de Guía Incluye  - 130 horas de Soporte para reprogramación y ajustes en paletizador de frijol - Soporte en coordinación de actividades en tres turnos y fin de semana - Soporte para puesta en marcha del equipo - Suministro de 3 Cables para sensores EVT004 - Fabricación de Guía para entrada de carrito   Características del personal  - Personal dé seguridad certificado  - Ingeniero programador para el PLC - Personal técnico con DC3 correspondientes  - Certificación AllenBradley System Integrator","Programación, Soporte y Fabricación de Guía",1.0,229835.0
SO1824,2021-09-27,MONDELEZ MEXICO,SERVICIOS FTS,98600.0,CLIMA/115V/1800BTU/N170216G010/HOFFMAN (Numero de material - 52251272),CLIMA/115V/1800BTU/N170216G010/HOFFMAN (Numero de material - 52251272),1.0,85000.0
SO1669,2021-09-27,Empacadora San Marcos,SERVICIOS FTS,171931.72,"Reparación de 5 Artesas Cuadradas Reparación de Artesas Cuadradas  Incluye  - Reparación de 5 artesas cuadradas a base de soldadura en fisuras y en soporteria - Reparación de fugas en cuerpo de la artesa - Prueba de líquidos penetrantes al inicio y al finalizar la reparación - Incluye todos los insumos requeridos  - Incluye toda la herramienta requerida  - Soldaduras y construcciones se realizarán con acabado sanitario - Los trabajos se realizarán en fines de semana o 3er turno de ser necesario - Se cuenta con mamparas y señalamientos  - Se cuenta con mamparas para protección en trabajos de corte y soldadura - Los desechos generados serán retirados  - Visita en planta para verificar los alcances   Descripción de Requerimiento  - El personal cuenta con DC3 en corte y soldadura, trabajos en alturas - El personal acude a sus labores identificado uniforme o chaleco, así como protección personal, casco, guantes, cofia, cubrebocas, botas industriales,    gafas o careta  - El personal cuenta con un supervisor de trabajo y de seguridad para los trabajos a realizar",Reparación de 5 Artesas Cuadradas,1.0,148217.0
SO1835,2021-09-24,MONDELEZ MEXICO,SERVICIOS FTS,19140.0,"Instalación de sensor para vibración VSA001 IFM Incluye:  Instalación de sensor de vibración VSA001, fabricación de barreno con machuelo M8 x 1.25 Ruteo de cable de sensor aproximadamente 15 mts. por canaleta ya existente, conexión en modulo Montaje en riel din ya existente, de modulo de diagnostico para sensor Suministro e instalación de cable de red ethernet RJ45 de 0.5 mts.  Suministro de Sensor VSA001, Cable de sensor EVC562, Modulo de diagnostico serán suministrados por Mdlz.",Instalación de sensor para vibración VSA001 IFM,1.0,16500.0
SO1740,2021-09-24,MONDELEZ MEXICO,SERVICIOS FTS,17647.08,"Cable no flexible de freno conector 2090-UXNBMP-18S15 AB  2090-UXNBMP-18S15. CABLE NO FLEXIBLE DE FRENO CONECTOR BAYONETA, PIEZA  ULTRA, 18AWG, 15 M, MP-SERIES MCA ALLEN BRADLEY  No incluye instalacion.",Cable no flexible de freno conector 2090-UXNBMP-18S15 AB,1.0,15213.0
SO1497,2021-09-24,Empacadora San Marcos,SERVICIOS FTS,14597.44,Servicio de soporte técnico  de control y automatización para equipo Cocedor 300 Linea 4 Incluye  Reseteo de Faults y Errores de PLC Allen Bradley Configuración y recableado de Drive PowerFlex70 Diagnostico y solución de falla en Cocedor 300 de Linea 4 Servicio de soporte técnico  de control y automatización para equipo Cocedor 300 Linea 4   Características del personal  Personal dé seguridad certificado  Ingeniero programador para el PLC Personal técnico con DC3 correspondientes  Certificación Allen Bradley System Integrator,Servicio de soporte técnico  de control y automatización para equipo Cocedor 300 Linea 4,1.0,12584.0
SO1825,2021-09-21,MONDELEZ MEXICO,SERVICIOS FTS,226200.0,"Matenimiento y Calibracion de rayos X de Linea 2   Serie: E0051, E0052, E0053  OBSERVACION:   - INCLUYE MANO DE OBRA  -HERRAMIENTAS - REFACCIONES NECESARIAS",Matenimiento y ajuste de rayos X de Linea 3,3.0,195000.0
SO1757,2021-09-21,MONDELEZ MEXICO,SERVICIOS FTS,10092.0,"Servicio de Diagnostico y mantenimiento a equipo de refrigeración marca: PFANNENBERG Mixer L13 Servicio de diagnostico y mantenimiento a clima PFANNENBERG Incluye:   • Traslado de equipo de taller de mantenimiento Salinas a Taller FTS • Desinfección de evaporador. • Limpieza de filtros. • Medición y evaluación de corriente de consumo. • Limpieza en intercambiadores de calor. • Limpieza de compresor. • Revisión, Análisis y diagnostico de la unidad. •Apoyo para ""setup"" y puesta marcha.",Servicio de Diagnostico y mantenimiento a equipo de refrigeración marca: PFANNENBERG Mixer L13,1.0,8700.0
SO1754,2021-09-21,MONDELEZ MEXICO,SERVICIOS FTS,109620.0,"Instalacion de cable multiconductor para motor 230 L7 Incluye:  Suministro e Instalación de 140 metros de cable multiconductor  Marca: ARMOFLEX 3X14 + THHN, Cobre calibre 14 awg. Tensión máxima 600 volts, aislamiento individual de PVC + Nylon, Armadura engargolada de aluminio. Instalación sobre canaleta cuadrada en trayectoria desde conveyor inclinado a tablero eléctrico área empaque. Uso y renta de brazo articulado para servicio. Conexión en caja de conexiones de motor.",Instalacion de cable multiconductor para motor 230 L7,1.0,94500.0
SO1657,2021-09-21,MONDELEZ MEXICO,SERVICIOS FTS,25984.0,"Mantenimiento preventivo a 4 climas de tableros eléctricos área empaque L6. Incluye mantenimiento a 4 Climas de Tablero eléctrico:  Douglas 1 Douglas 2 Tablero espirales aéreos ambaflex 1 Tablero espirales aéreos ambaflex 2  • Desinstalación e Instalación de la unidad. • Desinfección de evaporador. • Limpieza de filtros. • Medición y evaluación de corriente de consumo. • Limpieza en intercambiadores de calor. • Limpieza de compresor. • Revisión, Análisis y diagnostico de la unidad. • ""setup"" y puesta marcha.",Mantenimiento preventivo a 4 climas de tableros eléctricos área empaque L6.,1.0,22400.0
SO1655,2021-09-21,MONDELEZ MEXICO,SERVICIOS FTS,28768.0,"Mantenimiento preventivo 4 a Climas de tablero eléctrico área Post Condicion. Incluye Mantenimiento a 4 Climas: RSM 1: Marca PFANNENBERG RSM 2: Marca PFANNENBERG RSM 3: Marca PFANNENBERG Espiral de enfriamiento: Marca THERMAL EDGE  • Desinstalación e Instalación de la unidad. • Desinfección de evaporador. • Limpieza de filtros. • Medición y evaluación de corriente de consumo. • Limpieza en intercambiadores de calor. • Limpieza de compresor. • Revisión, Análisis y diagnostico de la unidad. • ""setup"" y puesta marcha.",Mantenimiento preventivo 4 a Climas de tablero eléctrico área Post Condicion.,1.0,24800.0
SO1769,2021-09-14,MONDELEZ MEXICO,SERVICIOS FTS,69356.4,Instalacion de barra de tierra 3m para tablero maquinado L7 Incluye: Perforación de suelo para instalación de barra de cobre 10 Ft. de largo Instalación de barras cuadrada perforada para conexión de 10 VFDs dentro de tablero Suministro de cable de 12 awg color verde para conexión de tierra de 10 VFDs Suministro de cable 1/0 desnudo para conectar de barra de suelo a barras perforadas. Suministro de mordaza para sujetar cable a barra de suelo. Conexión de cableado dentro de tablero.,Instalacion de barra de tierra 3m para tablero maquinado L7,1.0,59790.0
SO1758,2021-09-14,GARCOMEX,SERVICIOS FTS,143260.0,SERVICIO EXTRAS PARA TRASLADO MAQUINAS DE CAFÉ DE GARCOMEX A SAN MARCOS Incluye: - Servicio de trailer tipo polataforma para equipos Grandes. - Grua para manipulacion de equipos. - Maniobras para carga de equipos de Café,SERVICIO EXTRAS PARA TRASLADO MAQUINAS DE CAFÉ DE GARCOMEX A SAN MARCOS,1.0,123500.0
SO1719,2021-09-14,GARCOMEX,SERVICIOS FTS,370616.52,Mano de obra para Carga de trailer material de logistica.,Mano de obra para Carga de trailer material de logistica.,1.0,3675.0
SO1719,2021-09-14,GARCOMEX,SERVICIOS FTS,370616.52,Resguardo en Bodega (1 día de 2 trailers Cargados),Resguardo en Bodega (1 día de 2 trailers Cargados),1.0,7350.0
SO1719,2021-09-14,GARCOMEX,SERVICIOS FTS,370616.52,1 Dia de demora de 2 trailers cargados,1 Dia de demora de 2 trailers cargados,1.0,27300.0
SO1719,2021-09-14,GARCOMEX,SERVICIOS FTS,370616.52,Multa de transito por carga en vía publica,Multa de transito por carga en vía publica,1.0,8400.0
SO1719,2021-09-14,GARCOMEX,SERVICIOS FTS,370616.52,Maniobras de carga   en trailer y transportacion MTY - PUEBLA  : Incluye:  - 1 maquina de  Imprenta - 1 Maquina de Café - 2 Transformadores de subestacion,Maniobras de carga  en trailer y transportacion MTY - PUEBLA  :,1.0,85490.0
SO1719,2021-09-14,GARCOMEX,SERVICIOS FTS,370616.52,Desinstalacion y preparacion de carga de Imprenta,Desinstalacion y preparacion de carga de Imprenta,1.0,14138.0
SO1719,2021-09-14,GARCOMEX,SERVICIOS FTS,370616.52,Desinstalacion y preparacion de carga de 2 transformadores de subestacion.,Desinstalacion y preparacion de carga de 2 transformadores de subestacion.,1.0,76734.0
SO1719,2021-09-14,GARCOMEX,SERVICIOS FTS,370616.52,Servicio de sellado para huecos en lamina de nave insdustrial Aplicación de sicaflex Tela  Imper,Servicio de sellado para huecos en lamina de nave insdustrial Aplicación de sicaflex Tela  Imper,1.0,24410.0
SO1719,2021-09-14,GARCOMEX,SERVICIOS FTS,370616.52,Horas Extras de Tecnico especialista (Turnos de 12 horas) SO1603,Horas Extras de Tecnicoespecialista (Turnos de 12 horas) SO1603,1.0,72000.0
SO1603,2021-09-14,GARCOMEX,SERVICIOS FTS,83520.0,"Servicio de soporte tecnico Garcomex Incluye. Tiempo extra para personal tecnico laborando en Garcomex Monterrey. Desde el 1 de Julio al 15 de Junio, contemplando 1 dia de descanso semanal y turnos de 12 horas diarios",Servicio de soporte tecnico Garcomex,1.0,72000.0
SO1810,2021-09-10,MONDELEZ MEXICO,SERVICIOS FTS,377000.0,"Matenimiento y ajuste de rayos X de Linea 14   Serie: 4400000066, 4400000065, 4400000064, 4400000063 y 4400000062  OBSERVACION:   - INCLUYE MANO DE OBRA  -HERRAMIENTAS - REFACCIONES NECESARIAS",Matenimiento y ajuste de rayos X de Linea 3,5.0,325000.0
SO1800,2021-09-10,MONDELEZ MEXICO,SERVICIOS FTS,55100.0,"Tecnico Especialista en Automatización ( FIN DE SEMANA ) 5 Días  Habilidades: - Experiencia tecnica en Automatización - Dominio de marca Allen Bradley - Seguimiento a Proyectos. - Capacidad administrativa. - Trabajo en equipo - Certificados DC3 en : Trabajos Electricos , LOTO, ARC FLASH.",Supervisor Automatización,1.0,47500.0
SO1672,2021-09-09,Empacadora San Marcos,SERVICIOS FTS,343863.44,"Reparación de 10 Artesas Cuadradas Reparación de Artesas Cuadradas Incluye  - Reparación de 10 artesas cuadradas a base de soldadura en fisuras y en soporteria - Reparación de fugas en cuerpo de la artesa - Prueba de líquidos penetrantes al inicio y al finalizar la reparación - Incluye todos los insumos requeridos  - Incluye toda la herramienta requerida  - Soldaduras y construcciones se realizarán con acabado sanitario - Los trabajos se realizarán en fines de semana o 3er turno de ser necesario - Se cuenta con mamparas y señalamientos  - Se cuenta con mamparas para protección en trabajos de corte y soldadura - Los desechos generados serán retirados  - Visita en planta para verificar los alcances   Descripción de Requerimiento  - El personal cuenta con DC3 en corte y soldadura, trabajos en alturas - El personal acude a sus labores identificado uniforme o chaleco, así como protección personal, casco, guantes, cofia, cubrebocas, botas industriales,    gafas o careta  - El personal cuenta con un supervisor de trabajo y de seguridad para los trabajos a realizar",Reparación de 10 Artesas Cuadradas,1.0,296434.0
SO1499,2021-09-09,Empacadora San Marcos,SERVICIOS FTS,14597.44,Diagnostico a falla en  PLC Allen Bradley SLC 500 Incluye  Diagnostico a falla en  PLC Allen Bradley SLC 500 Diagnostico a Paletizador en encartonado Recurso de programas requeridos    Características del personal  Personal de seguridad certificado  Ingeniero programador para el PLC Personal técnico con DC3 correspondientes  Certificación Allen Bradley System Integrator,Diagnostico a falla en  PLC Allen Bradley SLC 500,1.0,12584.0
SO1802,2021-09-06,MONDELEZ MEXICO,SERVICIOS FTS,29510.4,"Mantenimiento y limpieza con nitrógeno a 32 VFD maquinado L4 Incluye:  Servicio de mantenimiento a 32 Variadores de frecuencia Modelo Power Flex 755.  Apertura de frame de plástico (carcasa de VFD) En caso necesario desmontaje de variadores. Inyección de nitrógeno con pistola, regulando presión adecuada. Des incrustación de polvo, harina y corrosión dentro de equipos. Armado de Frames de plástico. Suministro de tanque de nitrógeno.",Mantenimiento y limpieza con nitrógeno a 32 VFD maquinado L4,1.0,25440.0
SO1797,2021-09-06,MONDELEZ MEXICO,SERVICIOS FTS,28420.0,"Suministro e instalación de nodo Ethernet  Incluye:  - Instalación y suministro de tubería Conduit pared gruesa 1/2"" y hardware por 20 metros para comunicación Ethernet  - Canalización de cable Ethernet a través de tuberia.  - Incluye Cable Ethernet CAT5E MCA. Panduit. o Belden  o Tecklink. - Incluye conectores ponchados en ambos extremos. - Corte/perforación de vigas de acero para paso aéreo.  - Personal con Certificados DC3 para trabajos: Electricos, Alturas y Uso de plataformas.  - Personal de Seguridad y Supervisión de obra.   Términos y condiciones de entrega :  Sujeto a disponibilidad de linea y aprobación de calidad y seguridad.",Suministro e instalación de nodo Ethernet,1.0,24500.0
SO1774,2021-09-06,MONDELEZ MEXICO,SERVICIOS FTS,348000.0,Servicios de supervision de ingenieria (E) Folio:2d92ab19-5f4e-4454-9a42-eaa4dbead1aa,Supervisor Automatización,4.0,300000.0
SO1770,2021-09-06,MONDELEZ MEXICO,SERVICIOS FTS,41110.4,"Mantenimiento y limpieza con nitrógeno a 17 VFD maquinado L5 Incluye:  Servicio de mantenimiento a 17 Variadores de frecuencia Modelo Power Flex 755.  Apertura de frame de plástico (carcasa de VFD) En caso necesario desmontaje de variadores. Inyección de nitrógeno con pistola, regulando presión adecuada. Des incrustación de polvo, harina y corrosión dentro de equipos. Armado de Frames de plástico. Suministro de tanque de nitrógeno.",Mantenimiento y limpieza con nitrógeno a 17 VFD maquinado L5,1.0,35440.0
SO1793,2021-09-02,MONDELEZ MEXICO,SERVICIOS FTS,301600.0,"Matenimiento y ajuste de rayos X de Linea 10   Serie: 1436568530020, 1436568530030 , 1436568530040 y 1436568530050 OBSERVACION:   - INCLUYE MANO DE OBRA  -HERRAMIENTAS - REFACCIONES NECESARIAS","Matenimiento y ajuste de rayos X de L10                                       Serie: 1436568530020, 1436568530030 , 1436568530040 y 1436568530050 OBSERVACION: - INCLUYE MANO DE OBRA - HERRAMIENTAS - REFACCIONES NECESARIAS",4.0,260000.0
SO1785,2021-09-02,Empacadora San Marcos,SERVICIOS FTS,75052.0,"Fabricación e Instalación de guarda para Envasadora Maisa, área de Te","Fabricación e Instalación de guarda para Envasadora Maisa, área de Te",1.0,64700.0
SO1778,2021-09-02,Empacadora San Marcos,SERVICIOS FTS,143711.24,Fabricación e Instalación de guardas para Transmisiones y Chumaceras,Fabricación e Instalación de guardas para Transmisiones y Chumaceras,1.0,123889.0
SO1751,2021-09-02,MONDELEZ MEXICO,SERVICIOS FTS,241280.0,SERVICIO DE SOPORTE TECNICO AUTOMATIZACION Incluye:  - Servicio por 2 semanas de 45 horas cada semana - Gastos de hospedaje y viaje. 2 semanas. - Horas de traslado de viaje. - Personal dado de alta con compañía certificada para trabajar en Mondelez con ISN.,SERVICIO DE SOPORTE TECNICO AUTOMATIZACION,1.0,208000.0
SO1733,2021-09-02,Daniel Cuateta,SERVICIOS FTS,64032.0,"Tecnico Especialista en Automatización ( FIN DE SEMANA ) 3 DIAS TURNO NOCTURNO  3 DIAS TURNO DIA  Habilidades: - Experiencia tecnica en Automatización - Dominio de marca Allen Bradley - Seguimiento a Proyectos. - Capacidad administrativa. - Trabajo en equipo - Certificados DC3 en : Trabajos Electricos , LOTO, ARC FLASH.",Supervisor Automatización,1.0,55200.0
SO1788,2021-09-01,MONDELEZ MEXICO,SERVICIOS FTS,33640.0,Servicio de Mantenimiento a deshumidificador Silos de amases  Equipo o zona # 1  Incluye: - Limpieza a serpentines de condensadora  - Limpieza de filtros . - Revision de rueda desecante. - Revisión de circuito de refrigreración - Reapriete a tornilleria de fuerza y de control -Revisión de consumo eléctrico,Servicio de Mantenimiento a deshumidificador Silos de amases,1.0,29000.0
SO1442,2021-09-01,MONDELEZ MEXICO,SERVICIOS FTS,62338.4,Instalación de Barra de cobre en suelo para conexión de tierra física de VFDs. Incluye:  Perforación de suelo para instalación de barra de cobre 10 Ft. de largo Instalación de barras cuadrada perforada para conexión de 32 VFDs dentro de tablero Suministro de cable de 12 awg color verde para conexión de tierra de 32 VFDs Suministro de cable 1/0 para conectar de barra de suelo a barras perforadas. Suministro de mordaza para sujetar cable a barra de suelo. conexión de cableado dentro de tablero.,Instalación de Barra de cobre en suelo para conexión de tierra física de VFDs.,1.0,53740.0
SO1779,2021-08-30,MONDELEZ MEXICO,SERVICIOS FTS,2801.4,"Adaptador USB a Ethernet  Adaptador  USB 3.0 a Gigabit Ethernet  RJ45 Red Externa 1000 Mbps. LAN USB compatible con Windows 10/8/7 ,Linux , Mac OS",Adaptador USB a Ethernet,3.0,2415.0
SO1781,2021-08-25,"MONDELEZ MEXICO, Julio De La Cruz",SERVICIOS FTS,6728.0,Suministro e instalación de centro de carga  Incluye : -Suministro  e Instalación de Centro de carga   -Fusibles -20 metros de cable calibre 10  Mano de obra,Suministro de centro de carga,1.0,5800.0
SO1772,2021-08-25,MONDELEZ MEXICO,SERVICIOS FTS,226200.0,"Servicio de Mantenimiento y Calibración de equipo Rayos X Línea 7  Serie: E210201  ,  E210202  , E210203 OBSERVACION: - INCLUYE MANO DE OBRA - HERRAMIENTAS - REFACCIONES NECESARIAS",Servicio de Mantenimiento y Calibración de equipo Rayos X Línea 7,3.0,195000.0
SO1715,2021-08-24,MONDELEZ MEXICO,SERVICIOS FTS,14384.0,SVO Y MTTO A UNIDADES DE REFRIGERACION D,Mantenimiento Clima de Tablero,1.0,12400.0
SO1773,2021-08-23,MONDELEZ MEXICO,SERVICIOS FTS,14384.0,MANTENIMIENTO A CLIMA TABLERO,MANTENIMIENTO A CLIMA TABLERO,1.0,12400.0
SO1730,2021-08-23,MONDELEZ MEXICO,SERVICIOS FTS,174000.0,Servicios de supervision de ingenieria (E) Folio:2d92ab19-5f4e-4454-9a42-eaa4dbead1aa,Supervisor Automatización,2.0,150000.0
SO1762,2021-08-21,MONDELEZ MEXICO,SERVICIOS FTS,150800.0,Servicio de Mantenimiento y Calibración de equipo Rayos X Línea 8  Serie: 4660293172 4660293169  OBSERVACION: - INCLUYE MANO DE OBRA - HERRAMIENTAS - REFACCIONES NECESARIAS,Servicio de Mantenimiento y Calibración de equipo Rayos X Línea 8,2.0,130000.0
SO1756,2021-08-13,MONDELEZ MEXICO,SERVICIOS FTS,1531.2,FILTRO/AIRE/SK 3240.200/RITTAL,FILTRO/AIRE/SK 3240.200/RITTAL,1.0,1320.0
SO1689,2021-08-10,MONDELEZ MEXICO,SERVICIOS FTS,33640.0,Instalación de clima Hoffman mod: M170216G009 Salter L8. Incluye:  Corte en tablero eléctrico de acero inoxidable medidas aprox. 30 x 30 cm. Suministro e Instalación de guarda motor para protección de equipo. Cable necesario para conexiones eléctricas. Encendido y configuración de parámetros de clima.  No incluye desmontar clima en Douglas.,Instalación de clima Hoffman mod: M170216G009 Salter L8.,1.0,29000.0
SO1652,2021-08-10,MONDELEZ MEXICO,SERVICIOS FTS,360760.0,"Venta e Instalación de 2 Climas Rittal para Tablero Horno L6 Refrigerador mural Blue e+ Variante: montaje mural Potencia asignada:	4000 Watts. Caudal de aire (soplado libre):	Circuito exterior: 2300 m³/h Circuito interior: 2300 m³/h Tensión de servicio:	380 V - 480 V, 3~, 50 Hz/60 Hz Dimensiones:  Anchura: 450 mm Altura: 1600 mm Profundidad: 393 mm Regulación de la temperatura:	Controlador e+ (regulación de fábrica +35 ºC) Peso/UE:	72.4 kg Incluye: Guardamotor para protección   y cableado necesario, perforación en tablero para montaje, mano de obra para montaje y conexiones eléctricas, puesta en marcha de equipo.",Venta e Instalación de 2 Climas Rittal para Tablero Horno L6,1.0,311000.0
SO1746,2021-08-09,MONDELEZ MEXICO,SERVICIOS FTS,7192.0,MTTO A EQUIPO DE ENFRIAMIENTO TC2-05 HOR,MTTO A EQUIPO DE ENFRIAMIENTO TC2-05 HOR,1.0,6200.0
SO1745,2021-08-09,MONDELEZ MEXICO,SERVICIOS FTS,7192.0,MTTO A EQUIPO DE REFIRGERACION TC11-04 H,MTTO A EQUIPO DE REFIRGERACION TC11-04 H,1.0,6200.0
SO1744,2021-08-09,MONDELEZ MEXICO,SERVICIOS FTS,7192.0,MTTO A EQUIPO DE ENFIRAMIENTO TC2-04,MTTO A EQUIPO DE ENFIRAMIENTO TC2-04,1.0,6200.0
SO1743,2021-08-06,MONDELEZ MEXICO,SERVICIOS FTS,83636.0,CAMBIOS DE CABLE DE TORSION,Instalación y suministro de cable especial para torsión y cable ethernet cat6.para TTM4 L5,1.0,72100.0
SO1742,2021-08-06,MONDELEZ MEXICO,SERVICIOS FTS,83636.0,CAMBIOS DE CABLE DE TORSION,Instalación y suministro de cable especial para torsión y cable ethernet cat6.para TTM4 L5,1.0,72100.0
SO1537,2021-08-06,MONDELEZ MEXICO,SERVICIOS FTS,83636.0,CAMBIOS DE CABLE DE TORSION,Instalación y suministro de cable especial para torsión y cable ethernet cat6.para TTM4 L5,1.0,72100.0
SO1711,2021-08-04,"MONDELEZ MEXICO, Jesús Enrique Urribarri",SERVICIOS FTS,81898.32,Servicio de Cambio de compresor Servicio de Reparación de Clima de Tablero Amases L7  incluye : - Desinstalacion de tablero y traslado a taller  - Cambio e instalación de compresor Danfoss - Limpieza de sistema de refrigeración con nitrógeno - Soldadura del 5% de plata. - Carga de gas  -Traslado a amasadora  - Instalación de equipo en tablero eléctrico y puesta en marcha.,Servicio de Cambio de compresor,1.0,70602.0
SO1586,2021-07-28,MONDELEZ MEXICO,SERVICIOS FTS,31552.0,"Análisis de energía en tablero Horno Línea 6. Incluye:  Medición de las variaciones de voltaje. Medición de frecuencia, parpadeos, desequilibrio de tensión. Medición de niveles de las componentes de distorsión armónica en voltaje.  Características de las señales de Voltaje y Corriente a Medir;  Valor instantáneo Frecuencia fundamental Componentes armónicas; magnitud y ángulo de fase. Espectro de las señales. Fluctuaciones de voltaje y corriente (sag, swells, caídas de voltaje). Desbalance de voltaje en  sistemas trifásicos.  La medición se realizara durante un periodo de 7 días, con equipo medidor de parámetros eléctricos trifásicos : DRANETZ, se deja equipo en tablero eléctrico conectado a las 3 fases de potencia 480 Volts. SE ENGTREGA REPORTE TECNICO CON EVENTOS DETECTADOS Y RECOMENDACIONES POR ESPECIALISTA DE ENERGIA.",Análisis de energía en tablero Horno Línea 6.,1.0,27200.0
SO1409,2021-07-28,MONDELEZ MEXICO,SERVICIOS FTS,40692.8,"Remplazo de gabinete metálico, reinstalación de componentes y reconexión líneas de control. Incluye:  Desconexión de líneas de control en clemas y componentes. Desmontaje de componentes desde platina y riel din. Desmontaje de gabinete eléctrico dañado Instalación de gabinete eléctrico nuevo. Montaje de componentes y conexión de líneas eléctricas de control, cables de red. Energizado y pruebas de funcionamiento de tablero. No incluye gabinete eléctrico (Sera proporcionado por cliente). Supervisor y técnicos de automatización.","Remplazo de gabinete metálico, reinstalación de componentes y reconexión líneas de control.",1.0,35080.0
SO1704,2021-07-21,MONDELEZ MEXICO,SERVICIOS FTS,262392.0,Calibracion y ajuste de 2 básculas de camión,calibracion y ajuste de 2 básculas de camión,1.0,226200.0
SO1418,2021-07-21,MONDELEZ MEXICO,SERVICIOS FTS,3512486.96,"Retiro de interrumptores typo RL existentes en tableros de la subestacion 01. tablero TG-SEL1-03 , tablero de 480 V","Retiro de interrumptores typo RL existentes en tableros de la subestacion 01. tablero TG-SEL1-03 , tablero de 480 V",5.0,72600.0
SO1418,2021-07-21,MONDELEZ MEXICO,SERVICIOS FTS,3512486.96,"retiro de interrumptores typo RL existentes en tableros de la subestacion 01. tablero TG-SEL1-01, tablero de 480 V","retiro de interrumptores typo RL existentes en tableros de la subestacion 01. tablero TG-SEL1-01, tablero de 480 V",5.0,72600.0
SO1418,2021-07-21,MONDELEZ MEXICO,SERVICIOS FTS,3512486.96,"Suministro e instalación de interruptores electrico typo RLW en tableros TG-SEL1-01, capacidad de 800 (5 pzas) derivados","Suministro e instalación de interruptores electrico typo RLW en tableros TG-SEL1-01, capacidad de 800 (4 pzas) derivados  , y 3200 amp (1pza) , principal",5.0,673730.0
SO1418,2021-07-21,MONDELEZ MEXICO,SERVICIOS FTS,3512486.96,"Suministro e instalación de interruptores electrico typo RLW en tableros TG-SEL1-03, capacidad de 800 (4 pzas) derivados  , y 3200 amp (1pza) , principal","Suministro e instalación de interruptores electrico typo RLW en tableros TG-SEL1-03, capacidad de 800 (4 pzas) derivados  , y 3200 amp (1pza) , principal",4.0,1449680.0
SO1418,2021-07-21,MONDELEZ MEXICO,SERVICIOS FTS,3512486.96,"Retiro y remplazo de UPS 15 KVA 220 V , num serie T-X42247500072. 220v ,  UPS simovert 6SA8823-4EC41","Retiro y remplazo de UPS 15 KVA 220 V , num serie T-X42247500072. 220v ,  UPS simovert 6SA8823-4EC41",1.0,35816.0
SO1418,2021-07-21,MONDELEZ MEXICO,SERVICIOS FTS,3512486.96,"Suministro e instalación nuevo UPS similar al existente , 15 KVA 220 V , mca siemens  Model S5215 UPS  Incluye: Analisis y balanceo de cargas en tablero alimentado por UPS (No incluye cambio de Circuit breakers adicionales). Si despues del analisis de balance es necesario cambiar algun circuit breaker, este sera cotizado aparte.","Suministro e instalación nuevo UPS similar al existente , 15 KVA 220 V , mca siemens  Model S5215 UPS",1.0,723580.0
SO1702,2021-07-17,MONDELEZ MEXICO,SERVICIOS FTS,62338.4,Instalación de Barra de cobre en suelo para conexión de tierra física de VFDs. Incluye:  Perforación de suelo para instalación de barra de cobre 10 Ft. de largo Instalación de barras cuadrada perforada para conexión de 34 VFDs dentro de tablero Suministro de cable de 12 awg color verde para conexión de tierra de 34 VFDs Suministro de cable 1/0 para conectar de barra de suelo a barras perforadas. Suministro de mordaza para sujetar cable a barra de suelo. conexión de cableado dentro de tablero.,Instalación de Barra de cobre en suelo para conexión de tierra física de VFDs.,1.0,53740.0
SO1569,2021-07-16,MONDELEZ MEXICO,SERVICIOS FTS,51272.0,"Mantenimiento preventivo a 6 TTMs Línea 8 Mantenimiento a Tableros Eléctricos de control de 1 TTM en Linea 8  Incluido en mantenimiento:  - Aspirado de tablero y componentes - Limpieza de gabinete exterior e interior -Sopleteo de botoneras de paro - arranque. - Reapriete de tornillería con torque controlado en base a Workmanship standar de Rockwell Automation. - Reacomodo de cables, canaletas y conexiones mal ubicadas. - Prueba ""Pull check"" punto por punto - Reportes de Mantenimiento digitales",Mantenimiento preventivo a 6 TTMs Línea 8,1.0,44200.0
SO1697,2021-07-15,JUAN DE LA CRUZ MALDONADO,SERVICIOS FTS,45500.0,Póliza de Mantenimiento Julio 2021,Póliza de Mantenimiento A/A mensual.,1.0,39224.14
SO1696,2021-07-15,MONDELEZ MEXICO,SERVICIOS FTS,168200.0,Calibración y ajuste de bascula de FERROCARRIL,CARLIBRACION DE 2 BASCULAS CAMIONERAS Y UNA DE FERROCARRIL,1.0,145000.0
SO1668,2021-07-15,MONDELEZ MEXICO,SERVICIOS FTS,7192.0,Servicio de Limpieza en Tablero Mixer L11 Incluye: - Remplazo de terminales  espada o ferrules - Limpieza con Agente Dieléctrico en todo el tablero HMI - Ruteo de Cableado - Revisión de Condiciones de cableado - Reapriete de terminales - Pruebas de equipo - Entrega de Reporte de Servicio,Servicio de Limpieza en Tablero Mixer L11,1.0,6200.0
SO1619,2021-07-15,MONDELEZ MEXICO,SERVICIOS FTS,10788.0,"Reactor de línea trifásico MTE RL-00402. REACTOR DE LÍNEA /  CARGA, 6.5MH, 4AMPS, MCA ABIERTO MCA MTE",Reactor de línea trifásico MTE,3.0,9300.0
SO1536,2021-07-15,MONDELEZ MEXICO,SERVICIOS FTS,83636.0,"Instalación y suministro de cable especial para torsión y cable ethernet cat6.para TTM3 L5 Incluye:  Cambio, suministro y Ruteo de 2 Cable Ethernet CAT6e (20 mts. aprox.) para comunicación de PLC con Panel view Cable Flexible 19 X20 AWG MCA. TPCWIRE MOD.SUPER-TREX ( Cable demo: https://youtu.be/cWnfuQQr17k ) Ruteo de cables dentro de Panel View. Canalización de cable a través de 15 metros de ducto Y Canal Corte/perforaciones necesarias Fabricación e instalación de tope mecánico para evitar rotación 360° de panel de control. Personal con Certificados DC3 para trabajos: Eléctricos, Alturas y Uso de plataformas. Personal de Seguridad y Supervisión de obra.",Instalación y suministro de cable especial para torsión y cable ethernet cat6.para TTM3 L5,1.0,72100.0
SO1095,2021-07-15,MONDELEZ MEXICO,SERVICIOS FTS,7192.0,"Mantenimiento unitario a Clima de tablero CC Linea 6 Servicio de mantenimiento mayor  a equipo de climatización para tablero de control:  • Desinstalación e Instalación de la unidad. • Desinfección de evaporador. • Limpieza de filtros. • Medición y evaluación de corriente de consumo. • Limpieza en intercambiadores de calor. • Limpieza de compresor. • Revisión, Análisis y diagnostico de la unidad. • ""setup"" y puesta marcha.",Mantenimiento Clima de Tablero,1.0,6200.0
SO1691,2021-07-13,OXXO SA de CV,SERVICIOS FTS,26400.0,POLIZA AUX DE MANTENIMIENTO CEDIS GPE - JULIO 2021,POLIZA - AREAS GENERALES CEDIS GUADALUPE - JUNIO 2020,1.0,24000.0
SO1685,2021-07-13,Empacadora San Marcos,SERVICIOS FTS,40234.6,Reprogramación en PanelView y PLC de Cerradora L5 Incluye  Reprogramacion de  PLC Allen Bradley  Reprogramacion en Panel View Allen Bradley Recurso de programas requeridos  Soporte en arranque de la linea   Caracteristicas del personal  Personalde seguridad certificado  Ingeniero progrmador para el PLC Personal tecnico con DC3 correspondientes  Certificación AllenBradley System Integrator,Reprogramación en PanelView y PLC de Cerradora L5,1.0,34685.0
SO1601,2021-07-12,Nalco de Mexico SA. de .CV,SERVICIOS FTS,36482.0,Suministro de materiales para adecuaciones en PVC DEC 80,Suministro de materiales para adecuaciones en PVC DEC 80,1.0,16150.0
SO1601,2021-07-12,Nalco de Mexico SA. de .CV,SERVICIOS FTS,36482.0,Servicio de adecuacion de cabezal ultrasand,Servicio de adecuacion de cabezal ultrasand,1.0,15300.0
SO1687,2021-07-08,MONDELEZ MEXICO,SERVICIOS FTS,64403.2,"SUMINISTRO E INSTALACION DE GOMAS ANTIVIBRATORIAS VERIFICACION DE PESO EN L12  SUMINISTRO E INSTALACION DE GOMAS ANTIVIBRATORIAS EN VERIFICADORAS DE PESO CON MEDIDAS DE APROXIMADAS DE 1"" DE ALTURA X 3"" DE DIAM, INCLUYENDO COLOCACION DE ANCLAS TIPO ARPON PARA SU CORRECTA FIJACION. NOTA: LOS TRABAJOS SERAN EJECUTADOS EN LAS 2 MAQUINAS EXISTENTES DE L-12 SECCION DOUGLAS EMPAQUE",SUMINISTRO E INSTALACION DE GOMAS ANTIVIBRATORIAS VERIFICACION DE PESO EN L12,1.0,55520.0
SO1635,2021-07-08,MONDELEZ MEXICO,SERVICIOS FTS,96048.0,"Tecnico Especialista en Automatización ( FIN DE SEMANA ) 4 DIAS TURNO NOCTURNO  5 DIAS TURNO DIA  Habilidades: - Experiencia tecnica en Automatización - Dominio de marca Allen Bradley - Seguimiento a Proyectos. - Capacidad administrativa. - Trabajo en equipo - Certificados DC3 en : Trabajos Electricos , LOTO, ARC FLASH.",Supervisor Automatización,1.0,82800.0
SO1476,2021-07-07,MONDELEZ MEXICO,SERVICIOS FTS,65028.79,Mantenimiento a intercambiador de Calor de Placas L12 Incluye como parte del mantenimiento:  Desconexión y conexión de tomas para agua. Ingreso de agua recirculando agente de limpieza SCALE CLEANER para desincrustar suciedad e impurezas dentro de Intercambiador. Se suministra bomba para recircular agua. Servicio realizado en planta. Prueba de equipo.,Mantenimiento a intercambiador de Calor de Placas L12,1.0,56059.3
SO1663,2021-07-06,"FEPRO INGENIEROS, S.A. DE C.V.",SERVICIOS FTS,31320.0,"Repair service air dryer   Included in service: - Condenser cleaning service, filter screws retightening, refrigerant gas charge.",Repair service air dryer,1.0,17000.0
SO1663,2021-07-06,"FEPRO INGENIEROS, S.A. DE C.V.",SERVICIOS FTS,31320.0,Circuit Breaker change  - Included - Circuit brraker supply - Circuit breaker change,Circuit Breaker chance,2.0,10000.0
SO1641,2021-07-06,MONDELEZ MEXICO,SERVICIOS FTS,118552.0,"Instalación de compresor en Tunel L8 zona 2  Incluye: -Traslado de compresor desde almacén a Tunel de enfriamiento L8 Zona 2 -Conexión de Tubería Alta y Baja , Preseostatos , Bomba de aceite , Resistencia de carter . -Conexión de Sensores Alta y Baja  -Conexión Eléctrica -Carga de Gas 507 , incluye 1 boya  -Arranque y vació.  -Cambio de cabeza para control de capacidad , cambio de empaques y mano de obra . - Maniobra de traslado  de mdlz a taller y taller a mdlz ( elementos y equipos necesarios para maniombra)",Instalación de compresor en Tunel L8 zona 2,1.0,102200.0
SO1568,2021-07-06,"Empacadora San Marcos, Jesus Navarro",SERVICIOS FTS,43764.48,"Suministro de Motor SIEMENS (1AV3094A) Incluye  Suministro de un motor marca SIEMENS  Descripción  SIMOTICS GP TIPO MOTOR: 1AV3094A motor de baja tensión, IEC rotor de jaula, con auto ventilación, IP55 clase térmica 155(F) según 130(B) caja de aluminio Eficiencia superior IE3, 2 polos * mód. 90L * 2,2 kW (50Hz) 2,55kW (60Hz) 50 Hz 3 AC 230 VD/400 VY * 60 Hz 3 AC 460 VY IM B 3, SIN PROTECCION MOTOR Caja de bornes arriba   *no incluye instalación de ningún tipo",Suministro de Motor SIEMENS (1AV3094A),1.0,37728.0
SO1667,2021-07-05,MONDELEZ MEXICO,SERVICIOS FTS,226200.0,Servicio de Mantenimiento y Calibración de equipo Rayos X Línea 11  OBSERVACION: - INCLUYE MANO DE OBRA - HERRAMIENTAS - REFACCIONES NECESARIAS,Servicio de Mantenimiento y Calibración de equipo Rayos X Línea 11,1.0,195000.0
SO1654,2021-07-05,MONDELEZ MEXICO,SERVICIOS FTS,1531.2,incluye : FILTRO/AIRE/SK 3240.200/RITTAL 52117983,52117983,1.0,1320.0
SO1659,2021-07-03,MONDELEZ MEXICO,SERVICIOS FTS,7968.04,"suministro KIT Compact flash Verbatim Incluye: - Suministro de 4  Verbatim CompactFlash 4GB Memory Card (95188)  Compatible con todos los sistemas operativos principales, incluidos DOS / WINDOWS 98 / ME / 2000 / NT / CE, Mac OS, Epoc (PSION) y Linux  - Suministro de 2  Lector de Tarjeta de Memoria Múltiple 5Gbps Velocidad, Soporta (TF SD SDXC SDHC MMC CFI CFII Ultra II CF Extreme CF MS)",suministro KIT Compact flash,1.0,6869.0
SO1653,2021-07-03,"Empacadora San Marcos, Jesus Navarro",SERVICIOS FTS,848076.0,Reintegracion de sistema de control Cerradora ZACMI L5  Incluye:,Integración PLC en Cerradora ZACMI L5,1.0,731100.0
SO1651,2021-07-03,MONDELEZ MEXICO,SERVICIOS FTS,71456.0,"Servicio de Mantenimiento a 1 rodillo de Maquinado Incluye:  - Retiro de suministro de agua helada de chiller. - Ingreso de agua recirculando agente de limpieza ""Scale Cleaner"" dentro del rodillo. - Se suministra bomba para recircular agua. - Suministro de agente de limpieza Scale Cleaner. - Incluye conexiones y material para conectarse a los rodillos.",Servicio de Mantenimiento Mayor a chiller,1.0,61600.0
SO1650,2021-07-03,MONDELEZ MEXICO,SERVICIOS FTS,59769.0,"Servicio de instalación de candados tipo cadena para fijar equipos de medición. Incluye:  Perforación para colocar ancla tipo expansor o taquete en pared o metal. Realizar perforación en equipos que sea necesario para instalación de oreja para candado. Colocar cable acerado con recubrimiento plástico, de anclaje a equipo, se coloca un candado por equipo. Entrega de llave maestra por línea.",Servicio de instalación de candados tipo cadena para fijar equipos de medición.,45.0,51525.0
SO1588,2021-07-03,MONDELEZ MEXICO,SERVICIOS FTS,75284.0,"Modificacion de tuberia y cableado de sensores Mixer L4 Incluye:  Eliminación de  tubería Conduit actual 1/2 ""colocación de tubería nueva. Remplazo de 12 cables de sensor, cable 3 hilos calibre 20, Conector M8. Remplazo de12 cables de control de interconexión, condulet - tablero mixer. Instalación de gabinete de control 25 x 30 cm, incluye clemas y riel din. Instalación de nuevas cajas de conexión tipo Condulet. Conexión de líneas de control en clemas internas de tablero HMI Mixer. Encendido y puesta en marcha de equipo.",Modificacion de tuberia y cableado de sensores Mixer L4,1.0,64900.0
SO1617,2021-06-25,MONDELEZ MEXICO,SERVICIOS FTS,46168.0,"Instalación de Cableado Ethernet y tubería conduit  desde tablero de comunicación IMAFONI a data concentrator (IDD)   Incluye:  - Instalación y suministro de tubería Conduit pared gruesa 1/2"" y hardware por 34 metros para comunicación Ethernet  - Canalización de cable Ethernet a través de tuberia.  - Incluye Cable Ethernet CAT5E MCA. Panduit. o Belden . - Incluye conectores ponchados en ambos extremos. - Corte/perforación de vigas de acero para paso aéreo.  - Personal con Certificados DC3 para trabajos: Electricos, Alturas y Uso de plataformas.  - Personal de Seguridad y Supervisión de obra.   Términos y condiciones de entrega :  Sujeto a disponibilidad de linea y aprobación de calidad y seguridad.",Instalación de Cableado Ethernet y tubería conduit  desde tablero de comunicación,1.0,39800.0
SO1600,2021-06-25,MONDELEZ MEXICO,SERVICIOS FTS,12064.0,"Mantenimiento a tablero eléctrico y 1 climas mixer L1 • Desinstalación e Instalación de la unidad. • Desinfección de evaporador. • Limpieza de filtros. • Medición y evaluación de corriente de consumo. • Limpieza en intercambiadores de calor. • Limpieza de compresor. • Revisión, Análisis y diagnostico de la unidad. • ""setup"" y puesta marcha.  - Aspirado de tablero y componentes - Limpieza de gabinete exterior e interior - Reapriete de tornillería con torque controlado. - Reacomodo de cables, canaletas y conexiones mal ubicadas. - Prueba ""Pull check"" punto por punto - Puesta en marcha de equipo. - Reportes de Mantenimiento digitales",Mantenimiento a tablero eléctrico y 1 climas mixer L1,1.0,10400.0
SO1599,2021-06-25,MONDELEZ MEXICO,SERVICIOS FTS,20126.0,"Mantenimiento a tablero eléctrico y 2 climas Maquinado L1 • Desinstalación e Instalación de la unidad. • Desinfección de evaporador. • Limpieza de filtros. • Medición y evaluación de corriente de consumo. • Limpieza en intercambiadores de calor. • Limpieza de compresor. • Revisión, Análisis y diagnostico de la unidad. • ""setup"" y puesta marcha.  - Aspirado de tablero y componentes - Limpieza de gabinete exterior e interior - Reapriete de tornillería con torque controlado. - Reacomodo de cables, canaletas y conexiones mal ubicadas. - Prueba ""Pull check"" punto por punto - Puesta en marcha de equipo. - Reportes de Mantenimiento digitales",Mantenimiento a tablero eléctrico y 2 climas Maquinado L1,1.0,17350.0
SO1598,2021-06-25,MONDELEZ MEXICO,SERVICIOS FTS,20126.0,"Mantenimiento a tablero eléctrico y 2 climas Horno L1 Mantenimiento a clima incluye:  - Desinstalación e Instalación de la unidad. - Desinfección de evaporador. - Limpieza de filtros. - Medición y evaluación de corriente de consumo. - Limpieza en intercambiadores de calor. - Limpieza de compresor. - ""setup"" y puesta marcha.  Mantenimiento a tablero electrico Incluye:  - Aspirado de tablero y componentes - Limpieza de gabinete exterior e interior - Reapriete de tornillería con torque controlado. - Reacomodo de cables, canaletas y conexiones mal ubicadas. - Prueba ""Pull check"" punto por punto - Puesta en marcha de equipo. - Reportes de Mantenimiento digitales.",Mantenimiento a tablero eléctrico y 2 climas Horno L1,1.0,17350.0
SO1624,2021-06-22,MONDELEZ MEXICO,SERVICIOS FTS,7192.0,"Mantenimiento Clima de Tablero Maquinado L11 Servicio de mantenimiento mayor  a equipo de climatización para tablero de control:  • Desinstalación e Instalación de la unidad. • Desinfección de evaporador. • Limpieza de filtros. • Medición y evaluación de corriente de consumo. • Limpieza en intercambiadores de calor. • Limpieza de compresor. • Revisión, Análisis y diagnostico de la unidad. • ""setup"" y puesta marcha.",Mantenimiento Clima de Tablero,1.0,6200.0
SO1643,2021-06-21,MONDELEZ MEXICO,SERVICIOS FTS,13688.0,Ventilador (Condenser Fan Blower) para clima Pentair  Mod: N280416G050,Ventilador (Condenser Fan Blower) para clima Pentair  Mod: N280416G050,1.0,11800.0
SO1640,2021-06-18,MONDELEZ MEXICO,SERVICIOS FTS,45124.0,"Tecnico Especialista en Automatización  Habilidades: - Experiencia tecnica en Automatización - Dominio de marca Allen Bradley - Seguimiento a Proyectos. - Capacidad administrativa. - Trabajo en equipo - Certificados DC3 en : Trabajos Electricos , LOTO, ARC FLASH.",Supervisor Automatización,1.0,38900.0
SO1639,2021-06-18,MONDELEZ MEXICO,SERVICIOS FTS,64403.2,"SUMINISTRO E INSTALACION DE GOMAS ANTIVIBRATORIAS VERIFICACION DE PESO EN L12  SUMINISTRO E INSTALACION DE GOMAS ANTIVIBRATORIAS EN VERIFICADORAS DE PESO CON MEDIDAS DE APROXIMADAS DE 1"" DE ALTURA X 3"" DE DIAM, INCLUYENDO COLOCACION DE ANCLAS TIPO ARPON PARA SU CORRECTA FIJACION. NOTA: LOS TRABAJOS SERAN EJECUTADOS EN LAS 2 MAQUINAS EXISTENTES DE L-12 SECCION DOUGLAS EMPAQUE",SUMINISTRO E INSTALACION DE GOMAS ANTIVIBRATORIAS VERIFICACION DE PESO EN L12,1.0,55520.0
SO1610,2021-06-16,MONDELEZ MEXICO,SERVICIOS FTS,997600.0,"Soporte de integracion de software  para wrapper de L1con soporte remoto de ingeniero de syntegon  Incluye: -  Renta de 2 técnicos en piso por 3 semanas. - Soporte de instalación de platina  , peinado de tablero. -Renta de un técnico especialista y un segurista , turno nocturno. -Identificación de senales y cortos en tablero y resistencias de sellado . -Configuración de 6  drivers Kinetix 5500  -Configuracion y conexion de sensores  - Soporte de Integracion de software de PLC, desarrollo de aplicaciones de HMI. -  Configuracion e integracion de Red y puesta en marcha de switch stratix. -",Soporte de integracion de software L1 con soporte remoto de ingeniero de syntegon,1.0,860000.0
SO1638,2021-06-14,MONDELEZ MEXICO,SERVICIOS FTS,73033.6,Tarjeta de comunicación RS485 OPTC2 Eaton Tarjeta OPTC2 Importación  de USA.,Tarjeta de comunicación RS485 OPTC2 Eaton,1.0,62960.0
SO1627,2021-06-14,MONDELEZ MEXICO,SERVICIOS FTS,31784.0,Servicio de carga de aceite en Tunel L8 zona 2  Incluye : -Carga de aceite en Túnel de enfriamiento L8 zona 2.  -Revisión de parámetros de operación y buen funcionamiento después de carga de aceite. -no incluye acciones correctivas.,Servicio de carga de aceite en Tunel L8 zona 2,1.0,27400.0
SO1621,2021-06-14,MONDELEZ MEXICO,SERVICIOS FTS,377000.0,Servicio de Mantenimiento y Calibración de equipo Rayos X Línea 5  OBSERVACION: - INCLUYE MANO DE OBRA - HERRAMIENTAS - REFACCIONES NECESARIAS,Servicio de Mantenimiento y Calibración de equipo Rayos X Línea 5,1.0,130000.0
SO1621,2021-06-14,MONDELEZ MEXICO,SERVICIOS FTS,377000.0,Servicio de Mantenimiento y Calibración de equipo Rayos X Línea 7  OBSERVACION: - INCLUYE MANO DE OBRA - HERRAMIENTAS - REFACCIONES NECESARIAS,Servicio de Mantenimiento y Calibración de equipo Rayos X Línea 7,1.0,195000.0
SO1543,2021-06-14,MONDELEZ MEXICO,SERVICIOS FTS,56260.0,Servicio de Reparación de Clima de Tablero Horno L8-B  incluye : - Cambio e instalación de compresor - Limpieza de sistema de refrigeración con nitrógeno - Soldadura del 5% de plata. - Carga de gas  - Instalación de equipo en tablero eléctrico y puesta en marcha.,Servicio de Reparación de Clima de Tablero Maquinado L11,1.0,48500.0
SO1630,2021-06-10,OXXO SA de CV,SERVICIOS FTS,26400.0,POLIZA AUX DE MANTENIMIENTO CEDIS GPE - JUNIO 2021,POLIZA - AREAS GENERALES CEDIS GUADALUPE - JUNIO 2020,1.0,24000.0
SO1628,2021-06-10,MONDELEZ MEXICO,SERVICIOS FTS,45124.0,"Servicio de Mantenimiento a Chiller Incluye:  Limpieza a serpentines con agua a presión , revisión de presiones , desmontaje de motores de ventiladores de condensadora , limpieza de charola de condensados , revisión y ajustes al sistema de refrigeración.",Servicio de Mantenimiento a Chiller,1.0,38900.0
SO1626,2021-06-10,"MONDELEZ MEXICO, Gerardo Pineda",SERVICIOS FTS,14384.0,"Mantenimiento Clima de Tablero Maquinado L5 Servicio de mantenimiento mayor  a equipo de climatización para tablero de control:  • Desinstalación e Instalación de la unidad. • Desinfección de evaporador. • Limpieza de filtros. • Medición y evaluación de corriente de consumo. • Limpieza en intercambiadores de calor. • Limpieza de compresor. • Revisión, Análisis y diagnostico de la unidad. • ""setup"" y puesta marcha.",Mantenimiento Clima de Tablero,1.0,12400.0
SO1535,2021-06-09,MONDELEZ MEXICO,SERVICIOS FTS,83636.0,"Instalación y suministro de cable especial para torsión y cable ethernet cat6.para TTM2 L5 Incluye:  Cambio, suministro y Ruteo de 2 Cable Ethernet CAT6e (20 mts. aprox.) para comunicación de PLC con Panel view Cable Flexible 19 X20 AWG MCA. TPCWIRE MOD.SUPER-TREX ( Cable demo: https://youtu.be/cWnfuQQr17k ) Ruteo de cables dentro de Panel View. Canalización de cable a través de 15 metros de ducto Y Canal Corte/perforaciones necesarias Fabricación e instalación de tope mecánico para evitar rotación 360° de panel de control. Personal con Certificados DC3 para trabajos: Eléctricos, Alturas y Uso de plataformas. Personal de Seguridad y Supervisión de obra.",Instalación y suministro de cable especial para torsión y cable ethernet cat6.para TTM2 L5,1.0,72100.0
SO1529,2021-06-09,MONDELEZ MEXICO,SERVICIOS FTS,83636.0,"Instalación y suministro de cable especial para torsión y cable ethernet cat6.para TTM1 L5 Incluye:  Cambio, suministro y Ruteo de 2 Cable Ethernet CAT6e para comunicación de PLC con Panel view Cable Flexible 19 X20 AWG MCA. TPCWIRE MOD.SUPER-TREX ( Cable demo: https://youtu.be/cWnfuQQr17k ) Ruteo de cables dentro de Panel View. Canalización de cable a travez de 15 metros de ducto Y Canal Corte/perforaciónes necesarias Personal con Certificados DC3 para trabajos: Electricos, Alturas y Uso de plataformas.Personal de Seguridad y Supervisión de obra.",Instalación y suministro de cable especial para torsión y cable ethernet cat6.para TTM1 L5,1.0,72100.0
SO1528,2021-06-09,MONDELEZ MEXICO,SERVICIOS FTS,17748.0,"Servicio de mantenimiento climas de tablero eléctrico Empaque L5 Incluye:  Servicio de mantenimiento a climas de tablero eléctrico: Espirales Ambaflex, Douglas A y B.  • Desinstalación e Instalación de la unidad. • Desinfección de evaporador. • Limpieza de filtros. • Medición y evaluación de corriente de consumo. • Limpieza en intercambiadores de calor. • Limpieza de compresor. • Revisión, Análisis y diagnostico de la unidad. • ""setup"" y puesta marcha.",Servicio de mantenimiento climas de tablero eléctrico Empaque L5.,3.0,15300.0
SO1527,2021-06-09,MONDELEZ MEXICO,SERVICIOS FTS,14384.0,"Servicio de mantenimiento climas de tablero eléctrico Horno L5 Incluye: • Desinstalación e Instalación de las 2 unidades, lado izquierdo, derecho tablero horno. • Desinfección de evaporador. • Limpieza de filtros. • Medición y evaluación de corriente de consumo. • Limpieza en intercambiadores de calor. • Limpieza de compresor. • Revisión, Análisis y diagnostico de la unidad. • ""Setup"" y puesta marcha.",Servicio de mantenimiento climas de tablero eléctrico Horno L5,2.0,12400.0
SO1558,2021-06-02,MONDELEZ MEXICO,SERVICIOS FTS,1043454.8,"2 Reducciones 40x32 a 38x34, para transicion de pasamuro",2 Reducciones 40x32 a 38x34,1.0,24650.0
SO1558,2021-06-02,MONDELEZ MEXICO,SERVICIOS FTS,1043454.8,Fabricacion e Instalación de Mezanine para cubo de servicio encima de subestacion 14 . Incluye memorias de Calculo para liberacion en planta,Fabricacion e Instalación de 2 Mezanine para cubos de servicio encima de subestacion 14 y 16  material,1.0,154400.0
SO1558,2021-06-02,MONDELEZ MEXICO,SERVICIOS FTS,1043454.8,1 damper 30” diámetro para bayoneta tipo pantalon,1 damper 30” diámetro,1.0,18480.0
SO1558,2021-06-02,MONDELEZ MEXICO,SERVICIOS FTS,1043454.8,1 damper 18” diámetro para bayoneta tipo pantalon,1 damper 18” diámetro,1.0,12320.0
SO1558,2021-06-02,MONDELEZ MEXICO,SERVICIOS FTS,1043454.8,Demolicion de Cielo Falso en Subestacion 14,Demolicion e Instalacion de Cielo Falso en Subestacion 14,1.0,42650.0
SO1558,2021-06-02,MONDELEZ MEXICO,SERVICIOS FTS,1043454.8,Demolicion y preparacion de pasamuro de 38X34  En FLOW Master.,Demolicion y preparacion de pasamuro de 38X34  En FLOW Master.,1.0,24750.0
SO1558,2021-06-02,MONDELEZ MEXICO,SERVICIOS FTS,1043454.8,1 codo 90 15” diámetro para  transicion hacia textil (en el plano lo marca rosa),1 codo 90 15” diámetro,1.0,6160.0
SO1558,2021-06-02,MONDELEZ MEXICO,SERVICIOS FTS,1043454.8,"Soportería PTR 2"" para Ducto Transicion de Flow Master 40X32","Soportería PTR 2"" para Ducto Transicion de Flow Master 40X32",1.0,35000.0
SO1558,2021-06-02,MONDELEZ MEXICO,SERVICIOS FTS,1043454.8,Fabricacion e Instalación de Mezanine para cubo de servicio encima de subestacion 16 . Incluye memorias de Calculo para liberacion en planta,Fabricacion e Instalación de 2 Mezanine para cubos de servicio encima de subestacion 14 y 16  material,1.0,154400.0
SO1558,2021-06-02,MONDELEZ MEXICO,SERVICIOS FTS,1043454.8,1 Bayoneta con 2 codos 45 grados  36X26. para  cooling tunnel (Cubo de subestacion 16) Extraccion,2 codos 45 30x24.,1.0,89100.0
SO1558,2021-06-02,MONDELEZ MEXICO,SERVICIOS FTS,1043454.8,1 transicion 30 X 24 de horizontal a Vertical (Cubo de subestacion 16) Inyeccion,1 codo horizontal 30x24,1.0,28900.0
SO1558,2021-06-02,MONDELEZ MEXICO,SERVICIOS FTS,1043454.8,1 codo horizontal 30x24 para transicion en Cubo de  (Cubo de subestacion 16) Inyeccion,1 codo horizontal 30x24,1.0,9240.0
SO1558,2021-06-02,MONDELEZ MEXICO,SERVICIOS FTS,1043454.8,2 codos 45 32x22. para bayoneta en area de cooling tunnel (mezzanine) ducto que le da la vuelta al ducto de aire circular,2 codos 45 14x14,1.0,22220.0
SO1558,2021-06-02,MONDELEZ MEXICO,SERVICIOS FTS,1043454.8,2 codos 45 22X14. para bayoneta en area de cooling tunnel (mezzanine) ducto hacia pasillo de conveyor,2 codos 45 32x22.,1.0,22220.0
SO1558,2021-06-02,MONDELEZ MEXICO,SERVICIOS FTS,1043454.8,1 codos 45 16”diámetro  para disparos/ bajadas a maquina 5 de  tunel de enfriamiento,3 codos 45 16”diámetro,1.0,5430.0
SO1558,2021-06-02,MONDELEZ MEXICO,SERVICIOS FTS,1043454.8,6 Acoplamientos para llegadas a maquina de tunel de enfriamiento,6 modificación tapas,1.0,36960.0
SO1558,2021-06-02,MONDELEZ MEXICO,SERVICIOS FTS,1043454.8,Demolicion de Cielo Falso en Subestacion 16,Demolicion e Instalacion de Cielo Falso en Subestacion 14,1.0,42650.0
SO1558,2021-06-02,MONDELEZ MEXICO,SERVICIOS FTS,1043454.8,Cambio forro exterior de lámina a aluminio en MUNTERS 1  Proyecto Flow Master,Cambio forro exterior de lámina a aluminio,1.0,68000.0
SO1558,2021-06-02,MONDELEZ MEXICO,SERVICIOS FTS,1043454.8,Cambio forro exterior de lámina a aluminio en MUNTERS 2  Proyecto Cooling Tunnel Ducto Inyeccion,Cambio forro exterior de lámina a aluminio,1.0,61200.0
SO1558,2021-06-02,MONDELEZ MEXICO,SERVICIOS FTS,1043454.8,Cambio forro exterior de lámina a aluminio en MUNTERS 2  Proyecto Cooling Tunnel Ducto Extraccion,Cambio forro exterior de lámina a aluminio,1.0,40800.0
SO1593,2021-06-01,"FEPRO INGENIEROS, S.A. DE C.V.",SERVICIOS FTS,39440.0,"Diagnostico y peritaje de falla en deshumidificador Tetrapack Zona Atex MDLZ MTY Incluye:  - Ingeniero especialista en Refrigeracion - Ingeniero especialista en control e instrumentacion. - Reportedigital de falla en Español e Ingles (Para revisión con OEM). - Junta con OEM para revisión y explicación (Las que sean necesarias). - Diagnostico al sistema de refrigeración, accesorios, sistema de control. -Equipo de programación para revisión de control (Solo en caso de ser necesario). - Analisis termografico de compresores y elementos del circuito de refrigeracion con camara FLIR E4 (Solo en caso de ser necesario). - Revisión de causa raiz del problema. - Propuesta de reparación. - Propuesta de prevención para protección de recurrencia de falla.",Diagnostico y peritaje de falla en deshumidificador Tetrapack Zona Atex MDLZ MTY,1.0,34000.0
SO1602,2021-05-31,MONDELEZ MEXICO,SERVICIOS FTS,22132.8,"Guantes Showa Arc Flash Guantes de Arco Eléctrico, SHOWA Material Kevlar Modacrílico y Fribra de Vidrio con Revestimiento de Neopreno en la Palma, Aplicación Ensamblaje, Mantenimiento.  GUANTE-DIELECTRICO/#8/240-08/SHOWA",Guantes Showa Arc Flash,24.0,19080.0
SO1450,2021-05-31,MONDELEZ MEXICO,SERVICIOS FTS,11066.4,"Guantes Showa Arc Flash Guantes de Arco Eléctrico, SHOWA Material Kevlar Modacrílico y Fribra de Vidrio con Revestimiento de Neopreno en la Palma, Aplicación Ensamblaje, Mantenimiento.  GUANTE-DIELECTRICO/#10/240-10/SHOWA",Guantes Showa Arc Flash,12.0,9540.0
SO1590,2021-05-25,MONDELEZ MEXICO,SERVICIOS FTS,194880.0,"DIAGNOSTICO Y MANTENIMIENTO COMPLETO  A COMPRESOR  ( SE RECOMIENDA DESPUES DE 50,000 HR DE USO) Incluye :   Servicio de desinstalación e instalación de compresor Servicio mayor a compresor ( Overhaulin) Diagnostico Conexión de compresor Carga de Gas Carga de aceite Arranque  INSUMOS INCLUIDOS: 1 Boya de Aceite 3 Boyas de Gas 1 Válvula de expansión","DIAGNOSTICO Y MANTENIMIENTO COMPLETO  A COMPRESOR  ( SE RECOMIENDA DESPUES DE 50,000 HR DE USO)",1.0,168000.0
SO1589,2021-05-25,MONDELEZ MEXICO,SERVICIOS FTS,33495.0,Servicio de carga de gas en Tunel L8 zona 4 Incluye : -Carga de gas en Túnel de enfriamiento L8 zona 4.  -Revisión de parámetros de operación y buen funcionamiento después de carga de gas. -no incluye acciones correctivas.,Servicio de carga de gas en Tunel L8 zona 4,1.0,28875.0
SO1585,2021-05-19,JUAN DE LA CRUZ MALDONADO,SERVICIOS FTS,136460.0,Póliza de Mantenimiento Mayo 2021,Póliza de Mantenimiento A/A mensual.,1.0,117637.93
SO1582,2021-05-18,MONDELEZ MEXICO,SERVICIOS FTS,7192.0,"Mantenimiento a clima de tablero Mantenimiento Climas de Tablero Calibradores  • Desinstalación e Instalación de la unidad. • Desinfección de evaporador. • Limpieza de filtros. • Medición y evaluación de corriente de consumo. • Limpieza en intercambiadores de calor. • Limpieza de compresor. • Revisión, Análisis y diagnostico de la unidad. • ""setup"" y puesta marcha. •  Reporte",Mantenimiento a clima de tablero,1.0,6200.0
SO1581,2021-05-18,MONDELEZ MEXICO,SERVICIOS FTS,7192.0,"Mantenimiento a clima de tablero Mantenimiento Climas de Tablero de L9 Rociadora  • Desinstalación e Instalación de la unidad. • Desinfección de evaporador. • Limpieza de filtros. • Medición y evaluación de corriente de consumo. • Limpieza en intercambiadores de calor. • Limpieza de compresor. • Revisión, Análisis y diagnostico de la unidad. • ""setup"" y puesta marcha. •  Reporte",Mantenimiento a clima de tablero,1.0,6200.0
SO1579,2021-05-17,MONDELEZ MEXICO,SERVICIOS FTS,14384.0,"Servicio de mantenimiento climas de tablero eléctrico Horno L9 Incluye: • Desinstalación e Instalación de las 2 unidades, lado izquierdo, derecho tablero horno. • Desinfección de evaporador. • Limpieza de filtros. • Medición y evaluación de corriente de consumo. • Limpieza en intercambiadores de calor. • Limpieza de compresor. • Revisión, Análisis y diagnostico de la unidad. • ""Setup"" y puesta marcha.",Servicio de mantenimiento climas de tablero eléctrico Horno L5,2.0,12400.0
SO1550,2021-05-17,MONDELEZ MEXICO,SERVICIOS FTS,13920.0,Servicio Diagnostico Para falla en Tablero de Túnel de enfriamiento L8 - Z3- Control   Incluye :   - 1 Ingeniero en Automatización  - Herramientas para diagnostico eléctrico/electrónico,Servicio Diagnostico Para falla en Tablero de Túnel de enfriamiento L8 - Z3- Control,1.0,12000.0
SO1544,2021-05-17,MONDELEZ MEXICO,SERVICIOS FTS,29580.0,"Servicio de Mantenimiento Preventivo a Polipasto L6 Incluye:  - Revisión de caja de engranajes y sistema neumático - Revisión de conexiones empernadas y apriete de pernos - Revisión  de tuercas de bloqueo - Revisión de conexiones eléctricas, puesta a tierra, dispositivos eléctricos contra diagrama y revisión de conexiones relacionadas a la seguridad del equipo. - Revisión del estado de la cadena - Revisión de la sujeción de los extremos de la cadena. - Revisión de la correcta lubricación de la cadena. - Revisión de gancho, cerrojo de seguridad en buen estado y su funcionamiento. Revisión de giro, revisión de apertura se gancho de bloqueo y suspensión.  - Lubricación de rodamientos. - Lubricación de cadenas y engranajes - Lubricación de pasadores de suspensión de cadena. - Aplicación de grasa a engranajes. - Retiro de grasa en exceso. - Pruebas de peso con Carga de Mondelez.  Incluye equipo de elevación para maniobras.",Servicio de Mantenimiento Preventivo a Polipasto L6,1.0,25500.0
SO1522,2021-05-17,MONDELEZ MEXICO,SERVICIOS FTS,12412.0,"Mantenimiento Clima de Tablero Servicio de mantenimiento mayor  a equipo de climatización para tablero de control:  • Desinstalación e Instalación de la unidad. • Desinfección de evaporador. • Limpieza de filtros. • Medición y evaluación de corriente de consumo. • Limpieza en intercambiadores de calor. • Limpieza de compresor. • Revisión, Análisis y diagnostico de la unidad. • ""setup"" y puesta marcha.",Mantenimiento Clima de Tablero,1.0,6200.0
SO1522,2021-05-17,MONDELEZ MEXICO,SERVICIOS FTS,12412.0,Suministro de sensor de Temperatura  - Suministro e instalación de sensor de temperatura de condensadora.,Suministro de sensor de Temperatura,1.0,4500.0
SO1573,2021-05-12,MONDELEZ MEXICO,SERVICIOS FTS,7192.0,"Mantenimiento Clima de Tablero Servicio de mantenimiento mayor  a equipo de climatización para tablero de control:  • Desinstalación e Instalación de la unidad. • Desinfección de evaporador. • Limpieza de filtros. • Medición y evaluación de corriente de consumo. • Limpieza en intercambiadores de calor. • Limpieza de compresor. • Revisión, Análisis y diagnostico de la unidad. • ""setup"" y puesta marcha.",Mantenimiento Clima de Tablero,1.0,6200.0
SO1565,2021-05-12,MONDELEZ MEXICO,SERVICIOS FTS,37584.0,Instalación de 6 soportes y 6 equipos router detector de vibración en diferentes areas de planta,Instalación de 6 soportes y 6 equipos router detector de vibración en diferentes areas de planta,1.0,32400.0
SO1552,2021-05-12,MONDELEZ MEXICO,SERVICIOS FTS,96609.49,"Instalación y suministro de 2 cables flexibles de 20 lineas X 22 AWG atravez de ducto. Desde Panel View , hasta tablero electrico. Total: 40 lineas flexiblres. Linea 7 empaquetadora  Incluye:. - Incluye cambio, suministro y Ruteo de Cable Ethernet CAT6e para comunicación de PLC con Panelview - Cable Flexible 20 X22 AWG MCA. TPCWIRE MOD.SUPER-TREX ( Cable demo: https://youtu.be/cWnfuQQr17k ) -  Ruteo de cables dentro de Panel View. - Canalización de cable a travez de 15 metros de ducto Y Canal - Corte/perforaciónes necesarias - Personal con Certificados DC3 para trabajos: Electricos, Alturas y Uso de plataformas. - Personal de Seguridad y Supervisión de obra.",Instalación de Cable Ethernet,1.0,83284.04
SO1562,2021-05-11,MONDELEZ MEXICO,SERVICIOS FTS,56260.0,"Diagnostico y reparación a Clima Rittal SK 3328540, Serie 231180751007002 Incluye : - Cambio e instalación de compresor - Limpieza de sistema de refrigeración con nitrógeno - Soldadura del 5% de plata. - Carga de gas  - Instalación de equipo en tablero eléctrico y puesta en marcha.","Diagnostico y reparación a Clima Rittal SK 3328540, Serie 231180751007002",1.0,48500.0
SO1559,2021-05-11,MONDELEZ MEXICO,SERVICIOS FTS,56260.0,"Diagnostico y reparación a Clima Rittal SK 3328540, SN 230931402007001 Incluye : - Cambio e instalación de compresor - Limpieza de sistema de refrigeración con nitrógeno - Soldadura del 5% de plata. - Carga de gas  - Instalación de equipo en tablero eléctrico y puesta en marcha.","Diagnostico y reparación a Clima Rittal SK 3328540, SN 230931402007001",1.0,48500.0
SO1519,2021-05-07,MONDELEZ MEXICO,SERVICIOS FTS,14384.0,"Servicio de mantenimiento a 2 climas de tablero electrico de horno L4 • Desinstalación e Instalación de la unidad. • Desinfección de evaporador. • Limpieza de filtros. • Medición y evaluación de corriente de consumo. • Limpieza en intercambiadores de calor. • Limpieza de compresor. • Revisión, Análisis y diagnostico de la unidad. • ""setup"" y puesta marcha.",Servicio de mantenimiento a 2 climas de tablero electrico de horno L4,1.0,12400.0
SO1503,2021-05-07,GARCOMEX,SERVICIOS FTS,4211428.72,"Servicio de Desmontaje, Traslado y Montaje de Equipos y accesorios","Servicio de Desmontaje, Traslado y Montaje de Equipos y accesorios",1.0,3630542.0
SO1461,2021-05-07,MONDELEZ MEXICO,SERVICIOS FTS,88218.0,"Servicio de mantenimiento a tableros de L5, Amasado, Proceso, Empaque. Mantenimiento preventivo a Tableros Eléctricos - Aspirado de tablero y componentes - Limpieza de gabinete exterior e interior - Reapriete de tornillería con torque controlado en base a Workmanship standar de Rockwell   Automation. - Reacomodo de cables, canaletas y conecciónes mal ubicadas. - Prueba ""Pull check"" punto por punto - Puesta en marcha de equipo. - Reportes de Mantenimiento digitales   Incluye los siguientes Tableros: Mixer  Tablero Eq. Medidor color entrada Tablero Horno Tablero Visión Salida Horno Tablero Eq. Medidor color salida Tablero Wrapper 1A y 1B Tablero Wrapper 2A y 2B Tablero Transporte Skipper A Tablero Transporte Skipper B Tablero Skipper 1500 A Tablero Skipper 1500 B TTM1 a la TTM4 Transporte espirales hacia TTM. Douglas 1 y Douglas 2","Servicio de mantenimiento a tableros de L5, Amasado, Proceso, Empaque.",1.0,76050.0
SO1444,2021-05-07,MONDELEZ MEXICO,SERVICIOS FTS,29510.4,"Mantenimiento y limpieza con nitrógeno a 32 VFD maquinado L4 Incluye:  Servicio de mantenimiento a 32 Variadores de frecuencia Modelo Power Flex 755.  Apertura de frame de plástico (carcasa de VFD) En caso necesario desmontaje de variadores. Inyección de nitrógeno con pistola, regulando presión adecuada. Des incrustación de polvo, harina y corrosión dentro de equipos. Armado de Frames de plástico. Suministro de tanque de nitrógeno.",Mantenimiento y limpieza con nitrógeno a 32 VFD maquinado L4,1.0,25440.0
SO1443,2021-05-07,MONDELEZ MEXICO,SERVICIOS FTS,62338.4,Instalación de Barra de cobre en suelo para conexión de tierra física de VFDs. Incluye:  Perforación de suelo para instalación de barra de cobre 10 Ft. de largo Instalación de barras cuadrada perforada para conexión de 34 VFDs dentro de tablero Suministro de cable de 12 awg color verde para conexión de tierra de 34 VFDs Suministro de cable 1/0 para conectar de barra de suelo a barras perforadas. Suministro de mordaza para sujetar cable a barra de suelo. conexión de cableado dentro de tablero.,Instalación de Barra de cobre en suelo para conexión de tierra física de VFDs.,1.0,53740.0
SO1525,2021-05-06,MONDELEZ MEXICO,SERVICIOS FTS,14384.0,"Servicio de mantenimiento a 2 climas de tablero eléctrico Horno L13 Desinstalación e Instalación de la unidad. • Desinfección de evaporador. • Limpieza de filtros. • Medición y evaluación de corriente de consumo. • Limpieza en intercambiadores de calor. • Limpieza de compresor. • Revisión, Análisis y diagnostico de la unidad. • ""setup"" y puesta marcha.",Servicio de mantenimiento a 2 climas de tablero eléctrico Horno L13,2.0,12400.0
SO1485,2021-05-06,MONDELEZ MEXICO,SERVICIOS FTS,367337.2,ZAPATO INDUSTRIAL CARHART OXFORD ZAPATO INDUSTRIAL CARHART Oxford negro ligero SteelToe CMO3251.,ZAPATO INDUSTRIAL CARHART OXFORD,17.0,69870.0
SO1485,2021-05-06,MONDELEZ MEXICO,SERVICIOS FTS,367337.2,Bata para electricista Flame resistant mod. VF-SLS2LB. Bulwark FR SLS2 Features: Arc Rating ATPV 8.6 calories/cm²,Bata para electricista Flame resistant mod. VF-SLS2LB.,50.0,84500.0
SO1485,2021-05-06,MONDELEZ MEXICO,SERVICIOS FTS,367337.2,Pantalon Bulwark FR QP10NV iQ Series Endurance Collection Men's. Bulwark FR QP10NV Features: Blend: 65% Cotton/ 35% Polyester,Pantalon Bulwark FR QP10NV iQ Series Endurance Collection Men's.,50.0,162300.0
SO1551,2021-05-04,MONDELEZ MEXICO,SERVICIOS FTS,60320.0,Diagnostico y reparación de Clima de tablero Marca Thermal Edge NE0804864XXXXXX  Revision general de sistema. Remplazo de compresor 220 volts. Remplazo de ventilador de condensador. Carga de gas y medicion de presiones alta y baja. Armado de equipo. Pruebas de funcionamiento. Entrega de equipo en almacen de refacciones.   No incluye instalacion.,Diagnostico y reparación de Clima de tablero Marca Thermal Edge NE0804864XXXXXX,1.0,52000.0
SO1397,2021-05-04,Empacadora San Marcos,SERVICIOS FTS,4057680.0,"Suministro e instalación de seleccionadora y mantenimiento a línea de zanahoria  El alcance tecnico de este proyecto incluye los siguientes aspectos:											 1.-Desmontaje de 2 seleccionadoras de zanahoria											 2.- Suministro de 2 seleccionadoras de rodillos de 4 Ton/hr para clasificar cinco tamaños , incluye banda de selección de salida de producto.  a) CONSTRUIDA EN ACERO INOXIDABLE 304. b) ESTRUCTURA EN PERFIL TUBULAR CON BASES AJUSTABLES. c) MOLDURAS INTERIORES Y TOLVAS DE CARGA Y DESCARGA EN ACERO INOXIDABLE 304 CON ABSORBEDORES DE GOLPE d) TABLERO DE CONTROL CON VARIADOR DE FRECUENCIA A 440 V, CON DISPOSITIVOS DE PARO Y ARRANQUE COMPATIBLES CON SISTEMA LOTO Y PAROS DE EMERGENCIA e) GUARDAS DE SEGURIDAD CON SENSORES DE PARO""											 3.- Instalación de 2 seleccionadoras de zanahoria											 4.- Mantenimiento mecanico, electrico, estructural a equipos de líneas de zanahoria	: 										 2 Elevadores de canjilones plasticos aproximadamente de 3 mts de longitud											 2 Lavadores / Separadores de zanahoria de cilindro											 2 Bandas de inspección de zanahoria											 2 Elevadores de canjilones plasticos aproximadamente de 6 mts de longitud											 2 Escaldadores de sin fin para zanahoria											 2 Enfriadores de sin fin para zanahoria											 1 Banda transportadora distribuidora de zanahoria seleccionada											 4 Cortadoras Urshell Tipo OV											 1 Cortadora ETRS 											 5 Bandas transportadoras de zanahoria rebanada											 Cambio de estructura de cortadoras y bandas de zanahoria rebanada por acero inoxidable											 Mantenimiento / cambios donde sea necesario de estructura de plataformas de línea de zanahoria y pintura											 Mantenmiento de estructuras de 10 secciones de techos											 Cambio de instalacion electrica de las 2 líneas de zanahoria.											 Mantenimiento a tuberias de vapor, agua y condensados de líneas de zanahoria											 Mantenimiento a 2 extractores de líneas de zanahoria",Suministro e instalación de seleccionadora y mantenimiento a línea de zanahoria,1.0,3498000.0
SO1388,2021-05-04,Empacadora San Marcos,SERVICIOS FTS,13334.2,"Suministro de 4 cámaras Incluye :  Cámara Ip Exterior Wifi Audio y Micrófono Doble Antena. Iluminación nocturna LED e infrarroja.  - Resistente al agua con certificado IP66. - Audio y Micrófono.  - Visión nocturna.  - Angulo de visión: 75 grados - Imagen a color durante el día (con iluminación adecuada) y a blanco y negro durante la noche o con poca luz.  - 20 metros de visión nocturna - Antena doble muy potente de 5db, con excelente estabilidad. - Compartimiento para tarjeta TransFlash (MicroSD) de hasta 64gb - 2.0 megapixeles de alta definición. Lente 3.6mm HD; - Alta calidad de imagen, bajo consumo de energía. - Modo automático de operación. - Grabación automática. - Compresor de formatos de video H.264 - Protocolo ONVIF de soporte. - Monitoreo de gran capacidad. - Sensor de movimiento Incluye: 1 Cámara exterior  1 Adaptador de corriente (12V a 2 A) 1 Instructivo en inglés 1 soporte para pared",Suministro de 4 cámaras,1.0,6526.8
SO1388,2021-05-04,Empacadora San Marcos,SERVICIOS FTS,13334.2,Instalación Eléctrica provisional cable uso rudo encinchado Incluye : 20 metros de cable uso rudo calibre 14  clavijas  Personal técnico para instalación.,Instalación Eléctrica provisional cable uso rudo encinchado,1.0,1411.2
SO1388,2021-05-04,Empacadora San Marcos,SERVICIOS FTS,13334.2,Instalación Eléctrica con tubería Conduit y mangueras liquid-tight Incluye :  cable cal 14   20 mts CONDUIT HELIX FLEX 1/2 20M 1 PZ Tuberia conduit clavija,Instalación Eléctrica con tubería Conduit y mangueras liquid-tight,1.0,3557.0
SO1341,2021-05-04,Empacadora San Marcos,SERVICIOS FTS,86884.0,Servicio de contratacion de personal tecnico,Servicio de contratacion de personal tecnico,1.0,74900.0
SO1517,2021-05-01,MONDELEZ MEXICO,SERVICIOS FTS,45124.0,"Servicio de Mantenimiento a Chiller Incluye:  Limpieza a serpentines con agua a presión , revisión de presiones , desmontaje de motores de ventiladores de condensadora , limpieza de charola de condensados , revisión y ajustes al sistema de refrigeración.",Servicio de Mantenimiento a Chiller,1.0,38900.0
SO1553,2021-04-29,ENERYA SA DE CV,SERVICIOS FTS,16820.0,"Mantenimiento a cuarto frio Mantenimiento Preventivo a equipo de 2 hp Cuarto Frio comedor planta Enerya Incluye:  Limpieza de evaporadora y condensadora. Limpieza de aspas y gabinetes, reaprite de terminales eléctricas. Revisión de parámetros de operación, ajustes de parámetros. Cambio de filtro deshidratador de linea de liquido. Mano de obra especializada. Limpieza en el interior del cuarto.",Mantenimiento a cuarto frio,1.0,14500.0
SO1542,2021-04-28,MONDELEZ MEXICO,SERVICIOS FTS,72131.12,"Reparación de Equipo Rittal Horno L8-A  Incluye : Cambio de Main PCB Control board Inverter  MULTIVOLTAJE (110,240,480 VCA) - Para equipo Rittal  Puesta en Marcha Equipo Rittal",Reparación de Equipo Rittal Horno L8-A,1.0,62182.0
SO1413,2021-04-28,MONDELEZ MEXICO,SERVICIOS FTS,28768.0,"Mantenimiento Clima de Tablero Eléctrico. Servicio de mantenimiento mayor  a equipo de climatización para tablero de control:  • Desinstalación e Instalación de la unidad. • Desinfección de evaporador. • Limpieza de filtros. • Medición y evaluación de corriente de consumo. • Limpieza en intercambiadores de calor. • Limpieza de compresor. • Revisión, Análisis y diagnostico de la unidad. • ""setup"" y puesta marcha.",Mantenimiento Clima de Tablero Eléctrico.,4.0,24800.0
SO1481,2021-04-21,MONDELEZ MEXICO,SERVICIOS FTS,29947.72,Servicio de diseño y Fabricación de base y estructural para Soporte de motor de banda transportadora en Conveyor de Empaque L6 MDLZ.  - Incluye: - Suministro de Base y estructura maquinada en acero inoxidable  3/8 con PTR de 2X2 cal 14. - Instalación de base y estructura atornillada. - Mano de obra para instalacion y montaje. - Personal capacitado con DC3 necesarios,Servicio de diseño y Fabricación de base y estructural para Soporte de motor de banda transportadora en Conveyor de Empaque L6 MDLZ.,1.0,25817.0
SO1403,2021-04-21,MONDELEZ MEXICO,SERVICIOS FTS,58348.0,Modificación de trayectoria tubería eléctrica en seccion carro denester Flow master L6 Incluye.  Desconexión de Líneas eléctricas de control y fuerza. Instalación de conectores weidmiuer tipo multipolar de accionamiento rápido. remplazo de cableado y tubería flexible que no sea útil. Eliminación de abrazaderas de tubo Conduit actuales. Instalación de esparrago para fijar tubería Conduit. Instalación de gabinete eléctrico de interconexión para cables de control y fuerza. Uso de plataforma hidráulica en caso necesario. Puesta en marcha de equipo.,Modificación de trayectoria tubería  eléctrica en seccion carro denester Flow master L6,1.0,50300.0
SO1384,2021-04-21,MONDELEZ MEXICO,SERVICIOS FTS,18077.44,"Revisión y diagnostico de sistema de  alumbrado de 22 lamparas led empaque L7 (Bagger).  Incluye	 Mano de obra, 4 técnicos eléctricos para ejecución de actividad Segurista para realizar SAP, para liberación de permisos y monitoreo de cuadrilla 	 Escaleras para trabajo en área. Desmontaje de pantallas (acrílico) de lampara Revisión de voltaje de 127 volts. validar conexiones (empates) de líneas de fase y neutro en cada una de las lámparas para revisar su correcta conexión. Medición con multímetro. Armado de lámparas.",Revisión y diagnostico de sistema de  alumbrado de 22 lamparas led empaque L7 (Bagger).,1.0,15584.0
SO1521,2021-04-20,MONDELEZ MEXICO,SERVICIOS FTS,14384.0,"Mantenimiento Clima de Tablero Horno L8 Servicio de mantenimiento mayor  a equipo de climatización para tablero de control:  • Desinstalación e Instalación de la unidad. • Desinfección de evaporador. • Limpieza de filtros. • Medición y evaluación de corriente de consumo. • Limpieza en intercambiadores de calor. • Limpieza de compresor. • Revisión, Análisis y diagnostico de la unidad. • ""setup"" y puesta marcha.",Mantenimiento Clima de Tablero,2.0,12400.0
SO1331,2021-04-20,MONDELEZ MEXICO,SERVICIOS FTS,34775.15,Servicio de reparación de clima de tablero L1 ESPIRAL - Motor (Condensador)  - Desmontaje y Montaje de clima en tablero - Instalación y cambio de Motor fan de condensadora - puesta en marcha,Servicio de reparación de clima de tablero L1 ESPIRAL,1.0,23978.58
SO1331,2021-04-20,MONDELEZ MEXICO,SERVICIOS FTS,34775.15,"Servicio de Modificacion de Plato de acero lateral de Tablero electrico para Montaje de clima. Incluye :  Inslatacion de clima , puesta en marcha y configuracion",Servicio de Modificacion de Plato de acero lateral de Tablero electrico para Montaje de clima.,1.0,6000.0
SO1233,2021-04-17,MONDELEZ MEXICO,SERVICIOS FTS,56399.2,Reparacion de Microtherm Incluye: - Reparación de motobomba microtherm - Rectificado de asientos  tomas de agua -cambio de sello mecánico -cambio de empaque de brida -cambio de rodamientos -Mantenimiento a motor : incluye pruebas eléctricas -cambio de propela de bomba centrifuga -Pruebas de funcionamiento de motor y bomba - Instalación y mano de obra. - Puesta en marcha y pruebas de funcionamiento.,Reparacion de Microtherm,1.0,48620.0
SO1514,2021-04-14,MONDELEZ MEXICO,SERVICIOS FTS,56007.99,"Diagnostico a fondo a componentes de circuito de refrigeración , detección y reparación de fugas  Materiales incluidos: - Materiales para soldadura autogena (Oxigeno y acetileno) -Antivibrador de succión  Mano de obra incluida: -Diagnostico a fondo -Diagnostico de componentes de circuito de refrigeración - Soldadura  y cambio de piezas - Cambio de aceite - Vacío y carga de gas a todo el sistema de refrigeración. - Arranques y prueba de funcionamiento -Reparación de fugas en Tubería de llegada a compresor.","Diagnostico a fondo a componentes de circuito de refrigeración , detección y reparación de fugas",1.0,48282.75
SO1530,2021-04-13,Asistencia Profesional a su Servicio S.A. de C.V.,SERVICIOS FTS,35225.88,Mantenimiento a subestación eléctrica,Mantenimiento a subestación eléctrica,1.0,30367.14
SO1518,2021-04-09,MONDELEZ MEXICO,SERVICIOS FTS,219240.0,SK 3188.940  RITTAL BLUE+ AC UNIT 4000 W,SK 3305.540 RITTAL BLUE+ AC UNIT 1500 W,1.0,189000.0
SO1492,2021-04-09,MONDELEZ MEXICO,SERVICIOS FTS,199520.0,"Instalación de tubería y cableado para Vending Machines L11,L9,L7,L6,L8  Incluye :   -Tubería Conduit pared gruesa 140 metros -5 circuitos 110 - termomagnéticos 15-20 amps -5 receptáculos dobles  -cable cal 12  -Instalación en L11 ,L9,L7,L6 ,L8 ( oasis) - Corte/perforación de vigas de acero para paso aéreo.  - Personal con Certificados DC3 para trabajos: Eléctricos, Alturas y Uso de plataformas.  - Personal de Seguridad y Supervisión de obra.","Instalación de tubería y cableado para Vending Machines L11,L9,L7,L6,L8",1.0,172000.0
SO1489,2021-04-09,MONDELEZ MEXICO,SERVICIOS FTS,80388.0,"Servicio de mantenimiento a deshumificador zona 1 Incluye : Mantenimiento a deshumificador - Identificación y reparación de fugas utilizando nitrógeno y vacuómetro (soldadura cobre) - Prueba de vacío - Cambio de válvula Rotalock de alta  - Carga de Aceite - Carga de gas y vacio - Arranque - Prueba  Insumos Incluidos :  - 2 Galones de Aceite Poe - 1 Boya de gas refrigerante R404 - 1 Válvula de descarga rotalock - Soldadura autógena  - varillas de soldar  No incluye: Cambio de Resistencia , Rueda desecante",Servicio de mantenimiento a deshumificador zona 1,1.0,69300.0
SO1407,2021-04-09,MONDELEZ MEXICO,SERVICIOS FTS,10208.0,Servicio de digitalización de documentos tamaño A0 Incluye : Digitalización de 100 Hojas tamaño A0 procesadas en documento digital . Renta de Equipo para digitalización tamaño A0 Aplicación de filtros a imágenes para mejora de digitalización.,Servicio de digitalización de documentos tamaño A0,1.0,8800.0
SO1374,2021-04-09,MONDELEZ MEXICO,SERVICIOS FTS,107672.13,Reparación de Chiller L7  Incluye : Cambio de compresor Modelo : MTZ64HM4CVE  - Retiro e Instalación de compresor - Carga de Aceite - Prueba de vacío - Arranque - Cambio de Válvulas rosca  - 1 Boya de gas refrigerante R404 - Aceite Poe - Soldadura autógena - varillas de soldar,Reparación de Chiller L7,1.0,92820.8
SO1491,2021-03-26,MONDELEZ MEXICO,SERVICIOS FTS,125280.0,"Instalación de tubería y cableado para aspiradoras en L7  Incluye : - Tubería Conduit pared gruesa 90 metros - 3 circuitos 127 - termomagnéticos 20-30 amps - 6 receptáculos (caja , tapa y receptaculo 127v) - cable cal 12  * 3 - Corte/perforación de vigas de acero para paso aéreo.  - Personal con Certificados DC3 para trabajos: Electricos, Alturas y Uso de plataformas.  - Personal de Seguridad y Supervisión de obra.",Instalación de tubería y cableado para aspiradoras en L7,1.0,108000.0
SO1488,2021-03-25,MONDELEZ MEXICO,SERVICIOS FTS,4616.8,Instalación Equipo de Climatización Rittal Incluye :  Instalación Equipo de climatización Rittal Horno L5 Servicio de Instalación de equipo de refrigeración en tablero de control.  • Acoplar en Gabinete • Instalación y conexión para revisión de parámetros. • Puesta en marcha.  No se incluye material para instalación eléctrica.,Instalación Equipo de Climatización Rittal,1.0,3980.0
SO1472,2021-03-23,Empacadora San Marcos,SERVICIOS FTS,76787.36,"Retiro, Suministro e Instalación de Sensores Incluye  - Desinstalación de los Limit Switch existentes y cableado - Suministro de sensores, cables y brackets para su montaje - Instalación de 5 brackets y 5 sensores con su respectivo cableado  - Respaldo de programa en PLC y modificaciones necesarias en el mismo - Todos los consumibles están incluidos - Se consideran trabajos en fin de semana o tercer turno de ser necesario - Se incluye atención técnica durante pruebas y ajustes - Personal de seguridad certificado  - Personal técnico con DC3 correspondientes  - Ingeniero programador para el PLC - Certificación AllenBradley System Integrator","Retiro, Suministro e Instalación de Sensores",1.0,66196.0
SO1490,2021-03-22,MONDELEZ MEXICO,SERVICIOS FTS,301600.0,SERVICIO DE MANTENIMIENTO Y CALIBRACION EN RAYOS X ● INCLUYE: ● REFACCIONES NECESARIAS ● MANO DE OBRA ● HERRAMIENTA,SERVICIO DE MANTENIMIENTO Y CALIBRACION EN RAYOS X,1.0,260000.0
SO1483,2021-03-22,MONDELEZ MEXICO,SERVICIOS FTS,155904.0,"Servicio de instalacion de 6 bajadas de tubería conduit con conexiones eléctricas 3/4 para pared dura, cable de alta resistencia a la temperatura marca VIAKON","Servicio de instalacion de 6 bajadas de tubería conduit con conexiones eléctricas 3/4 para pared dura, cable de alta resistencia a la temperatura marca VIAKON",1.0,134400.0
SO1449,2021-03-22,MONDELEZ MEXICO,SERVICIOS FTS,42900.28,"Variador de frecuencia Modelo  Yaskawa V1000  Modelo: CIMR-VU4A0038FAA Alimentación: 440 VCD, potencia Heavy Duty 20 HP IMAX Heavy Duty 31 A, Potencia 25-30 HP Servicio no incluye programación de equipo.",Variador de frecuencia Modelo  Yaskawa V1000,1.0,36983.0
SO1334,2021-03-22,Nalco de Mexico SA. de .CV,SERVICIOS FTS,46144.8,Reparacion de tuberia de fosa  Colocación de empaque de 6 pulgadas en tubería de aire dentro de cárcamo : Colocación de estructura para soportar línea actual de fibra de vidrio de aire  Maniobras para afloje de tornillería  Suministro de empaque Flexitallic de 6 pulgadas y tornillería faltante de acero Inox  Maniobras para colocación de empaque y apriete de brida Retiro de estructura de soporte,Reparacion de tuberia de fosa,1.0,39780.0
SO1477,2021-03-18,MONDELEZ MEXICO,SERVICIOS FTS,86174.08,Servicio de Soporte técnico para proyecto de Shifter.,Servicio de Soporte técnico para proyecto de Shifter.,1.0,74288.0
SO1288,2021-03-17,"FEPRO INGENIEROS, S.A. DE C.V.",SERVICIOS FTS,109156.0,"Gas recovery ,tanks and equipment rental.","Gas recovery ,tanks and equipment rental.",1.0,15300.0
SO1288,2021-03-17,"FEPRO INGENIEROS, S.A. DE C.V.",SERVICIOS FTS,109156.0,Compressors Labor Included:  -	Uninstall Damaged compressors -	Install New Compressors -	Labor,Compressors Labor,1.0,27200.0
SO1288,2021-03-17,"FEPRO INGENIEROS, S.A. DE C.V.",SERVICIOS FTS,109156.0,Vacumm in compressors zone and Refrigerant gas Re -charge if needed,System Vacumm and Refrigerant gas charge,1.0,12750.0
SO1288,2021-03-17,"FEPRO INGENIEROS, S.A. DE C.V.",SERVICIOS FTS,109156.0,Start up and operational and system test,Start up and operational and system test,1.0,12750.0
SO1288,2021-03-17,"FEPRO INGENIEROS, S.A. DE C.V.",SERVICIOS FTS,109156.0,(1)Gas Opteon Xp40 Chemours Mod: OPTEONXP40 11.35 Kg. XP40 ( R449A ),(4) Gas R-404a Chemours Mod: D10118485 10.896 Kg. (HP6210896) 404A Disposable Cylinder,1.0,14790.0
SO1288,2021-03-17,"FEPRO INGENIEROS, S.A. DE C.V.",SERVICIOS FTS,109156.0,Miscellaneous and Consumables  Including: - Gas Acid Test,Miscellaneous and Consumables,1.0,11310.0
SO1103,2021-03-12,MONDELEZ MEXICO,SERVICIOS FTS,182816.0,"Upgrade al rechazador de peso bajo de L11  NEUMATICA: - Piston para 60 cm de Empuje (Carrera) / Capacidad de empuje 3 kg / MCA. CAMOZZI - Electrovalvula de Alta Velocidad de 5 ciclos por segundo MCA CAMOZZI - Guia para abatir Giro. con Block de Inoxidable. MCA CAMOZZI - Regulador de flujo para salida suave.. - Quick exhaust valve para Retorno rapido, con Silenciador y flujo regulado. MCA CAMOZZI - Regulador de presión - Mangueras rigidas de Aire. - Conectores y mangueras.  MAQUINADOS: - Maquinado y Base en Acero Inoxidable para Soporte de rechazador. Rectangular. - Maquinado y Base en Acero Inoxidable en Tubo de 6"" de diametro. - Bridas de acero inoxidable para Sujeción de 9"" de diametro con tornillería de 3/8 en Acero inoxidable. - Hardware y tornillería. - Fabricación y maquinado de Placa Empujador de nylamid 14"" de largo X 8 de Alto. - Fabricación de guarda para piston, en acero inoxidable o acrilico (Opcional)  ELECTRICO: - Suministro y Conexion de 2 Relays 110VCA para Señal de OK y NO OK de ISHIDA. - Timmer electrico para Enclavamiento de señal de NO OK. - Cableado y conexiones en Tarjeta de alimentación de ISHIDA  CONCEPTUAL DE OPERACIÓN: -- Al detectar peso bajo, se manda la señal de NO OK a los relays integrados en la ishida. Se cuenta con un piston de capacidad de 3Kg de empuje, con 60 cm de carrera y una electrovalvula de alta velocidad con capacidad de 5 ciclos por segundo. Se cuenta con regulador de flujo para suavizar el empuje. Se cuenta con una valvula de escape rapido para liberar el aire en la camara del piston al momento de regresar y asegurar que el piston regresará a tiempo antes de que llegue la siguiente caja. Todo el sistema de control se integrará directamente a la tarjeta de la ISHIDA con Relays , timmers para la retencion del piston y programación dentro de la ISHIDA.",Integracion de rechazador de peso bajo L11 - Zila,1.0,157600.0
SO1435,2021-03-10,Daniel Cuateta,SERVICIOS FTS,2668.0,"MDR-60-24 Incluye: 1  - Fuente de alimentación conmutada, MDL: MDR-60-24 MEANWELL   Entrada: 85-264VCA,  Salida: 24VCC, 2,5A.  Potencia: 60W",MDR-60-24,1.0,2300.0
SO1406,2021-03-10,Nalco de Mexico SA. de .CV,SERVICIOS FTS,40368.0,"Instalación y armado de equipos de control.  12 metros tubería conduit 1/2 60 metros cable #16  30 metros cable multiconductor 10 metros manguera y conectores liquid tight 3/8  1 válvula 444t 1/4 y conectores  1 válvula Inox 1” Nipleria Inox 1” y 1 1/2” Armado de pantalla, spectrum y analizador químico  Interconexión hidráulica de tablero de spectrum nalco  Mano de obra",Instalación y armado de equipos de control.,1.0,34800.0
SO1453,2021-03-09,MONDELEZ MEXICO,SERVICIOS FTS,301600.0,SERVICIO DE MANTENIMIENTO Y CALIBRACION EN RAYOS X   INCLUYE: ● REFACCIONES NECESARIAS ● MANO DE OBRA ● HERRAMIENTA,SERVICIO DE MANTENIMIENTO Y CALIBRACION EN RAYOS X,1.0,260000.0
SO1386,2021-03-09,MONDELEZ MEXICO,SERVICIOS FTS,49856.8,"servicio de reparación a sistema de control de tanque de agua caliente amases  Incluye : Sensor de Presión PI2797 , sensor combinado - 1 Ingeniero en Automatización  - Herramientas para desmontaje y montaje de sensor   - Configuración de sensor   - puesta en marcha",servicio de reparación a sistema de control de tanque de agua caliente amases,1.0,42980.0
SO1383,2021-03-09,MONDELEZ MEXICO,SERVICIOS FTS,14384.0,Diagnostico Para falla en Controlador de nivel de temperatura en tanque de agua - Cuarto de Bombas   Incluye :   - 1 Ingeniero en Automatización  - Herramientas para diagnostico eléctrico /electrónico   - Laptop con Software necesario de Rockwell Automation (cuando sea necesario),Diagnostico Para falla en Controlador de nivel de temperatura en tanque de agua - Cuarto de Bombas,1.0,12400.0
SO1352,2021-03-08,"MONDELEZ MEXICO, Oswaldo Loredo",SERVICIOS FTS,57639.24,Servicio de Mantenimiento a sistema de agua caliente ( interior) Horno L9 - Desconexión de suministro de agua helada de chiller. - Ingreso de agua recirculando agente de limpieza  e inhibidores de corrosión dentro del sistema de agua caliente . - Se suministra bomba para recircular agua. - Suministro de agente de limpieza . - Incluye conexiones y material para conectarse al sistema de agua caliente  - limpieza externa con decapante.,Servicio de Mantenimiento a sistema de agua caliente ( interior) Horno L9,1.0,49689.0
SO1292,2021-03-08,MONDELEZ MEXICO,SERVICIOS FTS,59612.4,Integracion y puesta en marcha  de componentes de control en Sopladores Guerin   Tablero TCS-15  - Instalación de 3 contactores - Instalación de 2 auxiliares - Pruebas de funcionamiento y puesta en marcha  - Soporte en arranque 1 Ing Automatizacion,Integracion y puesta en marcha  en Sopladores Guerin   Tablero TCS-15,1.0,29000.0
SO1292,2021-03-08,MONDELEZ MEXICO,SERVICIOS FTS,59612.4,"KIT ARRANCADOR MARCA SCHNEIDER.  Incluye:  3 pz , LC1D40F7 , Contactor 600vac 40amp IEC MCA. SCHNEIDER ELECTRIC 1 pz , LADT2 , Bloque de contactos temporizaos - 1 NA + 1 NC conexion por tornillo MCA. SCHNEIDER ELECTRIC 1 pz , LADN11 , Contactores auxiliares , agarre con tornillo MCA. SCHNEIDER ELECTRIC 1 pz , LADN22 , Contactores Auxiliares , agarre con tornillo MCA. SCHNEIDER ELECTRIC 1 pz , LADN22, Contactores Auxiliares , agarre con tornillo MCA. SCHNEIDER ELECTRIC. 1 Bloque de contactos para motor con terminales Crimpeadas. para Fuerza de motor electrico.",100-C43D10. CONTACTOR IEC 43A 3 POLOS OPERADO CON C.A. (120V) MCA ALLEN BRADLEY,1.0,22390.0
SO1429,2021-03-04,MONDELEZ MEXICO,SERVICIOS FTS,361472.24,"Bajadas eléctricas 127 volts para alimentacion de ruteadores, proyecto Augury. Instalación 1 Incluye:  Instalación de 70 metros de tubería Conduit pared gruesa, coples, LBs, abrazaderas, sobre parte alta de pasillo de horno entre línea 5 y línea 6. Perforación y anclaje de expansores para fijar varilla roscada para tubería Conduit. Perforación de ducto metálico de centro de carga en parte elevada de pasillo. Instalación de 130  metros por tres líneas, de cable monopolar calibre 12,  en colores verde, blanco y negro. Instalación de 3 contactos dobles polarizados con caja sobre parte elevada. Instalación de placas de acero inoxidable para fijación de gabinete eléctrico y ruteador. Instalación de interruptor térmico de 30 A en centro de carga pegado a pared de línea 1. Conexión eléctrica de contactos, interruptor y derivaciones en líneas eléctricas. Conexión de equipos a 127 volts. Renta de plataforma elevada para trabajo en alturas. Puesta en marcha de equipos para proyecto.     Instalación 2 Incluye:  Instalación de 15 metros de tubería Conduit pared gruesa, coples, LB, abrazaderas, sobre pared pasillo final L14. Perforación de ducto metálico de centro de carga. Instalación de 20  metros por tres líneas, de cable monopolar calibre 12,  en colores verde, blanco y negro. Instalación de 1 contactos dobles polarizados con caja. Fijación de gabinete eléctrico y ruteador. Instalación de interruptor térmico de 30 A en centro de carga pegado a pared de línea 14. Conexión eléctrica de contactos, interruptor y derivaciones en líneas eléctricas. Conexión de equipos a 127 volts. Puesta en marcha de equipos para proyecto.","Bajadas eléctricas 127 volts para alimentacion de ruteadores, proyecto Augury.",1.0,311614.0
SO1353,2021-03-04,MONDELEZ MEXICO,SERVICIOS FTS,30328.2,"Diagnostico  de Enfriamiento  , Electrico y control de Unidades de Refrigeración Marca BLITZER",Diagnostico Electrico y control de Unidades de Refrigeración Marca BLITZER,1.0,26145.0
SO1411,2021-02-26,MONDELEZ MEXICO,SERVICIOS FTS,444947.0,"Servicio de instalación de candados tipo cadena para fijar equipos  de medición. Incluye.  Perforación para colocar ancla tipo expansor o taquete en pared o metal. Realizar perforación en equipos que sea necesario para instalación de oreja para candado. Colocar cable acerado con recubrimiento plástico, de anclaje a equipo, se coloca un candado por equipo. Entrega de llave maestra por línea.",Servicio de instalación de candados tipo cadena para fijar equipos  de medición.,111.0,127095.0
SO1411,2021-02-26,MONDELEZ MEXICO,SERVICIOS FTS,444947.0,"Servicio de instalación de candados tipo cadena para fijar equipos  de medición. Incluye.  Perforación para colocar ancla tipo expansor o taquete en pared o metal. Realizar perforación en equipos que sea necesario para instalación de oreja para candado. Colocar cable acerado con recubrimiento plástico, de anclaje a equipo, se coloca un candado por equipo. Entrega de llave maestra por línea.",Servicio de instalación de candados tipo cadena para fijar equipos  de medición.,224.0,256480.0
SO1398,2021-02-25,MONDELEZ MEXICO,SERVICIOS FTS,6995.26,"Manguera para rodillos calibradores  Incluye :  1 - Manguera metálica flexible TMF de 1"" Diámetro X 1.5 mts de longitud total   con niples de rosca ntp en acero inox 304 . Cedula 40 de 10 cms de longitud en ambos extremos",Manguera para rodillos calibradores,2.0,6030.4
SO1256,2021-02-25,MONDELEZ MEXICO,SERVICIOS FTS,23664.0,Reparación de tubería del tanque de descarga de frudex 42,Reparacion de tuberia del tanque de Frudex 63,1.0,20400.0
SO1405,2021-02-24,MONDELEZ MEXICO,SERVICIOS FTS,44482.23,"Servicio de Reparación de Clima de Tablero L7 - Horno  Incluye : - Desmontaje de Clima - Retiro de Ventilador  - Suministro de ventilador ( ebmpapst , Diameter: 280 mm , EAN: 4028177809734 ,Customs tariff number: 84158300 , 48VDC max ) - Instalación de Ventilador  - Montaje de Clima en tablero - Arranque y puesta en marcha.",Servicio de Reparación de Clima de Tablero L7 - Horno,1.0,38346.75
SO1355,2021-02-24,MONDELEZ MEXICO,SERVICIOS FTS,14384.0,"Mantenimiento Clima de Tablero  Servicio de mantenimiento mayor  a 2 equipo de climatización para tableros de control: Área : Horno TC5-04 A  , Horno TC5-04 B  • Desinstalación e Instalación de la unidad. • Desinfección de evaporador. • Limpieza de filtros. • Medición y evaluación de corriente de consumo. • Limpieza en intercambiadores de calor. • Limpieza de compresor. • Revisión, Análisis y diagnostico de la unidad. • ""setup"" y puesta marcha.",Mantenimiento Clima de Tablero,1.0,12400.0
SO1333,2021-02-24,MONDELEZ MEXICO,SERVICIOS FTS,6148.0,Suministro e instalación de maneta para tablero Rittal Modelo VX Suministro e instalación   Tiempo de entrega  7 Semanas,Suministro e instalación de maneta para tablero Rittal Modelo VX,1.0,5300.0
SO1241,2021-02-24,MONDELEZ MEXICO,SERVICIOS FTS,27028.0,"Servicio de reparacion de clima de tablero Amases ""A"" L7 (TC7-01) Incluye:  - Motor (Condensador) Ebmpapst Blower & Centrifugal Fan AC Backward-Curved Motorized Impeller, 280mm Round, 230VAC, 991.8CFM - Desmontaje y Montaje de clima en tablero - Instalacion y cambio de Motor fan de condensadora - puesta en marcha",Servicio de reparacion de clima de tablero Amases L6,1.0,23300.0
SO1240,2021-02-22,MONDELEZ MEXICO,SERVICIOS FTS,49753.56,"Servicio de reparacion de clima de tablero Amases ""B"" L7 (TC7-02) Incluye:  - Motor (Evaporador) Ebmpapst Fan Blower, R2E Series, IP44, Motorized Impeller, 230 V, AC, 225 mm, 99 mm. - Motor (Condensador) Ebmpapst Blower & Centrifugal Fan AC Backward-Curved Motorized Impeller, 280mm Round, 230VAC, 991.8CFM - Desmontaje y Montaje de clima en tablero - Instalacion y cambio de Motor fan de condensadora y evaporadora - puesta en marcha",Servicio de reparacion de clima de tablero Amases L6,1.0,42891.0
SO1370,2021-02-17,MONDELEZ MEXICO,SERVICIOS FTS,79970.4,Servicio de reparacion de chiller L7 Materiales incluidos: - Aceite Poliolester - Boya de gas refrigerante R404 - Materiales para soldadura autogena (Oxigeno y acetileno) - Conexiones de cobre necesarias para reparacion de fugas en Tubería de llegada a compresor.  Mano de obra incluída: - Soldadura  y cambio de piezas - Cambio de aceite - Vacío y carga de gas a todo el sistema de refrigeracion. - Arranques y prueba de funcionamiento,Servicio de reparacion de chiller L7,1.0,68940.0
SO513,2021-02-16,MONDELEZ MEXICO,SERVICIOS FTS,40507.2,Kit de herramientas para mantenimiento de climas de tablero,Kit de herramientas para mantenimiento de climas de tablero,1.0,34920.0
SO1387,2021-02-16,MONDELEZ MEXICO,SERVICIOS FTS,301600.0,SERVICIO DE MANTENIMIENTO Y CALIBRACION EN RAYOS X   INCLUYE: ● REFACCIONES NECESARIAS ● MANO DE OBRA ● HERRAMIENTA,SERVICIO DE MANTENIMIENTO Y CALIBRACION EN RAYOS X,1.0,260000.0
SO1359,2021-02-16,MONDELEZ MEXICO,SERVICIOS FTS,144768.0,Instalación de 12 equipos router detector de vibración en varios puntos de planta,Suministro e instalación de 4 bajas eléctricas de 110,1.0,67200.0
SO1359,2021-02-16,MONDELEZ MEXICO,SERVICIOS FTS,144768.0,"Suministro e instalación de 4 bajas eléctricas de 110  Incluye: 3 en pasillo de hornos de línea 5 1 bajadas en área de mixer  Incluye tubería conducir, cableado y cajas de conexión",Suministro e instalación de 4 bajas eléctricas de 110,1.0,57600.0
SO1125,2021-02-16,Nalco de Mexico SA. de .CV,SERVICIOS FTS,20880.0,Instalación de tapas de carcamos en planta salinas Incluye:  Remover tapas existentes  Remover tapa de bajada de mangueras  Instalación de tapa de Carcamos  Instalación de tapa de Inox en bajada de mangueras,Instalación de tapas de carcamos en planta salinas,1.0,18000.0
SO1273,2021-02-11,MONDELEZ MEXICO,SERVICIOS FTS,32127.23,"Reparación de motor de Fluorización Incluye: Desarmar Motor en general Extracción de baleros y revisión de concentricidades en rotor y tapas Revisión de tolerancias de baleros con respecto a flecha y tapas Hacer pruebas de toroide a paquete de laminación Revisión embobinado trifásico con aislamiento tipo h, barnizado por inmersión y secado en horno Hacer pruebas de aislamiento y de impulso aplicando 1800 vcd con baker Limpieza general de todas sus partes Balanceo dinámico de partes rotativas Maquinar tapas lado libre ,fabricar e instalar caja para balero 6002 Suministro e instalación de 2 baleros nuevos 6002 2rsc3  Ensamble, y pruebas en vacío",Reparación de motor de Fluorización,1.0,27695.89
SO1368,2021-02-10,MONDELEZ MEXICO,SERVICIOS FTS,65028.79,"Servicio de Mantenimiento Mayor a chiller Servicio de Mantenimiento a 1 rodillo de Maquinado Incluye:  - Retiro de suministro de agua helada de chiller. - Ingreso de agua recirculando agente de limpieza ""Scale Cleaner"" dentro del rodillo. - Se suministra bomba para recircular agua. - Suministro de agente de limpieza Scale Cleaner. - Incluye conexiones y material para conectarse a los rodillos.",Servicio de Mantenimiento Mayor a chiller,1.0,56059.3
SO1372,2021-02-09,MONDELEZ MEXICO,SERVICIOS FTS,301600.0,SERVICIO DE MANTENIMIENTO Y CALIBRACION EN RAYOS X   INCLUYE: ● REFACCIONES NECESARIAS ● MANO DE OBRA ● HERRAMIENTA,SERVICIO DE MANTENIMIENTO Y CALIBRACION EN RAYOS X,1.0,260000.0
SO1356,2021-02-09,"MONDELEZ MEXICO, Jesus Moreno",SERVICIOS FTS,7192.0,"Mantenimiento Clima de Tablero Servicio de mantenimiento mayor  a equipo de climatización para tablero de control:  • Desinstalación e Instalación de la unidad. • Desinfección de evaporador. • Limpieza de filtros. • Medición y evaluación de corriente de consumo. • Limpieza en intercambiadores de calor. • Limpieza de compresor. • Revisión, Análisis y diagnostico de la unidad. • ""setup"" y puesta marcha.",Mantenimiento Clima de Tablero,1.0,6200.0
SO1337,2021-02-09,MONDELEZ MEXICO,SERVICIOS FTS,59664.31,"Servicio de reparación de fuga en túnel de enfriamiento L5  Incluye :  Anti vibrador 7/8"" Boyas de gas refrigerante  R507 Aceite para compresor Bitzer  ( 1 Galón )  Gases para soldadura autógena y consumibles   Cambio de Anti vibrador retiro e instalación Cambio de Aceite Vacío y carga de gas a todo el sistema de refrigeración  Arranque y pruebas",Servicio de reparación de fuga en túnel de enfriamiento L5,1.0,51434.75
SO1255,2021-02-04,MONDELEZ MEXICO,SERVICIOS FTS,33814.0,Reparación polipasto maquinado linea 13  Incluye:  -  Desarmado de caja de engrane - Suministro de dos baleros  - Extracción de balero dañado - Reposición de balero (le falta uno) - Engrasadonuevamente con material grado alimenticio  - Reparación de caja de balero dañada  - Armado de caja de engrane  1 transformador eléctrico de alimentación 220/440v 3f a 115c 1f 1 instalación de transformador  1 sujeción de cables de alimentación a carcaza de polipasto  - Pruebas de arranque,Reparación polipasto maquinado linea 13,1.0,29150.0
SO1345,2021-02-03,MONDELEZ MEXICO,SERVICIOS FTS,301600.0,SERVICIO DE MANTENIMIENTO Y CALIBRACION EN RAYOS X ● INCLUYE: ● REFACCIONES NECESARIAS ● MANO DE OBRA ● HERRAMIENTA,SERVICIO DE MANTENIMIENTO Y CALIBRACION EN RAYOS X,1.0,260000.0
SO1315,2021-02-03,Nalco de Mexico SA. de .CV,SERVICIOS FTS,36284.8,Modificación línea caliente y base de intercambiador Bypass Mondelez Salinas  1 tubo de 1 1/2 inoxidable  1 válvula 1 1/2 Inox a 1000 lbs  4 codos 1 1/2 Inox soldable  2 TU Inox 1 1/2  Base de ángulo Inox para intercambiador  1 Tubing de 1/4 Inox  1 filtro regulador p/ aire,Modificación línea caliente y base de intercambiador Bypass Mondelez Salinas,1.0,31280.0
SO1293,2021-02-03,Nalco de Mexico SA. de .CV,SERVICIOS FTS,28420.0,Reparación de tanque de 25 mil litros de plástico por Termofusion  Incluye material y mano de obra,Reparación de tanque de 25 mil litros de plástico por Termofusion  Incluye material y mano de obra,1.0,24500.0
SO1320,2021-02-02,MONDELEZ MEXICO,SERVICIOS FTS,6455.4,Servicio de reparacion de clima de tablero Horno  L8 (TC8-01)  Incluye:  - Desmontaje y Montaje de clima en tablero - Instalación y cambio de Presostato  - puesta en marcha,Servicio de reparacion de clima de tablero Horno  L8 (TC8-01),1.0,5565.0
SO1285,2021-02-02,MONDELEZ MEXICO,SERVICIOS FTS,48720.0,Servicio de Mantenimiento a Zona 3 Tunel Enfriamiento L8. Incluye: -  Cambio de solenoide Hot gas. - Carga de gas refrigerante y vacío - Mantenimiento a Evaporador. - Arranque y pruebas.,Servicio de Mantenimiento a Zona 3 Tunel Enfriamiento L8.,1.0,42000.0
SO1263,2021-02-02,MONDELEZ MEXICO,SERVICIOS FTS,4844160.0,TOTAL DUCTO METALICO COOLING TUNEL,TOTAL DUCTO METALICO COOLING TUNEL,1.0,2088000.0
SO1263,2021-02-02,MONDELEZ MEXICO,SERVICIOS FTS,4844160.0,TOTAL DUCTO METALICO FLOW MASTER,TOTAL DUCTO METALICO FLOW MASTER,1.0,1252800.0
SO1263,2021-02-02,MONDELEZ MEXICO,SERVICIOS FTS,4844160.0,TOTAL TRABAJOS CIVILES,TOTAL TRABAJOS CIVILES,1.0,835200.0
SO1336,2021-01-31,JESUS ESTEBAN DE LA CRUZ CALDERON,SERVICIOS FTS,144000.0,SERVICIO DE MANTENIMIENTO A OFICINAS,SERVICIO DE MANTENIMIENTO A CLIMA MINISPLIT,1.0,124137.93
SO1335,2021-01-31,Gloria Carolina Lugo Perez,SERVICIOS FTS,66000.0,SERVICIO DE MANTENIMIENTO A OFICINAS,SERVICIO DE MANTENIMIENTO A CLIMA MINISPLIT,1.0,56896.55
SO1042,2021-01-29,Empacadora San Marcos,SERVICIOS FTS,505876.0,"Mantenimiento a Tableros Electricos de control de TODA La planta de Alimentos San Marcos Puebla.  Incluído en mantenimiento de cada Tablero:  - Toma de termografías y reporte con analisis termografico. - Rsportes de Mantenimiento digitales y de analisis en tiempo real con aplicacion mobil. - Aspirado de tablero y componentes - Limpieza de gabinete exterior e interior - Reapriete de tornillería con torque controlado en base a Workmanship standar de Rockwell Automation. - Reacomodo de cables, canaletas y conecciónes mal ubicadas. - Prueba ""Pull check"" punto por punto  En este servicio se encuentra Incluído el  Mantneimiento de Drives (VFD´s) con lo siguiente: - Apertura de Frame de plastico de 11 VFD - Desincrustacion de polvo y Harina - Armado de Frames de plastico.  DIAGRAMAS ELECTRICOS. - Incluye diseño desde cero de diagramas electricos. - Incluye Reconstrucción y reimpresión de diagramas electricos. -Incluye, impresion de todos los diagramas , entregados en carpetas nuevas. - Inclyye el diseño de diagramas en AUTOCAD y PDF, se entregan digitales  en una USB Reporte digital de toda la actividad.",Mantenimiento a Tablero Electrico,1.0,436100.0
SO1321,2021-01-28,MONDELEZ MEXICO,SERVICIOS FTS,149443.94,"Instalación de Cableado Ethernet y tubería conduit  desde tablero de comunicación ""A16"" (Tetrapack - Zona Atex)  al tablero de Guerin TCS-15 Incluye:  - Instalación y suministro de Tuberia Conduit pared gruesa y hardware por 130 metros. - Canalización de cable a travez de 130 metros de tubería. - Incluye Cable Ethernet CAT6A  MCA. Panduit. o Belden - Incluye conectores ponchados en ambos extremos - Plataforma Articulada para maniobras - Corte/perforación de vigas de acero para paso aereo. - Personal con Certificados DC3 para trabajos: Electricos, Alturas y Uso de plataformas. - Personal de Seguridad y Supervisión de obra.  - Cables , adaptadores Y sillas para sistema de Comunicación CCN  Tiempo de entrega : INMEDIATO","Instalación de Cableado Ethernet y tubería conduit  desde tablero de comunicación ""A16"" (Tetrapack - Zona Atex)  al tablero de Guerin TCS-15",1.0,128830.98
SO1323,2021-01-27,Nalco de Mexico SA. de .CV,SERVICIOS FTS,38976.0,Servicios Extras en Bypass MDLZ Salinas Incluye: 2 válvulas inoxidables de 1/2 2 válvulas inoxidables 1 1/2  1 filtro Y ac vaciado de 3 pulgadas bridado a 150 # 2 empaques Flexitalic 3 in 150# 2 bridas acero 3 pulgadas a 150 #,Servicios Extras en Bypass MDLZ Salinas,1.0,33600.0
SO1294,2021-01-27,MONDELEZ MEXICO,SERVICIOS FTS,60726.0,Mantenimiento y diagnostico a 2 VFD de chiller Carrier  Incluye:  - Apertura de Frame de plastico de 2 VFD - Inyección de nitrogeno con pistola y regulador de presión - Desincrustacion de polvo y Harina - Armado de Frames de plastico. -Reporte digital de la actividad. - Diagnostico de control y comunicacion para revisión de falla y errores,Mantenimiento a 2 VFD de chiller Carrier 2,3.0,52350.0
SO1142,2021-01-27,Nalco de Mexico SA. de .CV,SERVICIOS FTS,386280.0,Bypass sensor tanque de condensados mondelez planta Salinas Incluye: - Instalación de bypass en tanque de condensados. - Instalación alimentación a sensor.  - Instalación de sensor.  - Instalación de intercambiador de placas.  - Aislamiento de línea de condensados. - Aislamiento de línea de intercambiador.,Bypass sensor tanque de condensados mondelez planta Salinas,1.0,333000.0
SO1303,2021-01-25,MONDELEZ MEXICO,SERVICIOS FTS,4108388.24,Label Identification Project Integration - Cognex scanners with RA Controls,Label Identification Project Integration - Cognex scanners with RA Controls,1.0,3541714.0
SO1298,2021-01-25,MONDELEZ MEXICO,SERVICIOS FTS,14616.0,"Mantenimiento a Tablero electrico y clima de Tablero de area e Silos.  Incluído en mantenimiento Tablero  - Toma de termografías y reporte con analisis termografico. - Rsportes de Mantenimiento digitales y de analisis en tiempo real con aplicacion mobil. - Aspirado de tablero y componentes - Limpieza de gabinete exterior e interior - Reapriete de tornillería con torque controlado en base a Workmanship standar de Rockwell Automation. - Reacomodo de cables, canaletas y conecciónes mal ubicadas. - Prueba ""Pull check"" punto por punto   Incluido en Mantenimiento de clima:  Desinfección de evaporador. • Limpieza de filtros. • Medición y evaluación de corriente de consumo. • Medición y evaluación del estado de gas de enfriamiento (en caso de contar con válvulas de servicio) • Limpieza en intercambiadores de calor. • Limpieza de compresores. • Revisión, Análisis y diagnostico de la unidad  No se incluyen refacciones. Del clima",Mantenimiento a Tablero Electrico,1.0,12600.0
SO1297,2021-01-25,MONDELEZ MEXICO,SERVICIOS FTS,18792.0,"Mantenimiento a Tablero electrico y clima de Tablero de area e Silos.  Incluído en mantenimiento Tablero  - Toma de termografías y reporte con analisis termografico. - Rsportes de Mantenimiento digitales y de analisis en tiempo real con aplicacion mobil. - Aspirado de tablero y componentes - Limpieza de gabinete exterior e interior - Reapriete de tornillería con torque controlado en base a Workmanship standar de Rockwell Automation. - Reacomodo de cables, canaletas y conecciónes mal ubicadas. - Prueba ""Pull check"" punto por punto   Incluido en Mantenimiento de clima:  Desinfección de evaporador. • Limpieza de filtros. • Medición y evaluación de corriente de consumo. • Medición y evaluación del estado de gas de enfriamiento (en caso de contar con válvulas de servicio) • Limpieza en intercambiadores de calor. • Limpieza de compresores. • Revisión, Análisis y diagnostico de la unidad  No se incluyen refacciones. Del clima",Mantenimiento a Tablero Electrico,1.0,16200.0
SO1266,2021-01-25,MONDELEZ MEXICO,SERVICIOS FTS,6032.0,Servicio soporte técnico para conexión con sistema tetrapak proyecto cernidor línea 8,Soporte para conexión remota de servidor de Dosavision de TetraPak,1.0,5200.0
SO1212,2021-01-25,MONDELEZ MEXICO,SERVICIOS FTS,5220.0,"Kit de Teclado y Mouse Inalámbricos Microsoft 850, USB.","Kit de Teclado y Mouse Inalámbricos Microsoft 850, USB.",3.0,4500.0
SO1307,2021-01-21,MONDELEZ MEXICO,SERVICIOS FTS,7540.0,"Mantenimiento a Tableros Electricos de control de 1 TTM en Linea 1  Incluído en mantenimiento:  - Reportes de Mantenimiento digitales y de analisis en tiempo real con aplicacion mobil. - Aspirado de tablero y componentes - Limpieza de gabinete exterior e interior - Reapriete de tornillería con torque controlado en base a Workmanship standar de Rockwell Automation. - Reacomodo de cables, canaletas y conecciónes mal ubicadas. - Prueba ""Pull check"" punto por punto",Mantenimiento a Tablero Electrico,1.0,6500.0
SO1306,2021-01-21,MONDELEZ MEXICO,SERVICIOS FTS,7540.0,"Mantenimiento a Tableros Electricos de control de 1 TTM en Linea 1  Incluído en mantenimiento:  - Reportes de Mantenimiento digitales y de analisis en tiempo real con aplicacion mobil. - Aspirado de tablero y componentes - Limpieza de gabinete exterior e interior - Reapriete de tornillería con torque controlado en base a Workmanship standar de Rockwell Automation. - Reacomodo de cables, canaletas y conecciónes mal ubicadas. - Prueba ""Pull check"" punto por punto",Mantenimiento a Tablero Electrico,1.0,6500.0
SO1305,2021-01-21,MONDELEZ MEXICO,SERVICIOS FTS,7540.0,"Mantenimiento a Tableros Electricos de control de 1 TTM en Linea 1  Incluído en mantenimiento:  - Reportes de Mantenimiento digitales y de analisis en tiempo real con aplicacion mobil. - Aspirado de tablero y componentes - Limpieza de gabinete exterior e interior - Reapriete de tornillería con torque controlado en base a Workmanship standar de Rockwell Automation. - Reacomodo de cables, canaletas y conecciónes mal ubicadas. - Prueba ""Pull check"" punto por punto",Mantenimiento a Tablero Electrico,1.0,6500.0
SO1276,2021-01-21,MONDELEZ MEXICO,SERVICIOS FTS,5684.0,Servicio de suministro y reparacion de conector de comunicacion para Flujometro Endress+Hauser CatNo. Prosonic Flow W,Servicio de suministro y reparacion de conector de comunicacion para Flujometro Endress+Hauser CatNo. Prosonic Flow W,1.0,4900.0
SO1171,2021-01-21,MONDELEZ MEXICO,SERVICIOS FTS,7540.0,"Mantenimiento a Tableros Electricos de control de 1 TTM en Linea 1  Incluído en mantenimiento:  - Reportes de Mantenimiento digitales y de analisis en tiempo real con aplicacion mobil. - Aspirado de tablero y componentes - Limpieza de gabinete exterior e interior - Reapriete de tornillería con torque controlado en base a Workmanship standar de Rockwell Automation. - Reacomodo de cables, canaletas y conecciónes mal ubicadas. - Prueba ""Pull check"" punto por punto",Mantenimiento a Tablero Electrico,1.0,6500.0
SO1289,2021-01-19,MONDELEZ MEXICO,SERVICIOS FTS,307400.0,SERVICIO DE MANTENIMIENTO Y CALIBRACION EN RAYOS X L5,SERVICIO DE MANTENIMIENTO Y CALIBRACION EN RAYOS X,1.0,265000.0
SO1223,2021-01-19,MONDELEZ MEXICO,SERVICIOS FTS,33408.0,Servicio de Segurista en sitio Incluye: - Preparar formatos 1 día antes de actividad.  - Realizar SAP (Safety Action Plan ) y evaluación de riesgos - Acompañar al personal en sus actividades  - Segurista certificado ante la STPS y habilitado para ejercer en Mondelez international.,"Description  21025-07 Servicios de Supervisión   - Comments: Servicios de supervision de ingenieria para el proyecto 21G- Repack - Tailor, planta Mondelez Monterrey (G) Folio:2d92ab19-5f4e-4454-9a42-eaa4dbeas1aa",1.0,28800.0
SO1278,2021-01-18,MONDELEZ MEXICO,SERVICIOS FTS,61712.0,Servicio de Reparacion de Controlador de cuarto Caliente Incluye:  - Prestamo de controlador e instalacion express para habilitar cuarto caliente hoy mismo.  - Reubicacion de tablero de control y sensor de temperatura. - Controlador de temperatura danfoss o COEL - Incluye accesorios necesarios. - hardware conduit y tuberia necesaria.,Servicio de Reparacion de Controlador de cuarto Caliente,1.0,53200.0
SO1277,2021-01-18,MONDELEZ MEXICO,SERVICIOS FTS,14384.0,"Mantenimiento de clima de tablero en Horno L8  Servicio de mantenimiento mayor  a equipo de climatización para tablero de control:  • Desinstalación e Instalación de la unidad. • Desinfección de evaporador. • Limpieza de filtros. • Medición y evaluación de corriente de consumo. • Limpieza en intercambiadores de calor. • Limpieza de compresor. • Revisión, Análisis y diagnostico de la unidad. • ""setup"" y puesta marcha.",Mantenimiento Clima de Tablero,2.0,12400.0
SO1275,2021-01-18,Nalco de Mexico SA. de .CV,SERVICIOS FTS,9465.6,Reparación de fuga en tanque de plástico de osmosis  INCLUYE: ● MATERIAL NECESARIO  ● MANO DE OBRA ● HERRAMIENTA,Reparación de fuga en tanque de plástico de osmosis,1.0,8160.0
SO1262,2021-01-13,MONDELEZ MEXICO,SERVICIOS FTS,301600.0,SERVICIO DE MANTENIMIENTO Y CALIBRACION EN RAYOS X   INCLUYE: ● REFACCIONES NECESARIAS ● MANO DE OBRA ● HERRAMIENTA,SERVICIO DE MANTENIMIENTO Y CALIBRACION EN RAYOS X,1.0,260000.0
SO1259,2021-01-13,MONDELEZ MEXICO,SERVICIOS FTS,20242.0,Mantenimiento y diagnostico a 2 VFD de chiller Carrier 2  Incluye:  - Apertura de Frame de plastico de 2 VFD - Inyección de nitrogeno con pistola y regulador de presión - Desincrustacion de polvo y Harina - Armado de Frames de plastico. -Reporte digital de la actividad. - Diagnostico de control y comunicacion para revisión de falla y errores,Mantenimiento a 2 VFD de chiller Carrier 2,1.0,17450.0
SO1246,2021-01-13,MONDELEZ MEXICO,SERVICIOS FTS,45124.0,"Servicio de Mantenimiento a Chiller Incluye:  Limpieza a serpentines con agua a presión , revisión de presiones , desmontaje de motores de ventiladores de condensadora , limpieza de charola de condensados , revisión y ajustes al sistema de refrigeración.",Servicio de Mantenimiento a Chiller,1.0,38900.0
SO1245,2021-01-13,MONDELEZ MEXICO,SERVICIOS FTS,14616.0,"Mantenimiento a Tablero Eléctrico y 1 clima de Tablero en Mondelez Planta Monterrey Maquinado L7  Incluído en mantenimiento Tablero  - Toma de termografías y reporte con analisis termografico. - Rsportes de Mantenimiento digitales y de analisis en tiempo real con aplicacion mobil. - Aspirado de tablero y componentes - Limpieza de gabinete exterior e interior - Reapriete de tornillería con torque controlado en base a Workmanship standar de Rockwell Automation. - Reacomodo de cables, canaletas y conecciónes mal ubicadas. - Prueba ""Pull check"" punto por punto   Incluido en Mantenimiento de clima:  Desinfección de evaporador. • Limpieza de filtros. • Medición y evaluación de corriente de consumo. • Medición y evaluación del estado de gas de enfriamiento (en caso de contar con válvulas de servicio) • Limpieza en intercambiadores de calor. • Limpieza de compresores. • Revisión, Análisis y diagnostico de la unidad  No se incluyen refacciones. Del clima",Mantenimiento a Tablero Electrico,1.0,12600.0
SO1244,2021-01-13,MONDELEZ MEXICO,SERVICIOS FTS,18792.0,"Mantenimiento a Tablero Eléctrico y 2 clima de Tablero en Mondelez Planta Monterrey Horno L7  Incluído en mantenimiento Tablero  - Toma de termografías y reporte con analisis termografico. - Rsportes de Mantenimiento digitales y de analisis en tiempo real con aplicacion mobil. - Aspirado de tablero y componentes - Limpieza de gabinete exterior e interior - Reapriete de tornillería con torque controlado en base a Workmanship standar de Rockwell Automation. - Reacomodo de cables, canaletas y conecciónes mal ubicadas. - Prueba ""Pull check"" punto por punto   Incluido en Mantenimiento de clima:  Desinfección de evaporador. • Limpieza de filtros. • Medición y evaluación de corriente de consumo. • Medición y evaluación del estado de gas de enfriamiento (en caso de contar con válvulas de servicio) • Limpieza en intercambiadores de calor. • Limpieza de compresores. • Revisión, Análisis y diagnostico de la unidad  No se incluyen refacciones. Del clima",Mantenimiento a Tablero Electrico,1.0,16200.0
SO1051,2021-01-13,MONDELEZ MEXICO,SERVICIOS FTS,34452.0,Servicio de Mantenimiento para Sistema de ventilación de tableros electricos GUERIN Incluye: - Reparacion 5 Ventiladores 110 para extracción de calor de Tableros electricos. - Servicio de Instalación de extractores nuevos. - Pruebas de funcionamiento y puesta en Marcha,Servicio de Mantenimiento para Sistema de ventilación de tableros electricos GUERIN,1.0,29700.0
SO1228,2021-01-11,MONDELEZ MEXICO,SERVICIOS FTS,39440.0,"Diagnostico y peritaje de falla en deshumidificador Tetrapack Zona Atex MDLZ MTY Incluye:  - Ingeniero especialista en Refrigeracion - Ingeniero especialista en control e instrumentacion. - Reportedigital de falla en Español e Ingles (Para revisión con OEM). - Junta con OEM para revisión y explicación (Las que sean necesarias). - Diagnostico al sistema de refrigeración, accesorios, sistema de control. -Equipo de programación para revisión de control (Solo en caso de ser necesario). - Analisis termografico de compresores y elementos del circuito de refrigeracion con camara FLIR E4 (Solo en caso de ser necesario). - Analisis de Aceite refrigerante (Solo en caso de ser necesario). - Revisión de causa raiz del problema. - Propuesta de reparación. - Propuesta de prevención para protección de recurrencia de falla.",Diagnostico y peritaje de falla en deshumidificador Tetrapack Zona Atex MDLZ MTY,1.0,34000.0
SO1253,2021-01-08,MONDELEZ MEXICO,SERVICIOS FTS,21460.0,Servicio de diagnostico a flujometro en cuarto de Bombas. Incluye :  - Renta de plataforma articulada. para revision de transductores - Revisión de electronica y funcion de transductor. - Revisión de electronica y funcionamiento de modulo de display. Endress+Hauser - Reporte digital con Diadnostico,Servicio de diagnostico a flujometro en cuarto de Bombas.,1.0,18500.0
SO1247,2021-01-07,Nalco de Mexico SA. de .CV,SERVICIOS FTS,38976.0,Servicios Extras en Bypass MDLZ Salinas Incluye: 2 válvulas inoxidables de 1/2 2 válvulas inoxidables 1 1/2  1 filtro Y ac vaciado de 3 pulgadas bridado a 150 # 2 empaques Flexitalic 3 in 150# 2 bridas acero 3 pulgadas a 150 #,Servicios Extras en Bypass MDLZ Salinas,1.0,33600.0
SO1080,2021-01-05,MONDELEZ MEXICO,SERVICIOS FTS,416388.96,"Integración y puesta en Marcha de Zona 1 de tunel de enfriamiento de L6 Mondelez MTY  Incluye: - Carga de aceite y carga de gas - Aceite emkarate RL32H - Refrigerante R404 - Mantenimiento a tunel de enfr. limpieza de evaporador y condensador con agua a presion - Vacio y arranque de unidad de refrigeracion - Prueba de hermeticidad (Con nitrogeno) - Reparacion de fugas resultantes - Cambio y suministro de 2 valvulas rotolock, incluye soldadura. - Suministro y cambio de filtros para evaporador. - Suministro y cambio de motor fan de condensadora para enfriamiento de serpentin. - Reparacion de turbina de fan evaporador - Integracion de control, dispositivos y conexiones electricas en condensadora y tablero de control - Suministro  e Instalacion de compresor BITZER. - Suministro de valvula rotolock de succion y de descarga. - Renta de equipo de elevacion para mantenimiento de Condensadora.",Integración y puesta en Marcha de Zona 1 de tunel de enfriamiento de L6 Mondelez MTY,1.0,358956.0
SO1237,2021-01-04,MONDELEZ MEXICO,SERVICIOS FTS,43152.0,Servicio de Mantenimiento Preventivo a clima tipo Rittal en tableros de control Mondelez Monterrey  Incluye:  • Desinfección de evaporador. • Limpieza de filtros. • Medición y evaluación de corriente de consumo. • Medición y evaluación del estado de gas de enfriamiento. • Limpieza en intercambiadores de calor.• Limpieza de compresores. • Puesta en marcha del equipo. • Termografia de componentes mecanicos - Reporte digital,Mantenimiento a Clima Rittal,6.0,37200.0
SO1168,2021-01-04,Daniel Cuateta,SERVICIOS FTS,13282.0,Servicio de Alimentacion electrica de Clima Rittal en tablero de Horno L2 Incluye:  - Instalacion y suministro Guardamotor de 15 amps MCA ABB - Instalacion y suministro de Cable de alimentacion Calibre 12 AWG. - Suministro de conector PLUG rapido para conexion de voltaje de clima RITTAL MOD. BULE - Puesta en marcha y arranque de equipo.,Servicio de Alimentacion electrica de Clima Rittal en tablero de Horno L2,1.0,11450.0
SO1097,2021-01-01,MARCO ANTONIO FLORES BLANCO,SERVICIOS FTS,35960.0,"Servicio de Instalacion Ultrasand (Pendientes)  Incluye los siguientes materiales y su mano de obra para instalación:  - Instalacion de todo el circuito de drenaje : * 1 T de 11/2 * 12 mts de tubo de 1 1/2 * 10 codos de 11/2 * Soportería *2 Valvulas check  - 2 manometros - 2 valvulas 1/4 - 2 niples 1/4 por 6""",Servicio de Instalacion Ultrasand (Pendientes),1.0,31000.0
SO1238,2020-12-28,Nalco de Mexico SA. de .CV,SERVICIOS FTS,67280.0,Servicio de reparacion de 2 tubos de fibra de vidrio en fosa abierta de MDLZ Planta MTY.,Servicio de reparacion de 2 tubos de fibra de vidrio en fosa abierta de MDLZ Planta MTY.,1.0,58000.0
SO1231,2020-12-28,MONDELEZ MEXICO,SERVICIOS FTS,156600.0,"Suministro e instalación de 8 bajas eléctricas de 110 Incluye: 3 en pasillo de hornos de línea 1 2 bajadas en área de migxer   3 en el área de horno de línea 9  Invluye tubería conduit, cableado caja de conexión",Suministro e instalación de 8 bajas eléctricas de 110,1.0,135000.0
SO1221,2020-12-28,MONDELEZ MEXICO,SERVICIOS FTS,20880.0,"Instalación eléctrica para cables de control o fuerza  del tablero de mixer al tablero de CO2.    Incluye: • Tubería tipo Conduit en 1/2"" Pared gruesa con un total de 12 m. • Codos, LBs y accesorios tipo Conduit para instalación de tuberia PARED Gruesa • Coples tipo Conduit para interconexión de tubería. • Ruteo de cable multiconductor o de fuerza (Opcional) • Soporte de tubería. • Espaciadores metálicos para instalación de tubería sobre pared. • Plataforma para trabajo en alturas. • Mano de obra de instalación. • Personal de Ingeniería para supervisión.",Instalacion electrica en amases L7,1.0,18000.0
SO1236,2020-12-22,FREMSTIL GLOBAL LOGISTIC LLC,SERVICIOS FTS,0,SERVICIO DE MANTENIMIENTO,SERVICIO DE MANTENIMIENTO A CLIMA MINISPLIT,1.0,0
SO1230,2020-12-19,MONDELEZ MEXICO,SERVICIOS FTS,139200.0,Servicio de mantenimiento a bascula de ferrocarril,Servicio de mantenimiento a bascula de ferrocarril,1.0,120000.0
SO1224,2020-12-14,MONDELEZ MEXICO,SERVICIOS FTS,45124.0,"Servicio de Mantenimiento a Chiller Incluye:  Limpieza a serpentines con agua a presión , revisión de presiones , desmontaje de motores de ventiladores de condensadora , limpieza de charola de condensados , revisión y ajustes al sistema de refrigeración.",Servicio de Mantenimiento a Chiller,1.0,38900.0
SO1218,2020-12-14,MONDELEZ MEXICO,SERVICIOS FTS,18792.0,"Mantenimiento a Tablero Eléctrico y clima de Tablero en Mondelez Planta Monterrey Horno L6  Incluído en mantenimiento Tablero  - Toma de termografías y reporte con analisis termografico. - Rsportes de Mantenimiento digitales y de analisis en tiempo real con aplicacion mobil. - Aspirado de tablero y componentes - Limpieza de gabinete exterior e interior - Reapriete de tornillería con torque controlado en base a Workmanship standar de Rockwell Automation. - Reacomodo de cables, canaletas y conecciónes mal ubicadas. - Prueba ""Pull check"" punto por punto   Incluido en Mantenimiento de clima:  Desinfección de evaporador. • Limpieza de filtros. • Medición y evaluación de corriente de consumo. • Medición y evaluación del estado de gas de enfriamiento (en caso de contar con válvulas de servicio) • Limpieza en intercambiadores de calor. • Limpieza de compresores. • Revisión, Análisis y diagnostico de la unidad  No se incluyen refacciones. Del clima",Mantenimiento a Tablero Electrico,1.0,16200.0
SO1217,2020-12-14,"MONDELEZ MEXICO, Marlon Castellanos",SERVICIOS FTS,14616.0,"Integración de interlocks de seguridad L6 Glaseadora Incluye:  - (2) 440K-E33031. INTERRUPTOR DE SEGURIDAD ELF 2, 1N.A-1N.C., MCA ALLEN BRADLEY. - (2) Bases/brakets soldadas a Guarda de acero inoxidable para sostener y acoplar interlocks. - Hardware necesario para instalación -  Cableado necesario en gabinete de control para arreglo de control. - Reacomodo de circuito para cortar 24VDC directo con Interlock mecanico. - Pruebas y puesta en marcha.",Integración de interlocks de seguridad,1.0,12600.0
SO819,2020-12-11,MONDELEZ MEXICO,SERVICIOS FTS,8062.0,servicio para instalación de ventilador y su respectivo kit en variador entrega horno,Servicio de suministro de abanico y kit de instalacion para tablero electrico,1.0,6950.0
SO1169,2020-12-11,MONDELEZ MEXICO,SERVICIOS FTS,474440.0,"Integracion de sistema para Modernización de Valvula Mezcladora de Agua Caliente y agua fria para sistema de chaquetas de L7.  - 1 Valvula Globo MAT.Acero Inoxidable DIM. 2"" DIA., C/BRIDA. Para regulacion de Flujo. - 2 Valvula Check MAT. Acero Inoxidable . DIM 2"" DIA C/BRIDA. - 6 Bridas 2"" ACETO INOXIDABLE - Empaques Garloc y Tornillería para bridas. - Soldadura de Acero inoxidable TIG. para tubería. - Modificación de tubería  de desague para subirla a 2"" Diametreo.  Sistema electrico, Control y sensores. - Cableado y tubería conduit desde tablero de bombas hasta tablero de Tanque de agua (Multiconductor 25 x 20 awg) - 1 WEIDMULLER 1469490000 Power Supply  240W 24V 10A - 30 Tablillas de conexiones Weidmuller. - 2 Sensor de temperatura 4-20 ma MCA IFM - Acero Inoxidable - 2 Solenoide 24VDC, 2"" Diametro ,- Acero inoxidable - 4 Relay  WEIDMULLER 1122770000TRS 24VDC 1CO SPST Type. - Cableado y tubería ethernet CAT5e para comunicacion entre Switch stratix y Panel View. - 1 Main Breake Switch 194E-1753 B Allen Bradley. - 1 Circuit breaker para bombba 20 Amps . 3 Phase MCA ABB.","Sistema Hidraulico , Mecanico y Soldadura.",1.0,409000.0
SO1214,2020-12-10,ACABADOS DN S.A. DE C.V.,SERVICIOS FTS,2897.68,Servicio mantenimiento correctivo a equipo de computo,Servicio mantenimiento correctivo a equipo de computo,1.0,2498.0
SO1198,2020-12-09,MONDELEZ MEXICO,SERVICIOS FTS,223926.4,"Servicio de reparacion y mantenimiento de UPS Siemens S5215 15 KVA 220VAC , 42 AMPS, 60 HZ  Incluye: Materiales para Reparacion: - Cambio de cable de fuerza 60 Metros CAL 4 AWG. NEGRO - Cambio de cable de fuerza 30 Metros CAL 8 AWG VERDE. - Cambio de terminal blocks CAL 4 AWG - Cambio de terminal blocks con fusible CAL 4 AWG. - Instalacion de terminales de tipo ojo , con insulaación y termofit para proteccion de arco electrico.  Mantenimiento preventivo y diagnostico: - Revision de los dispositivos de medicion y señales. - Revision de dispositivos de ventilación, reles , filtros y capacitores. - Limpieza, revision y y diagnostico a transformador seco. - Limpieza, revision y y diagnostico a transformador de aislamiento. - Revision de terminales y puntos de conexion en bancos de baterias -  Revision y reapriete de terminales de conexion en bancos de baterias. - Revisión de voltajes y correientes en bancos de baterias. - Limpieza general interior y exterior de la UPS. - Diagnostico de condiciones interiores para descartar elementos adicionales en falla. - Analisis termografico.","Servicio de reparacion de UPS Siemens S5215 15 KVA 220VAC , 42 AMPS, 60 HZ",1.0,72000.0
SO1198,2020-12-09,MONDELEZ MEXICO,SERVICIOS FTS,223926.4,Baterias Marca Everexceed Modelo HR12-26,Baterias Marca Everexceed Modelo HR12-26,48.0,100800.0
SO1198,2020-12-09,MONDELEZ MEXICO,SERVICIOS FTS,223926.4,Circuit Breaker Marca Siemens 30 Amps Modelo NMX-J-266 Circuit,Circuit Breaker Marca Siemens 30 Amps Modelo NMX-J-266,1.0,10440.0
SO1198,2020-12-09,MONDELEZ MEXICO,SERVICIOS FTS,223926.4,Servicio de instalación y conexión de baterías y circuit breaker para UPS MCA SIEMENS.,Servicio de instalación y conexión de baterías y circuit breaker,1.0,9800.0
SO1170,2020-12-07,MONDELEZ MEXICO,SERVICIOS FTS,14732.0,"Mantenimiento y Diagnóstico AC UNIT (Clima de TTM -  L1 - MDLZ Salinas)  Servicio de mantenimiento y diagnóstico a equipo de refrigeración para tablero de control:  • Desinfección de evaporador. • Limpieza de filtros. • Medición y evaluación de corriente de consumo. • Medición y evaluación del estado de gas de enfriamiento (en caso de contar con válvulas de servicio) • Limpieza en intercambiadores de calor. • Limpieza de compresores. • Revisión, Análisis y diagnostico de la unidad. • Propuestas de solución.  No se incluyen refacciones.",Mantenimiento Clima de Tablero,1.0,6200.0
SO1170,2020-12-07,MONDELEZ MEXICO,SERVICIOS FTS,14732.0,"Mantenimiento a Tableros Electricos de control de 1 TTM en Linea 1  Incluído en mantenimiento:  - Reportes de Mantenimiento digitales y de analisis en tiempo real con aplicacion mobil. - Aspirado de tablero y componentes - Limpieza de gabinete exterior e interior - Reapriete de tornillería con torque controlado en base a Workmanship standar de Rockwell Automation. - Reacomodo de cables, canaletas y conecciónes mal ubicadas. - Prueba ""Pull check"" punto por punto",Mantenimiento a Tablero Electrico,1.0,6500.0
SO1127,2020-12-07,MONDELEZ MEXICO,SERVICIOS FTS,48720.0,Servicio de Reparación de clima de tablero HOFFMAN NVENT L7 Paletizado Incluye:  - Suministro e instalacion de compresor - Suministro e instalacion de presostato. - Suministro e instalacion de filtro de refrigeracion. - Limpieza de sistema de refrigeracion - Soldadura del 5% de plata. - Instalacion de valvulas de servicio. - Instalacion de equipo en tablero electrico y puesta en marcha.,Servicio de Reparación de clima de tablero,1.0,42000.0
SO1186,2020-12-04,Munters de Mexico S de R.L. de C.V.,SERVICIOS FTS,18560.0,Servicio de Segurista en sitio (1 turno de 8 horas) Incluye: - Preparar formatos 1 día antes de actividad.  - Apoyo en creacion de SAPs para planta MTY y evaluación de riesgos - Acompañar al personal en sus actividades  - Segurista certificado ante la STPS y habilitado para ejercer en Mondelez international.,"Description  21025-07 Servicios de Supervisión   - Comments: Servicios de supervision de ingenieria para el proyecto 21G- Repack - Tailor, planta Mondelez Monterrey (G) Folio:2d92ab19-5f4e-4454-9a42-eaa4dbeas1aa",8.0,16000.0
SO1176,2020-12-03,MONDELEZ MEXICO,SERVICIOS FTS,998271.41,Modernización de sistema de conveyor Axis en Maquinado L7.  Incluye: - Modernizacion mecanica - Modernizacion de programa y dise;os electricos,Modernización de sistema de acumulación de charolas de conveyors aéreos en mesas de alimentación L5,1.0,860578.8
SO1151,2020-12-03,MONDELEZ MEXICO,SERVICIOS FTS,31320.0,"Integracion de Display LED para maquinado L4  Incluye:  - Display electronico para programación de mensajes , Fabricado con LED Rojo Brillante - Display con comunicación serial, usuario podrá pre programar hasta 150 mensajes. Estos mensajes serán accionados desde el PLC. La comunicación PLC – BANNER esta considera por serial232. - Instalación y montaje de Display",Integracion de Display LED para maquinado L4,1.0,27000.0
SO1191,2020-12-01,MARCO ANTONIO FLORES BLANCO,SERVICIOS FTS,144406.08,INTEGRACION VALVULAS E INSERTOS EN ACERO INOXIDABLE (PARTE 2),Instalación de doce insertos de 2 pulgadas y válvula en tubería existente de agua tratada,1.0,124488.0
SO1190,2020-12-01,MARCO ANTONIO FLORES BLANCO,SERVICIOS FTS,138852.0,INTEGRACION VALVULAS E INSERTOS EN ACERO INOXIDABLE (PARTE 1),Instalación de doce insertos de 2 pulgadas y válvula en tubería existente de agua tratada,1.0,119700.0
SO056,2020-12-01,MONDELEZ MEXICO,SERVICIOS FTS,4057.68,"Mantenimiento a Tablero Electrico en area Hoover  Incluído en mantenimiento:  - Aspirado de tablero y componentes - Limpieza de gabineteexterior e interior - Reapriete de tornillería con torque controlado en base a Workmanship standar de Rockwell Automation. - Toma de termografías Antes y Después del Mantenimiento. - Reacomodo de cables, canaletas y conecciónes mal ubicadas. - Prueba ""Pull check"" punto por punto",Mantenimiento a Tablero Electrico,1.0,3498.0
SO045,2020-12-01,MONDELEZ MEXICO,SERVICIOS FTS,5549.44,"Mantenimiento a Tablero Electrico Horno L1  Alcance: - Toma de termografías y analisis para verificacion de componentes. (Antes y Despues del Mantenimiento) - Limpieza y Aspirado de tableros y desconectadores. - Limpieza de Gabinete parte exterior e Interior - Reapriete de tornillería con Torque controlado en base a Workmanship Standard de Rockwell Automation. - Reapriete de conectores. - Prueba ""Pull Check"" de todos los cables. - Limpieza y Mantenimiento de sistema de ventilación (abánicos) con cambio de filtros. - Reacomodo de cables y Canaletas (Nivel 1 - Integración no Requerida) - Diagnostico a detalle de Integraciones y/o modificaciones necesarias dentro del Gabinete.",Mantenimiento a Tablero Electrico,1.0,4784.0
SO1189,2020-11-30,MONDELEZ MEXICO,SERVICIOS FTS,45124.0,"Servicio de Mantenimiento a Chiller Incluye:  Limpieza a serpentines con agua a presión , revisión de presiones , desmontaje de motores de ventiladores de condensadora , limpieza de charola de condensados , revisión y ajustes al sistema de refrigeración.",Servicio de Mantenimiento a Chiller,1.0,38900.0
SO1175,2020-11-30,MONDELEZ MEXICO,SERVICIOS FTS,38447.04,Servicio de Suministro y fabricación de Cerrojos para tablero en 8 puertas Incluye:  - (16) Cam lock made entirely from stainless steel 1.4404 MCA. RITTAL (AISI 316L) (2 cerrojos por cada puerta) - (16) Placas maquinadas para Cerrojo. -(8) Instalación y suministro de gasket para puertas - Instalación; Incluye perforación e instalación de placas y cerrojos. -,Servicio de Suministro y fabricación de Cerrojos para tablero,1.0,33144.0
SO1167,2020-11-30,MONDELEZ MEXICO,SERVICIOS FTS,53360.0,"Integracion de valvula y estacion de arranque y paro para llenado de nivel.  Incluye:  - Suministro en instalacion de 20 metros de tubería conduit pared gruesa 1/2"" , desde tablero de columna, hasta estacion botonera de arranque y paro al pie de escalera y alimentacion a nueva valvula solenoide. - Accesorios y hardware para instalacion de tubería conduit pared gruesa 1/2"". - Soporteria y herrajes para instalacion conduit. - Cableado electrico para alimentacion de valvula y estacion botonera 110 VCA cal 12AWG. (Se contempla alimentar desde tablero en columna, alimentar botoneras en escalera y energizar valvula arriba del tanque). - Suministro  e instalacion de valvula solenoide 110VCA 3/3"" dia. para agua. - Suministro e isntalacion de Estacion botonera al pie de escalera con soporte /base de acero inoxidable soldado . - Puesta en marcha y pruebas de funcionamiento",Integracion de valvula y estacion de arranque y paro para llenado de nivel.,1.0,46000.0
SO1165,2020-11-30,MONDELEZ MEXICO,SERVICIOS FTS,21228.0,Reparacion de clima 2000 watts para entrenamiento Incluye:  - Reparacion de fuga en codo de cobra de zona alta presion con soldadura de plata 5% - Suministro y carga de gas refrigerante R134a - Vacio de sistema con bomba de 9 CFMs. - Uso de nitrogeno para validacion de fugas. - Puesta en marcha y programacion de parametros.,Reparacion de clima 2000 watts para entrenamiento,1.0,18300.0
SO1162,2020-11-30,MONDELEZ MEXICO,SERVICIOS FTS,45124.0,"(Días de apoyo del  26 al 2 de Enero (Excepto 28 y 29 )) Tecnico Especialista en Automatización  Habilidades: - Experiencia tecnica en Automatización - Dominio de marca Allen Bradley - Seguimiento a Proyectos. - Capacidad administrativa. - Trabajo en equipo - Certificados DC3 en : Trabajos Electricos , LOTO, ARC FLASH.",Supervisor Automatización,1.0,38900.0
SO1141,2020-11-30,MONDELEZ MEXICO,SERVICIOS FTS,17864.0,"Mantenimiento a Tablero Eléctrico y clima de GUERIN L6		  Incluído en mantenimiento Tablero  - Reportes de Mantenimiento digitales y de analisis en tiempo real con aplicacion mobil. - Aspirado de tablero y componentes - Limpieza de gabinete exterior e interior - Reapriete de tornillería con torque controlado en base a Workmanship standar de Rockwell Automation. - Reacomodo de cables, canaletas y conecciónes mal ubicadas. - Prueba ""Pull check"" punto por punto   Incluido en Mantenimiento de clima:  Desinfección de evaporador. • Limpieza de filtros. • Medición y evaluación de corriente de consumo. • Medición y evaluación del estado de gas de enfriamiento (en caso de contar con válvulas de servicio) • Limpieza en intercambiadores de calor. • Limpieza de compresores. • Revisión, Análisis y diagnostico de la unidad. • Propuestas de solución. -Incluye conexion electrica del clima.(incluido guardamotor , cable y conector plug marca RITTAL).  No se incluyen refacciones. Del clima",Mantenimiento a Tablero Electrico,1.0,15400.0
SO1182,2020-11-25,"NA, Daniel Lugo",SERVICIOS FTS,29.0,Llave para chapa de tablero electrico MCA RITTAL,Llave para chapa de tablero electrico MCA RITTAL,1.0,25.0
SO1181,2020-11-25,"NA, Daniel Lugo",SERVICIOS FTS,29.0,Llave para chapa de tablero electrico MCA RITTAL,Llave para chapa de tablero electrico MCA RITTAL,1.0,25.0
SO450,2020-11-24,MONDELEZ MEXICO,SERVICIOS FTS,9280.0,Suministro e Instalación de cable acerado y herraje para candadeo de tablero  Incluye : - Materiales y herrajes necesarios  - Personal técnico para insyalacion,Suministro e Instalación de cable acerado y herraje para candadeo,1.0,8000.0
SO403,2020-11-24,MONDELEZ MEXICO,SERVICIOS FTS,47328.0,"Capacitación Rittal. Día 1: - Conceptos basicos y avanzados de refrigeración. - Ciclo de refrigeracion y tipos de sistemas para climas de tableros. - Como hacer una reparacion al circuito de refrigeración (Teorico - Practico) - Fallas comunes y troubleshooting en refrigeración. - Vista interior de componentes de refrigeracion para conocer su comportamiento. - Mantenimiento y disgnostico a circuitos de refrigeracion.  Día 2: • Principios de funcionamiento de Aire acondicionado de Tablero electrico. • ¿Cómo trabaja el sistema? • Protecciones eléctricas y mecánicas. • Condensación en un sistema de refrigeración. • Interpretación de placa de datos. • Tipos de display (básico & e-Comfort) • Contraseña y Configuración de ""setpoint"" en display. • AutoPrueba. • Realizar un mantenimiento (teórico):   EPP, Precauciones eléctricas, Desmontaje, Tarjeta de control, Limpieza, Recomendaciones, Puesta en marcha, AutoPrueba).  Día 3: Mantenimiento Práctico. Realizaremos 2 mantenimientos en sitio con el personal capacitado. Guiados por el instructor.",Capacitación Rittal,4.0,40800.0
SO354,2020-11-24,MONDELEZ MEXICO,SERVICIOS FTS,20856.8,Servicio de Maquinado y pailería para Proyecto L1 Incluye:  - Maquinado con Slot para piezas de bases. - Corte y pailería para lamina. - Perforado de orificios y machueleado apra placas.. - Reacondicionamiento de cadena para sproket. - Modificación y Corte de guarda.,Servicio de Maquinado y pailería para Proyecto L1,1.0,17980.0
SO1149,2020-11-24,MONDELEZ MEXICO,SERVICIOS FTS,270164.0,Servicio y modificacion de Ductos Planta Salinas  Incluye:  -Cambio de posición  de 10 luminarias( no incluye material eléctrico) -Fabricación de 4 codos de 1330mm a 30 grados  -Fabricación de ducto   de 1 mt por 1330mm -Mover 80 mts de ducto textil de 1330 mm -Adecuación de ducto actual de 1330 mm( moverlo aprox 1 mt)  -Aislamiento térmico en armaflex con lámina Inox.  -Soporteria  -Grúa brazo articulado  -No incluye material eléctrico,Servicio y modificacion de Ductos Planta Salinas,1.0,232900.0
SO1099,2020-11-24,MONDELEZ MEXICO,SERVICIOS FTS,106720.0,"Servicio de Mantenimiento Preventivo a Polipasto (Trimestral) Incluye:  - Lubricacion de cadenas y engranajes - Revision de caja de engranajes y sistema neumatico - Revision de conexiones empernadas y apriete de pernos - Revisión  de tuercas de bloqueo - Revision de conexiones electricas, puesta a tierra, dispositivos electricos contra diagrama y revisión de conecciones relacionadas a la seguridad del equipo. - Revision del estado de la cadena - Revision de la sujecion de los extremos de la cadena. - Revisión de la correcta lubricacion de la cadena. - Revision de gancho, cerrojo de seguridad en buen estado y su funcionamiento. Revision de giro, revision de apertura se gancho de bloqueo y suspensión.   -Lubricacion de cadena de carga cada 3 meses. - Lubricacion de rodamientos. - Lubricacion de pasadores de suspension de cadena. - Aplicacion de grasa a engranajes. - Retiro de grasa en exceso. - Pruebas de peso con Carga de Mondelez.  Incluye equipo de elevacion para maniobras de desinstalación e instalación.",Servicio de Mantenimiento Preventivo a Polipasto (Trimestral),4.0,92000.0
SO1086,2020-11-24,MONDELEZ MEXICO,SERVICIOS FTS,31296.8,"Servicio de reparacion de clima de tablero L1 Inluye:  - Suministro de tarjeta electronica ""MAIN BOARD"" controladora. - Instalacion y configuracion de arjeta electronica. - Puesta en marcha de equipo.",Servicio de reparacion de clima de tablero L1,1.0,26980.0
SO1078,2020-11-24,MONDELEZ MEXICO,SERVICIOS FTS,22736.0,"Mantenimiento a Tablero Eléctrico y 2 climas de Tablero en Mondelez Planta Salinas Horno L4  Incluído en mantenimiento Tablero  - Toma de termografías y reporte con analisis termografico. - Rsportes de Mantenimiento digitales y de analisis en tiempo real con aplicacion mobil. - Aspirado de tablero y componentes - Limpieza de gabinete exterior e interior - Reapriete de tornillería con torque controlado en base a Workmanship standar de Rockwell Automation. - Reacomodo de cables, canaletas y conecciónes mal ubicadas. - Prueba ""Pull check"" punto por punto   Incluido en Mantenimiento de clima:  Desinfección de evaporador. • Limpieza de filtros. • Medición y evaluación de corriente de consumo. • Medición y evaluación del estado de gas de enfriamiento (en caso de contar con válvulas de servicio) • Limpieza en intercambiadores de calor. • Limpieza de compresores. • Revisión, Análisis y diagnostico de la unidad. • Propuestas de solución. -Incluye conexion electrica del clima.(incluido guardamotor , cable y conector plug marca RITTAL).  No se incluyen refacciones. Del clima",Mantenimiento a Tablero Electrico,1.0,19600.0
SO994,2020-11-17,MONDELEZ MEXICO,SERVICIOS FTS,7192.0,"Mantenimiento a clima de tablero eléctrico RSM IK L13 Servicio de mantenimiento mayor  a equipo de climatización para tablero de control:  • Desinstalación e Instalación de la unidad. • Desinfección de evaporador. • Limpieza de filtros. • Medición y evaluación de corriente de consumo. • Limpieza en intercambiadores de calor. • Limpieza de compresor. • Revisión, Análisis y diagnostico de la unidad. • ""setup"" y puesta marcha.",Mantenimiento Clima de Tablero,1.0,6200.0
SO1136,2020-11-10,MONDELEZ MEXICO,SERVICIOS FTS,278400.0,CONCEPTO: MANTENIMIENTO A MEDIDORES DE HUMEDAD.  DS - 2500 SERIAL- 91807007  DS – 2500 SERIAL- 91804308  DS – 2500 SERIAL- 91799030  DS – 2500 SERIAL- 91799093  INCLUYE:  REFACCIONES NECESARIAS  MANO DE OBRA  HERRAMIENTAS,SERVICIO Y MANTENIMIENTO A MEDIDORES DE FLUJO,1.0,240000.0
SO1135,2020-11-10,MONDELEZ MEXICO,SERVICIOS FTS,278400.0,CONCEPTO: MANTENIMIENTO A MEDIDORES DE HUMEDAD.  INFRAXACT 7500 SERIAL-91744277  INFRAXACT 7500 SERIAL-91738562  INFRAXCT 7500 SERIAL-91773225  INFRAXCT 7500 SERIAL-91774138  INCLUYE:  REFACCIONES NECESARIAS  MANO DE OBRA  HERRAMIENTAS,SERVICIO Y MANTENIMIENTO A MEDIDORES DE FLUJO,1.0,240000.0
SO1140,2020-11-06,MONDELEZ MEXICO,SERVICIOS FTS,149640.0,CLIMA/2000W/SK3186.930/RITTAL,SK 3305.540 RITTAL BLUE+ AC UNIT 1500 W,1.0,129000.0
SO1053,2020-11-04,Munters de Mexico S de R.L. de C.V.,SERVICIOS FTS,13920.0,Servicio de Segurista en sitio (1 turno de 8 horas) Incluye: - Preparar formatos 1 día antes de actividad.  - Realizar SAP (Safety Action Plan ) y evaluación de riesgos - Acompañar al personal en sus actividades  - Segurista certificado ante la STPS y habilitado para ejercer en Mondelez international.,"Description  21025-07 Servicios de Supervisión   - Comments: Servicios de supervision de ingenieria para el proyecto 21G- Repack - Tailor, planta Mondelez Monterrey (G) Folio:2d92ab19-5f4e-4454-9a42-eaa4dbeas1aa",6.0,12000.0
SO1033,2020-11-04,MONDELEZ MEXICO,SERVICIOS FTS,56492.0,Servicio de reparacion de clima de Tablero en RSM L13  Servicio de Reparación de clima de tablero L13 RSM MDLZ Salinas Incluye:  - Reparacion e instalacion de compresor - Cambio e instalacion de filtro de refrigeracion. - Limpieza de sistema de refrigeracion con nitrogeno - Soldadura del 5% de plata. - Instalacion de valvulas de servicio. - Instalacion de equipo en tablero electrico y puesta en marcha.,Servicio de reparacion de clima de Tablero en RSM L13,1.0,48700.0
SO1064,2020-11-02,MONDELEZ MEXICO,SERVICIOS FTS,15660.0,Diagnostico Para sistema de control de nivel de tanque  de agua  y valvula reguladora en Exterior de planta  MDLZ Salinas  Incluye :  - 1 Ingeniero en Automatización y 1 tecnico en electronica - Herramientas para diagnostico eléctrico /electrónico  - Incluye levantamiento de componentes dañados y componentes en buen estado. - Revision de valvula reguladora. ' Revision de sistema de control de llenado. - Se entrega reporte digital con diagnostico de falla.,Soporte Automatización (Hora de servicio),1.0,13500.0
SO1124,2020-10-29,MARCO ANTONIO FLORES BLANCO,SERVICIOS FTS,138852.0,Instalación de filtros ultra sand e Insertos en Mondelez Monterrey (Anticipo del 20% de SO1027 Y SO1014),Instalación de doce insertos de 2 pulgadas y válvula en tubería existente de agua tratada,1.0,119700.0
SO1123,2020-10-29,MARCO ANTONIO FLORES BLANCO,SERVICIOS FTS,138852.0,Instalación de filtros ultra sand e Insertos en Mondelez Monterrey (Anticipo del 20% de SO1027 Y SO1014),Instalación de doce insertos de 2 pulgadas y válvula en tubería existente de agua tratada,1.0,119700.0
SO1122,2020-10-29,MARCO ANTONIO FLORES BLANCO,SERVICIOS FTS,277704.0,Instalación de filtros ultra sand e Insertos en Mondelez Monterrey (Anticipo del 40% de SO1027 Y SO1014),Instalación de doce insertos de 2 pulgadas y válvula en tubería existente de agua tratada,1.0,239400.0
SO1120,2020-10-29,MONDELEZ MEXICO,SERVICIOS FTS,71920.0,"Mantenimiento unitario a Clima de tablero Servicio de mantenimiento mayor  a equipo de climatización para tablero de control:  • Desinstalación e Instalación de la unidad. • Desinfección de evaporador. • Limpieza de filtros. • Medición y evaluación de corriente de consumo. • Limpieza en intercambiadores de calor. • Limpieza de compresor. • Revisión, Análisis y diagnostico de la unidad. • ""setup"" y puesta marcha.",Mantenimiento Clima de Tablero,10.0,62000.0
SO966,2020-10-28,MONDELEZ MEXICO,SERVICIOS FTS,10150.0,Filtros de aire,Filtros de aire,2.0,3200.0
SO966,2020-10-28,MONDELEZ MEXICO,SERVICIOS FTS,10150.0,"Rejilla de salida Estándar con Filtro, Rittal SK 3243200 Outlet Filter for 12.7 x 12.7 ""Protección UL 94-5VAColor: RAL7035 Incluye: Filtro anti polvos y particulas pequeñas","Rejilla de salida Estándar con Filtro, Rittal SK 3243200",3.0,5550.0
SO991,2020-10-27,MONDELEZ MEXICO,SERVICIOS FTS,23072.4,Reparacion de clima maquinado L6 incluye:  - Suministro y cambio de valvula de expansion. - Soldadura con plata del 5% - vacio de sistema. - revision de fugas con nitrogeno. - Carga de gas refrogeranre R134a.,Reparacion de clima maquinado L6,1.0,19890.0
SO919,2020-10-27,MONDELEZ MEXICO,SERVICIOS FTS,14036.0,Suministro y cambio de lamparas Espiral de enfriamiento L6 Inluye:  - Suministro de 2 lamparas tecnolite IP63 para temperaturas bajas. - Incluye balastro de lamparas. - Instalación y cambio de ambas lamparas,Suministro y cambio de lamparas Espiral de enfriamiento L6,1.0,12100.0
SO1009,2020-10-27,MONDELEZ MEXICO,SERVICIOS FTS,7192.0,"Mantenimiento y diagnostico  a Clima de Mixer L6 MDLZ SALINAS Servicio de mantenimiento mayor  a equipo de climatización para tablero de control:  • Desinstalación e Instalación de la unidad. • Desinfección de evaporador. • Limpieza de filtros. • Medición y evaluación de corriente de consumo. • Limpieza en intercambiadores de calor. • Limpieza de compresor. • Revisión, Análisis y diagnostico de la unidad. • ""setup"" y puesta marcha.",Mantenimiento Clima de Tablero,1.0,6200.0
SO983,2020-10-23,MONDELEZ MEXICO,SERVICIOS FTS,313406.48,/RITTAL CLIMA 2000 WATTS/BLUE+,SK 3187930 /RITTAL CLIMA 2000 WATTS/BLUE+,2.0,215678.0
SO983,2020-10-23,MONDELEZ MEXICO,SERVICIOS FTS,313406.48,"Integracion de turbinas de recirculacion Servicio de integracion de turbinas para tablero de L2 Horno  Incluye:  - Suministro e Instalacion de 4 turbinas para tablero Enclosure internal fan MCA. RITTAL - Suministro e Instalacion de cableado electrico para alimentacion de turbinas 16 AWG. - Suministro e instaacion de 4 MiniCircuit Breakers de fusible con LED MCA. Allen Bradley, para protecion de turbinas. tipo DIN RIEL Mounted. - Suministro e instalacion de bases metalicas para instalacion de turbinas en Slots modulares de tablero Rittal. - Personal calificado por RITTAL para realizar la integracion. - Supervisor de seguridad y de obra para el proyecto.",Integracion de turbinas de recirculacion,1.0,41000.0
SO983,2020-10-23,MONDELEZ MEXICO,SERVICIOS FTS,313406.48,Integracion de 2 Climas Rittal para tablero de Horno L2 Incluye:  -  Corte de placa de acero para montaje de clima -  Montaje de clima en 2 puertas. - Hardware necesario para la instalación - 3 Guardamotores 20 amps MCA Allen Bradley. - Tablillas de conexiones -  Cable necesario para fuerza 12 AWG.,Integracion de 3 Climas Rittal para tablero de Horno L2,1.0,13500.0
SO1114,2020-10-23,MGM Ingeniería SA de CV,SERVICIOS FTS,2320.0,Servicio de Segurista en sitio (1 dia )  Incluye: - Preparar formatos 1 día antes de actividad.  - Realizar SAP (Safety Action Plan ) y evaluación de riesgos (Cuando sea requerido) - Acompañar al personal en sus actividades  - Segurista certificado ante la STPS y habilitado para ejercer en Mondelez international.,"Description  21025-07 Servicios de Supervisión   - Comments: Servicios de supervision de ingenieria para el proyecto 21G- Repack - Tailor, planta Mondelez Monterrey (G) Folio:2d92ab19-5f4e-4454-9a42-eaa4dbeas1aa",1.0,2000.0
SO1106,2020-10-23,MONDELEZ MEXICO,SERVICIOS FTS,7192.0,"Mantenimiento de clima de tablero en Almacen de refacciones.  Servicio de mantenimiento mayor  a equipo de climatización para tablero de control:  • Desinstalación e Instalación de la unidad. • Desinfección de evaporador. • Limpieza de filtros. • Medición y evaluación de corriente de consumo. • Limpieza en intercambiadores de calor. • Limpieza de compresor. • Revisión, Análisis y diagnostico de la unidad. • ""setup"" y puesta marcha.",Mantenimiento Clima de Tablero,1.0,6200.0
SO1102,2020-10-21,MONDELEZ MEXICO,SERVICIOS FTS,71920.0,"Mantenimiento unitario a Clima de tablero Servicio de mantenimiento mayor  a equipo de climatización para tablero de control:  • Desinstalación e Instalación de la unidad. • Desinfección de evaporador. • Limpieza de filtros. • Medición y evaluación de corriente de consumo. • Limpieza en intercambiadores de calor. • Limpieza de compresor. • Revisión, Análisis y diagnostico de la unidad. • ""setup"" y puesta marcha.",Mantenimiento Clima de Tablero,10.0,62000.0
SO1050,2020-10-21,MONDELEZ MEXICO,SERVICIOS FTS,12667.2,Diagnostico Para falla en Controlador de bombas Agua Exterior de planta  MDLZ MTY  Incluye :  - 1 Ingeniero en Automatización - Herramientas para diagnostico eléctrico /electrónico  - Laptop con Software necesario de Rockwell Automation (cuando sea necesario),Soporte Automatización (Hora de servicio),1.0,10920.0
SO763,2020-10-14,MONDELEZ MEXICO,SERVICIOS FTS,15544.0,Servicio de Montaje e Integración de clima de tablero Incluye:  - Corte en acero inoxidable para montaje de clima. - Perforaciones para acero inoxidable para tornilleria de clima- - MiniCircuit Breaker 10 amps DIN RIEL MCA. Allen Bradley. - Cable de alimentación calibre 12 AWG. - Montaje y puesta en marcha de equipo. - Incluye el suministro e instalación de placas de acero para tapar cualquier entrada de aire caliente existente en el tablero,Servicio de Montaje e Integración de clima de tablero,1.0,13400.0
SO1077,2020-10-12,MONDELEZ MEXICO,SERVICIOS FTS,15544.0,"Mantenimiento a Tablero Eléctrico y clima de Tablero en Mondelez Planta Salinas Mixer L4  Incluído en mantenimiento Tablero  - Toma de termografías y reporte con analisis termografico. - Rsportes de Mantenimiento digitales y de analisis en tiempo real con aplicacion mobil. - Aspirado de tablero y componentes - Limpieza de gabinete exterior e interior - Reapriete de tornillería con torque controlado en base a Workmanship standar de Rockwell Automation. - Reacomodo de cables, canaletas y conecciónes mal ubicadas. - Prueba ""Pull check"" punto por punto   Incluido en Mantenimiento de clima:  Desinfección de evaporador. • Limpieza de filtros. • Medición y evaluación de corriente de consumo. • Medición y evaluación del estado de gas de enfriamiento (en caso de contar con válvulas de servicio) • Limpieza en intercambiadores de calor. • Limpieza de compresores. • Revisión, Análisis y diagnostico de la unidad. • Propuestas de solución. -Incluye conexion electrica del clima.(incluido guardamotor , cable y conector plug marca RITTAL).  No se incluyen refacciones. Del clima",Mantenimiento a Tablero Electrico,1.0,13400.0
SO1054,2020-10-12,MONDELEZ MEXICO,SERVICIOS FTS,71920.0,"Mantenimiento unitario a Clima de tablero Servicio de mantenimiento mayor  a equipo de climatización para tablero de control:  • Desinstalación e Instalación de la unidad. • Desinfección de evaporador. • Limpieza de filtros. • Medición y evaluación de corriente de consumo. • Limpieza en intercambiadores de calor. • Limpieza de compresor. • Revisión, Análisis y diagnostico de la unidad. • ""setup"" y puesta marcha.",Mantenimiento Clima de Tablero,10.0,62000.0
SO1073,2020-10-07,MONDELEZ MEXICO,SERVICIOS FTS,556800.0,SERVICIO Y MANTENIMIENTO A MEDIDORES DE FLUJO  INCLUYE: ● REFACCIONES NECESARIAS ● MANO DE OBRA ● HERRAMIENTA,SERVICIO Y MANTENIMIENTO A MEDIDORES DE FLUJO,1.0,480000.0
SO962,2020-10-06,MONDELEZ MEXICO,SERVICIOS FTS,145243.6,(MANO DE OBRA) Servicio de  Reparacion de 10 VFD MCA Allen Bradley. Incluye: - Instalación de Ventiladores y puesta en marcha de 20 abanicos para enfriamiento de MAIN BOARD VFD MCA. Allen Bradley.,Servicio de  Reparacion de 1 VFD MCA Allen Bradley.,1.0,43823.5
SO962,2020-10-06,MONDELEZ MEXICO,SERVICIOS FTS,145243.6,(MATERIALES ) KIT de abanicos para enfriamiento de 10 Main Board de VFDs MCA Allen Bradley .Abanicos  MCA ALLEN BRADLEY 24VDC. Incluye: - 20 Abanicos en total,KIT DE ABANICOS PARA ENFRIAMIENTO DE 20 VFD MCA ALLEN DRADLEY MAIN BOARD. 24VDC CON CONECTOR PLUG RAPIDO PARA CONEXION EN TARJETA ELECTRONICA.,1.0,81386.5
SO886,2020-10-06,MONDELEZ MEXICO,SERVICIOS FTS,46864.0,Servicio y suministro de tanque de nitrogeno con carrito Móvil en Planta Salinas,Mantenimiento a Tablero Electrico,2.0,6400.0
SO886,2020-10-06,MONDELEZ MEXICO,SERVICIOS FTS,46864.0,Servicio de Mantenimiento y Diagnostico a 21 Unidades de CCM con VFD PowerFlex MCA. Allen Bradley 	  Incluye:  - Apertura de Frame de plastico de 10 VFD - Inyección de nitrogeno con pistola y regulador de presión - Desincrustacion de polvo y Harina - Armado de Frames de plastico. -Reporte digital de la actividad. - Diagnostico de control y comunicacion para revisión de falla y errores,Servicio de Mantenimiento a 32 VFD PowerFlex MCA. Allen Bradley,1.0,34000.0
SO961,2020-10-05,MONDELEZ MEXICO,SERVICIOS FTS,145243.6,(MANO DE OBRA) Servicio de  Reparacion de 10 VFD MCA Allen Bradley. Incluye: - Instalación de Ventiladores y puesta en marcha de 20 abanicos para enfriamiento de MAIN BOARD VFD MCA. Allen Bradley.,Servicio de  Reparacion de 1 VFD MCA Allen Bradley.,1.0,43823.5
SO961,2020-10-05,MONDELEZ MEXICO,SERVICIOS FTS,145243.6,(MATERIALES ) KIT de abanicos para enfriamiento de 10 Main Board de VFDs MCA Allen Bradley .Abanicos  MCA ALLEN BRADLEY 24VDC. Incluye: - 20 Abanicos en total,KIT DE ABANICOS PARA ENFRIAMIENTO DE 20 VFD MCA ALLEN DRADLEY MAIN BOARD. 24VDC CON CONECTOR PLUG RAPIDO PARA CONEXION EN TARJETA ELECTRONICA.,1.0,81386.5
SO944,2020-10-05,MONDELEZ MEXICO,SERVICIOS FTS,22272.0,Reparacion de tuberia del tanque de Frudex 63,Reparacion de tuberia del tanque de Frudex 63,1.0,19200.0
SO858,2020-10-05,MONDELEZ MEXICO,SERVICIOS FTS,22968.0,Servicio de colocacion de base de motor de acero inoxidable conexión eléctrica en el Area de tanques,Servicio de colocacion de base de motor de acero inoxidable conexión eléctrica en el Area de tanques,1.0,19800.0
SO1038,2020-10-05,MONDELEZ MEXICO,SERVICIOS FTS,132240.0,"Servicio de desinstalacion de 2 sistemas de deshumidificadores en Planta Mdlz MTY.   - Maniobras de desinstalacion de los 2 deshumidificadores - desinstalacion de Soportería - desinstlacion de Herrajes y hardware - Resane de huecos y orificios. - Flete/transportacion de equipos fuera de planta Mty hacia planta Salinas - Maniobras de acarreo en planta Salinas , hasta sitio final.",Maniobras e Izajes,1.0,114000.0
SO1037,2020-10-05,MONDELEZ MEXICO,SERVICIOS FTS,129920.0,"1 Mes de Renta de : 2 Chillers . CAP: 5 TON ,MCA. Clima-Flex , con Bomba 1/2 hp.Type: Descarga Vertical","1 Mes de Renta de : 2 Chillers . CAP: 5 TON ,MCA. Clima-Flex , con Bomba 1/2 hp.Type: Descarga Vertical",2.0,112000.0
SO1025,2020-10-05,MONDELEZ MEXICO,SERVICIOS FTS,7192.0,"Mantenimiento unitario a Clima de tablero L1 Servicio de mantenimiento mayor  a equipo de climatización para tablero de control:  • Desinstalación e Instalación de la unidad. • Desinfección de evaporador. • Limpieza de filtros. • Medición y evaluación de corriente de consumo. • Limpieza en intercambiadores de calor. • Limpieza de compresor. • Revisión, Análisis y diagnostico de la unidad. • ""setup"" y puesta marcha.",Mantenimiento Clima de Tablero,1.0,6200.0
SO1022,2020-10-05,MONDELEZ MEXICO,SERVICIOS FTS,14384.0,"Mantenimiento Clima de Tablero area de Silos Servicio de mantenimiento mayor  a equipo de climatización para tablero de control:  • Desinstalación e Instalación de la unidad. • Desinfección de evaporador. • Limpieza de filtros. • Medición y evaluación de corriente de consumo. • Limpieza en intercambiadores de calor. • Limpieza de compresor. • Revisión, Análisis y diagnostico de la unidad. • ""setup"" y puesta marcha.",Mantenimiento Clima de Tablero,2.0,12400.0
SO1071,2020-10-02,MARCO ANTONIO FLORES BLANCO,SERVICIOS FTS,377000.0,INSTALACION ELECTRICA E INSTALACION DE FILTROS Y SOPORTERÍA marca: N/A,OC 2300,1.0,325000.0
SO1070,2020-10-02,MARCO ANTONIO FLORES BLANCO,SERVICIOS FTS,317260.0,"OC 2300 INTEGRACION VALVULAS E INSERTOS EN ACERO INOXIDABLE. INCLUYE: -TOTO EL MATERIAL HIDRÁULICO(TUBERÍA, COPLES PARA INSERTOS, VÁLVULAS DE PASO, VÁLVULAS MANÓMETROS, NIPLES,ETC) - 12 MANÓMETROS -6 BASES DE ACERO INOX PARA FILTROS -MAN",OC 2300,1.0,273500.0
SO1055,2020-10-01,JUAN DE LA CRUZ MALDONADO,SERVICIOS FTS,27500.0,Póliza Mantenimientos Equipos de Refrigeración,Póliza Mantenimientos Equipos de Refrigeración,1.0,23706.9
SO1036,2020-09-25,"MONDELEZ MEXICO, Adrián Vazquez",SERVICIOS FTS,22921.6,Amprerimetro MCA FLUKE MOD: 324,Amprerimetro MCA FLUKE MOD: 324,2.0,19760.0
SO1039,2020-09-24,MGM Ingeniería SA de CV,SERVICIOS FTS,2320.0,Servicio de Segurista en sitio (1 dia )  Incluye: - Preparar formatos 1 día antes de actividad.  - Realizar SAP (Safety Action Plan ) y evaluación de riesgos (Cuando sea requerido) - Acompañar al personal en sus actividades  - Segurista certificado ante la STPS y habilitado para ejercer en Mondelez international.,"Description  21025-07 Servicios de Supervisión   - Comments: Servicios de supervision de ingenieria para el proyecto 21G- Repack - Tailor, planta Mondelez Monterrey (G) Folio:2d92ab19-5f4e-4454-9a42-eaa4dbeas1aa",1.0,2000.0
SO1032,2020-09-23,MONDELEZ MEXICO,SERVICIOS FTS,139200.0,SERVICIO DE MANTENIMIENTO Y CALIBRACIÓN A MEDIDORES DE PRESIÓN ÁREA DE HORNOS. INCLUYE:  ● REFACCIONES NECESARIAS ● MANO DE OBRA ● HERRAMIENTA,SERVICIO DE MANTENIMIENTO Y CALIBRACIÓN A MEDIDORES DE PRESIÓN ÁREA DE HORNOS.,1.0,120000.0
SO1035,2020-09-22,MGM Ingeniería SA de CV,SERVICIOS FTS,2320.0,Servicio de Segurista en sitio (1 dia )  Incluye: - Preparar formatos 1 día antes de actividad.  - Realizar SAP (Safety Action Plan ) y evaluación de riesgos (Cuando sea requerido) - Acompañar al personal en sus actividades  - Segurista certificado ante la STPS y habilitado para ejercer en Mondelez international.,"Description  21025-07 Servicios de Supervisión   - Comments: Servicios de supervision de ingenieria para el proyecto 21G- Repack - Tailor, planta Mondelez Monterrey (G) Folio:2d92ab19-5f4e-4454-9a42-eaa4dbeas1aa",1.0,2000.0
SO1021,2020-09-21,MONDELEZ MEXICO,SERVICIOS FTS,28768.0,"Cambio de 18 mts de tubería de acero de 2” a tubería 2”de pvc ced 80, incluye materiales y mano de obra",Instalación de doce insertos de 2 pulgadas y válvula en tubería existente de agua tratada,1.0,24800.0
SO1015,2020-09-21,MONDELEZ MEXICO,SERVICIOS FTS,32016.0,Mantenimiento y diagnostico a Manejadora de Aire Cortadora L1 Incluye:  - Limpieza de serpentines con Agua a presión. - Toma de temperaturas con camara termografica. - Limpieza de charola de condensado de la manejadora. - Limpieza de equipo en General. - Revision de condiciones de motor electrico y banda. -Analisis completo de la Unidad.   No incluye:  - Refacciones,Mantenimiento a Manejadora de Aire Corta,1.0,27600.0
SO1005,2020-09-21,MONDELEZ MEXICO,SERVICIOS FTS,86471.04,"Suministro de compresor y filtro deshidratador Hoffman  Specs: nVent, Pentair, Hoffman, Mclean 101026107, 101026107sp, 10-1026-107, 10 1026 107, RK233FT-037-BF, rk233ft037bf Compressor, 230 Volt","Suministro de compresor y filtro deshidratador : nVent, Pentair, Hoffman, Mclean 101026107, 101026107sp, 10-1026-107, 10 1026 107, RK233FT-037-BF, rk233ft037bf Compressor, 230 Volt",1.0,49744.0
SO1005,2020-09-21,MONDELEZ MEXICO,SERVICIOS FTS,86471.04,Servicio de Reparación de clima de tablero Horno L8  Incluye:  - Instalacion de compresor - instalacion de filtro de refrigeracion. - Limpieza de sistema de refrigeracion - Soldadura del 5% de plata. - Instalacion de valvulas de servicio. - Instalacion de equipo en tablero electrico y puesta en marcha.,Servicio de Reparación de clima de tablero Horno L8,1.0,12500.0
SO1005,2020-09-21,MONDELEZ MEXICO,SERVICIOS FTS,86471.04,Instalacion electrica y montaje de clima Incluye: - Suministro de Guardamotor para clima de tablero. - Suministro de kit de instalacion y Hardware para clima,Instalacion electrica y montaje de clima,1.0,12300.0
SO1008,2020-09-18,MONDELEZ MEXICO,SERVICIOS FTS,88160.0,"Mantenimiento Tunel de enfriamiento - Zona 3 Linea 6  Incluye:  -Cambio de aceite y carga de gas  -Suministro de Aceite Emkarate RL32H - Refrigerante 404 - Mantenimiento a Condensador y evaporadort : ( limpieza de evaporador y condensador con agua a presión, remover abanicos de enfriamiento para lavado e inspección). - Cambio de filtro deshidratador de circuito de refrigeración (Instalacion y suministro) con soldadura autogena. - Revisión de parametros y sintonización de control (Incluye mtto de tablero)",Mantenimiento Tunel de enfriamiento - Zona 2 Linea 6,1.0,76000.0
SO1016,2020-09-17,MONDELEZ MEXICO,SERVICIOS FTS,15544.0,"Mantenimiento a Tablero Eléctrico y clima de Tablero en Mondelez Planta Salinas GOE L4  Incluído en mantenimiento Tablero  - Toma de termografías y reporte con analisis termografico. - Rsportes de Mantenimiento digitales y de analisis en tiempo real con aplicacion mobil. - Aspirado de tablero y componentes - Limpieza de gabinete exterior e interior - Reapriete de tornillería con torque controlado en base a Workmanship standar de Rockwell Automation. - Reacomodo de cables, canaletas y conecciónes mal ubicadas. - Prueba ""Pull check"" punto por punto   Incluido en Mantenimiento de clima:  Desinfección de evaporador. • Limpieza de filtros. • Medición y evaluación de corriente de consumo. • Medición y evaluación del estado de gas de enfriamiento (en caso de contar con válvulas de servicio) • Limpieza en intercambiadores de calor. • Limpieza de compresores. • Revisión, Análisis y diagnostico de la unidad. • Propuestas de solución. -Incluye conexion electrica del clima.(incluido guardamotor , cable y conector plug marca RITTAL).  No se incluyen refacciones. Del clima",Mantenimiento a Tablero Electrico,1.0,13400.0
SO998,2020-09-14,Daniel Cuateta,SERVICIOS FTS,730956.6,Integracion de climas Para tablero  MDLZ  MTY (4000 Y 6000 WATTS),Integracion de climas Para tablero  MDLZ  MTY (4000 Y 6000 WATTS),1.0,630135.0
SO1007,2020-09-14,MONDELEZ MEXICO,SERVICIOS FTS,49880.0,"Instalación de Cableado Ethernet CAT5E en (2) Maquinas FPE´s de L11. Desde tablero de control, hasta un costado de cada maquina  a travez de 50 mts por maquina.  Incluye:  - Canalización de cable a travez de 52 metros de Charola. por maquina (104 mts en total) - Incluye conectores ponchados en ambos extremos - Plataforma Articulada para maniobras - Desarmado de charolas, guardas y estructuras que sean necesarias en maquina. - Personal con Certificados DC3 para trabajos: Electricos, Alturas y Uso de plataformas. - Personal de Seguridad y Supervisión de obra. Nota: Cable será proporcionado por automatización de Mondelez",Instalación de Cable Ethernet,1.0,43000.0
SO875,2020-09-08,MONDELEZ MEXICO,SERVICIOS FTS,14500.0,"Instalación de Cable Ethernet y Tubería conduit. Horno L1   - Tubería Condit 1/2 "" pared gruesa por 10 metros. - Cable Ethernet CAT5E Blindado. - Hardware y herrajes para instalación. - Mano de obra para Instalación. - Equipo de elevación necesario.",Instalación de Cable Ethernet,1.0,12500.0
SO987,2020-09-03,MONDELEZ MEXICO,SERVICIOS FTS,40600.0,"Programacion de mensajes en Monitor andon y Panel view, L7 Maquinado  Incluye :  - 1 Ingeniero o técnico en Automatización - Segurista y Tecnico para apoyo de identificación - Herramientas para Programación e identificacion eléctrico /electrónico  - Laptop con Software necesario de Rockwell Automation.",Instalación de Cable Ethernet,1.0,35000.0
SO990,2020-08-28,MONDELEZ MEXICO,SERVICIOS FTS,7192.0,"Mantenimiento y diagnostico  a Clima de Maquinado L7 Servicio de mantenimiento mayor  a equipo de climatización para tablero de control:  • Desinstalación e Instalación de la unidad. • Desinfección de evaporador. • Limpieza de filtros. • Medición y evaluación de corriente de consumo. • Limpieza en intercambiadores de calor. • Limpieza de compresor. • Revisión, Análisis y diagnostico de la unidad. • ""setup"" y puesta marcha.",Mantenimiento Clima de Tablero,1.0,6200.0
SO976,2020-08-28,"MONDELEZ MEXICO, Marlon Castellanos",SERVICIOS FTS,14384.0,"Mantenimiento Clima de Tablero Horno y Empaque L6 Servicio de mantenimiento mayor  a equipo de climatización para tablero de control:  • Desinstalación e Instalación de la unidad. • Desinfección de evaporador. • Limpieza de filtros. • Medición y evaluación de corriente de consumo. • Limpieza en intercambiadores de calor. • Limpieza de compresor. • Revisión, Análisis y diagnostico de la unidad. • ""setup"" y puesta marcha.",Mantenimiento Clima de Tablero,2.0,12400.0
SO975,2020-08-28,"MONDELEZ MEXICO, Marlon Castellanos",SERVICIOS FTS,14384.0,"Mantenimiento Clima de Tablero Maquinado y Amases L6 Servicio de mantenimiento mayor  a equipo de climatización para tablero de control:  • Desinstalación e Instalación de la unidad. • Desinfección de evaporador. • Limpieza de filtros. • Medición y evaluación de corriente de consumo. • Limpieza en intercambiadores de calor. • Limpieza de compresor. • Revisión, Análisis y diagnostico de la unidad. • ""setup"" y puesta marcha.",Mantenimiento Clima de Tablero,2.0,12400.0
SO988,2020-08-26,MONDELEZ MEXICO,SERVICIOS FTS,31900.0,"CAMISOLA ARC FLASH RATED MARCA: BULWARKFabric Westex Ultrasoft® Flame-resistant, 7 oz. (235 g/m²) 88% Cotton / 12% NylonAdditional Information:Concealed-Gripper Pocketless Shirt features: Arc rating: 8.6 cal/cm²","CAMISOLA ARC FLASH RATED MARCA: BULWARKFabric Westex Ultrasoft® Flame-resistant, 7 oz. (235 g/m²) 88% Cotton / 12% NylonAdditional Information:Concealed-Gripper Pocketless Shirt features: Arc rating: 8.6 cal/cm²",10.0,27500.0
SO953,2020-08-26,MONDELEZ MEXICO,SERVICIOS FTS,43152.0,"Mantenimiento y Diagnóstico AC UNIT   Servicio de mantenimiento y diagnóstico a equipo de refrigeración para tablero de control Empaque L5  • Desinfección de evaporador. • Limpieza de filtros. • Medición y evaluación de corriente de consumo. • Medición y evaluación del estado de gas de enfriamiento (en caso de contar con válvulas de servicio) • Limpieza en intercambiadores de calor. • Limpieza de compresores. • Revisión, Análisis y diagnostico de la unidad. • Propuestas de solución.  No se incluyen refacciones.",Mantenimiento Clima de Tablero,6.0,37200.0
SO951,2020-08-26,MONDELEZ MEXICO,SERVICIOS FTS,7192.0,"Mantenimiento y Diagnóstico AC UNIT   Servicio de mantenimiento y diagnóstico a equipo de refrigeración para tablero de control Mixer L5  • Desinfección de evaporador. • Limpieza de filtros. • Medición y evaluación de corriente de consumo. • Medición y evaluación del estado de gas de enfriamiento (en caso de contar con válvulas de servicio) • Limpieza en intercambiadores de calor. • Limpieza de compresores. • Revisión, Análisis y diagnostico de la unidad. • Propuestas de solución.  No se incluyen refacciones.",Mantenimiento Clima de Tablero,1.0,6200.0
SO949,2020-08-26,MONDELEZ MEXICO,SERVICIOS FTS,30844.4,Servicio y suministro de tanque de nitrogeno con carrito Móvil en Planta Salinas,Mantenimiento a Tablero Electrico,1.0,3200.0
SO949,2020-08-26,MONDELEZ MEXICO,SERVICIOS FTS,30844.4,Servicio de Mantenimiento a 11 VFD PowerFlex MCA. Allen Bradley Maquinado  linea 5	  Incluye:  - Apertura de Frame de plastico de 11 VFD - Inyección de nitrogeno con pistola y regulador de presión - Desincrustacion de polvo y Harina - Armado de Frames de plastico. -Reporte digital de la actividad.,Servicio de Mantenimiento a 32 VFD PowerFlex MCA. Allen Bradley,1.0,19040.0
SO949,2020-08-26,MONDELEZ MEXICO,SERVICIOS FTS,30844.4,"Mantenimiento a Tableros Electricos de control de Tablero de Maquinado L5  Incluído en mantenimiento:  - Toma de termografías y reporte con analisis termografico. - Rsportes de Mantenimiento digitales y de analisis en tiempo real con aplicacion mobil. - Aspirado de tablero y componentes - Limpieza de gabinete exterior e interior - Reapriete de tornillería con torque controlado en base a Workmanship standar de Rockwell Automation. - Reacomodo de cables, canaletas y conecciónes mal ubicadas. - Prueba ""Pull check"" punto por punto",Mantenimiento a Tablero Electrico,1.0,4350.0
SO948,2020-08-26,MONDELEZ MEXICO,SERVICIOS FTS,28246.0,Servicio y suministro de tanque de nitrogeno con carrito Móvil en Planta Salinas,Mantenimiento a Tablero Electrico,1.0,3200.0
SO948,2020-08-26,MONDELEZ MEXICO,SERVICIOS FTS,28246.0,Servicio de Mantenimiento a 15 VFD PowerFlex MCA. Allen Bradley Horno linea 5  Incluye:  - Apertura de Frame de plastico de 15 VFD - Inyección de nitrogeno con pistola y regulador de presión - Desincrustacion de polvo y Harina - Armado de Frames de plastico. -Reporte digital de la actividad.,Servicio de Mantenimiento a 32 VFD PowerFlex MCA. Allen Bradley,1.0,16800.0
SO948,2020-08-26,MONDELEZ MEXICO,SERVICIOS FTS,28246.0,"Mantenimiento a Tablero Electrico de control de Horno L5  Incluído en mantenimiento:  - Toma de termografías y reporte con analisis termografico. - Rsportes de Mantenimiento digitales y de analisis en tiempo real con aplicacion mobil. - Aspirado de tablero y componentes - Limpieza de gabinete exterior e interior - Reapriete de tornillería con torque controlado en base a Workmanship standar de Rockwell Automation. - Reacomodo de cables, canaletas y conecciónes mal ubicadas. - Prueba ""Pull check"" punto por punto",Mantenimiento a Tablero Electrico,1.0,4350.0
SO933,2020-08-26,MONDELEZ MEXICO,SERVICIOS FTS,14384.0,"Mantenimiento y Diagnóstico AC UNIT   Servicio de mantenimiento y diagnóstico a equipo de refrigeración para tablero de control Maquinado L5  • Desinfección de evaporador. • Limpieza de filtros. • Medición y evaluación de corriente de consumo. • Medición y evaluación del estado de gas de enfriamiento (en caso de contar con válvulas de servicio) • Limpieza en intercambiadores de calor. • Limpieza de compresores. • Revisión, Análisis y diagnostico de la unidad. • Propuestas de solución.  No se incluyen refacciones.",Mantenimiento Clima de Tablero,2.0,12400.0
SO929,2020-08-26,MONDELEZ MEXICO,SERVICIOS FTS,14384.0,"Mantenimiento y Diagnóstico AC UNIT   Servicio de mantenimiento y diagnóstico a equipo de refrigeración para tablero de control Maquinado L5  • Desinfección de evaporador. • Limpieza de filtros. • Medición y evaluación de corriente de consumo. • Medición y evaluación del estado de gas de enfriamiento (en caso de contar con válvulas de servicio) • Limpieza en intercambiadores de calor. • Limpieza de compresores. • Revisión, Análisis y diagnostico de la unidad. • Propuestas de solución.  No se incluyen refacciones.",Mantenimiento Clima de Tablero,2.0,12400.0
SO971,2020-08-20,MONDELEZ MEXICO,SERVICIOS FTS,6646.8,"Mantenimiento unitario a Clima  Servicio de mantenimiento mayor  a equipo de climatización para tablero de control:  • Desinstalación e Instalación de la unidad. • Desinfección de evaporador. • Limpieza de filtros. • Medición y evaluación de corriente de consumo. • Limpieza en intercambiadores de calor. • Limpieza de compresor. • Revisión, Análisis y diagnostico de la unidad. • ""setup"" y puesta marcha.",Mantenimiento Clima de Tablero,1.0,5730.0
SO970,2020-08-20,MONDELEZ MEXICO,SERVICIOS FTS,6646.8,"Mantenimiento unitario a Clima  Servicio de mantenimiento mayor  a equipo de climatización para tablero de control:  • Desinstalación e Instalación de la unidad. • Desinfección de evaporador. • Limpieza de filtros. • Medición y evaluación de corriente de consumo. • Limpieza en intercambiadores de calor. • Limpieza de compresor. • Revisión, Análisis y diagnostico de la unidad. • ""setup"" y puesta marcha.",Mantenimiento Clima de Tablero,1.0,5730.0
SO969,2020-08-20,MONDELEZ MEXICO,SERVICIOS FTS,6646.8,"Mantenimiento unitario a Clima  Servicio de mantenimiento mayor  a equipo de climatización para tablero de control:  • Desinstalación e Instalación de la unidad. • Desinfección de evaporador. • Limpieza de filtros. • Medición y evaluación de corriente de consumo. • Limpieza en intercambiadores de calor. • Limpieza de compresor. • Revisión, Análisis y diagnostico de la unidad. • ""setup"" y puesta marcha.",Mantenimiento Clima de Tablero,1.0,5730.0
SO968,2020-08-20,MONDELEZ MEXICO,SERVICIOS FTS,6646.8,"Mantenimiento unitario a Clima  Servicio de mantenimiento mayor  a equipo de climatización para tablero de control:  • Desinstalación e Instalación de la unidad. • Desinfección de evaporador. • Limpieza de filtros. • Medición y evaluación de corriente de consumo. • Limpieza en intercambiadores de calor. • Limpieza de compresor. • Revisión, Análisis y diagnostico de la unidad. • ""setup"" y puesta marcha.",Mantenimiento Clima de Tablero,1.0,5730.0
SO927,2020-08-19,MONDELEZ MEXICO,SERVICIOS FTS,16704.0,Cambio de cableado punto de candadeo Sopladores #20 Calibre 6 AWG,Cambio de cableado punto de candadeo Sopladores #20 Calibre 6 AWG,1.0,14400.0
SO956,2020-08-18,MONDELEZ MEXICO,SERVICIOS FTS,373079.2,"Servicio de Retrofit para seccion de empujadores de Doboy en L1, Mondelez Planta Monterrey  Incluye: - Mejoras en: - Empujadores de cadena - Motores. - Guias - Sensores. - Rodillos   FTS Garantiza el funcionamiento al 100% del equipo.",Servicio de Upgrade para Doboy L1,1.0,321620.0
SO853,2020-08-18,MONDELEZ MEXICO,SERVICIOS FTS,235710.84,"(6 Meses ) Ing. Supervisor de Automatización  Habilidades: - Experiencia tecnica en Automatización - Dominio de marca Allen Bradley - Seguimiento a Proyectos. - Capacidad administrativa. - Trabajo en equipo - Experiencia en Creación de permisos y Documentación de Seguridad para trabajos en Mondelez. - Certificados DC3 en : Trabajos Electricos , LOTO, ARC FLASH.",Supervisor Automatización,1.0,203199.0
SO959,2020-08-17,MONDELEZ MEXICO,SERVICIOS FTS,45124.0,"Servicio de Mantenimiento a Chiller Incluye:  Limpieza a serpentines con agua a presión , revisión de presiones , desmontaje de motores de ventiladores de condensadora , limpieza de charola de condensados , revisión y ajustes al sistema de refrigeración.",Servicio de Mantenimiento a Chiller,1.0,38900.0
SO838,2020-08-17,MONDELEZ MEXICO,SERVICIOS FTS,44080.0,"Mantenimiento Tunel de enfriamiento - Zona 3 Linea 6  Incluye:  -Cambio de aceite y carga de gas  -Suministro de Aceite Emkarate RL32H - Refrigerante 404 - Mantenimiento a Condensador y evaporadort : ( limpieza de evaporador y condensador con agua a presión, remover abanicos de enfriamiento para lavado e inspección). - Cambio de filtro deshidratador de circuito de refrigeración (Instalacion y suministro) con soldadura autogena. - Revisión de parametros y sintonización de control (Incluye mtto de tablero)",Mantenimiento Tunel de enfriamiento - Zona 2 Linea 6,1.0,38000.0
SO693,2020-08-17,Daniel Cuateta,SERVICIOS FTS,219240.0,SK 3188.940  RITTAL BLUE+ AC UNIT 4000 W,SK 3305.540 RITTAL BLUE+ AC UNIT 1500 W,1.0,189000.0
SO925,2020-08-12,MONDELEZ MEXICO,SERVICIOS FTS,15660.0,Servicio de Soldadura de tuberia de conbre en la salida de horno entre banda take off e inclinada 1 en banda Incluye:  - Uso de oxigeno y acetileno - Uso de varillas de plata del 5% - Acarreo de tanques al area de trabajo. - Personal de seguridad  y soldadores en sitio.,Servicio de Soldadura de tuberia de conbre en la salida de horno entre banda take off e inclinada 1 en banda,1.0,13500.0
SO921,2020-08-12,MONDELEZ MEXICO,SERVICIOS FTS,24708.0,Servicio de Mantenimiento y diagnostico a deshumidificador Silos de amases  Incluye: - Limpieza a serpentines de condensadora  - Limpieza de filtros . - Revision de rueda desecante. - Revisión de circuito de refrigreración - Reapriete a tornilleria de fuerza y de control -Revisión de consumo eléctrico,Servicio de Mantenimiento a deshumidificador Silos de amases,1.0,21300.0
SO619,2020-08-12,"MONDELEZ MEXICO, Amauri Hernandez",SERVICIOS FTS,114028.0,Servicio de cableado de Cordsets 90 grados para Interlocks Allen Bradley Incluye:  - Suministro e instalacion de cables tipo cordsets (5 a 10 m) con Angulo de 90 grados para 15 interlocks - Instalacion de cables nuevos y desinstalación de Cables actuales para interlocks  para 15 interlocks. - Instalacion y suministro de 15 placas metalicas de acero inoxidable para ruteo mejorado de cables de comunicacion para interlocks. - Instalacion ysuministro de 8 guias para charolas de scrap de galletas (En Nylamid o Acetal) (Incluye instalacion y desinstalacion. - Soporte tecnico para proyecto. - Supervisor de seguridad y supervisor de obra para el proyecto.,Servicio de cableado de Cordsets para Interlocks Allen Bradley,1.0,98300.0
SO936,2020-08-11,MONDELEZ MEXICO,SERVICIOS FTS,64322.0,Servicio y suministro de tanque de nitrogeno con carrito Móvil en Planta Salinas,Mantenimiento a Tablero Electrico,1.0,3200.0
SO936,2020-08-11,MONDELEZ MEXICO,SERVICIOS FTS,64322.0,Servicio de Mantenimiento a 35 VFD PowerFlex MCA. Allen Bradley  en 3 Gradomatic linea 2	  Incluye:  - Apertura de Frame de plastico de 35 VFD y Kinetix - Inyección de nitrogeno con pistola y regulador de presión - Desincrustacion de polvo y Harina - Armado de Frames de plastico. -Reporte digital de la actividad.,Servicio de Mantenimiento a 32 VFD PowerFlex MCA. Allen Bradley,1.0,39200.0
SO936,2020-08-11,MONDELEZ MEXICO,SERVICIOS FTS,64322.0,"Mantenimiento a Tablero Electrico de control de Gradomatic Linea 2  Incluído en mantenimiento:  - Toma de termografías y reporte con analisis termografico. - Rsportes de Mantenimiento digitales y de analisis en tiempo real con aplicacion mobil. - Aspirado de tablero y componentes - Limpieza de gabinete exterior e interior - Reapriete de tornillería con torque controlado en base a Workmanship standar de Rockwell Automation. - Reacomodo de cables, canaletas y conecciónes mal ubicadas. - Prueba ""Pull check"" punto por punto",Mantenimiento a Tablero Electrico,3.0,13050.0
SO935,2020-08-11,MONDELEZ MEXICO,SERVICIOS FTS,28246.0,Servicio y suministro de tanque de nitrogeno con carrito Móvil en Planta Salinas,Mantenimiento a Tablero Electrico,1.0,3200.0
SO935,2020-08-11,MONDELEZ MEXICO,SERVICIOS FTS,28246.0,Servicio de Mantenimiento a 15 VFD PowerFlex MCA. Allen Bradley Horno linea 2	  Incluye:  - Apertura de Frame de plastico de 15 VFD - Inyección de nitrogeno con pistola y regulador de presión - Desincrustacion de polvo y Harina - Armado de Frames de plastico. -Reporte digital de la actividad.,Servicio de Mantenimiento a 32 VFD PowerFlex MCA. Allen Bradley,1.0,16800.0
SO935,2020-08-11,MONDELEZ MEXICO,SERVICIOS FTS,28246.0,"Mantenimiento a Tablero Electrico de control de Horno L2  Incluído en mantenimiento:  - Toma de termografías y reporte con analisis termografico. - Rsportes de Mantenimiento digitales y de analisis en tiempo real con aplicacion mobil. - Aspirado de tablero y componentes - Limpieza de gabinete exterior e interior - Reapriete de tornillería con torque controlado en base a Workmanship standar de Rockwell Automation. - Reacomodo de cables, canaletas y conecciónes mal ubicadas. - Prueba ""Pull check"" punto por punto",Mantenimiento a Tablero Electrico,1.0,4350.0
SO934,2020-08-11,MONDELEZ MEXICO,SERVICIOS FTS,23049.2,Servicio y suministro de tanque de nitrogeno con carrito Móvil en Planta Salinas,Mantenimiento a Tablero Electrico,1.0,3200.0
SO934,2020-08-11,MONDELEZ MEXICO,SERVICIOS FTS,23049.2,Servicio de Mantenimiento a 11 VFD PowerFlex MCA. Allen Bradley Maquinado  linea 2	  Incluye:  - Apertura de Frame de plastico de 11 VFD - Inyección de nitrogeno con pistola y regulador de presión - Desincrustacion de polvo y Harina - Armado de Frames de plastico. -Reporte digital de la actividad.,Servicio de Mantenimiento a 32 VFD PowerFlex MCA. Allen Bradley,1.0,12320.0
SO934,2020-08-11,MONDELEZ MEXICO,SERVICIOS FTS,23049.2,"Mantenimiento a Tableros Electricos de control de Tablero de Maquinado L2  Incluído en mantenimiento:  - Toma de termografías y reporte con analisis termografico. - Rsportes de Mantenimiento digitales y de analisis en tiempo real con aplicacion mobil. - Aspirado de tablero y componentes - Limpieza de gabinete exterior e interior - Reapriete de tornillería con torque controlado en base a Workmanship standar de Rockwell Automation. - Reacomodo de cables, canaletas y conecciónes mal ubicadas. - Prueba ""Pull check"" punto por punto",Mantenimiento a Tablero Electrico,1.0,4350.0
SO928,2020-08-05,Gloria Carolina Lugo Perez,SERVICIOS FTS,50000.0,SERVICIO DE MANTENIMIENTO A OFICINAS,SERVICIO DE MANTENIMIENTO A CLIMA MINISPLIT,1.0,43103.45
SO923,2020-08-04,MONDELEZ MEXICO,SERVICIOS FTS,179800.0,Servicio de Segurista en sitio (2 meses) Incluye: - Preparar formatos 1 día antes de actividad.  - Realizar SAP (Safety Action Plan ) y evaluación de riesgos - Acompañar al personal en sus actividades  - Segurista certificado ante la STPS y habilitado para ejercer en Mondelez international.,"Description  21025-07 Servicios de Supervisión   - Comments: Servicios de supervision de ingenieria para el proyecto 21G- Repack - Tailor, planta Mondelez Monterrey (G) Folio:2d92ab19-5f4e-4454-9a42-eaa4dbeas1aa",1.0,155000.0
SO874,2020-08-03,"MONDELEZ MEXICO, Marlon Castellanos",SERVICIOS FTS,24360.0,"Integración de interlocks de seguridad L6 Maquinado Incluye:  - (2) 440K-E33031. INTERRUPTOR DE SEGURIDAD ELF 2, 1N.A-1N.C., MCA ALLEN BRADLEY. - (2) Bases/brakets soldadas a Guarda de acero inoxidable para sostener y acoplar interlocks. - Hardware necesario para instalación -  Cableado necesario en gabinete de control para arreglo de control. - Reacomodo de circuito para cortar 24VDC directo con Interlock mecanico. - Pruebas y puesta en marcha.",Integración de interlocks de seguridad,1.0,21000.0
SO733,2020-08-03,MONDELEZ MEXICO,SERVICIOS FTS,20880.0,Reparación de tubería del desumificador #2,Reparación de tubería del desumificador #1,1.0,18000.0
SO922,2020-07-30,MONDELEZ MEXICO,SERVICIOS FTS,301600.0,SERVICIO DE MANTENIMIENTO Y CALIBRACION EN RAYOS X   INCLUYE: ● REFACCIONES NECESARIAS ● MANO DE OBRA ● HERRAMIENTA,SERVICIO DE MANTENIMIENTO Y CALIBRACION EN RAYOS X,1.0,260000.0
SO917,2020-07-29,MGM Ingeniería SA de CV,SERVICIOS FTS,2320.0,Servicio de Segurista en sitio (1 dia )  Incluye: - Preparar formatos 1 día antes de actividad.  - Realizar SAP (Safety Action Plan ) y evaluación de riesgos (Cuando sea requerido) - Acompañar al personal en sus actividades  - Segurista certificado ante la STPS y habilitado para ejercer en Mondelez international.,"Description  21025-07 Servicios de Supervisión   - Comments: Servicios de supervision de ingenieria para el proyecto 21G- Repack - Tailor, planta Mondelez Monterrey (G) Folio:2d92ab19-5f4e-4454-9a42-eaa4dbeas1aa",1.0,2000.0
SO916,2020-07-29,MGM Ingeniería SA de CV,SERVICIOS FTS,2320.0,Servicio de Segurista en sitio (1 dia )  Incluye: - Preparar formatos 1 día antes de actividad.  - Realizar SAP (Safety Action Plan ) y evaluación de riesgos (Cuando sea requerido) - Acompañar al personal en sus actividades  - Segurista certificado ante la STPS y habilitado para ejercer en Mondelez international.,"Description  21025-07 Servicios de Supervisión   - Comments: Servicios de supervision de ingenieria para el proyecto 21G- Repack - Tailor, planta Mondelez Monterrey (G) Folio:2d92ab19-5f4e-4454-9a42-eaa4dbeas1aa",1.0,2000.0
SO915,2020-07-29,JUAN DE LA CRUZ MALDONADO,SERVICIOS FTS,300620.0,Mantenimiento Aire Acondicionado Cedis OXXO Saltillo,Poliza de Mantenimiento Ventiladores y Extractores  CEDIS Escobedo - Abril 2020,1.0,259155.17
SO913,2020-07-29,MONDELEZ MEXICO,SERVICIOS FTS,21478.56,1 hora de Servicio  tecnico Especialista en automatizacion,1 hora de Servicio  tecnico Especialista en automatizacion,12.0,18516.0
SO895,2020-07-29,MONDELEZ MEXICO,SERVICIOS FTS,106720.0,Servicio de Reparación de clima de tablero HOFFMAN NVENT Incluye:  - Suministro e instalacion de compresor - Suministro e instalacion de presostato. - Suministro e instalacion de filtro de refrigeracion. - Limpieza de sistema de refrigeracion - Soldadura del 5% de plata. - Instalacion de valvulas de servicio. - Instalacion de equipo en tablero electrico y puesta en marcha.,Servicio de Reparación de clima de tablero,2.0,92000.0
SO900,2020-07-28,MONDELEZ MEXICO,SERVICIOS FTS,59160.0,Servicio de Reparación de clima de tablero L6 MDLZ Salinas Incluye:  - Reparacion e instalacion de compresor - Reparacion e instalacion de presostato. - Reparacion e instalacion de filtro de refrigeracion. - Limpieza de sistema de refrigeracion - Soldadura del 5% de plata. - Instalacion de valvulas de servicio. - Instalacion de equipo en tablero electrico y puesta en marcha.,Servicio de Reparación de clima de tablero,1.0,51000.0
SO908,2020-07-27,MONDELEZ MEXICO,SERVICIOS FTS,51098.0,"Ruteo de cables eléctricos en  Empaque BANDA 610 en L6 Mdlz Salinas  Incluye: - Destapar charolas de cables eléctricos - Ruteo de 2 cables de comunicación para Kinetix por 70 metros en empaque atravez de charola eléctrica. - Ruteo de cable de control para paro de emergencia por 70 metros atravez de charola eléctrica. - Incluye conexión de cables de comunicación de Kinetix desde el tablero hasta el motor. - Incluye conexión de cables de control desde paro de emergencia hasta tablero. - Renta de equipo de elevación - Personal técnico para la actividad, supervisor  de trabajo y supervisor de seguridad.   - No se incluye ningún material de cableado eléctrico",Ruteo de cables eléctricos,1.0,44050.0
SO905,2020-07-27,MONDELEZ MEXICO,SERVICIOS FTS,44022.0,"Ruteo de cable multiconductor de fuerza en RSM  Banda 580  Incluye: - Destapar charolas de cables eléctricos - Ruteo de cable de potencia para motor por 60 metros. - Conexión de cable en motor y en terminales de tablero eléctrico RSM - Renta de equipo de elevación - Personal técnico para la actividad, supervisor  de trabajo y supervisor de seguridad.   - No se incluye ningún material de cableado eléctrico",Ruteo de cables eléctricos,1.0,37950.0
SO897,2020-07-23,MONDELEZ MEXICO,SERVICIOS FTS,301600.0,SERVICIO DE MANTENIMIENTO Y CALIBRACION EN RAYOS X   INCLUYE: ● REFACCIONES NECESARIAS ● MANO DE OBRA ● HERRAMIENTA,SERVICIO DE MANTENIMIENTO Y CALIBRACION EN RAYOS X,1.0,260000.0
SO855,2020-07-21,MONDELEZ MEXICO,SERVICIOS FTS,64867.2,"Servicio de Instalación y suministro de Gabinete Movil para dispositivo de comuniación  Incluye: - Tablero Tipo Himmel para componentes, CIncluye. Platina de montaje -Instalación de accesorios electricos en platina. - Instalacion  y suministro de hardware necesario para instalacion. - Suministro e instalación de Placas de contactor USB Y HDMI - Suministro de cables cortos USD y HDMI para conección de dispositivos - Hardware eléctrico y mecánico necesario para    instalación. - Mano de obra para armado de abinete - Supervisor de seguridad y supervisor de obra. - Instalacion electrica en taller satelite",Servicio de Instalación y suministro eléctrico para Taller satélite de automatización,1.0,55920.0
SO835,2020-07-21,EULEN MEXICO DE SERVICIOS SA DE CV,SERVICIOS FTS,118277.25,"JUEGO DE MANGUERAS PARA MANOMETRO YELLOW JAKET  60 """,JUEGO DE MANGUERAS PARA MANOMETRO,6.0,16310.22
SO835,2020-07-21,EULEN MEXICO DE SERVICIOS SA DE CV,SERVICIOS FTS,118277.25,MANOMETROS JELLOW JACKET,MANOMETROS JELLOW JACKET,6.0,32164.92
SO835,2020-07-21,EULEN MEXICO DE SERVICIOS SA DE CV,SERVICIOS FTS,118277.25,CARATULA DE BAJA PRESION PARA MANOMETRO USO RUDO (AZUL),CARATULA DE BAJA PRESION PARA MANOMETRO USO RUDO (AZUL),3.0,2784.0
SO835,2020-07-21,EULEN MEXICO DE SERVICIOS SA DE CV,SERVICIOS FTS,118277.25,CARATULA DE ALTA PRESION PARA MANOMETRO USO RUDO (ROJA),CARATULA DE ALTA PRESION PARA MANOMETRO USO RUDO (ROJA),3.0,2562.0
SO835,2020-07-21,EULEN MEXICO DE SERVICIOS SA DE CV,SERVICIOS FTS,118277.25,Amperimetro Digital Klein Tools CL800 Multímetro Gancho CA y CD,Amperimetro Digital,5.0,29500.0
SO835,2020-07-21,EULEN MEXICO DE SERVICIOS SA DE CV,SERVICIOS FTS,118277.25,Juego de Desarmadores 6 pz JUEGO DE DESARMADORES DE PRECISIÓN 6 PIEZAS HUSKY,Juego de Desarmadores 6 pz,10.0,2590.0
SO835,2020-07-21,EULEN MEXICO DE SERVICIOS SA DE CV,SERVICIOS FTS,118277.25,Candado Master 5D  Master Lock 5D Candado Laminado de 51 mm de Ancho,Candado Master 5D,6.0,2520.0
SO835,2020-07-21,EULEN MEXICO DE SERVICIOS SA DE CV,SERVICIOS FTS,118277.25,TERMINAL HEMBRA AISLADA16-14 AZUL   500 PZ,TERMINAL HEMBRA AISLADA16-14 AZUL,1.0,1299.0
SO835,2020-07-21,EULEN MEXICO DE SERVICIOS SA DE CV,SERVICIOS FTS,118277.25,TERMINAL HEMBRA AISLADA12-10 AMARILLA 500 PZ,TERMINAL HEMBRA AISLADA12-10 AMARILLA,1.0,1299.0
SO835,2020-07-21,EULEN MEXICO DE SERVICIOS SA DE CV,SERVICIOS FTS,118277.25,TERMINAL PUNTA (FERRUL) 22-16 ROJA 200 PZ,TERMINAL PUNTA (FERRUL) 22-16 ROJA,1.0,682.0
SO835,2020-07-21,EULEN MEXICO DE SERVICIOS SA DE CV,SERVICIOS FTS,118277.25,TERMINAL PUNTA (FERRUL) 16-14 AZUL 500 PZ,TERMINAL PUNTA (FERRUL) 16-14 AZUL,1.0,1115.0
SO835,2020-07-21,EULEN MEXICO DE SERVICIOS SA DE CV,SERVICIOS FTS,118277.25,TERMINAL PUNTA (FERRUL) 12-10 AMARILLA 500 PZ,TERMINAL PUNTA (FERRUL) 12-10 AMARILLA,1.0,610.0
SO835,2020-07-21,EULEN MEXICO DE SERVICIOS SA DE CV,SERVICIOS FTS,118277.25,CINTA DE AISLAR 3M Cinta De Aislar Eléctrica Temflex 3m 1600 30 PZ,CINTA DE AISLAR 3M,1.0,1400.0
SO835,2020-07-21,EULEN MEXICO DE SERVICIOS SA DE CV,SERVICIOS FTS,118277.25,CINTA VULCANIZADA,CINTA VULCANIZADA,10.0,1910.0
SO835,2020-07-21,EULEN MEXICO DE SERVICIOS SA DE CV,SERVICIOS FTS,118277.25,"CINCHOS PLASTICAS 36"" 500 PZ","CINCHOS PLASTICAS 36""",1.0,2817.0
SO835,2020-07-21,EULEN MEXICO DE SERVICIOS SA DE CV,SERVICIOS FTS,118277.25,"CINCHOS PLASTICAS 14"" 500 PZ","CINCHOS PLASTICAS 14""",1.0,1170.0
SO835,2020-07-21,EULEN MEXICO DE SERVICIOS SA DE CV,SERVICIOS FTS,118277.25,PINZAS DE PRESION PINZA DE PRESION DE 7 MORDAZA CURVA,PINZAS DE PRESION,6.0,1230.0
SO857,2020-07-20,MONDELEZ MEXICO,SERVICIOS FTS,35960.0,Servicio de Suministro y fabricación de Cerrojos para tablero de Maquinado L9 Incluye:  - (8) Cam lock made entirely from stainless steel 1.4404 MCA. RITTAL (AISI 316L)  - (8) Placas maquinadas para Cerrojo. -(8) Instalación y suministro de gasket para puertas - Instalación; Incluye perforación e instalación de placas y cerrojos. -,Servicio de Suministro y fabricación de Cerrojos para tablero,1.0,31000.0
SO839,2020-07-20,MONDELEZ MEXICO,SERVICIOS FTS,11414.4,Reparación de tapa de gabinete de acero inoxidable Silos exteriores,Reparación de tapa de gabinete de acero inoxidable Silos exteriores,1.0,9840.0
SO884,2020-07-15,JUAN DE LA CRUZ MALDONADO,SERVICIOS FTS,4640.0,Mantenimiento Aire Acondicionado Cedis OXXO - Julio,Poliza de Mantenimiento Ventiladores y Extractores  CEDIS Escobedo - Abril 2020,1.0,4000.0
SO383,2020-07-15,"MONDELEZ MEXICO, Concepción Rodríguez",SERVICIOS FTS,45936.0,DEWALT DGL573 Lighted Technician's Tool Bag,DEWALT DGL573 Lighted Technician's Tool Bag,15.0,39600.0
SO865,2020-07-14,MONDELEZ MEXICO,SERVICIOS FTS,40600.0,Recuperacion de Gas Refrigerante Incluye : - Todo lo necesario para su correcta recuperación para no soltarlo al medio ambiente. - Tanques de almacenamiento y Bomba de recuperación,Recuperacion de Refrigerante R507,1.0,8000.0
SO865,2020-07-14,MONDELEZ MEXICO,SERVICIOS FTS,40600.0,Suministro y ejecucción para detección de fugas en sistema de refrigeración.  Uso de gas nitrogeno con alta presión y Bomba de vacío. 9 CFMs con vacuometro,"Suministro y ejecucción para detección de fugas, vació y nitrogeno en sistema mecanico. Incluye materiales y mano de obra",1.0,27000.0
SO797,2020-07-14,"MONDELEZ MEXICO, Jesus Navarro",SERVICIOS FTS,35960.0,BRECOFLEX CO. SM5 UNIVERSAL BELT TENSION METER Info :  https://www.brecoflex.com/products/accessories/tension-meter-sm5/  Video:  https://youtu.be/-o5TaGkiEq8  Data sheet attached on this quotation.,BRECOFLEX CO. SM5 UNIVERSAL BELT TENSION METER,1.0,31000.0
SO768,2020-07-14,MONDELEZ MEXICO,SERVICIOS FTS,7192.0,"Mantenimiento y Diagnóstico AC UNIT HORNO L5 Servicio de mantenimiento y diagnóstico a equipo de refrigeración para tablero de control:  • Desinfección de evaporador. • Limpieza de filtros. • Medición y evaluación de corriente de consumo. • Medición y evaluación del estado de gas de enfriamiento (en caso de contar con válvulas de servicio) • Limpieza en intercambiadores de calor. • Limpieza de compresores. • Revisión, Análisis y diagnostico de la unidad. • Propuestas de solución. • Analisis termografico de elementos del circuito de refrigeración y elementos electricos.  No se incluyen refacciones.",Mantenimiento Clima de Tablero,1.0,6200.0
SO692,2020-07-14,Daniel Cuateta,SERVICIOS FTS,139013.24,SK 3186.930 RITTAL BLUE+ AC UNIT 2000 W,SK 3305.540 RITTAL BLUE+ AC UNIT 1500 W,1.0,107839.0
SO692,2020-07-14,Daniel Cuateta,SERVICIOS FTS,139013.24,Inntegracion y montaje de clima de tablero Incluye:  - Corte  de acero inoxidable en sideplate de tablero- - Instalación de clima en tablero nuevo. - Hardware necesario para instalación - Kit de instalación Rittal con PLUG Rittal  BLUE+,Inntegracion y montaje de clima de tablero,1.0,12000.0
SO691,2020-07-14,"MONDELEZ MEXICO, Jesus Navarro",SERVICIOS FTS,35960.0,BRECOFLEX CO. SM5 UNIVERSAL BELT TENSION METER Info :  https://www.brecoflex.com/products/accessories/tension-meter-sm5/  Video:  https://youtu.be/-o5TaGkiEq8  Data sheet attached on this quotation.,BRECOFLEX CO. SM5 UNIVERSAL BELT TENSION METER,1.0,31000.0
SO688,2020-07-14,"MONDELEZ MEXICO, Jose Luis Leura",SERVICIOS FTS,898675.2,Integracion de Sistema de control para independizar Dedos separadores en Empaque L8,Integracion de Sistema de control para independizar Dedos separadores en Empaque L8,1.0,774720.0
SO647,2020-07-14,"MONDELEZ MEXICO, Jesus Navarro",SERVICIOS FTS,1125.2,"SHOWA Arc Flash Gloves, Neoprene, L, Blk/Gray, PR (SKU 240-09)","Arc Flash Gloves, Neoprene, L, Blk/Gray, PR (SKU 240-09)",1.0,970.0
SO824,2020-07-13,MONDELEZ MEXICO,SERVICIOS FTS,9860.0,Servicio de mantenimiento a resistencia electrica de deshumidificador zona ATEX  Inclue: - Limpieza de ceramicos de resistencia. - Cambio y suministro de empaques de caja de resistencia. - Limpieza y desasolve de bomba de condensados.,Servicio de mantenimiento a resistencia electrica de deshumidificador,1.0,8500.0
SO707,2020-07-10,"MONDELEZ MEXICO, Oswaldo Loredo",SERVICIOS FTS,80040.0,Servicio de Reparacion de clima A de Horno L9  Incluye:  - 2 Fan Blowers para condensadora. Marca MCLEAN - 1 Capacitor de arranque para Fan Blower. Marca MCLEAN - Cambio y reparacion de equipo. - Montaje y puesta en marcha.,Servicio de Reparacion de clima A de Horno L9,1.0,34500.0
SO707,2020-07-10,"MONDELEZ MEXICO, Oswaldo Loredo",SERVICIOS FTS,80040.0,Servicio de Reparacion de clima B de Horno L9  Incluye:  - 2 Fan Blowers para condensadora. Marca MCLEAN - 1 Capacitor de arranque para Fan Blower. Marca MCLEAN - Cambio y reparacion de equipo. - Montaje y puesta en marcha.,Servicio de Reparacion de clima A de Horno L9,1.0,34500.0
SO877,2020-07-09,JUAN DE LA CRUZ MALDONADO,SERVICIOS FTS,87540.0,Mantenimiento Aire Acondicionado Cedis OXXO - Julio,Poliza de Mantenimiento Ventiladores y Extractores  CEDIS Escobedo - Abril 2020,1.0,75465.52
SO829,2020-07-09,MONDELEZ MEXICO,SERVICIOS FTS,25288.0,Modificacion de Plato de acero lateral de Tablero para Montaje de clima. Incluye instalacion y montaje de clima,Modificacion de Plato de acero lateral de Tablero para Montaje de clima,1.0,6400.0
SO829,2020-07-09,MONDELEZ MEXICO,SERVICIOS FTS,25288.0,"Fabricacion y suministro de placas metalicas para tapar huecos de abanicos de Tablero electrico. Incluye materiales, torenillería y Pintura de placas.",Fabricacion y suministro de placas metalicas para tapar huecos de abanicos de Tablero electrico,1.0,6800.0
SO829,2020-07-09,MONDELEZ MEXICO,SERVICIOS FTS,25288.0,Instalacion electrica dentro de tablero Incluye:  - Suministro e instalación de cable cal 12 AWG Para energizar equipo - Suministro e instalación de guardamotor de 15 AMPS MCA Allen Bradley. - Suministro e instalación de kit de instalación de Conectores y Gaskets para clima de tablero.,Instalacion electrica en amases L7,1.0,8600.0
SO459,2020-07-09,MONDELEZ MEXICO,SERVICIOS FTS,40600.0,"Programacion de mensajes en Monitor andon y Panel view, L4 Maquinado  Incluye :  - 1 Ingeniero o técnico en Automatización - Segurista y Tecnico para apoyo de identificación - Herramientas para Programación e identificacion eléctrico /electrónico  - Laptop con Software necesario de Rockwell Automation.",Instalación de Cable Ethernet,1.0,35000.0
SO753,2020-07-08,MONDELEZ MEXICO,SERVICIOS FTS,30276.0,"Mantenimiento a Tableros Electricos de control de 1 TTM en Linea 8  Incluído en mantenimiento:  - Toma de termografías y reporte con analisis termografico. - Rsportes de Mantenimiento digitales y de analisis en tiempo real con aplicacion mobil. - Aspirado de tablero y componentes - Limpieza de gabinete exterior e interior - Reapriete de tornillería con torque controlado en base a Workmanship standar de Rockwell Automation. - Reacomodo de cables, canaletas y conecciónes mal ubicadas. - Prueba ""Pull check"" punto por punto",Mantenimiento a Tablero Electrico,6.0,26100.0
SO859,2020-07-07,MONDELEZ MEXICO,SERVICIOS FTS,452400.0,SERVICIO DE MANTENIMIENTO Y CALIBRACION EN RAYOS X   INCLUYE: ● REFACCIONES NECESARIAS ● MANO DE OBRA ● HERRAMIENTA,SERVICIO DE MANTENIMIENTO Y CALIBRACION EN RAYOS X,1.0,390000.0
SO782,2020-07-07,MONDELEZ MEXICO,SERVICIOS FTS,19836.0,Servicio y suministro de tanque de nitrogeno con carrito Móvil en Planta Salinas,Mantenimiento a Tablero Electrico,1.0,3200.0
SO782,2020-07-07,MONDELEZ MEXICO,SERVICIOS FTS,19836.0,Servicio de Mantenimiento a 13 VFD PowerFlex MCA. Allen Bradley Maquinado  linea 11  Incluye:  - Apertura de Frame de plastico de 13 VFD - Inyección de nitrogeno con pistola y regulador de presión - Desincrustacion de polvo y Harina - Armado de Frames de plastico. -Reporte digital de la actividad.,Servicio de Mantenimiento a 32 VFD PowerFlex MCA. Allen Bradley,1.0,13900.0
SO724,2020-07-02,MONDELEZ MEXICO,SERVICIOS FTS,15544.0,"Mantenimiento a Tablero Eléctrico y clima de Tablero en Mondelez Planta Salinas  Incluído en mantenimiento Tablero  - Toma de termografías y reporte con analisis termografico. - Rsportes de Mantenimiento digitales y de analisis en tiempo real con aplicacion mobil. - Aspirado de tablero y componentes - Limpieza de gabinete exterior e interior - Reapriete de tornillería con torque controlado en base a Workmanship standar de Rockwell Automation. - Reacomodo de cables, canaletas y conecciónes mal ubicadas. - Prueba ""Pull check"" punto por punto   Incluido en Mantenimiento de clima:  Desinfección de evaporador. • Limpieza de filtros. • Medición y evaluación de corriente de consumo. • Medición y evaluación del estado de gas de enfriamiento (en caso de contar con válvulas de servicio) • Limpieza en intercambiadores de calor. • Limpieza de compresores. • Revisión, Análisis y diagnostico de la unidad. • Propuestas de solución. -Incluye conexion electrica del clima.(incluido guardamotor , cable y conector plug marca RITTAL).  No se incluyen refacciones. Del clima",Mantenimiento a Tablero Electrico,1.0,13400.0
SO709,2020-07-02,MONDELEZ MEXICO,SERVICIOS FTS,8700.0,"Servicio de Diagnostico a Zona 1 de Tunel de Enfriamiento L6 Incluye:  - Revisión de componentes : válvulas solenoides , fan motor condensadora , fan evaporador , revisión de aceite , revisión de presión de refrigerante       revisión de arranque de compresor ,  - Revision de Preseostato de seguridad, alta, baja y de capacidad. - Revision de ciclo de arranque de todas las zonas del tunel de enfriamiento, revision de todo el ciclo de refrigración. - Revision de componentes de control y tablero electrico así como secuencia de control del tunel de enfriamiento. Revision de secuencia en linea con PLC. - Reporte de diagnostico digital.",Servicio de Diagnostico a Tunel de Enfriamiento L6,1.0,7500.0
SO852,2020-07-01,MGM Ingeniería SA de CV,SERVICIOS FTS,2320.0,Servicio de Segurista en sitio (1 dia )  Incluye: - Preparar formatos 1 día antes de actividad.  - Realizar SAP (Safety Action Plan ) y evaluación de riesgos (Cuando sea requerido) - Acompañar al personal en sus actividades  - Segurista certificado ante la STPS y habilitado para ejercer en Mondelez international.,"Description  21025-07 Servicios de Supervisión   - Comments: Servicios de supervision de ingenieria para el proyecto 21G- Repack - Tailor, planta Mondelez Monterrey (G) Folio:2d92ab19-5f4e-4454-9a42-eaa4dbeas1aa",1.0,2000.0
SO851,2020-07-01,MGM Ingeniería SA de CV,SERVICIOS FTS,2320.0,Servicio de Segurista en sitio (1 dia )  Incluye: - Preparar formatos 1 día antes de actividad.  - Realizar SAP (Safety Action Plan ) y evaluación de riesgos (Cuando sea requerido) - Acompañar al personal en sus actividades  - Segurista certificado ante la STPS y habilitado para ejercer en Mondelez international.,"Description  21025-07 Servicios de Supervisión   - Comments: Servicios de supervision de ingenieria para el proyecto 21G- Repack - Tailor, planta Mondelez Monterrey (G) Folio:2d92ab19-5f4e-4454-9a42-eaa4dbeas1aa",1.0,2000.0
SO850,2020-07-01,MGM Ingeniería SA de CV,SERVICIOS FTS,2320.0,Servicio de Segurista en sitio (1 dia )  Incluye: - Preparar formatos 1 día antes de actividad.  - Realizar SAP (Safety Action Plan ) y evaluación de riesgos (Cuando sea requerido) - Acompañar al personal en sus actividades  - Segurista certificado ante la STPS y habilitado para ejercer en Mondelez international.,"Description  21025-07 Servicios de Supervisión   - Comments: Servicios de supervision de ingenieria para el proyecto 21G- Repack - Tailor, planta Mondelez Monterrey (G) Folio:2d92ab19-5f4e-4454-9a42-eaa4dbeas1aa",1.0,2000.0
SO849,2020-07-01,MGM Ingeniería SA de CV,SERVICIOS FTS,2320.0,Servicio de Segurista en sitio (1 dia )  Incluye: - Preparar formatos 1 día antes de actividad.  - Realizar SAP (Safety Action Plan ) y evaluación de riesgos (Cuando sea requerido) - Acompañar al personal en sus actividades  - Segurista certificado ante la STPS y habilitado para ejercer en Mondelez international.,"Description  21025-07 Servicios de Supervisión   - Comments: Servicios de supervision de ingenieria para el proyecto 21G- Repack - Tailor, planta Mondelez Monterrey (G) Folio:2d92ab19-5f4e-4454-9a42-eaa4dbeas1aa",1.0,2000.0
SO848,2020-07-01,MGM Ingeniería SA de CV,SERVICIOS FTS,2320.0,Servicio de Segurista en sitio (1 dia )  Incluye: - Preparar formatos 1 día antes de actividad.  - Realizar SAP (Safety Action Plan ) y evaluación de riesgos (Cuando sea requerido) - Acompañar al personal en sus actividades  - Segurista certificado ante la STPS y habilitado para ejercer en Mondelez international.,"Description  21025-07 Servicios de Supervisión   - Comments: Servicios de supervision de ingenieria para el proyecto 21G- Repack - Tailor, planta Mondelez Monterrey (G) Folio:2d92ab19-5f4e-4454-9a42-eaa4dbeas1aa",1.0,2000.0
SO847,2020-07-01,MGM Ingeniería SA de CV,SERVICIOS FTS,4640.0,Servicio de Segurista en sitio (1 dia )  Incluye: - Preparar formatos 1 día antes de actividad.  - Realizar SAP (Safety Action Plan ) y evaluación de riesgos (Cuando sea requerido) - Acompañar al personal en sus actividades  - Segurista certificado ante la STPS y habilitado para ejercer en Mondelez international.,"Description  21025-07 Servicios de Supervisión   - Comments: Servicios de supervision de ingenieria para el proyecto 21G- Repack - Tailor, planta Mondelez Monterrey (G) Folio:2d92ab19-5f4e-4454-9a42-eaa4dbeas1aa",2.0,4000.0
SO846,2020-07-01,MGM Ingeniería SA de CV,SERVICIOS FTS,2320.0,Servicio de Segurista en sitio (1 dia )  Incluye: - Preparar formatos 1 día antes de actividad.  - Realizar SAP (Safety Action Plan ) y evaluación de riesgos (Cuando sea requerido) - Acompañar al personal en sus actividades  - Segurista certificado ante la STPS y habilitado para ejercer en Mondelez international.,"Description  21025-07 Servicios de Supervisión   - Comments: Servicios de supervision de ingenieria para el proyecto 21G- Repack - Tailor, planta Mondelez Monterrey (G) Folio:2d92ab19-5f4e-4454-9a42-eaa4dbeas1aa",1.0,2000.0
SO845,2020-07-01,JUAN DE LA CRUZ MALDONADO,SERVICIOS FTS,59832.0,Mantenimiento Aire Acondicionado Cedis OXXO - Junio,Poliza de Mantenimiento Ventiladores y Extractores  CEDIS Escobedo - Abril 2020,1.0,51579.31
SO844,2020-07-01,JUAN DE LA CRUZ MALDONADO,SERVICIOS FTS,43090.0,Mantenimiento a Cedis OXXO - JUNIO,Poliza de Mantenimiento Ventiladores y Extractores  CEDIS Escobedo - Abril 2020,1.0,37146.55
SO837,2020-06-25,EULEN MEXICO DE SERVICIOS SA DE CV,SERVICIOS FTS,18655.65,MANOMETROS JELLOW JACKET,MANOMETROS JELLOW JACKET,3.0,16082.46
SO741,2020-06-25,MONDELEZ MEXICO,SERVICIOS FTS,7192.0,"Mantenimiento y Diagnóstico AC UNIT  Servicio de mantenimiento y diagnóstico a equipo de refrigeración para tablero de control:  • Desinfección de evaporador. • Limpieza de filtros. • Medición y evaluación de corriente de consumo. • Medición y evaluación del estado de gas de enfriamiento (en caso de contar con válvulas de servicio) • Limpieza en intercambiadores de calor. • Limpieza de compresores. • Revisión, Análisis y diagnostico de la unidad. • Propuestas de solución. • Analisis termografico de elementos del circuito de refrigeración y elementos electricos.  No se incluyen refacciones.",Mantenimiento Clima de Tablero,1.0,6200.0
SO833,2020-06-23,JUAN DE LA CRUZ MALDONADO,SERVICIOS FTS,71999.0,Mantenimiento a Cedis OXXO,Poliza de Mantenimiento Ventiladores y Extractores  CEDIS Escobedo - Abril 2020,1.0,62068.1
SO701,2020-06-23,MONDELEZ MEXICO,SERVICIOS FTS,32804.8,"Servicio de Instalaciom y suministro de pantalla para linea de produccion.  Incluye : - Samsung - Pantalla de 50"" - Plana - UHD - Renta de quipo de elevacion. - Hardware y anclaje a soporteria - Se utilizará base de ptr actual. - supervisor de trabajo y de seguridad en sitio.","Pantalla de 50""",1.0,28280.0
SO750,2020-06-19,MONDELEZ MEXICO,SERVICIOS FTS,5394.0,"Mantenimiento a Tablero Eléctrico de Maquinado Linea 2  Incluído en mantenimiento:  - Toma de termografías y reporte con analisis termografico. - Rsportes de Mantenimiento digitales y de analisis en tiempo real con aplicacion mobil. - Aspirado de tablero y componentes - Limpieza de gabinete exterior e interior - Reapriete de tornillería con torque controlado en base a Workmanship standar de Rockwell Automation. - Reacomodo de cables, canaletas y conecciónes mal ubicadas. - Prueba ""Pull check"" punto por punto",Mantenimiento a Tablero Electrico,1.0,4650.0
SO822,2020-06-17,EULEN MEXICO DE SERVICIOS SA DE CV,SERVICIOS FTS,6960.0,Servicio de Desasolve de tubería drenaje en oficinas de EULEN,Servicio de Desasolve de tubería drenaje en oficinas de EULEN,1.0,6000.0
SO800,2020-06-17,MONDELEZ MEXICO,SERVICIOS FTS,4616.8,Instalación Equipo de climatización Rittal Maquinado L2 Servicio de Instalación de equipo de refrigeración en tablero de control.  • Acoplar en Gabinete • Instalación y conexión para revisión de parámetros. • Puesta en marcha.  No se incluye material para instalación eléctrica.,Instalación Equipo de climatización Rittal,1.0,3980.0
SO752,2020-06-17,MONDELEZ MEXICO,SERVICIOS FTS,18792.0,Servicio y suministro de tanque de nitrogeno con carrito Móvil en Planta Salinas,Mantenimiento a Tablero Electrico,1.0,3200.0
SO752,2020-06-17,MONDELEZ MEXICO,SERVICIOS FTS,18792.0,Servicio de Mantenimiento a 12 VFD PowerFlex MCA. Allen Bradley Maquinado  linea 2	  Incluye:  - Apertura de Frame de plastico de 32 VFD - Inyección de nitrogeno con pistola y regulador de presión - Desincrustacion de polvo y Harina - Armado de Frames de plastico. -Reporte digital de la actividad.,Servicio de Mantenimiento a 32 VFD PowerFlex MCA. Allen Bradley,1.0,13000.0
SO742,2020-06-17,MONDELEZ MEXICO,SERVICIOS FTS,7192.0,"Mantenimiento y Diagnóstico AC UNIT Tunel de enfriamiento L2 Servicio de mantenimiento y diagnóstico a equipo de refrigeración para tablero de control:  • Desinfección de evaporador. • Limpieza de filtros. • Medición y evaluación de corriente de consumo. • Medición y evaluación del estado de gas de enfriamiento (en caso de contar con válvulas de servicio) • Limpieza en intercambiadores de calor. • Limpieza de compresores. • Revisión, Análisis y diagnostico de la unidad. • Propuestas de solución. • Analisis termografico de elementos del circuito de refrigeración y elementos electricos.  No se incluyen refacciones.",Mantenimiento Clima de Tablero,1.0,6200.0
SO802,2020-06-15,MONDELEZ MEXICO,SERVICIOS FTS,259840.0,"1 Mes de Renta de : 2 Chillers . CAP: 5 TON ,MCA. Clima-Flex , con Bomba 1/2 hp.Type: Descarga Vertical","1 Mes de Renta de : 2 Chillers . CAP: 5 TON ,MCA. Clima-Flex , con Bomba 1/2 hp.Type: Descarga Vertical",4.0,224000.0
SO795,2020-06-15,MONDELEZ MEXICO,SERVICIOS FTS,129508.2,Servicio de Instalación y suministro eléctrico para antena RF,Servicio de Instalación y suministro eléctrico para antena RF,1.0,111645.0
SO794,2020-06-15,MONDELEZ MEXICO,SERVICIOS FTS,530352.0,Servicio de Retrofit en sistema de arrastre de charola en cerradoras L9,SERVICIO DE INTEGRACION DESCONECTADORES L8,1.0,457200.0
SO729,2020-06-15,MONDELEZ MEXICO,SERVICIOS FTS,7424.0,"Servicio de Modificacion de Plato de acero lateral de Tablero electrico para Montaje de clima. L5  Incluye Inslatacion de clima , puesta en marcha y configuracion",Modificacion de Plato de acero lateral de Tablero para Montaje de clima,1.0,6400.0
SO781,2020-06-12,MONDELEZ MEXICO,SERVICIOS FTS,7192.0,"Soporte tecnico de refrigeración (2 a 4 horas) Incluye: -Soporte tecnico de tecnico especialista o ingeniero en refrigeración. - Soporte tecnico para diagnostico de Zona 4 tunel de enfriamiento L8. - Incluye herramienta basica necesaria para diagnostico  (Manometros, termometro, amperímetro) - Reporte de diagnostico. - Segurista para liberación de PRR y monitoreo de actividad.",Soporte tecnico de refrigeración (2 a 4 horas),1.0,6200.0
SO798,2020-06-11,MONDELEZ MEXICO,SERVICIOS FTS,35960.0,BRECOFLEX CO. SM5 UNIVERSAL BELT TENSION METER Info :  https://www.brecoflex.com/products/accessories/tension-meter-sm5/  Video:  https://youtu.be/-o5TaGkiEq8  Data sheet attached on this quotation.,BRECOFLEX CO. SM5 UNIVERSAL BELT TENSION METER,1.0,31000.0
SO796,2020-06-11,MGM Ingeniería SA de CV,SERVICIOS FTS,6960.0,Servicio de Segurista en sitio (1 dia )  Incluye: - Preparar formatos 1 día antes de actividad.  - Realizar SAP (Safety Action Plan ) y evaluación de riesgos (Cuando sea requerido) - Acompañar al personal en sus actividades  - Segurista certificado ante la STPS y habilitado para ejercer en Mondelez international.,"Description  21025-07 Servicios de Supervisión   - Comments: Servicios de supervision de ingenieria para el proyecto 21G- Repack - Tailor, planta Mondelez Monterrey (G) Folio:2d92ab19-5f4e-4454-9a42-eaa4dbeas1aa",3.0,6000.0
SO698,2020-06-11,"MONDELEZ MEXICO, Raymundo Morales",SERVICIOS FTS,47560.0,"Servicio de integracion de turbinas para tablero de L4 Maquinado Incluye:  - Suministro e Instalacion de 4 turbinas para tablero Enclosure internal fan MCA. RITTAL - Suministro e Instalacion de cableado electrico para alimentacion de turbinas 16 AWG. - Suministro e instaacion de 4 MiniCircuit Breakers de fusible con LED MCA. Allen Bradley, para protecion de turbinas. tipo DIN RIEL Mounted. - Suministro e instalacion de bases metalicas para instalacion de turbinas en Slots modulares de tablero Rittal. - Personal calificado por RITTAL para realizar la integracion. - Supervisor de seguridad y de obra para el proyecto.",Servicio de integracion de turbinas para tablero de Maquinado L2,1.0,41000.0
SO788,2020-06-09,MGM Ingeniería SA de CV,SERVICIOS FTS,9280.0,Servicio de Segurista en sitio (1 dia )  Incluye: - Preparar formatos 1 día antes de actividad.  - Realizar SAP (Safety Action Plan ) y evaluación de riesgos (Cuando sea requerido) - Acompañar al personal en sus actividades  - Segurista certificado ante la STPS y habilitado para ejercer en Mondelez international.,"Description  21025-07 Servicios de Supervisión   - Comments: Servicios de supervision de ingenieria para el proyecto 21G- Repack - Tailor, planta Mondelez Monterrey (G) Folio:2d92ab19-5f4e-4454-9a42-eaa4dbeas1aa",4.0,8000.0
SO787,2020-06-09,MGM Ingeniería SA de CV,SERVICIOS FTS,4640.0,Servicio de Segurista en sitio (1 dia )  Incluye: - Preparar formatos 1 día antes de actividad.  - Realizar SAP (Safety Action Plan ) y evaluación de riesgos (Cuando sea requerido) - Acompañar al personal en sus actividades  - Segurista certificado ante la STPS y habilitado para ejercer en Mondelez international.,"Description  21025-07 Servicios de Supervisión   - Comments: Servicios de supervision de ingenieria para el proyecto 21G- Repack - Tailor, planta Mondelez Monterrey (G) Folio:2d92ab19-5f4e-4454-9a42-eaa4dbeas1aa",2.0,4000.0
SO736,2020-06-09,MONDELEZ MEXICO,SERVICIOS FTS,45124.0,"Servicio de Mantenimiento a Chiller Incluye:  Limpieza a serpentines con agua a presión , revisión de presiones , desmontaje de motores de ventiladores de condensadora , limpieza de charola de condensados , revisión y ajustes al sistema de refrigeración.",Servicio de Mantenimiento a Chiller,1.0,38900.0
SO726,2020-06-09,MONDELEZ MEXICO,SERVICIOS FTS,21982.0,Servicio de Instalacion y cambio de empaques para sello de puertas de tablero Maquinado L9. Incluye :  - Empaque para sello de todas las puertas de gabinete electrico MCA Legrand. - Sello en ambos lados (back to back) - Se asegura el.correcto sellado de todo el tablero. - Se incluye sellado con silicion para gabinetes en donde se ocupe bajo norma UL par NEMA 12. - Materiales y mano de obra,Servicio de Instalacion y cambio de empaques para sello de puertas de tablero Maquinado L9.,1.0,18950.0
SO714,2020-06-09,"MONDELEZ MEXICO, Oswaldo Loredo",SERVICIOS FTS,14036.0,Reparación de Clima Cosmotec L9 Maquinado Incluye:  - Suministro y Cambio de Transformador. - Suministro e instalación de valvulas de servicio. - Cambio de Gas refrigerante. (Indicado en Manual de equipo),Reparación de Clima Cosmotec L5 Maquinado,1.0,12100.0
SO779,2020-06-08,"MONDELEZ MEXICO, Ruben Martinez",SERVICIOS FTS,17284.0,Servicio de Mantenimiento a Deshumidificador y Chiller  Incluye: - Mantenimiento a 2 sistemas de deshumidificadores ( Amases y Silos Zona ATEX) - Limpieza de condensadora de Chiller con Agua a presion. - Desinfectado de serpentines de condensadora y evaporadora.(Unidad de serpentin helado) - Cambio de filtros de aire - Revision de tablero electrico y reapriete de tornilleria. - Revision y diagnostico de todo el sistema.,Servicio de Mantenimiento a Deshumidificador y Chiller,1.0,14900.0
SO732,2020-06-08,MONDELEZ MEXICO,SERVICIOS FTS,20880.0,Reparación de tubería del desumificador #1,Reparación de tubería del desumificador #1,1.0,18000.0
SO775,2020-06-05,MONDELEZ MEXICO,SERVICIOS FTS,6646.8,"Mantenimiento unitario a Clima Horno L2 (TC2-05) Servicio de mantenimiento mayor  a equipo de climatización para tablero de control:  • Desinstalación e Instalación de la unidad. • Desinfección de evaporador. • Limpieza de filtros. • Medición y evaluación de corriente de consumo. • Limpieza en intercambiadores de calor. • Limpieza de compresor. • Revisión, Análisis y diagnostico de la unidad. • ""setup"" y puesta marcha.",Mantenimiento Clima de Tablero,1.0,5730.0
SO774,2020-06-05,MONDELEZ MEXICO,SERVICIOS FTS,6646.8,"Mantenimiento unitario a Clima Maquinado L8 (TC8-02) Servicio de mantenimiento mayor  a equipo de climatización para tablero de control:  • Desinstalación e Instalación de la unidad. • Desinfección de evaporador. • Limpieza de filtros. • Medición y evaluación de corriente de consumo. • Limpieza en intercambiadores de calor. • Limpieza de compresor. • Revisión, Análisis y diagnostico de la unidad. • ""setup"" y puesta marcha.",Mantenimiento Clima de Tablero,1.0,5730.0
SO773,2020-06-05,MONDELEZ MEXICO,SERVICIOS FTS,6646.8,"Mantenimiento unitario a Clima Horno L7 (TC7-04) Servicio de mantenimiento mayor  a equipo de climatización para tablero de control:  • Desinstalación e Instalación de la unidad. • Desinfección de evaporador. • Limpieza de filtros. • Medición y evaluación de corriente de consumo. • Limpieza en intercambiadores de calor. • Limpieza de compresor. • Revisión, Análisis y diagnostico de la unidad. • ""setup"" y puesta marcha.",Mantenimiento Clima de Tablero,1.0,5730.0
SO772,2020-06-05,MONDELEZ MEXICO,SERVICIOS FTS,6646.8,"Mantenimiento unitario a Clima Horno L7 (TC7-04) Servicio de mantenimiento mayor  a equipo de climatización para tablero de control:  • Desinstalación e Instalación de la unidad. • Desinfección de evaporador. • Limpieza de filtros. • Medición y evaluación de corriente de consumo. • Limpieza en intercambiadores de calor. • Limpieza de compresor. • Revisión, Análisis y diagnostico de la unidad. • ""setup"" y puesta marcha.",Mantenimiento Clima de Tablero,1.0,5730.0
SO771,2020-06-05,MONDELEZ MEXICO,SERVICIOS FTS,13293.6,"Mantenimiento unitario a Clima Empaque L2 (TC2-18) Servicio de mantenimiento mayor  a equipo de climatización para tablero de control:  • Desinstalación e Instalación de la unidad. • Desinfección de evaporador. • Limpieza de filtros. • Medición y evaluación de corriente de consumo. • Limpieza en intercambiadores de calor. • Limpieza de compresor. • Revisión, Análisis y diagnostico de la unidad. • ""setup"" y puesta marcha.",Mantenimiento Clima de Tablero,1.0,5730.0
SO771,2020-06-05,MONDELEZ MEXICO,SERVICIOS FTS,13293.6,"Mantenimiento unitario a Clima Empaque L2 (TC2-19) Servicio de mantenimiento mayor  a equipo de climatización para tablero de control:  • Desinstalación e Instalación de la unidad. • Desinfección de evaporador. • Limpieza de filtros. • Medición y evaluación de corriente de consumo. • Limpieza en intercambiadores de calor. • Limpieza de compresor. • Revisión, Análisis y diagnostico de la unidad. • ""setup"" y puesta marcha.",Mantenimiento Clima de Tablero,1.0,5730.0
SO770,2020-06-05,MONDELEZ MEXICO,SERVICIOS FTS,19940.4,"Mantenimiento unitario a Clima Empaque L2 (TC2-15) Servicio de mantenimiento mayor  a equipo de climatización para tablero de control:  • Desinstalación e Instalación de la unidad. • Desinfección de evaporador. • Limpieza de filtros. • Medición y evaluación de corriente de consumo. • Limpieza en intercambiadores de calor. • Limpieza de compresor. • Revisión, Análisis y diagnostico de la unidad. • ""setup"" y puesta marcha.",Mantenimiento Clima de Tablero,1.0,5730.0
SO770,2020-06-05,MONDELEZ MEXICO,SERVICIOS FTS,19940.4,"Mantenimiento unitario a Clima Empaque L2 (TC2-16) Servicio de mantenimiento mayor  a equipo de climatización para tablero de control:  • Desinstalación e Instalación de la unidad. • Desinfección de evaporador. • Limpieza de filtros. • Medición y evaluación de corriente de consumo. • Limpieza en intercambiadores de calor. • Limpieza de compresor. • Revisión, Análisis y diagnostico de la unidad. • ""setup"" y puesta marcha.",Mantenimiento Clima de Tablero,1.0,5730.0
SO770,2020-06-05,MONDELEZ MEXICO,SERVICIOS FTS,19940.4,"Mantenimiento unitario a Clima Empaque L2 (TC2-17) Servicio de mantenimiento mayor  a equipo de climatización para tablero de control:  • Desinstalación e Instalación de la unidad. • Desinfección de evaporador. • Limpieza de filtros. • Medición y evaluación de corriente de consumo. • Limpieza en intercambiadores de calor. • Limpieza de compresor. • Revisión, Análisis y diagnostico de la unidad. • ""setup"" y puesta marcha.",Mantenimiento Clima de Tablero,1.0,5730.0
SO769,2020-06-05,MONDELEZ MEXICO,SERVICIOS FTS,6646.8,"Mantenimiento unitario a Clima Maquinado L6 (TC6-02) Servicio de mantenimiento mayor  a equipo de climatización para tablero de control:  • Desinstalación e Instalación de la unidad. • Desinfección de evaporador. • Limpieza de filtros. • Medición y evaluación de corriente de consumo. • Limpieza en intercambiadores de calor. • Limpieza de compresor. • Revisión, Análisis y diagnostico de la unidad. • ""setup"" y puesta marcha.",Mantenimiento Clima de Tablero,1.0,5730.0
SO764,2020-06-05,MONDELEZ MEXICO,SERVICIOS FTS,44718.0,"Mantenimiento y Diagnóstico AC UNIT  Servicio de mantenimiento y diagnóstico a equipo de refrigeración para tablero de control:  • Desinfección de evaporador. • Limpieza de filtros. • Medición y evaluación de corriente de consumo. • Medición y evaluación del estado de gas de enfriamiento (en caso de contar con válvulas de servicio) • Limpieza en intercambiadores de calor. • Limpieza de compresores. • Revisión, Análisis y diagnostico de la unidad. • Propuestas de solución. • Analisis termografico de elementos del circuito de refrigeración y elementos electricos.  No se incluyen refacciones.",Mantenimiento Clima de Tablero,2.0,12400.0
SO764,2020-06-05,MONDELEZ MEXICO,SERVICIOS FTS,44718.0,"Mantenimiento a Tablero Eléctrico de Maquinado Linea 4  Incluído en mantenimiento:  - Toma de termografías y reporte con analisis termografico. - Rsportes de Mantenimiento digitales y de analisis en tiempo real con aplicacion mobil. - Aspirado de tablero y componentes - Limpieza de gabinete exterior e interior - Reapriete de tornillería con torque controlado en base a Workmanship standar de Rockwell Automation. - Reacomodo de cables, canaletas y conecciónes mal ubicadas. - Prueba ""Pull check"" punto por punto",Mantenimiento a Tablero Electrico,1.0,4950.0
SO764,2020-06-05,MONDELEZ MEXICO,SERVICIOS FTS,44718.0,Servicio de Mantenimiento a 32 VFD PowerFlex MCA. Allen Bradley  Incluye:  - Apertura de Frame de plastico de 32 VFD - Inyección de nitrogeno con pistola y regulador de presión - Desincrustacion de polvo y Harina - Armado de Frames de plastico. -Reporte digital de la actividad.,Servicio de Mantenimiento a 32 VFD PowerFlex MCA. Allen Bradley,1.0,21200.0
SO623,2020-06-05,MONDELEZ MEXICO,SERVICIOS FTS,14036.0,"Enclosure Accessory, Handle, Type 12 and Type 13 A25 Enclosures mca. HOFFMAN","Enclosure Accessory, Handle, Type 12 and Type 13 A25 Enclosures mca. HOFFMAN",1.0,12100.0
SO705,2020-06-02,MONDELEZ MEXICO,SERVICIOS FTS,31200.0,SERVICIO SOPORTE TECNICO LUCCA Mayo 2020,SERVICIO SOPORTE TECNICO LUCCA Mayo 2020,1.0,31200.0
SO734,2020-05-31,MONDELEZ MEXICO,SERVICIOS FTS,12760.0,Servicio de suministro de boya de Gas 507,Servicio de suministro de boya de Gas 507,2.0,11000.0
SO723,2020-05-29,MGM Ingeniería SA de CV,SERVICIOS FTS,9280.0,Servicio de Segurista en sitio (1 dia )  Incluye: - Preparar formatos 1 día antes de actividad.  - Realizar SAP (Safety Action Plan ) y evaluación de riesgos (Cuando sea requerido) - Acompañar al personal en sus actividades  - Segurista certificado ante la STPS y habilitado para ejercer en Mondelez international.,"Description  21025-07 Servicios de Supervisión   - Comments: Servicios de supervision de ingenieria para el proyecto 21G- Repack - Tailor, planta Mondelez Monterrey (G) Folio:2d92ab19-5f4e-4454-9a42-eaa4dbeas1aa",4.0,8000.0
SO648,2020-05-29,"MONDELEZ MEXICO, Ruben Martinez",SERVICIOS FTS,17284.0,Servicio de Mantenimiento a Deshumidificador y Chiller  Incluye: - Mantenimiento a 2 sistemas de deshumidificadores ( Amases y Silos Zona ATEX) - Limpieza de condensadora de Chiller con Agua a presion. - Desinfectado de serpentines de condensadora y evaporadora.(Unidad de serpentin helado) - Cambio de filtros de aire - Revision de tablero electrico y reapriete de tornilleria. - Revision y diagnostico de todo el sistema.,Servicio de Mantenimiento a Deshumidificador y Chiller,1.0,14900.0
SO720,2020-05-25,OXXO SA de CV,SERVICIOS FTS,67266.08,Rodillos Motrices Itho Denki,Rodillos Motrices Itho Denki,4.0,57988.0
SO719,2020-05-25,OXXO SA de CV,SERVICIOS FTS,38486.48,Minisplit Carrier Puron  Inverter 3 Tonelada Frio y calor,Minisplit Carrier Inverter 3 Tonelada,1.0,29398.0
SO719,2020-05-25,OXXO SA de CV,SERVICIOS FTS,38486.48,Instalación de de Minisplit,Instalacion de Minisplit,1.0,3780.0
SO438,2020-05-25,MONDELEZ MEXICO,SERVICIOS FTS,103530.0,"Main PCB Control board Inverter  MULTIVOLTAJE (110,240,480 VCA) - Para equipo Rittal Mod. Ser. 5525",Main PCB Control board Inverter - Para equipo Rittal Mod. Ser. 9905,1.0,61148.0
SO438,2020-05-25,MONDELEZ MEXICO,SERVICIOS FTS,103530.0,Display Rittal para AC Unit Mod.,Compressor Mod.SK 3398.416 para clima MOD.,1.0,15019.0
SO438,2020-05-25,MONDELEZ MEXICO,SERVICIOS FTS,103530.0,Tapa galvanizada trasera para Equipo Rittal Mod.,Tapa galvanizada trasera para Equipo Rittal Mod.,1.0,1353.0
SO438,2020-05-25,MONDELEZ MEXICO,SERVICIOS FTS,103530.0,"Cambio de tarjeta , cambio de compresor, Mantenimiento y Puesta en Marcha Equipo Rittal:  Incluye: - Soldadura de plata para compresor - Carga de gas refrigerante R410a -  Instalación de compresor - Instalación y suministro de valvulas de servicio","Cambio de tarjeta , Mantenimiento y Puesta en Marcha Equipo Rittal",1.0,11730.0
SO436,2020-05-25,MONDELEZ MEXICO,SERVICIOS FTS,24685.96,Main PCB Control board Inverter - Para equipo Rittal Mod. Ser. 9905,Main PCB Control board Inverter - Para equipo Rittal Mod. Ser. 9905,1.0,11372.0
SO436,2020-05-25,MONDELEZ MEXICO,SERVICIOS FTS,24685.96,Tapa galvanizada trasera para Equipo Rittal Mod.Ser. 9905,Tapa galvanizada trasera para Equipo Rittal Mod.,1.0,1353.0
SO436,2020-05-25,MONDELEZ MEXICO,SERVICIOS FTS,24685.96,"Cambio de tarjeta , Mantenimiento y Puesta en Marcha Equipo Rittal","Cambio de tarjeta , Mantenimiento y Puesta en Marcha Equipo Rittal",1.0,8556.0
SO641,2020-05-22,MONDELEZ MEXICO,SERVICIOS FTS,44415.24,Servicio de analisis de calidad de Energia Tablero de L4 Incluye:  - Instalacion de medidor de energia - Monitoreo y estancia de monitor durante 1 semana. - Desinstalacion de medidor de energia. - Reporte digital con diagnostico y recomendaciones. - Incluye personal para soporte tecnico. - Incluye segurista acoorde a los procesos de seguridad de Mondelez.,Servicio de analisis de calidad de Energia Tablero de Maquinado L2,1.0,38289.0
SO589,2020-05-20,MONDELEZ MEXICO,SERVICIOS FTS,33234.0,"Mantenimiento Clima de Tablero CasePack L13 Servicio de mantenimiento mayor  a equipo de climatización para tablero de control:  • Desinstalación e Instalación de la unidad. • Desinfección de evaporador. • Limpieza de filtros. • Medición y evaluación de corriente de consumo. • Limpieza en intercambiadores de calor. • Limpieza de compresor. • Revisión, Análisis y diagnostico de la unidad. • ""setup"" y puesta marcha.",Mantenimiento Clima de Tablero,5.0,28650.0
SO702,2020-05-19,MONDELEZ MEXICO,SERVICIOS FTS,16704.0,Diseño de pintura a base de agua SHERWIN WILLIAMS en antiguos cuartos verdes frente a línea 3,Diseño de pintura a base de agua SHERWIN WILLIAMS en antiguos cuartos verdes frente a línea 3,1.0,14400.0
SO528,2020-05-13,MONDELEZ MEXICO,SERVICIOS FTS,33872.0,"Mantenimiento a Tablero Electrico de control de 1 Paletizadora en Area de Paletizado  Incluído en mantenimiento:  - Toma de termografías y reporte con analisis termografico. - Rsportes de Mantenimiento digitales y de analisis en tiempo real con aplicacion mobil. - Aspirado de tablero y componentes - Limpieza de gabinete exterior e interior - Reapriete de tornillería con torque controlado en base a Workmanship standar de Rockwell Automation. - Reacomodo de cables, canaletas y conecciónes mal ubicadas. - Prueba ""Pull check"" punto por punto",Mantenimiento a Tablero Electrico,8.0,29200.0
SO577,2020-05-12,MONDELEZ MEXICO,SERVICIOS FTS,4060.0,Instalación Equipo de climatización Rittal Horno L6 Servicio de Instalación de equipo de refrigeración en tablero de control.  • Acoplar en Gabinete • Aplicación de gasket (de kit de instalación). • Instalación y conexión para revisión de parámetros. • Puesta en marcha.  No se incluye material para instalación eléctrica.,Instalación Equipo de climatización Rittal,1.0,3500.0
SO680,2020-05-11,MONDELEZ MEXICO,SERVICIOS FTS,65308.0,"Instalación de  cable multiconductor de 15 lineas X 22 AWG atravez de ducto. Conexion entre 2 tableros con clemas. Total: 15 lineas . Linea 5 Skiper.  Incluye: - Conexion de cables en clemas en ambos tableros. - Canalización de cable a travez de 35 metros de ducto. - Corte/perforaciónes necesarias - Personal con Certificados DC3 para trabajos: Electricos, Alturas y Uso de plataformas. - Personal de Seguridad y Supervisión de obra.",Instalación de Cable Ethernet,1.0,56300.0
SO675,2020-05-11,OXXO SA de CV,SERVICIOS FTS,47000.0,POLIZA - AREAS GENERALES CEDIS SALTILLO -MAYO 2020,POLIZA - AREAS GENERALES CEDIS SALTILLO -ABRIL 2020,1.0,47000.0
SO673,2020-05-11,OXXO SA de CV,SERVICIOS FTS,8769.6,FESTIVO LABORADO 01 MAYO (TREJO Y MIGUEL),FESTIVO LABORADO 01 MAYO (TREJO Y MIGUEL),2.0,5670.0
SO673,2020-05-11,OXXO SA de CV,SERVICIOS FTS,8769.6,TIEMPO EXTRA DOMINGO 03 DE MAYO (JUAN),TIEMPO EXTRA DOMINGO 03 DE MAYO (JUAN),1.0,1890.0
SO651,2020-05-11,MONDELEZ MEXICO,SERVICIOS FTS,21286.0,Reparacion de Clima de tablero de Douglas B Linea 6 Incluye:  - Instalacion y suministro de abanico de Evaporador. - Montaje y desmontaje de equipo para maniobra - Puesta en Marcha de equipo,Reparacion de Clima de tablero de Douglas B Linea 6,1.0,18350.0
SO645,2020-05-11,MONDELEZ MEXICO,SERVICIOS FTS,54520.0,"Instalación y suministro de 1 cable flexible de 3 lineas X 18 AWG atravez de ducto. Desde Panel View , hasta tablero electrico. Total: 4 lineas flexibles. Linea 5 ( TTM 1)  Incluye:. - Incluye cambio, suministro y Ruteo de 2 Cable Ethernet CAT6e para comunicación de PLC con Panelview - Cable Flexible 4 X 18 AWG MCA. TPCWIRE MOD.SUPER-TREX ( Cable demo: https://youtu.be/cWnfuQQr17k ) -  Ruteo de cables dentro de Panel View. - Canalización de cable a travez de 15 metros de ducto Y Canal - Corte/perforaciónes necesarias - Personal con Certificados DC3 para trabajos: Electricos, Alturas y Uso de plataformas. - Personal de Seguridad y Supervisión de obra.",Instalación de Cable Ethernet,1.0,47000.0
SO581,2020-05-06,MONDELEZ MEXICO,SERVICIOS FTS,53360.0,Servicio de Reparación de clima de tablero Incluye:  - Suministro e instalacion de compresor - Suministro e instalacion de presostato. - Suministro e instalacion de filtro de refrigeracion. - Limpieza de sistema de refrigeracion - Soldadura del 5% de plata. - Instalacion de valvulas de servicio. - Instalacion de equipo en tablero electrico y puesta en marcha.,Servicio de Reparación de clima de tablero,1.0,46000.0
SO662,2020-05-04,MONDELEZ MEXICO,SERVICIOS FTS,6646.8,"Mantenimiento Clima de Tablero TC2-04 BANDAS AEREAS Servicio de mantenimiento mayor  a equipo de climatización para tablero de control:  • Desinstalación e Instalación de la unidad. • Desinfección de evaporador. • Limpieza de filtros. • Medición y evaluación de corriente de consumo. • Limpieza en intercambiadores de calor. • Limpieza de compresor. • Revisión, Análisis y diagnostico de la unidad. • ""setup"" y puesta marcha.",Mantenimiento Clima de Tablero,1.0,5730.0
SO661,2020-05-04,MONDELEZ MEXICO,SERVICIOS FTS,6646.8,"Mantenimiento Clima de Tablero TC2-06 BANDAS ENFRIAMIENTO Servicio de mantenimiento mayor  a equipo de climatización para tablero de control:  • Desinstalación e Instalación de la unidad. • Desinfección de evaporador. • Limpieza de filtros. • Medición y evaluación de corriente de consumo. • Limpieza en intercambiadores de calor. • Limpieza de compresor. • Revisión, Análisis y diagnostico de la unidad. • ""setup"" y puesta marcha.",Mantenimiento Clima de Tablero,1.0,5730.0
SO660,2020-05-04,MONDELEZ MEXICO,SERVICIOS FTS,6646.8,"Mantenimiento Clima de Tablero TC05-01 AMASADORA Servicio de mantenimiento mayor  a equipo de climatización para tablero de control:  • Desinstalación e Instalación de la unidad. • Desinfección de evaporador. • Limpieza de filtros. • Medición y evaluación de corriente de consumo. • Limpieza en intercambiadores de calor. • Limpieza de compresor. • Revisión, Análisis y diagnostico de la unidad. • ""setup"" y puesta marcha.",Mantenimiento Clima de Tablero,1.0,5730.0
SO659,2020-05-04,MONDELEZ MEXICO,SERVICIOS FTS,6646.8,"Mantenimiento Clima de Tablero TC7-01 - AMASADORA A Servicio de mantenimiento mayor  a equipo de climatización para tablero de control:  • Desinstalación e Instalación de la unidad. • Desinfección de evaporador. • Limpieza de filtros. • Medición y evaluación de corriente de consumo. • Limpieza en intercambiadores de calor. • Limpieza de compresor. • Revisión, Análisis y diagnostico de la unidad. • ""setup"" y puesta marcha.",Mantenimiento Clima de Tablero,1.0,5730.0
SO658,2020-05-04,MONDELEZ MEXICO,SERVICIOS FTS,6646.8,"Mantenimiento Clima de Tablero TC7-02 - AMASADORA B Servicio de mantenimiento mayor  a equipo de climatización para tablero de control:  • Desinstalación e Instalación de la unidad. • Desinfección de evaporador. • Limpieza de filtros. • Medición y evaluación de corriente de consumo. • Limpieza en intercambiadores de calor. • Limpieza de compresor. • Revisión, Análisis y diagnostico de la unidad. • ""setup"" y puesta marcha.",Mantenimiento Clima de Tablero,1.0,5730.0
SO657,2020-05-04,MONDELEZ MEXICO,SERVICIOS FTS,6646.8,"Mantenimiento Clima de Tablero TC9-01 - AMASADORA Servicio de mantenimiento mayor  a equipo de climatización para tablero de control:  • Desinstalación e Instalación de la unidad. • Desinfección de evaporador. • Limpieza de filtros. • Medición y evaluación de corriente de consumo. • Limpieza en intercambiadores de calor. • Limpieza de compresor. • Revisión, Análisis y diagnostico de la unidad. • ""setup"" y puesta marcha.",Mantenimiento Clima de Tablero,1.0,5730.0
SO656,2020-05-04,MONDELEZ MEXICO,SERVICIOS FTS,13293.6,"Mantenimiento clima de Tablero TC9-02 - CALIBRADORES Servicio de mantenimiento mayor  a equipo de climatización para tablero de control:  • Desinstalación e Instalación de la unidad. • Desinfección de evaporador. • Limpieza de filtros. • Medición y evaluación de corriente de consumo. • Limpieza en intercambiadores de calor. • Limpieza de compresor. • Revisión, Análisis y diagnostico de la unidad. • ""setup"" y puesta marcha.",Mantenimiento Clima de Tablero,1.0,5730.0
SO656,2020-05-04,MONDELEZ MEXICO,SERVICIOS FTS,13293.6,"Mantenimiento Clima de Tablero Servicio de mantenimiento mayor  a equipo de climatización para tablero de control:  • Desinstalación e Instalación de la unidad. • Desinfección de evaporador. • Limpieza de filtros. • Medición y evaluación de corriente de consumo. • Limpieza en intercambiadores de calor. • Limpieza de compresor. • Revisión, Análisis y diagnostico de la unidad. • ""setup"" y puesta marcha.",Mantenimiento Clima de Tablero,1.0,5730.0
SO655,2020-05-04,MONDELEZ MEXICO,SERVICIOS FTS,6646.8,"Mantenimiento a CORTADORA ULTRASONICA Servicio de mantenimiento mayor  a equipo de climatización para tablero de control:  • Desinstalación e Instalación de la unidad. • Desinfección de evaporador. • Limpieza de filtros. • Medición y evaluación de corriente de consumo. • Limpieza en intercambiadores de calor. • Limpieza de compresor. • Revisión, Análisis y diagnostico de la unidad. • ""setup"" y puesta marcha.",Mantenimiento Clima de Tablero,1.0,5730.0
SO654,2020-05-04,MONDELEZ MEXICO,SERVICIOS FTS,6646.8,"Mantenimiento Clima de Tablero TC5-03 CORTADORA Servicio de mantenimiento mayor  a equipo de climatización para tablero de control:  • Desinstalación e Instalación de la unidad. • Desinfección de evaporador. • Limpieza de filtros. • Medición y evaluación de corriente de consumo. • Limpieza en intercambiadores de calor. • Limpieza de compresor. • Revisión, Análisis y diagnostico de la unidad. • ""setup"" y puesta marcha.",Mantenimiento Clima de Tablero,1.0,5730.0
SO627,2020-04-30,MONDELEZ MEXICO,SERVICIOS FTS,16704.0,"Instalacion  de soportes, tuberia electrica y coneccion al tablero electrico  y tuberia de aire con sus respectivas valvulas en el area de portion pack (taller satelite) linea 2","Instalacion  de soportes, tuberia electrica y coneccion al tablero electrico  y tuberia de aire con sus respectivas valvulas en el area de portion pack (taller satelite) linea 2",1.0,14400.0
SO590,2020-04-30,"MONDELEZ MEXICO, Alfredo Sabalija",SERVICIOS FTS,6646.8,"Mantenimiento Clima de Tablero de tunel de enfriamiento L13 Servicio de mantenimiento mayor  a equipo de climatización para tablero de control:  • Desinstalación e Instalación de la unidad. • Desinfección de evaporador. • Limpieza de filtros. • Medición y evaluación de corriente de consumo. • Limpieza en intercambiadores de calor. • Limpieza de compresor. • Revisión, Análisis y diagnostico de la unidad. • ""setup"" y puesta marcha.",Mantenimiento Clima de Tablero,1.0,5730.0
SO585,2020-04-30,MONDELEZ MEXICO,SERVICIOS FTS,64960.0,"1 Mes de Renta de : 2 Chillers . CAP: 5 TON ,MCA. Clima-Flex , con Bomba 1/2 hp.Type: Descarga Vertical","1 Mes de Renta de : 2 Chillers . CAP: 5 TON ,MCA. Clima-Flex , con Bomba 1/2 hp.Type: Descarga Vertical",1.0,56000.0
SO422,2020-04-30,"MONDELEZ MEXICO, Arturo Reyes",SERVICIOS FTS,11136.0,Servicio de análisis termografico para  8 Climas para tablero MCA. Cosmotec Servicio de Análisis termografico para 8 climas de Tableros MCA Cosmotec .  Incluye : - Renta de cámara termografica FLIR certificada . - Apertura de carcasa de todos los equipos por el exterior. - Manipulación de setpoint y parámetros para poner los equipos a funcionamiento pleno. - Toma de termografias  - Análisis y generación de reportes,Servicio de análisis termografico para  8 Climas para tablero MCA. Cosmotec,1.0,9600.0
SO233,2020-04-30,"CBRE GCS, S. de R.L. de C.V., Alejandro Huerta",SERVICIOS FTS,12667.2,Diagnostico Para falla en Controlador de Agua AMASES MDLZ MTY  Incluye :  - 1 Ingeniero o técnico en Automatización - Herramientas para diagnostico eléctrico /electrónico  - Laptop con Software necesario de Rockwell Automation (cuando sea necesario),Soporte Automatización (Hora de servicio),1.0,10920.0
SO632,2020-04-29,MONDELEZ MEXICO,SERVICIOS FTS,20416.0,Servicio de Carga de gas refrigerante Zona 1 de tunel de enfriamiento L8,Boya de Gas R-22 13.6 Kg.,1.0,7900.0
SO632,2020-04-29,MONDELEZ MEXICO,SERVICIOS FTS,20416.0,Boya de Gas R-507 11.6 Kg.,Boya de Gas R-22 13.6 Kg.,2.0,9700.0
SO576,2020-04-29,MONDELEZ MEXICO,SERVICIOS FTS,20880.0,Trabajo de cambio de CHAQUETAS de tubería de CO2 en el area de Guerin linea 5 material y mano de obra,*Trabajo de cambio de CHAQUETAS de tubería de CO2 en el area de Guerin linea 5 material y mano de obra,1.0,18000.0
SO617,2020-04-24,MONDELEZ MEXICO,SERVICIOS FTS,47560.0,"(1 mes) Tecnico en Electricidad y Electronica Industrial  Habilidades: - Experiencia tecnica en Electricidad / Electronica - Capacidad administrativa. - Trabajo en equipo - Certificados DC3 en : Trabajos Electricos , LOTO, ARC FLASH.",Supervisor Automatización,1.0,41000.0
SO601,2020-04-24,MONDELEZ MEXICO,SERVICIOS FTS,7192.0,"Mantenimiento y Diagnóstico AC UNIT L6 Empaque Servicio de mantenimiento y diagnóstico a equipo de refrigeración para tablero de control:  • Desinfección de evaporador. • Limpieza de filtros. • Medición y evaluación de corriente de consumo. • Medición y evaluación del estado de gas de enfriamiento (en caso de contar con válvulas de servicio) • Limpieza en intercambiadores de calor. • Limpieza de compresores. • Revisión, Análisis y diagnostico de la unidad. • Propuestas de solución.  No se incluyen refacciones.",Mantenimiento Clima de Tablero,1.0,6200.0
SO552,2020-04-24,MONDELEZ MEXICO,SERVICIOS FTS,706440.0,"Servicio de Integración de señales de RUN, Stop y Jog de  desconectadores de conveyors L8   Incluye:  - Integracion y habilitacion de sistema de alineacion de las bandas de post condition - Guardas de acrilico para Acro electrico  para protexion de señales energizadas en Tablero de horno - Cableado de Entradas de selectores entre los 2 tableros. para todos los desconectadores de los conveyor de salida del Horno. - Integración de Entradas para cada selector y modo run en sistema nuevo. - Programación e Integración de funion RUN y JOG en sistema nuevo. - Programación de HMI para funcion de Jog con sistema nuevo. - Actualización de Diagramas e ingenierías. - Sopporte para arranque de operación. -No incluye Modulos Adicionales (Nos son necesarios ya que se hará una integración por red Ehernet) - Puesta en marcha de equipo y demostración de funcionamiento.",SERVICIO DE INTEGRACION DESCONECTADORES L8,1.0,609000.0
SO638,2020-04-23,MONDELEZ MEXICO,SERVICIOS FTS,7192.0,"Mantenimiento y Diagnóstico AC UNIT  Servicio de mantenimiento y diagnóstico a equipo de refrigeración para tablero de control:  • Desinfección de evaporador. • Limpieza de filtros. • Medición y evaluación de corriente de consumo. • Medición y evaluación del estado de gas de enfriamiento (en caso de contar con válvulas de servicio) • Limpieza en intercambiadores de calor. • Limpieza de compresores. • Revisión, Análisis y diagnostico de la unidad. • Propuestas de solución.  No se incluyen refacciones.",Mantenimiento Clima de Tablero,1.0,6200.0
SO637,2020-04-23,MONDELEZ MEXICO,SERVICIOS FTS,7192.0,"Mantenimiento y Diagnóstico AC UNIT  Servicio de mantenimiento y diagnóstico a equipo de refrigeración para tablero de control:  • Desinfección de evaporador. • Limpieza de filtros. • Medición y evaluación de corriente de consumo. • Medición y evaluación del estado de gas de enfriamiento (en caso de contar con válvulas de servicio) • Limpieza en intercambiadores de calor. • Limpieza de compresores. • Revisión, Análisis y diagnostico de la unidad. • Propuestas de solución.  No se incluyen refacciones.",Mantenimiento Clima de Tablero,1.0,6200.0
SO636,2020-04-23,MONDELEZ MEXICO,SERVICIOS FTS,7192.0,"Mantenimiento y Diagnóstico AC UNIT  Servicio de mantenimiento y diagnóstico a equipo de refrigeración para tablero de control:  • Desinfección de evaporador. • Limpieza de filtros. • Medición y evaluación de corriente de consumo. • Medición y evaluación del estado de gas de enfriamiento (en caso de contar con válvulas de servicio) • Limpieza en intercambiadores de calor. • Limpieza de compresores. • Revisión, Análisis y diagnostico de la unidad. • Propuestas de solución.  No se incluyen refacciones.",Mantenimiento Clima de Tablero,1.0,6200.0
SO635,2020-04-23,MONDELEZ MEXICO,SERVICIOS FTS,7192.0,"Mantenimiento y Diagnóstico AC UNIT  Servicio de mantenimiento y diagnóstico a equipo de refrigeración para tablero de control:  • Desinfección de evaporador. • Limpieza de filtros. • Medición y evaluación de corriente de consumo. • Medición y evaluación del estado de gas de enfriamiento (en caso de contar con válvulas de servicio) • Limpieza en intercambiadores de calor. • Limpieza de compresores. • Revisión, Análisis y diagnostico de la unidad. • Propuestas de solución.  No se incluyen refacciones.",Mantenimiento Clima de Tablero,1.0,6200.0
SO634,2020-04-23,MONDELEZ MEXICO,SERVICIOS FTS,7192.0,"Mantenimiento y Diagnóstico AC UNIT  Servicio de mantenimiento y diagnóstico a equipo de refrigeración para tablero de control:  • Desinfección de evaporador. • Limpieza de filtros. • Medición y evaluación de corriente de consumo. • Medición y evaluación del estado de gas de enfriamiento (en caso de contar con válvulas de servicio) • Limpieza en intercambiadores de calor. • Limpieza de compresores. • Revisión, Análisis y diagnostico de la unidad. • Propuestas de solución.  No se incluyen refacciones.",Mantenimiento Clima de Tablero,1.0,6200.0
SO633,2020-04-23,JUAN DE LA CRUZ MALDONADO,SERVICIOS FTS,103400.0,Poliza de Mantenimiento Ventiladores y Extractores  CEDIS Escobedo - Abril 2020,Poliza de Mantenimiento Ventiladores y Extractores  CEDIS Escobedo - Abril 2020,1.0,89137.93
SO571,2020-04-16,MONDELEZ MEXICO,SERVICIOS FTS,4640.0,"Mantenimiento a Tablero Eléctrico de TTM 5 Linea 12  Incluído en mantenimiento:  - Toma de termografías y reporte con analisis termografico. - Rsportes de Mantenimiento digitales y de analisis en tiempo real con aplicacion mobil. - Aspirado de tablero y componentes - Limpieza de gabinete exterior e interior - Reapriete de tornillería con torque controlado en base a Workmanship standar de Rockwell Automation. - Reacomodo de cables, canaletas y conecciónes mal ubicadas. - Prueba ""Pull check"" punto por punto",Mantenimiento a Tablero Electrico,1.0,4000.0
SO570,2020-04-16,MONDELEZ MEXICO,SERVICIOS FTS,4640.0,"Mantenimiento a Tablero Eléctrico de TTM 4 Linea 12  Incluído en mantenimiento:  - Toma de termografías y reporte con analisis termografico. - Rsportes de Mantenimiento digitales y de analisis en tiempo real con aplicacion mobil. - Aspirado de tablero y componentes - Limpieza de gabinete exterior e interior - Reapriete de tornillería con torque controlado en base a Workmanship standar de Rockwell Automation. - Reacomodo de cables, canaletas y conecciónes mal ubicadas. - Prueba ""Pull check"" punto por punto",Mantenimiento a Tablero Electrico,1.0,4000.0
SO569,2020-04-16,MONDELEZ MEXICO,SERVICIOS FTS,4640.0,"Mantenimiento a Tablero Eléctrico de TTM 3 Linea 12  Incluído en mantenimiento:  - Toma de termografías y reporte con analisis termografico. - Rsportes de Mantenimiento digitales y de analisis en tiempo real con aplicacion mobil. - Aspirado de tablero y componentes - Limpieza de gabinete exterior e interior - Reapriete de tornillería con torque controlado en base a Workmanship standar de Rockwell Automation. - Reacomodo de cables, canaletas y conecciónes mal ubicadas. - Prueba ""Pull check"" punto por punto",Mantenimiento a Tablero Electrico,1.0,4000.0
SO568,2020-04-16,MONDELEZ MEXICO,SERVICIOS FTS,4640.0,"Mantenimiento a Tablero Eléctrico de TTM 2 Linea 12  Incluído en mantenimiento:  - Toma de termografías y reporte con analisis termografico. - Rsportes de Mantenimiento digitales y de analisis en tiempo real con aplicacion mobil. - Aspirado de tablero y componentes - Limpieza de gabinete exterior e interior - Reapriete de tornillería con torque controlado en base a Workmanship standar de Rockwell Automation. - Reacomodo de cables, canaletas y conecciónes mal ubicadas. - Prueba ""Pull check"" punto por punto",Mantenimiento a Tablero Electrico,1.0,4000.0
SO567,2020-04-16,MONDELEZ MEXICO,SERVICIOS FTS,4640.0,"Mantenimiento a Tablero Eléctrico de TTM 1 Linea 12  Incluído en mantenimiento:  - Toma de termografías y reporte con analisis termografico. - Rsportes de Mantenimiento digitales y de analisis en tiempo real con aplicacion mobil. - Aspirado de tablero y componentes - Limpieza de gabinete exterior e interior - Reapriete de tornillería con torque controlado en base a Workmanship standar de Rockwell Automation. - Reacomodo de cables, canaletas y conecciónes mal ubicadas. - Prueba ""Pull check"" punto por punto",Mantenimiento a Tablero Electrico,1.0,4000.0
SO566,2020-04-16,MONDELEZ MEXICO,SERVICIOS FTS,5046.0,"Mantenimiento a Tablero Eléctrico de TTM 4 Linea 5  Incluído en mantenimiento:  - Toma de termografías y reporte con analisis termografico. - Rsportes de Mantenimiento digitales y de analisis en tiempo real con aplicacion mobil. - Aspirado de tablero y componentes - Limpieza de gabinete exterior e interior - Reapriete de tornillería con torque controlado en base a Workmanship standar de Rockwell Automation. - Reacomodo de cables, canaletas y conecciónes mal ubicadas. - Prueba ""Pull check"" punto por punto",Mantenimiento a Tablero Electrico,1.0,4350.0
SO565,2020-04-16,MONDELEZ MEXICO,SERVICIOS FTS,5046.0,"Mantenimiento a Tablero Eléctrico de TTM 3 Linea 5  Incluído en mantenimiento:  - Toma de termografías y reporte con analisis termografico. - Rsportes de Mantenimiento digitales y de analisis en tiempo real con aplicacion mobil. - Aspirado de tablero y componentes - Limpieza de gabinete exterior e interior - Reapriete de tornillería con torque controlado en base a Workmanship standar de Rockwell Automation. - Reacomodo de cables, canaletas y conecciónes mal ubicadas. - Prueba ""Pull check"" punto por punto",Mantenimiento a Tablero Electrico,1.0,4350.0
SO564,2020-04-16,MONDELEZ MEXICO,SERVICIOS FTS,5046.0,"Mantenimiento a Tablero Eléctrico de TTM 2 Linea 5  Incluído en mantenimiento:  - Toma de termografías y reporte con analisis termografico. - Rsportes de Mantenimiento digitales y de analisis en tiempo real con aplicacion mobil. - Aspirado de tablero y componentes - Limpieza de gabinete exterior e interior - Reapriete de tornillería con torque controlado en base a Workmanship standar de Rockwell Automation. - Reacomodo de cables, canaletas y conecciónes mal ubicadas. - Prueba ""Pull check"" punto por punto",Mantenimiento a Tablero Electrico,1.0,4350.0
SO563,2020-04-16,MONDELEZ MEXICO,SERVICIOS FTS,5046.0,"Mantenimiento a Tablero Eléctrico de TTM 1 Linea 5  Incluído en mantenimiento:  - Toma de termografías y reporte con analisis termografico. - Rsportes de Mantenimiento digitales y de analisis en tiempo real con aplicacion mobil. - Aspirado de tablero y componentes - Limpieza de gabinete exterior e interior - Reapriete de tornillería con torque controlado en base a Workmanship standar de Rockwell Automation. - Reacomodo de cables, canaletas y conecciónes mal ubicadas. - Prueba ""Pull check"" punto por punto",Mantenimiento a Tablero Electrico,1.0,4350.0
SO515,2020-04-16,MONDELEZ MEXICO,SERVICIOS FTS,25056.0,Mantenimiento de enchaqueteado de tuberia de  CO2 Linea 8,Enchaquetado de Tuberia de CO2,1.0,21600.0
SO464,2020-04-15,MONDELEZ MEXICO,SERVICIOS FTS,73080.0,"Instalación y suministro de 2 cables flexibles de 20 lineas X 22 AWG atravez de ducto. Desde Panel View , hasta tablero electrico. Total: 40 lineas flexiblres. Linea 7 empaquetadora  Incluye:. - Incluye cambio, suministro y Ruteo de Cable Ethernet CAT6e para comunicación de PLC con Panelview - Cable Flexible 20 X22 AWG MCA. TPCWIRE MOD.SUPER-TREX ( Cable demo: https://youtu.be/cWnfuQQr17k ) -  Ruteo de cables dentro de Panel View. - Canalización de cable a travez de 15 metros de ducto Y Canal - Corte/perforaciónes necesarias - Personal con Certificados DC3 para trabajos: Electricos, Alturas y Uso de plataformas. - Personal de Seguridad y Supervisión de obra.",Instalación de Cable Ethernet,1.0,63000.0
SO473,2020-04-14,MONDELEZ MEXICO,SERVICIOS FTS,47560.0,"(4 semanas ) Tecnico en Electricidad y Electronica Industrial  Habilidades: - Experiencia tecnica en Electricidad / Electronica - Capacidad administrativa. - Trabajo en equipo - Certificados DC3 en : Trabajos Electricos , LOTO, ARC FLASH.",Supervisor Automatización,1.0,41000.0
SO538,2020-04-13,MONDELEZ MEXICO,SERVICIOS FTS,5336.0,Reparación de Clima Cosmotec L2 Empaque nuevo  - Suministro y cambio de Switch de presion - Apertura de circuito de refrigeración para cambio de switch de presion. - Limpieza de circuito de refrigeracion con nitrogeno - Cambio de Gas refrigerante R134a Completa.,Reparación de Clima Cosmotec L5 Maquinado,1.0,4600.0
SO536,2020-04-13,MONDELEZ MEXICO,SERVICIOS FTS,80040.0,"Instalación y suministro de 1 cable flexible de 12 lineas X 22 AWG atravez de ducto Y 2 Cables Ethernet CAT6e. Desde Panel View , hasta tablero electrico. Total: 12 lineas flexiblres. Linea 5 ( TTM 1)  Incluye:. - Incluye cambio, suministro y Ruteo de 2 Cable Ethernet CAT6e para comunicación de PLC con Panelview - Cable Flexible 20 X22 AWG MCA. TPCWIRE MOD.SUPER-TREX ( Cable demo: https://youtu.be/cWnfuQQr17k ) -  Ruteo de cables dentro de Panel View. - Canalización de cable a travez de 15 metros de ducto Y Canal - Corte/perforaciónes necesarias - Personal con Certificados DC3 para trabajos: Electricos, Alturas y Uso de plataformas. - Personal de Seguridad y Supervisión de obra.",Instalación de Cable Ethernet,1.0,69000.0
SO535,2020-04-13,MONDELEZ MEXICO,SERVICIOS FTS,80040.0,"Instalación y suministro de 1 cable flexible de 12 lineas X 22 AWG atravez de ducto Y 2 Cables Ethernet CAT6e. Desde Panel View , hasta tablero electrico. Total: 12 lineas flexiblres. Linea 5 ( TTM 4)  Incluye:. - Incluye cambio, suministro y Ruteo de 2 Cable Ethernet CAT6e para comunicación de PLC con Panelview - Cable Flexible 20 X22 AWG MCA. TPCWIRE MOD.SUPER-TREX ( Cable demo: https://youtu.be/cWnfuQQr17k ) -  Ruteo de cables dentro de Panel View. - Canalización de cable a travez de 15 metros de ducto Y Canal - Corte/perforaciónes necesarias - Personal con Certificados DC3 para trabajos: Electricos, Alturas y Uso de plataformas. - Personal de Seguridad y Supervisión de obra.",Instalación de Cable Ethernet,1.0,69000.0
SO534,2020-04-13,MONDELEZ MEXICO,SERVICIOS FTS,80040.0,"Instalación y suministro de 1 cable flexible de 12 lineas X 22 AWG atravez de ducto Y 2 Cables Ethernet CAT6e. Desde Panel View , hasta tablero electrico. Total: 12 lineas flexiblres. Linea 5 ( TTM 3)  Incluye:. - Incluye cambio, suministro y Ruteo de 2 Cable Ethernet CAT6e para comunicación de PLC con Panelview - Cable Flexible 20 X22 AWG MCA. TPCWIRE MOD.SUPER-TREX ( Cable demo: https://youtu.be/cWnfuQQr17k ) -  Ruteo de cables dentro de Panel View. - Canalización de cable a travez de 15 metros de ducto Y Canal - Corte/perforaciónes necesarias - Personal con Certificados DC3 para trabajos: Electricos, Alturas y Uso de plataformas. - Personal de Seguridad y Supervisión de obra.",Instalación de Cable Ethernet,1.0,69000.0
SO533,2020-04-13,MONDELEZ MEXICO,SERVICIOS FTS,80040.0,"Instalación y suministro de 1 cable flexible de 12 lineas X 22 AWG atravez de ducto Y 2 Cables Ethernet CAT6e. Desde Panel View , hasta tablero electrico. Total: 12 lineas flexiblres. Linea 5 ( TTM 1 )  Incluye:. - Incluye cambio, suministro y Ruteo de 2 Cable Ethernet CAT6e para comunicación de PLC con Panelview - Cable Flexible 20 X22 AWG MCA. TPCWIRE MOD.SUPER-TREX ( Cable demo: https://youtu.be/cWnfuQQr17k ) -  Ruteo de cables dentro de Panel View. - Canalización de cable a travez de 15 metros de ducto Y Canal - Corte/perforaciónes necesarias - Personal con Certificados DC3 para trabajos: Electricos, Alturas y Uso de plataformas. - Personal de Seguridad y Supervisión de obra.",Instalación de Cable Ethernet,1.0,69000.0
SO493,2020-04-08,MONDELEZ MEXICO,SERVICIOS FTS,14384.0,"Mantenimiento y Diagnóstico Rittal L6 Horno Servicio de mantenimiento y diagnóstico a equipo de refrigeración para tablero de control:  • Desinfección de evaporador. • Limpieza de filtros. • Medición y evaluación de corriente de consumo. • Medición y evaluación del estado de gas de enfriamiento (en caso de contar con válvulas de servicio) • Limpieza en intercambiadores de calor. • Limpieza de compresores. • Revisión, Análisis y diagnostico de la unidad. • Propuestas de solución.  No se incluyen refacciones.",Mantenimiento Clima de Tablero,2.0,12400.0
SO559,2020-04-07,MONDELEZ MEXICO,SERVICIOS FTS,6646.8,"Mantenimiento Clima de Tablero TC8-02 Servicio de mantenimiento mayor  a equipo de climatización para tablero de control:  • Desinstalación e Instalación de la unidad. • Desinfección de evaporador. • Limpieza de filtros. • Medición y evaluación de corriente de consumo. • Limpieza en intercambiadores de calor. • Limpieza de compresor. • Revisión, Análisis y diagnostico de la unidad. • ""setup"" y puesta marcha.",Mantenimiento Clima de Tablero,1.0,5730.0
SO558,2020-04-07,MONDELEZ MEXICO,SERVICIOS FTS,6646.8,"Mantenimiento Clima de Tablero TC6-01 Servicio de mantenimiento mayor  a equipo de climatización para tablero de control:  • Desinstalación e Instalación de la unidad. • Desinfección de evaporador. • Limpieza de filtros. • Medición y evaluación de corriente de consumo. • Limpieza en intercambiadores de calor. • Limpieza de compresor. • Revisión, Análisis y diagnostico de la unidad. • ""setup"" y puesta marcha.",Mantenimiento Clima de Tablero,1.0,5730.0
SO557,2020-04-07,MONDELEZ MEXICO,SERVICIOS FTS,13293.6,"Mantenimiento Clima 1 de Tablero TC5 04  Servicio de mantenimiento mayor  a equipo de climatización para tablero de control:  • Desinstalación e Instalación de la unidad. • Desinfección de evaporador. • Limpieza de filtros. • Medición y evaluación de corriente de consumo. • Limpieza en intercambiadores de calor. • Limpieza de compresor. • Revisión, Análisis y diagnostico de la unidad. • ""setup"" y puesta marcha.",Mantenimiento Clima de Tablero,1.0,5730.0
SO557,2020-04-07,MONDELEZ MEXICO,SERVICIOS FTS,13293.6,"Mantenimiento Clima 2 de Tablero TC5 04  Servicio de mantenimiento mayor  a equipo de climatización para tablero de control:  • Desinstalación e Instalación de la unidad. • Desinfección de evaporador. • Limpieza de filtros. • Medición y evaluación de corriente de consumo. • Limpieza en intercambiadores de calor. • Limpieza de compresor. • Revisión, Análisis y diagnostico de la unidad. • ""setup"" y puesta marcha.",Mantenimiento Clima de Tablero,1.0,5730.0
SO556,2020-04-07,MONDELEZ MEXICO,SERVICIOS FTS,13293.6,"Mantenimiento Clima 1 de Tablero TC7 03  Servicio de mantenimiento mayor  a equipo de climatización para tablero de control:  • Desinstalación e Instalación de la unidad. • Desinfección de evaporador. • Limpieza de filtros. • Medición y evaluación de corriente de consumo. • Limpieza en intercambiadores de calor. • Limpieza de compresor. • Revisión, Análisis y diagnostico de la unidad. • ""setup"" y puesta marcha.",Mantenimiento Clima de Tablero,1.0,5730.0
SO556,2020-04-07,MONDELEZ MEXICO,SERVICIOS FTS,13293.6,"Mantenimiento Clima 2 de Tablero TC7 03  Servicio de mantenimiento mayor  a equipo de climatización para tablero de control:  • Desinstalación e Instalación de la unidad. • Desinfección de evaporador. • Limpieza de filtros. • Medición y evaluación de corriente de consumo. • Limpieza en intercambiadores de calor. • Limpieza de compresor. • Revisión, Análisis y diagnostico de la unidad. • ""setup"" y puesta marcha.",Mantenimiento Clima de Tablero,1.0,5730.0
SO555,2020-04-07,MONDELEZ MEXICO,SERVICIOS FTS,13293.6,"Mantenimiento Clima 1 de Tablero TC9-03  Servicio de mantenimiento mayor  a equipo de climatización para tablero de control:  • Desinstalación e Instalación de la unidad. • Desinfección de evaporador. • Limpieza de filtros. • Medición y evaluación de corriente de consumo. • Limpieza en intercambiadores de calor. • Limpieza de compresor. • Revisión, Análisis y diagnostico de la unidad. • ""setup"" y puesta marcha.",Mantenimiento Clima de Tablero,1.0,5730.0
SO555,2020-04-07,MONDELEZ MEXICO,SERVICIOS FTS,13293.6,"Mantenimiento Clima 2 de Tablero TC9-03  Servicio de mantenimiento mayor  a equipo de climatización para tablero de control:  • Desinstalación e Instalación de la unidad. • Desinfección de evaporador. • Limpieza de filtros. • Medición y evaluación de corriente de consumo. • Limpieza en intercambiadores de calor. • Limpieza de compresor. • Revisión, Análisis y diagnostico de la unidad. • ""setup"" y puesta marcha.",Mantenimiento Clima de Tablero,1.0,5730.0
SO554,2020-04-07,MONDELEZ MEXICO,SERVICIOS FTS,3132.0,"Instalación de  cable multiconductor de 15 lineas X 22 AWG atravez de ducto. Conexion entre 2 tableros con clemas. Total: 15 lineas . Linea 5 Skiper.  Incluye: - Conexion de cables en clemas en ambos tableros. - Canalización de cable a travez de 35 metros de ducto. - Corte/perforaciónes necesarias - Personal con Certificados DC3 para trabajos: Electricos, Alturas y Uso de plataformas. - Personal de Seguridad y Supervisión de obra.",Instalación de Cable Ethernet,1.0,2700.0
SO499,2020-04-07,MONDELEZ MEXICO,SERVICIOS FTS,14384.0,"Mantenimiento y Diagnóstico Rittal L8 Amases Servicio de mantenimiento y diagnóstico a equipo de refrigeración para tablero de control:  • Desinfección de evaporador. • Limpieza de filtros. • Medición y evaluación de corriente de consumo. • Medición y evaluación del estado de gas de enfriamiento (en caso de contar con válvulas de servicio) • Limpieza en intercambiadores de calor. • Limpieza de compresores. • Revisión, Análisis y diagnostico de la unidad. • Propuestas de solución.  No se incluyen refacciones.",Mantenimiento Clima de Tablero,2.0,12400.0
SO458,2020-04-07,MONDELEZ MEXICO,SERVICIOS FTS,62176.0,"Instalación de  cable multiconductor de 15 lineas X 22 AWG atravez de ducto. Conexion entre 2 tableros con clemas. Total: 15 lineas . Linea 5 Skiper.  Incluye: - Conexion de cables en clemas en ambos tableros. - Canalización de cable a travez de 35 metros de ducto. - Corte/perforaciónes necesarias - Personal con Certificados DC3 para trabajos: Electricos, Alturas y Uso de plataformas. - Personal de Seguridad y Supervisión de obra.",Instalación de Cable Ethernet,1.0,53600.0
SO518,2020-04-02,MONDELEZ MEXICO,SERVICIOS FTS,15298.08,"Instalación eléctrica - Microingredientes (PARTE 3) Instalación eléctrica en área de ingredientes para estaciones de trabajo con capacidad de hasta 50A en 480V   Incluye: • Tubería tipo Conduit en 1"" con un total de 18m. • Codos tipo Conduit para instalación de ductería. • Coples tipo Conduit para interconexión de tubería. • 60 metros en cable (3 líneas de voltaje) marca Viakon calibre # 6AWGcon capacidad de hasta 65A en UL; 83A NEC. • Soporte de tubería. • Espaciadores metálicos para instalación de tubería sobre pared. • Plataforma para trabajo en alturas. • Mano de obra de instalación. • Personal de Ingeniería para supervisión.",Instalación eléctrica - Microingredientes,1.0,13188.0
SO517,2020-04-02,MONDELEZ MEXICO,SERVICIOS FTS,15298.08,"Instalación eléctrica - Microingredientes (PARTE 2) Instalación eléctrica en área de ingredientes para estaciones de trabajo con capacidad de hasta 50A en 480V   Incluye: • Tubería tipo Conduit en 1"" con un total de 18m. • Codos tipo Conduit para instalación de ductería. • Coples tipo Conduit para interconexión de tubería. • 60 metros en cable (3 líneas de voltaje) marca Viakon calibre # 6AWGcon capacidad de hasta 65A en UL; 83A NEC. • Soporte de tubería. • Espaciadores metálicos para instalación de tubería sobre pared. • Plataforma para trabajo en alturas. • Mano de obra de instalación. • Personal de Ingeniería para supervisión.",Instalación eléctrica - Microingredientes,1.0,13188.0
SO516,2020-04-02,MONDELEZ MEXICO,SERVICIOS FTS,15298.08,"Instalación eléctrica - Microingredientes (PARTE 1) Instalación eléctrica en área de ingredientes para estaciones de trabajo con capacidad de hasta 50A en 480V   Incluye: • Tubería tipo Conduit en 1"" con un total de 18m. • Codos tipo Conduit para instalación de ductería. • Coples tipo Conduit para interconexión de tubería. • 60 metros en cable (3 líneas de voltaje) marca Viakon calibre # 6AWGcon capacidad de hasta 65A en UL; 83A NEC. • Soporte de tubería. • Espaciadores metálicos para instalación de tubería sobre pared. • Plataforma para trabajo en alturas. • Mano de obra de instalación. • Personal de Ingeniería para supervisión.",Instalación eléctrica - Microingredientes,1.0,13188.0
SO509,2020-04-02,MONDELEZ MEXICO,SERVICIOS FTS,73080.0,"Instalación y suministro de 2 cables flexibles de 20 lineas X 22 AWG atravez de ducto. Desde Panel View , hasta tablero electrico. Total: 40 lineas flexiblres. Linea 7 empaquetadora  Incluye:. - Incluye cambio, suministro y Ruteo de Cable Ethernet CAT6e para comunicación de PLC con Panelview - Cable Flexible 20 X22 AWG MCA. TPCWIRE MOD.SUPER-TREX ( Cable demo: https://youtu.be/cWnfuQQr17k ) -  Ruteo de cables dentro de Panel View. - Canalización de cable a travez de 15 metros de ducto Y Canal - Corte/perforaciónes necesarias - Personal con Certificados DC3 para trabajos: Electricos, Alturas y Uso de plataformas. - Personal de Seguridad y Supervisión de obra.",Instalación de Cable Ethernet,1.0,63000.0
SO508,2020-04-02,MONDELEZ MEXICO,SERVICIOS FTS,64960.0,"1 Mes de Renta de : 2 Chillers . CAP: 5 TON ,MCA. Clima-Flex , con Bomba 1/2 hp.Type: Descarga Vertical","1 Mes de Renta de : 2 Chillers . CAP: 5 TON ,MCA. Clima-Flex , con Bomba 1/2 hp.Type: Descarga Vertical",1.0,56000.0
SO479,2020-04-02,MONDELEZ MEXICO,SERVICIOS FTS,112288.0,"Servicio de Mantenimienta rodillo de Maquinado Incluye:  - Retiro de suministro de agua helada de chiller. - Ingreso de agua recirculando agente de limpieza ""Scale Cleaner"" dentro del rodillo. - Se suministra bomba para recircular agua. - Suministro de agente de limpieza Scale Cleaner. - Incluye conexiones y material para conectarse a los rodillos.",Servicio de Mantenimiento Mayor a chiller,2.0,67200.0
SO479,2020-04-02,MONDELEZ MEXICO,SERVICIOS FTS,112288.0,"Servicio de Mantenimiento Mayor a chiller Incluye:  - Limpieza de condensador con agua a presion. -Reapriete de tornilleria general de control y fuerza. -Revision de presiones de circuito de refrigeración. -Diagnostico de sistema de refrigeración. - Cambio de filtros de gas refrigerante. - Limpieza general del equipo. -Revision del aceite del compresor. - Muestreo de agua para enfriamiento (Revisión de PH). (Incluye Materiales)  No incluye: - Refacciones encontradas dañadas durante el mantenimeinto tales como: Presostatos, contactores, motores, valvulas, etc.",Servicio de Mantenimiento Mayor a chiller,1.0,29600.0
SO401,2020-04-02,MONDELEZ MEXICO,SERVICIOS FTS,87251.86,"BANNER SM312DQD -  PHOTOELECTRIC SENSOR, 0MM to 380MM, NPN / PNP","BANNER SM312DQD -  PHOTOELECTRIC SENSOR, 0MM to 380MM, NPN / PNP",8.0,64117.12
SO401,2020-04-02,MONDELEZ MEXICO,SERVICIOS FTS,87251.86,"Manguera de plastico Grado alimenticio 2"" Diametro. X 36"" Largo","Manguera de plastico Grado alimenticio 2"" Diametro. X 36"" Largo",2.0,2800.0
SO401,2020-04-02,MONDELEZ MEXICO,SERVICIOS FTS,87251.86,Kit de Contactor y OL Allen Bradley 24VCD,Kit de Contactor y Guardamotor Allen Bradley 24VCD,1.0,8300.0
SO500,2020-04-01,MONDELEZ MEXICO,SERVICIOS FTS,10672.0,"Instalación Equipo de climatización Rittal Incluye: • Aplicación de gasket (de kit de instalación). • Instalación y conexión para revisión de parámetros. • Puesta en marcha. • No se incluye material para instalación eléctrica. (Por ejemplo, Guarda motor y cable)",Instalación Equipo de climatización Rittal,1.0,3000.0
SO500,2020-04-01,MONDELEZ MEXICO,SERVICIOS FTS,10672.0,"Servicio Mantenimiento y Diagnóstico Clima Rittal L5 Horno  Incluye: • Desinfección de evaporador. • Limpieza de filtros. • Medición y evaluación de corriente de consumo. • Medición y evaluación del estado de gas de enfriamiento (en caso de contar con válvulas de servicio) • Limpieza en intercambiadores de calor. • Limpieza de compresores. • Revisión, Análisis y diagnostico de la unidad. • Propuestas de solución. No se incluyen refacciones.",Mantenimiento Clima de Tablero,1.0,6200.0
SO497,2020-04-01,MONDELEZ MEXICO,SERVICIOS FTS,7192.0,"Mantenimiento y Diagnóstico AC Unit L2 Empaque Nuevo Servicio de mantenimiento y diagnóstico a equipo de refrigeración para tablero de control:  • Desinfección de evaporador. • Limpieza de filtros. • Medición y evaluación de corriente de consumo. • Medición y evaluación del estado de gas de enfriamiento (en caso de contar con válvulas de servicio) • Limpieza en intercambiadores de calor. • Limpieza de compresores. • Revisión, Análisis y diagnostico de la unidad. • Propuestas de solución.  No se incluyen refacciones.",Mantenimiento Clima de Tablero,1.0,6200.0
SO457,2020-04-01,MONDELEZ MEXICO,SERVICIOS FTS,76560.0,"Instalación de 2 cables flexibles de 20 lineas X 22 AWG atravez de ducto. Desde Panel View , hasta tablero electrico. Total: 40 lineas flexiblres. Linea 5 Wrapper.  Incluye: - Cable Flexible 20 X22 AWG MCA. TPCWIRE MOD.SUPER-TREX ( Cable demo: https://youtu.be/cWnfuQQr17k )  -  Ruteo de cables dentro de Panel View. - Canalización de cable a travez de 15 metros de ducto. - Corte/perforaciónes necesarias - Personal con Certificados DC3 para trabajos: Electricos, Alturas y Uso de plataformas. - Personal de Seguridad y Supervisión de obra.",Instalación de Cable Ethernet,1.0,66000.0
SO454,2020-04-01,MONDELEZ MEXICO,SERVICIOS FTS,59995.2,"Instalación de Cableado Ethernet y tubería conduit  desde tablero de comunicación ""ZE"" (Zone Enclosure)  al tablero de Maquinado L8  Incluye:  - Instalación y suministro de Tuberia Conduit pared gruesa y hardware por 52 metros. - Canalización de cable a travez de 52 metros de tubería. - Incluye Cable Ethernet CAT5E  MCA. Panduit. o Leviton - Incluye conectores ponchados en ambos extremos - Plataforma Articulada para maniobras - Corte/perforación de vigas de acero para paso aereo. - Personal con Certificados DC3 para trabajos: Electricos, Alturas y Uso de plataformas. - Personal de Seguridad y Supervisión de obra.  - Cables , adaptadores Y sillas para sistema de Comunicación CCN",Instalación de Cable Ethernet,1.0,51720.0
SO428,2020-04-01,MONDELEZ MEXICO,SERVICIOS FTS,14616.0,"Cambio de enchaquetado 2 metros  lineal de 6 pulgadas, 6 codos de 6 pulgadas y  pintura a la base de la amasadora de línea 1","Cambio de enchaquetado 2 metros  lineal de 6 pulgadas, 6 codos de 6 pulgadas y  pintura a la base de la amasadora de línea 1",1.0,12600.0
SO405,2020-04-01,MONDELEZ MEXICO,SERVICIOS FTS,35000.0,Enchaquetado de toda la tuberia de agua fria del espiral de linea 1  Incluye : - Reparacion de el enchaquetado - valvulas 15 -Codos de 90 grados -Codos de 45 grados - Ducteria lineal 25 metros,REPARACION DE TUBERIA Y SUMINISTRO DE MANOMETRO Y VACUOMETRO PARA HORNOS DE LINEA 1,1.0,30172.41
SO359,2020-04-01,MONDELEZ MEXICO,SERVICIOS FTS,13920.0,REPARACIÓN DE TUBERIA DE TURBINA DE ZONA 3 DE HORNO,REPARACION DE TUBERIA Y SUMINISTRO DE MANOMETRO Y VACUOMETRO PARA HORNOS DE LINEA 1,1.0,12000.0
SO511,2020-03-30,OXXO SA de CV,SERVICIOS FTS,13104.99,KIT PROTECTOR FACIAL,Equipo de proteccion personal,8.0,1489.36
SO511,2020-03-30,OXXO SA de CV,SERVICIOS FTS,13104.99,OVEROL DESECH CONTRA LIQ. GRANDE,Equipo de proteccion personal,75.0,3675.0
SO511,2020-03-30,OXXO SA de CV,SERVICIOS FTS,13104.99,RESPIRADOR 1 FILTRO,Equipo de proteccion personal,8.0,2450.0
SO511,2020-03-30,OXXO SA de CV,SERVICIOS FTS,13104.99,FILTRO 05 VPOER ORG Y DISOLV,Equipo de proteccion personal,8.0,1183.04
SO511,2020-03-30,OXXO SA de CV,SERVICIOS FTS,13104.99,"Guante Industrial Resistente a Quimicos , Material Latex de caucho Natural /Neopreno Grosor 27 mil,Fibra de lana /Algodon",Equipo de proteccion personal,16.0,2500.0
SO507,2020-03-30,OXXO SA de CV,SERVICIOS FTS,49694.4,"Curso de Trabajos en Alturas   Duración:8 horas.  Incluye : Certificado DC3 ante la STPS.  Contenido: • Accidentes más comunes en trabajos en alturas. • Teoría de la fuerza de gravedad: segunda ley de newton. • Comportamiento del cuerpo ante una caída libre. • Sistemas de protección. • Barandales. • Puntos de anclaje. • Líneas guía. • Líneas de vida con amortiguador. • Cinturones. • Nudos, agarrasoga, punto fijo, línea retráctil. • Escaleras. • Andamios.",Curso de Trabajos en Alturas,12.0,42840.0
SO483,2020-03-30,MONDELEZ MEXICO,SERVICIOS FTS,32016.0,Mantenimiento a Manejadora de Aire Cortadora L1 Incluye:  - Limpieza de serpentines con Agua a presión. - Toma de temperaturas con camara termografica. - Limpieza de charola de condensado de la manejadora. - Limpieza de equipo en General. - Revision de condiciones de motor electrico y banda. -Analisis completo de la Unidad.   No incluye:  - Refacciones,Mantenimiento a Manejadora de Aire Corta,1.0,27600.0
SO506,2020-03-27,MONDELEZ MEXICO,SERVICIOS FTS,6500.64,Aspiradora con herramienta  inalámbrica de 18V M18 18-Volt 2 Gal. Vacío húmedo/seco inalámbrico de iones de litio con batería gratuita M18 3.0 Ah,Aspiradora con porta herramienta  inalámbrica,1.0,5604.0
SO484,2020-03-25,MONDELEZ MEXICO,SERVICIOS FTS,10312.4,ASPIRADORA / SOPLADORA PARA LIMPIEZA A EQUIPO ELECTRÓNICO. CUENTA CON MOTOR DE 1.7HP Y ACCESORIOS PARA MICROLIMPIEZA MARCA METRO MODELO DATA-VAC/3 PRO MDV-3BA,ASPIRADORA / SOPLADORA PARA LIMPIEZA A EQUIPO ELECTRÓNICO. CUENTA CON MOTOR DE 1.7HP Y ACCESORIOS PARA MICROLIMPIEZA MARCA METRO MODELO DATA-VAC/3 PRO MDV-3BA,1.0,8890.0
SO477,2020-03-20,MONDELEZ MEXICO,SERVICIOS FTS,1368800.0,"Integración Electrica/Mecanica y Control de : - Conveyor Actual  - Conveyor de Nuevo de Axxis - Canelador/Salador (Topper)  CONCEPTOS GENERALES INCLUÍDOS: - Todos las Adecuaciones Mecanicas , Electricas y de control. para hacer ambos conveyors Móviles y que sean compatibles entre ellos para que el operador pueda hacer uso de cualquiera de los 2 transportadores.  - Maniobras para instalación de ambos transportadores - Coordinación y ejecución de arranque de maquina con ingeniero de Axxis Automation.   Detalles técnicos incluídos:  * CONVEYOR NUEVO AXXIS AUTOMATION - Todas las Adecuaciones de corte y soldadura necesarias para Integrar el nuevo Conveyor dentro del sistema actual de transportadores. - Placas de Acero Inoxidable en ambos extremos para posicionamiento y anclaje de Transportador. - Placas y soporte para Conectores rápidos para conexiones electricas de fuerza y control. - Integración Electrica con Tablero existente para Dispositivos de fuerza y control. - Integración y programación de PLC y PanelView para integración de nuevo Conveyor. - Instalación, Maniobras de posicionamiento de transportadores en el area de trabajo en  planta Monterrey. - Coordinación y ejecucion de arranque con Ingeniero de campo de Axxis Automation.  * CONVEYOR ACTUAL MONDELEZ INTERNATIONAL  - Todas las Adecuaciones de corte y soldadura necesarias para Integrar el conveyor existente  al sistema del conveyor nuevo. - Todas las adecuacioens mecanicas , electricas y de control para convertir el conveyor nuevo en un transportador Móvil. - Instalación  y suministro de conexiones rapidas para control y fuerza dee dispositivos electricos. - Placas de Acero Inoxidable en ambos extremos para posicionamiento y anclaje de Transportador. - Soportes /Patas de acero inoxidable para soportar conveyor siguiente de la linea de proiducción para asegurar estabilidad del mismo. - Placas y soporte para Conectores rápidos para conexiones electricas de fuerza y control. - Modificación de Base de transportador para instalación y suministro de ruedas giratorias para vonversion  a transportador Móvi. - Instalación, Maniobras de posicionamiento de transportadores en el area de trabajo en  planta Monterrey.  - Puesta en Marcha de conveyor actual con funcionalidad Móvil.  * CANELADOR/SALADOR -  Suministro e integración de estructura en acero al Carbón para Sostener/Suspender el canelador en la posición actual. Estructura contará con  6 soportes verticales , 4 columnas principales y 4 Vigas transversales. -  Estructura contará con pintura horneada y certificado. -  Todas las Adecuaciones de corte y soldadura necesarias para Integrar el canelador/Salador con el nuevo sistema de Transportadores móviles. -  Todas las adecuacioens mecanicas , electricas y de control para Integrar el canelador/Salador con el sistema de transportadores móviles.  * REQUERIMIENTO GENERAL DE CONVEYOR NUEVO - Se pretende contar con todo el equipo de control necesario  en el conveyor nuevo de Axxis para realizar la integración, tales como Point IO , Relays, PLC , Junction boxers, Modulos y accesorios de control principales para realizar la integración (Esto se validará en el assesment de MKE y en previa llamada con Axxis). - El equipo contará con sus conectores rápidos Macho y Hembra para las conexiones rapidas de tipo Plug para los equipos y dispositivos electricos. - El equipo cuenta con las dimensiones necesarias para ser integrado a la linea de priducción acttual (Ancho y altura)  * INGENIERIA - Se incluye actualización y generación de  Ingenierias de sistemas y modificaciones elcectricas, Control y partes mecanicas añadidas. - Se incluyen las horas de programación necesarias para que ambos equipos esten funcionales acorde a los requerimientos solicitados. - Se incluye listado de refacciones.",Integración Electrica/Mecanica y Control de :,1.0,1180000.0
SO448,2020-03-20,"MONDELEZ MEXICO, Concepción Rodríguez",SERVICIOS FTS,7192.0,"Mantenimiento y Diagnóstico AC UNIT L1 Empaque (Cortadora Ultrasonica) Servicio de mantenimiento y diagnóstico a equipo de refrigeración para tablero de control:  • Desinfección de evaporador. • Limpieza de filtros. • Medición y evaluación de corriente de consumo. • Medición y evaluación del estado de gas de enfriamiento (en caso de contar con válvulas de servicio) • Limpieza en intercambiadores de calor. • Limpieza de compresores. • Revisión, Análisis y diagnostico de la unidad. • Propuestas de solución.  No se incluyen refacciones.",Mantenimiento Clima de Tablero,1.0,6200.0
SO181,2020-03-20,MONDELEZ MEXICO,SERVICIOS FTS,159921.08,"CYM-3385 - 2019 Capacitación  Incluye:  - Curso de capacitación METROLOGÍA BÁSICA Y BUENAS PRACTICAS EN EL LABORATORIO. - Curso de capacitación METROLOGÍA DE MASA - Curso de capacutación METROLOGÍA DE TEMPERATURA Y HUMEDAD - Curso de capacitación MSA 4TA EDICIÓN - Curso de capacitación REQUISITOS DE LA NORMA ISO-IEC-17025:2017 - Viaticos para 5 cursos en la ciudad de Salinas, NL.",CYM-3385 - 2019 Capacitación,1.0,137863.0
SO472,2020-03-19,MONDELEZ MEXICO,SERVICIOS FTS,367221.0,CANVAS CARGO PANTALON ARC RESISTANT  - Número de pieza: CAT FLAME-RESISTANT  - Necesita por fecha: 31/01/2020,CANVAS CARGO PANTALON ARC RESISTANT,46.0,125049.62
SO472,2020-03-19,MONDELEZ MEXICO,SERVICIOS FTS,367221.0,"CAMISOLA ARC FLASH RATED MARCA: BULWARKFabric Westex Ultrasoft® Flame-resistant, 7 oz. (235 g/m²) 88% Cotton / 12%  - Número de pieza: CAT FLAME-RESISTANT  - Necesita por fecha: 31/01/2020","CAMISOLA ARC FLASH RATED MARCA: BULWARKFabric Westex Ultrasoft® Flame-resistant, 7 oz. (235 g/m²) 88% Cotton / 12% NylonAdditional Information:Concealed-Gripper Pocketless Shirt features: Arc rating: 8.6 cal/cm²",50.0,92977.5
SO472,2020-03-19,MONDELEZ MEXICO,SERVICIOS FTS,367221.0,ZAPATO INDUSTRIAL CARHART RUGGED FLEX® 6-INCH  - Número de pieza: ZAPATO INDUSTRIAL CARHART  - Necesita por fecha: 31/01/2020,ZAPATO INDUSTRIAL CARHART Oxford negro ligero SteelToe CMO3251.,21.0,98542.71
SO432,2020-03-19,"MONDELEZ MEXICO, Concepción Rodríguez",SERVICIOS FTS,6960.0,Servicio de reparacion de Tee Conduit para Desconectador Menekes Trabajo consiste en :  Retirar cableado de Desconectador menekes Reparar tee conduit  Volver a meter el cable y conectarlo.,Servicio de reparacion de Tee Conduit para Desconectador Menekes,1.0,6000.0
SO475,2020-03-18,MONDELEZ MEXICO,SERVICIOS FTS,7192.0,"Mantenimiento y Diagnóstico AC UNIT L1 Maquinado  Servicio de mantenimiento y diagnóstico a equipo de refrigeración para tablero de control:  • Desinfección de evaporador. • Limpieza de filtros. • Medición y evaluación de corriente de consumo. • Medición y evaluación del estado de gas de enfriamiento (en caso de contar con válvulas de servicio) • Limpieza en intercambiadores de calor. • Limpieza de compresores. • Revisión, Análisis y diagnostico de la unidad. • Propuestas de solución.  No se incluyen refacciones.",Mantenimiento Clima de Tablero,1.0,6200.0
SO466,2020-03-18,MONDELEZ MEXICO,SERVICIOS FTS,51399.6,"Main PCB Control board Inverter  MULTIVOLTAJE (110,240,480 VCA) - Para equipo Rittal Mod. Ser. 5525",Main PCB Control board Inverter - Para equipo Rittal Mod. Ser. 9905,1.0,44310.0
SO441,2020-03-18,MONDELEZ MEXICO,SERVICIOS FTS,5684.0,SCHNEIDER CB EXTENDED STANDARD ROTARY HANDLE,SCHNEIDER CB EXTENDED STANDARD ROTARY HANDLE,1.0,4900.0
SO425,2020-03-18,MONDELEZ MEXICO,SERVICIOS FTS,54520.0,"Servicio de Reparación de Clima Rittal Horno L13 Incluye:  - Compresor Tecumseh , 460/3/60, R134a, Rittal - Filtro secador para Gas134a - Carga de gas refrigerante - Soldadura de plata 5% para cambio de componentes - Instalacion y suministro de valvulas de servicio. - Limpieza de circuito con carga de nitrogeno. - Mano de obra y todos los consumibles necesarios para la reparación",Servicio de Reparación de Clima Rittal Horno L13,1.0,47000.0
SO427,2020-03-12,MONDELEZ MEXICO,SERVICIOS FTS,9338.0,1 Tapa de 6 pulgadas con 2 metros de enchaquetado lineal  Más enchaquetado de un codo de 6 pulgadas en amases de la línea 2,ENCHAQUETADO AMASES LÍNEA 2AUDITORIA,1.0,8050.0
SO468,2020-03-05,Quezar SA de CV,SERVICIOS FTS,166304.05,Deshumidificador área de Silos 50%,SERVICIO DE INTEGRACIÓN DE RESISTENCIAS DE 9000 WATTS para Deshumidificadores en MDLZ Planta MTY,1.0,143365.56
SO435,2020-03-04,"MONDELEZ MEXICO, Concepción Rodríguez",SERVICIOS FTS,7192.0,"Mantenimiento y Diagnóstico Rittal L7 Maquinado Servicio de mantenimiento y diagnóstico a equipo de refrigeración para tablero de control:  • Desinfección de evaporador. • Limpieza de filtros. • Medición y evaluación de corriente de consumo. • Medición y evaluación del estado de gas de enfriamiento (en caso de contar con válvulas de servicio) • Limpieza en intercambiadores de calor. • Limpieza de compresores. • Revisión, Análisis y diagnostico de la unidad. • Propuestas de solución.  No se incluyen refacciones.",Mantenimiento Clima de Tablero,1.0,6200.0
SO462,2020-03-02,MONDELEZ MEXICO,SERVICIOS FTS,14326.0,Servicio de llenado de niveles de aceite y gas tunel de enfriamiento Zona 1 Línea 8,Servicio de llenado de niveles de aceite y gas tunel de enfriamiento Zona 1 Línea 8,1.0,12350.0
SO451,2020-03-02,MONDELEZ MEXICO,SERVICIOS FTS,3480.0,Instalacion de pantalla de monitoreo de sistema SCADA  - Base para pantalla - Hardware de instalación  - Personal para realizar instalacion,Servicio de instalación de TV para taller de Mtto.,1.0,3000.0
SO460,2020-02-28,Quezar SA de CV,SERVICIOS FTS,143365.56,Deshumidificador área de Silos 30%,SERVICIO DE INTEGRACIÓN DE RESISTENCIAS DE 9000 WATTS para Deshumidificadores en MDLZ Planta MTY,1.0,123591.0
SO455,2020-02-27,MONDELEZ MEXICO,SERVICIOS FTS,114778.52,"Instalación de 5 Nodos Ethernet y tubería conduit  desde tablero de comunicación ""ZE"" (Zone Enclosure)  al tablero de las 2 Maquinas Dobboy en Empaque L8, Al tablero principal de Piernas de L8 y al tablero secundario de Empaque L8.  Incluye:  - Instalación y suministro de Tuberia Conduit pared gruesa y hardware por 119 metros. - Canalización de cable a travez de 119 metros de tubería. Conduit - Incluye Cable Ethernet CAT5E  MCA. Panduit o Belden. por 250 metros Totales - Incluye conectores ponchados en ambos extremos - Plataforma Articulada para maniobras - Corte/perforación de vigas de acero para paso aereo. - Personal con Certificados DC3 para trabajos: Electricos, Alturas y Uso de plataformas. - Personal de Seguridad y Supervisión de obra.",Instalación de Cable Ethernet,1.0,98947.0
SO418,2020-02-21,MONDELEZ MEXICO,SERVICIOS FTS,75980.0,"Mantenimiento y Diagnóstico Cosmotec Servicio de mantenimiento y diagnóstico a equipo de refrigeración para tablero de control:  Incluye : • Desmontaje y montaje de equipo. • Limoieza de evaporador. • Limpieza de filtros. • Medición y evaluación de corriente de consumo. De motores y compresor  • Limpieza de motores eléctricos. • Limpieza de manguera y depósito de condensado.  • Limpieza en intercambiadores de calor. • Limpieza exterior de compresores. • Revisión, Análisis y diagnostico de la unidad. • Reapriete de tortillería de caja eléctrica de conexiones. • Propuestas de solución.  No se incluyen refacciones. No inciyle lo siguiente : - Revision de presostato ya que se encuentra soldado. - Revision de presiones de gas ya que no cuentan con válvulas de servicio. - No se contempla abir el circuito de refrigeración",Mantenimiento Clima de Tablero,10.0,65500.0
SO392,2020-02-21,MONDELEZ MEXICO,SERVICIOS FTS,856660.0,"SERVICIO DE INSTALACION Y SUMINISTRO ELECTRICO PARA EQUIPO HEATER Incluye:  - Instalación electrica contemplada desde Subestación #2. MDLZ MTY- PLANT. - 180 metros de tubería conduit de 2"" pared Gruesa. - 180 metros de cable 2/0 , 4 hilos . 3 phases y puesta a tierra. - Transformador seco 480VCA a 240VCA - 112 kva. - Tablero de distribución electrica para Maquina Heater con Circuit Breakers independientes de 250 Amp. - PowerPack para tablero de distribución en subestación. 300 AMPS. - Equipo de elevación necesario para hacer maniobras. - Mano de obra y soporte tecnico para instalación. - Personal certidicado con DC3. - Supervisor de campo y supervisor de seguridad en Sitio.",SERVICIO DE INSTALACION Y SUMINISTRO ELECTRICO PARA EQUIPO HEATER,1.0,738500.0
SO449,2020-02-20,MONDELEZ MEXICO,SERVICIOS FTS,4930.0,"Mantenimiento y Diagnóstico Rital Servicio de mantenimiento y diagnóstico a equipo de refrigeración para tablero de control:  Incluye : • Desmontaje y montaje de equipo. • Limoieza de evaporador. • Limpieza de filtros. • Medición y evaluación de corriente de consumo. De motores y compresor  • Limpieza de motores eléctricos. • Limpieza de manguera y depósito de condensado.  • Limpieza en intercambiadores de calor. • Limpieza exterior de compresores. • Revisión, Análisis y diagnostico de la unidad. • Reapriete de tortillería de caja eléctrica de conexiones. • Propuestas de solución. -  Revision de presiones de gas ya que no cuentan con válvulas de servicio. - No se contempla abir el circuito de refrigeración",Mantenimiento Clima de Tablero,1.0,4250.0
SO416,2020-02-20,MONDELEZ MEXICO,SERVICIOS FTS,52200.0,"Servicio de recubrimiento y enchaquetado de tuberia de agua caliente con un expresor de 2 pulgadas de diametro, en el area de tanques 14 valvulas, 12 metros lineales y 12 reducciones.","Servicio de recubrimiento y enchaquetado de tuberia de agua caliente con un expresor de 2 pulgadas de diametro, en el area de tanques 14 valvulas, 12 metros lineales y 12 reducciones.",1.0,45000.0
SO408,2020-02-20,MONDELEZ MEXICO,SERVICIOS FTS,38000.0,Enchaquetado de toda la tuberia de agua fria del espiral de linea 2  Incluye : - Reparacion de el enchaquetado - valvulas 15 -Codos de 90 grados -Codos de 45 grados - Ducteria lineal 25 metros,REPARACION DE TUBERIA Y SUMINISTRO DE MANOMETRO Y VACUOMETRO PARA HORNOS DE LINEA 1,1.0,32758.62
SO373,2020-02-20,MONDELEZ MEXICO,SERVICIOS FTS,38447.04,Servicio de Suministro y fabricación de Cerrojos para tablero Incluye:  - (16) Cam lock made entirely from stainless steel 1.4404 MCA. RITTAL (AISI 316L) (2 cerrojos por cada puerta) - (16) Placas maquinadas para Cerrojo. -(8) Instalación y suministro de gasket para puertas - Instalación; Incluye perforación e instalación de placas y cerrojos. -,Servicio de Suministro y fabricación de Cerrojos para tablero,1.0,33144.0
SO446,2020-02-19,JUAN DE LA CRUZ MALDONADO,SERVICIOS FTS,20810.01,Servicio de Mantenimiento Anual Aire Acondicionado CEDIS OXXO,Servicio de Mantenimiento Anual Aire Acondicionado CEDIS OXXO,1.0,17939.66
SO445,2020-02-19,JUAN DE LA CRUZ MALDONADO,SERVICIOS FTS,74794.0,Servicio de Mantenimiento Anual Aire Acondicionado CEDIS OXXO,Servicio de Mantenimiento Anual Aire Acondicionado CEDIS OXXO,1.0,64477.59
SO444,2020-02-19,JUAN DE LA CRUZ MALDONADO,SERVICIOS FTS,16796.0,Servicio de Mantenimiento Anual Aire Acondicionado CEDIS OXXO,Servicio de Mantenimiento Anual Aire Acondicionado CEDIS OXXO,1.0,14479.31
SO443,2020-02-19,JUAN DE LA CRUZ MALDONADO,SERVICIOS FTS,136416.0,Servicio de Mantenimiento Anual Aire Acondicionado CEDIS OXXO,Servicio de Mantenimiento Anual Aire Acondicionado CEDIS OXXO,1.0,117600.0
SO421,2020-02-17,MONDELEZ MEXICO,SERVICIOS FTS,4930.0,"Mantenimiento y Diagnóstico Rital Servicio de mantenimiento y diagnóstico a equipo de refrigeración para tablero de control:  Incluye : • Desmontaje y montaje de equipo. • Limoieza de evaporador. • Limpieza de filtros. • Medición y evaluación de corriente de consumo. De motores y compresor  • Limpieza de motores eléctricos. • Limpieza de manguera y depósito de condensado.  • Limpieza en intercambiadores de calor. • Limpieza exterior de compresores. • Revisión, Análisis y diagnostico de la unidad. • Reapriete de tortillería de caja eléctrica de conexiones. • Propuestas de solución. -  Revision de presiones de gas ya que no cuentan con válvulas de servicio. - No se contempla abir el circuito de refrigeración",Mantenimiento Clima de Tablero,1.0,4250.0
SO218,2020-02-17,MONDELEZ MEXICO,SERVICIOS FTS,3712.0,Servicio de reparación Clima Rittal Empacadora L8  Incluye:  • Instalación de valvulas de servicio •  Instalación de filtro deshidratador • Carga de gas refrigerante.,Mantenimiento a Clima Rittal,1.0,3200.0
SO206,2020-02-16,MONDELEZ MEXICO,SERVICIOS FTS,71132.36,AC 2400 BTU 115V 60HZ TYPE12 STEEL SIDEMTG; BLUE ECOMFORT CONTR; 11X21.7X7.9 MOD. 3303510,AC 2400 BTU 115V 60HZ TYPE12 STEEL SIDEMTG; BLUE ECOMFORT CONTR; 11X21.7X7.9,1.0,48590.0
SO206,2020-02-16,MONDELEZ MEXICO,SERVICIOS FTS,71132.36,Electric condensate evaporator  MCA Rittal 3301500 with Hose Tube,Resistencia para ocndensado Rittal 3303510,1.0,9731.0
SO206,2020-02-16,MONDELEZ MEXICO,SERVICIOS FTS,71132.36,"Instalación y corte de Acero inoxidable en tablero, para montaje de  Clima Rittal en tablero rociadora L9",Instalación y corte de Acero inoxidable Clima rociadora L9,1.0,3000.0
SO170,2020-02-16,MONDELEZ MEXICO,SERVICIOS FTS,19720.0,"Servicio de mantenimiento preventivo y diagnóstico a equipo de refrigeración para tablero de control:  • Desinfección de evaporador. • Limpieza de filtros. • Medición y evaluación de corriente de consumo. • Medición y evaluación del estado de gas de enfriamiento (en caso de contar con válvulas de servicio) • Limpieza en intercambiadores de calor. • Limpieza de compresores. • Revisión, Análisis y diagnostico de la unidad. • Propuestas de solución.  No se incluyen refacciones.",Mantenimiento Clima de Tablero,4.0,17000.0
SO139,2020-02-16,MONDELEZ MEXICO,SERVICIOS FTS,11321.6,Reparación Equipo Rittal Horno L1  Incluye : - Suministro y Cambio de Valvula de Expansión - Suministro y cambio de Filtro Deshidratador - Carga completa de Gas refrigerante R134A - Nitrógeno para limpieza de impuresas y revisión de fugas. - Solodadura y materiales. - Puesta en marcha de equipo.,Reparación Equipo Rittal Horno L1,1.0,9760.0
SO117,2020-02-16,MONDELEZ MEXICO,SERVICIOS FTS,3899.92,Rodamiento 6205 SKF,Rodamiento 6205 SKF,4.0,2412.0
SO117,2020-02-16,MONDELEZ MEXICO,SERVICIOS FTS,3899.92,Flete express Centro MTY- SALINAS,Transportación,1.0,950.0
SO111,2020-02-15,MONDELEZ MEXICO,SERVICIOS FTS,2020.72,Servicio de reparación de Clima de Tablero de Roceadora L9.  Incluye: - Capacitor de arranque 22MF - Protección termica para compresor - Valvula pivote de servicio,Servicio de reparación de Clima de Table,1.0,1742.0
SO420,2020-02-07,MONDELEZ MEXICO,SERVICIOS FTS,34544.8,"Laptop Gamer Acer Nitro 5 AN515-52-75J9 15.6"" Full HD, Intel Core i7-8750H 2.20GHz, 8GB, 2TB, NVIDIA GeForce GTX1050, Windows 10 Home 64-bit, Negro/Rojo","Laptop Gamer Acer Nitro 5 AN515-52-75J9 15.6"" Full HD, Intel Core i7-8750H 2.20GHz, 8GB, 2TB, NVIDIA GeForce GTX1050, Windows 10 Home 64-bit, Negro/Rojo",1.0,29780.0
SO415,2020-02-05,Daniel Cuateta,SERVICIOS FTS,145354.96,TopTherm wall-mounted cooling unit Blue e Total cooling output 1.61KW VCA 460 - 60HZ,TopTherm wall-mounted cooling unit Blue e Total cooling output 1.61KW VCA 460 - 60HZ,1.0,119306.0
SO415,2020-02-05,Daniel Cuateta,SERVICIOS FTS,145354.96,Servicio de instalación y adaptación de equipo de climatización para tablero electrico Incluye :  - Corte en gabinete para adaptación de equipo - Instalación de equipo por personal calificado por RITTAL de México.,Servicio de instalación y adaptación de equipo de climatización para tablero electrico,1.0,6000.0
SO413,2020-02-05,"MONDELEZ MEXICO, Jose Luis Leura",SERVICIOS FTS,15660.0,Modificación de guías para conveyor y Soldadura de argon para Modificación en empaque L9,Modificación de guías para conveyor y Soldadura de argon para Modificación en empaque L9,1.0,13500.0
SO412,2020-02-05,MONDELEZ MEXICO,SERVICIOS FTS,204972.0,"(1 Mes ) Ing. Supervisor de Automatización  Habilidades: - Experiencia tecnica en Automatización - Dominio de marca Allen Bradley - Seguimiento a Proyectos. - Capacidad administrativa. - Trabajo en equipo - Experiencia en Creación de permisos y Documentación de Seguridad para trabajos en Mondelez. - Certificados DC3 en : Trabajos Electricos , LOTO, ARC FLASH.",Supervisor Automatización,3.0,176700.0
SO411,2020-02-05,MONDELEZ MEXICO,SERVICIOS FTS,9164.0,Suministro de Material de comunicación Incluye:  - Suministro y fabricación de cable Ethernet CAT 6 y ponchaddo de conectores L11 area Amases - Suministro y fabricación de cable Ethernet CAT 6 y ponchaddo de conectores L11 area sandwichera - Suministro de adaptador USB a RS485 - Servicio de Empatado de cables de control con estaño y thermofit,Suministro de Material de comunicación,1.0,7900.0
SO404,2020-02-05,OXXO SA de CV,SERVICIOS FTS,50449.56,Rodillos Motrices Itho Denki  Rodillo Motriz Itho Denki   CAT NO. PM486FE-60-487-D-024-JQ-P2,Rodillos Motrices Itho Denki,3.0,43491.0
SO391,2020-02-05,OXXO SA de CV,SERVICIOS FTS,2603.04,1 día de Tiempo extra (1 persona) de Areas Generales Nota: - 1 persona - Se contempla una jonada laboral de 8 horas.,1 día de Tiempo extra (1 persona) de Areas Generales,1.0,1844.0
SO391,2020-02-05,OXXO SA de CV,SERVICIOS FTS,2603.04,Servicio de Taxi,Servicio de Taxi,1.0,400.0
SO390,2020-02-05,MONDELEZ MEXICO,SERVICIOS FTS,335309.6,"Servicio de Integración de Resistencias de 9000 WATTS para Deshumidificadores en MDLZ Planta MTY  Incluído en la integración: - 6 Resistencias - Contacores, guardamotor y Circuit Breaker para 2 Deshumidificadores",SERVICIO DE INTEGRACIÓN DE RESISTENCIAS DE 9000 WATTS para Deshumidificadores en MDLZ Planta MTY,1.0,289060.0
SO387,2020-02-05,"Rockwell Automation, Alejandro Mendoza",SERVICIOS FTS,0,Servicio de Segurista en sitio (1 día)  Incluye: - Preparar formatos 1 día antes de actividad.  - Realizar SAP (Safety Action Plan ) y evaluación de riesgos - Acompañar al personal en sus actividades  - Segurista certificado ante la STPS y habilitado para ejercer en Mondelez international.,"Description  21025-07 Servicios de Supervisión   - Comments: Servicios de supervision de ingenieria para el proyecto 21G- Repack - Tailor, planta Mondelez Monterrey (G) Folio:2d92ab19-5f4e-4454-9a42-eaa4dbeas1aa",3.0,0
SO381,2020-02-05,MONDELEZ MEXICO,SERVICIOS FTS,129920.0,"1 Mes de Renta de : 2 Chillers . CAP: 5 TON ,MCA. Clima-Flex , con Bomba 1/2 hp.Type: Descarga Vertical","1 Mes de Renta de : 2 Chillers . CAP: 5 TON ,MCA. Clima-Flex , con Bomba 1/2 hp.Type: Descarga Vertical",2.0,112000.0
SO380,2020-02-05,MONDELEZ MEXICO,SERVICIOS FTS,955770.4,"Servicio de Instalación y puesta en Marcha de deshumidificador en area de Silos Incluye:  - Instalación Mecanica y Suministro de personal tecnico para maniobras. - Instalación y suministro de agua Helada con conexión de 2"" a chiller de renta, tubería Galvanizada con enchaquetado exterior de 2.5"". - Instalación y suministro de ducto de acero inoxidable de 6"" de diametro con conección ""Yee"" para 2 tomas de Aire. (Incluye valvulas de mariposa para control de flujo de aire). - Instalación y suministro de drenaje para condensados debajo de estación de enfriamiento de deshumidificador. - Instalación y suministro de  Resistencia y estructura  220VCA , 6KW para secado de aire. - Instalación electrica de poder , desde Tablero de distribución indicado por CBRE , hasta tablero de Control y fuerza de Deshumidificador. y hardware necesario (Incluye equipo de elevación). - Instalación electrica y control de Deshumidificador. Incluye: Instalación y programación de programador logico de temperatura, con 2 salidas a Relé y 2 entradas anaogicas para control de temperaturas. Incluye: Accesorios de control necesarios dentro de gabinete. - Arranque, sintonización y puesta en marcha de equipos",Servicio de Instalación y pusta en Marcha de deshumidificador en area de Silos,2.0,823940.0
SO379,2020-02-05,MONDELEZ MEXICO,SERVICIOS FTS,19720.0,"Mantenimiento y Diagnóstico Rittal Servicio de mantenimiento y diagnóstico a equipo de refrigeración para tablero de control:  • Desinfección de evaporador. • Limpieza de filtros. • Medición y evaluación de corriente de consumo. • Medición y evaluación del estado de gas de enfriamiento (en caso de contar con válvulas de servicio) • Limpieza en intercambiadores de calor. • Limpieza de compresores. • Revisión, Análisis y diagnostico de la unidad. • Propuestas de solución.  No se incluyen refacciones.",Mantenimiento Clima de Tablero,4.0,17000.0
SO376,2020-02-05,"Munters de Mexico S de R.L. de C.V., Alfonso Gamez",SERVICIOS FTS,3712.0,Día de renta:  KIT EPP ARC RATED CAT2 PARA 1 PERSONA EN MONDELEZ,Día de renta:  EPP ARC RATED CAT2 MONDELEZ,2.0,3200.0
SO352,2020-02-05,MONDELEZ MEXICO,SERVICIOS FTS,22272.0,"Servicio de calibración a medidor de flujoMarca: Endress+Hauser, Modelo: Promag 10Incluye: Diagnóstico, Arranque, montaje y desmontaje del equipo","Servicio de calibración a medidor de flujoMarca: Endress+Hauser, Modelo: Promag 10Incluye: Diagnóstico, Arranque, montaje y desmontaje del equipo",1.0,19200.0
SO362,2019-12-16,MONDELEZ MEXICO,SERVICIOS FTS,16008.0,"Servicio de Instalación de Cable de red, desde Modulo ZE- Hasta Tablero electrico de Horno L9  Incluye:  - (1) Renta de equipo de Elevación - (1) Suministro de 15 metros de cable de Red CAT6 Con conectores en extremos - (1) Ruteo de Cable de red por tubería conduit existente. - (1) Personal Tecnico para instalación de cable de red.",Servicio de Instalación de TVs en Red - C5,1.0,13800.0
SO361,2019-12-16,MONDELEZ MEXICO,SERVICIOS FTS,186765.08,"Servicio de Instalación de TVs en Red - C5 Incluye:  - (2) TVs 65 "" (LG - LED 4K UHD TV AI ThinQ 4K SMART TV) - (2) Soportes para TV Con posición ajustable. - (1) UPS No-break MCA. APC 110VCA. - (2) Desktop HP 260 G3 Mini, Procesador Intel Core i3 7130U (2.70 GHz), Memoria de 4GB DDR4, Disco Duro de 1TB, Video HD Graphics 620, Unidad Óptica No Incluida, S.O. Windows 10 Pro (64 Bits) - (2) Instalación y suministro de herrajes y estructura metalica dentro de Tablaroca para montaje de bases de TV´s. - (1) Suministro de Gabinete de control para Instalación de PCs , Switches y UPS´s. - (1) Suministro e instalación de cables de Red para PC´s. - (1) Instalación de Switch y Fuente de 24VDC. - (1) Suministro e instalación de herrajes y cableado electrico dentro de Gabinete. - (1) Puesta en marcha de TV´S. - (1) Mano de obra Tecnica para instalación y Montaje de componentes. - (1) Puesta en marcha de equipos. - (1) Instalación electrica para TVs, e instalación para modulos USB  frente a Escritorios. - (1) Mueble /Escritorio para control (2 personas).",Servicio de Instalación de TVs en Red - C5,1.0,161004.38
SO289,2019-11-25,MONDELEZ MEXICO,SERVICIOS FTS,3770.0,Diagnostico ACUNIT Rittal L7 Maquinado Incluye: - Desmontar equipo de Tablero - Revisión y diagnostico de AC unit en taller de Mantenimiento - Montaje de equipo en tablero.,Diagnostico ACUNIT Rittal L7 Maquinado,1.0,3250.0
SO346,2019-11-21,"Nalco de Mexico SA. de .CV, Fernando Guzman",SERVICIOS FTS,8537.6,Juego de Guardamotor y OL SCHNEIDER  Modelos : SCHLRD14  Amps 6 a 10,"Juego de Contactor , Guardamotor y OL SCHNEIDER",2.0,7360.0
SO208,2019-08-15,"CBRE GCS, S. de R.L. de C.V., Alejandro Huerta",SERVICIOS FTS,13780.8,Piedra deshidratadora Standard P/Filtro AC UNIT york 50 TON,Piedra deshidratadora Standard P/Filtro AC UNIT,24.0,11880.0
SO203,2019-08-15,"CBRE GCS, S. de R.L. de C.V., Alejandro Huerta",SERVICIOS FTS,2784.0,Carga de Tanque Nitrogeno,Carga de Tanque Nitrogeno,3.0,2400.0
SO202,2019-08-15,"CBRE GCS, S. de R.L. de C.V., Alejandro Huerta",SERVICIOS FTS,8151.32,Horas Extras Semana (15/07/2019  al 20/07/2019) Cuadrilla 4 Tecnicos HVAC y 1 Supervisor MDLZ MTY.  Miercoles 7/17 (1 Hora) Jueves 7/18 (2 horas) Viernes 7/19 (2 horas)  Total: 5 horas,Horas Extras Semana (15/07/2019  al 20/07/2019),1.0,7027.0
SO197,2019-08-15,"CBRE GCS, S. de R.L. de C.V., Alejandro Huerta",SERVICIOS FTS,4060.0,"Contactor W/OL Contactor MCA. Schneider Electric , 30 Amps , 3PHASE, 440VCA, COIL 24VCA, WITH Over Load 30 AMPS",Contactor W/OL,1.0,3500.0
SO196,2019-08-15,"CBRE GCS, S. de R.L. de C.V., Alejandro Huerta",SERVICIOS FTS,2784.0,Carga de Tanque Nitrogeno,Carga de Tanque Nitrogeno,2.0,1600.0
SO196,2019-08-15,"CBRE GCS, S. de R.L. de C.V., Alejandro Huerta",SERVICIOS FTS,2784.0,Carga de Tanque Nitrogeno,Carga de Tanque Nitrogeno,1.0,800.0
SO184,2019-08-15,"CBRE GCS, S. de R.L. de C.V., Alejandro Huerta",SERVICIOS FTS,3620.36,Material Cobre 7/8 CLIMA YORK 50 TON   - (3) Codo Cobre 7/8 X 90 - (3) Cople Cobe 7/8 X 90 - (2) Metro de tubería Cobre 7/8,Material Cobre 7/8 CLIMA YORK 50 TON,1.0,3121.0
SO180,2019-08-15,"CBRE GCS, S. de R.L. de C.V., Alejandro Huerta",SERVICIOS FTS,39771.76,Boya de Gas R-22 13.6 Kg.,Boya de Gas R-22 13.6 Kg.,5.0,24250.0
SO180,2019-08-15,"CBRE GCS, S. de R.L. de C.V., Alejandro Huerta",SERVICIOS FTS,39771.76,Lata Aceite AceMire 150 21L,Lata Aceite AceMire 150 21L,1.0,3016.0
SO180,2019-08-15,"CBRE GCS, S. de R.L. de C.V., Alejandro Huerta",SERVICIOS FTS,39771.76,Boya Agente de limpieza 141B 13kg,Boya de 141B,2.0,7020.0
SO177,2019-08-15,"CBRE GCS, S. de R.L. de C.V., Alejandro Huerta",SERVICIOS FTS,66541.18,Suministro de Material para Unidad YORK 50 TON   - (2) Válvula bola  1-1/2 de Cobre - (4) Válvula bola 7/8 de Cobre - (6) Piedras - (2) Base de Filtros 7/8 - (2) Base de Filtros 1-1/2,Materiales para Aire Acondicionado Empaque Nuevo L2,1.0,44144.1
SO177,2019-08-15,"CBRE GCS, S. de R.L. de C.V., Alejandro Huerta",SERVICIOS FTS,66541.18,Renta de Equipo y Gases  HVAC - (1) Recarga de Tanque de Oxigeno - (5) Recarga de Tanque de Nitrógeno (2 CBRE y 3 FTS) - (5)  Día de Renta / Tanques de Nitrógeno - (5) Día de Renta / Equipo de Soldar Autógena - (1) Día de Renta / Bomba de vacío 9 CFM´s,Renta de Equipo y Gases  HVAC,1.0,13218.98
SO174,2019-08-15,"CBRE GCS, S. de R.L. de C.V., Alejandro Huerta",SERVICIOS FTS,115411.89,Servicio Tecnico HVAC (Mensual)  * Incluye: - Cuadrilla 4 Tecnicos HVAC - 1 Supervisor de Seguridad   * Horario de cobertura: - Lunes a Viernes 8:30 am a 6:30 PM,Servicio 1 Tecnico HVAC (Fin de Semana),1.0,3000.0
SO174,2019-08-15,"CBRE GCS, S. de R.L. de C.V., Alejandro Huerta",SERVICIOS FTS,115411.89,"Renta MENSUAL de herramienta HVAC para cuadrilla  MDLZ MTY  Incluye :  -1 Equipo de Soldar (Oxigeno , Acetileno) Incluye: Regulador , Mangueras, Taque (Mediano) y Maneral - 1 Bomba de vacío 9 CFM´s - 1 Tanque Grande y Regulador de Nitrógeno. - 2 Manometros Yellow Jacket ( 1 R22  y 1 R410) - 2 Multimetros de Gancho - 1 Kit de Expansiones Para tubo. - 1 Bascula para Carga de refrigerante. - 2 Kit de herramienta Manual Básica",Suministro de herramienta HVAC Para cuadrilla  MDLZ MTY,1.0,96493.01
SO173,2019-08-15,"CBRE GCS, S. de R.L. de C.V., Alejandro Huerta",SERVICIOS FTS,48991.44,"Materiales para Aire Acondicionado YORK 50 TON Empaque Nuevo L2 Accesorios:  - 2 filtro deshidratador entrada 3/4 - 2 separador de aceite entradas 1 1/8 - 20 varillas del 5% con fundente  - Boya de agente 141B  Cobre : -  2 reducción de 1 5/8 a 1 1/2 - 20 codos de 1 1/8 - 3 metros tubería de cobre 1/4 , flexible con 4 tuercas - 2 Reducción 1-3/8 a  1 -1/8 - 4 Coples 1-1/2 - 4 Coples 1-1/8 - 5 Codos 1-1/2 -  2 metro de tubería de cobre 1-1/2 - 2 metro de tubería de cobre 1 - 1/8  Eléctrico  - 1 Contactor 30 AMPS 3PHASE MCA SIEMENS - 1 OVER LOAD 30 AMPS 3 PHASE MCA SIEMENS",Materiales para Aire Acondicionado Empaque Nuevo L2,1.0,42234.0
SO171,2019-08-15,"CBRE GCS, S. de R.L. de C.V., Alejandro Huerta",SERVICIOS FTS,45490.56,"Servicio , Cuadrilla 4 Tecnicos HVAC (1 día) (Sabado ó Domingo  8 hrs)",Servicio 1 Tecnico HVAC (Fin de Semana),2.0,25536.0
SO171,2019-08-15,"CBRE GCS, S. de R.L. de C.V., Alejandro Huerta",SERVICIOS FTS,45490.56,"Servicio , Cuadrilla 4 Tecnico s HVAC (1 día) (Lunes a Viernes - 8 hrs)",Servicio 1 Tecnico HVAC (Fin de Semana),1.0,6080.0
SO171,2019-08-15,"CBRE GCS, S. de R.L. de C.V., Alejandro Huerta",SERVICIOS FTS,45490.56,"Servicio, 1 Supervisor de Seguridad  (1 día) (Sabado o Domingo 8 hrs)",Servicio 1 Tecnico HVAC (Fin de Semana),2.0,5600.0
SO171,2019-08-15,"CBRE GCS, S. de R.L. de C.V., Alejandro Huerta",SERVICIOS FTS,45490.56,"Servicio, 1 Supervisor de Seguridad  (1 día) (Lunes a Viernes- 8 hrs)",Servicio 1 Tecnico HVAC (Fin de Semana),1.0,2000.0
SO067,2019-07-26,MONDELEZ MEXICO,SERVICIOS FTS,13296.6,"Mantenimiento a Tablero Eléctrico de tunel de Enfriamiento L6  Incluye : - Cambio de Abanico de Extracción de Calor - Cambio de batería del PLC - Reacomodo de cableado Nivel 1 - Aspirado de tablero y componentes - Limpieza de gabineteexterior e interior - Reapriete de tornillería con torque controlado en base a Workmanship standar de Rockwell Automation. - Reacomodo de cables, canaletas y conecciónes mal ubicadas. - Prueba ""Pull check"" punto por punto",Mantenimiento a Tablero Electrico,1.0,4216.59
SO067,2019-07-26,MONDELEZ MEXICO,SERVICIOS FTS,13296.6,"Integración (4) , y cambio (1) De PowerFlex de Evaporadoras del tunel de enfriamiento L6  Incluye: - Re-Integración  de cableado y programación de Drives e Evaporadora 1 y 3 - Cambio de Drive dañado de Evaporadora #2 - Reintegración en modo remoto de Drive de conveyor (Controlado desde panel View del sistema).",Mantenimiento a Unidad de refrigeración BITZER,1.0,5072.0
SO067,2019-07-26,MONDELEZ MEXICO,SERVICIOS FTS,13296.6,Abanico RITTAL para extracción de calor en tablero ;  Modelo:,Abanico RITTAL Modelo:,1.0,2174.0
SO066,2019-07-26,MONDELEZ MEXICO,SERVICIOS FTS,14305.12,Desmontaje y Maniobra de Compresor # 3 Marca Bitzer -Tunel de enfriamiento L6  Incluye:  -Desmontaje y Maniobra para bajar compresor de Mezzanine - Renta de equipo de elevación,Mantenimiento a Unidad de refrigeración BITZER,1.0,7804.0
SO066,2019-07-26,MONDELEZ MEXICO,SERVICIOS FTS,14305.12,Análisis de compresor semihermetico Marca BITZER en Laboratorio.  Incluye:  - Apertura  y desarmado de Compresor - Revisión de cada una de sus partes - Analisis detallado de condiciones mecanicas y electricas de Compresor -Fotografías y reporte,Mantenimiento a Unidad de refrigeración BITZER,1.0,4528.0
SO065,2019-07-26,MONDELEZ MEXICO,SERVICIOS FTS,17876.76,Mantenimiento  A Unidad de refrigeración # 2 Marca Bitzer -Tunel de enfriamiento L6  Incluye:  -Lavado de serpentines (Evaporadora y Condensadora) -Lavado superficial de componentes en Condensadora y Evaporadora -Lavado de abanicos de condensadora -Lavado de turbinas de evaporadora -Suministro y Mano de Obra para cambio de Filtros de Evaporadora.,Mantenimiento a Unidad de refrigeración BITZER,1.0,6279.0
SO065,2019-07-26,MONDELEZ MEXICO,SERVICIOS FTS,17876.76,Puesta en marcha de Equipo de Refrigeración  Incluye: - Revisión de Unidad una vez encendida - Revisión de parámetros en PLC acorde a parámetros físicos de sensores de temperatura y valvulas solenoides. - Revisión y validación de ciclo completo de refigeración Monitoreando ciclo en PLC.,Mantenimiento a Unidad de refrigeración BITZER,1.0,4226.0
SO065,2019-07-26,MONDELEZ MEXICO,SERVICIOS FTS,17876.76,Renta de equipo de Elevación 1 día  Incluye: - Plataforma - Flete redondo en Planta Mondelez MTY,Renta de plataforma,1.0,4906.0
SO064,2019-07-26,MONDELEZ MEXICO,SERVICIOS FTS,28239.04,Mantenimiento  A Unidad de refrigeración # 1 Marca Bitzer -Tunel de enfriamiento L6  Incluye:  -Lavado de serpentines (Evaporadora y Condensadora) -Lavado superficial de componentes en Condensadora y Evaporadora -Lavado de abanicos de condensadora -Lavado de turbinas de evaporadora -Suministro y Mano de Obra para cambio de Filtros de Evaporadora.,Mantenimiento a Unidad de refrigeración BITZER,1.0,6279.0
SO064,2019-07-26,MONDELEZ MEXICO,SERVICIOS FTS,28239.04,"Lubricación y manteniemitnode a Motor de Ventilador de Unidad Condensadora , Modelo:  LH104/4dc-7-2yd  Incluye: - Desarmado  de Ventilador  por completo - Apertura de motor para mantenimiento",Mantenimiento a Unidad de refrigeración BITZER,1.0,2391.0
SO064,2019-07-26,MONDELEZ MEXICO,SERVICIOS FTS,28239.04,Rellenar niveles de Aceite y Gas refrigerante a Compresor semihermetico. En base a procedimiento especifico para rellenar Aceite y Gas refrigerante a compresores semihermeticos BITZER  Incluye: - Aceite para compresor - Gas Refrigerante 404,Mantenimiento a Unidad de refrigeración BITZER,1.0,11448.0
SO064,2019-07-26,MONDELEZ MEXICO,SERVICIOS FTS,28239.04,Puesta en marcha de Equipo de Refrigeración  Incluye: - Revisión de Unidad una vez encendida - Revisión de parámetros en PLC acorde a parámetros físicos de sensores de temperatura y valvulas solenoides. - Revisión y validación de ciclo completo de refigeración Monitoreando ciclo en PLC.,Mantenimiento a Unidad de refrigeración BITZER,1.0,4226.0
SO167,2019-07-09,"ABINSA SA DE CV, Carlos Rodriguez",SERVICIOS FTS,3886.0,Modificacion y Reparacion de Tubo para condensado de clima Sala de juntas ABSTEEL  Incluye:  - Material PVC Hidraulico 1/2 - Herrajes y adhesivos para tubería PVC - Personal en sitio con certificación DC3.,Reparacion de Tubo para condensado,1.0,3350.0
SO150,2019-07-09,ABINSA SA DE CV,SERVICIOS FTS,12504.8,Mantenimiento a Equipo Multisplit TRANE (Privados Planta Baja RH)  Incluye:  -Lavado de serpentines (Evaporadora y Condensadora) - Lavado de charola y carcasa de Evaporador. - Lavado de estructura y carcasa de condensadora - Limpieza de circuito electrico - Limpieza de Zona de compresores. - Limpieza de Zona de Abanico de condensadora.  - Diagnostico General de la Unidad  - Toma de temperaturas - Arranque de equipo,Mantenimiento 3Ton,1.0,1900.0
SO150,2019-07-09,ABINSA SA DE CV,SERVICIOS FTS,12504.8,Mantenimiento a Unidad Condensadora Trane Vertical (Sala RH Planta Baja)  Incluye:  -Lavado de serpentines (Evaporadora y Condensadora) - Lavado de charola y carcasa de Evaporador. - Lavado de estructura y carcasa de condensadora - Limpieza de circuito electrico - Limpieza de Zona de compresores. - Limpieza de Zona de Abanico de condensadora.  - Diagnostico General de la Unidad  - Toma de temperaturas - Arranque de equipo,Mantenimiento 3Ton,1.0,1900.0
SO150,2019-07-09,ABINSA SA DE CV,SERVICIOS FTS,12504.8,Mantenimiento preventivo a Minisplit TRANE (RH Planta Baja)  Incluye:  -Lavado de serpentines (Evaporadora y Condensadora) - Lavado de charola y carcasa de Evaporador. - Lavado de estructura y carcasa de condensadora - Limpieza de circuito electrico - Limpieza de Zona de compresores. - Limpieza de Zona de Abanico de condensadora.  - Diagnostico General de la Unidad  - Toma de temperaturas - Arranque de equipo  - Cambio de Valvula de servicio (Presenta fuga la actual) - Carga completa de gas refrigerante,Mantenimiento 2Ton,1.0,2980.0
SO150,2019-07-09,ABINSA SA DE CV,SERVICIOS FTS,12504.8,Mantenimiento preventivo a Equipo TRANE  Dividido (Oficina Gerente Planta Alta)  Incluye:  -Lavado de serpentines (Evaporadora y Condensadora) - Lavado de charola y carcasa de Evaporador. - Lavado de estructura y carcasa de condensadora - Limpieza de circuito electrico - Limpieza de Zona de compresores. - Limpieza de Zona de Abanico de condensadora.  - Diagnostico General de la Unidad  - Toma de temperaturas - Arranque de equipo,Mantenimiento 2Ton,1.0,1900.0
SO150,2019-07-09,ABINSA SA DE CV,SERVICIOS FTS,12504.8,Mantenimiento preventivo a Minisplit PRIME (Oficina seguridad Planta Alta)  Incluye:  -Lavado de serpentines (Evaporadora y Condensadora) - Lavado de charola y carcasa de Evaporador. - Lavado de estructura y carcasa de condensadora - Limpieza de circuito electrico - Limpieza de Zona de compresores. - Limpieza de Zona de Abanico de condensadora.  - Diagnostico General de la Unidad  - Toma de temperaturas - Arranque de equipo  - Media Carga de gas refrigerante,Mantenimiento 2Ton,1.0,2100.0
SO133,2019-07-09,"ABINSA SA DE CV, Carlos Rodriguez",SERVICIOS FTS,3340.8,Mantenimiento a Equipo Dividido 2TON Aire acondicionado Mantenimiento a Equipos Aire acondicionado Trane 2 TON - Sala de juntas Producción ABSTEEL  INCLUYE : - Lavado de Serpentines en Condensadora y Evaporadora  - lavado y aspirado de parte eléctrica de equipo - Reapriete de tornillería de circuito eléctrico  - Suministro y Cambio de capacitor  - Suministro y Carga de Gas refrigerante R-22 - Pruebas para puesta en Marcha de equipo y pruebas de arranque,Mantenimiento a Equipo Dividido 2TON Aire acondicionado,1.0,2880.0
SO108,2019-07-09,ABINSA SA DE CV,SERVICIOS FTS,2436.0,Cambio de capacitor y pruebas de clima AC de oficina principal de Producción,Mantenimiento Preventivo,1.0,1200.0
SO108,2019-07-09,ABINSA SA DE CV,SERVICIOS FTS,2436.0,Capacitor 55 MF,Servicio de reparación de Clima de Table,1.0,500.0
SO108,2019-07-09,ABINSA SA DE CV,SERVICIOS FTS,2436.0,Flete express,Flete express,1.0,400.0
SO107,2019-07-09,ABINSA SA DE CV,SERVICIOS FTS,3422.0,Correctivo en gas refrigerante Mantenimiento correctrivo en sistema de refrigeración de 3 toneladas.  Incluye: • Retiro de gas y proceso de vacío en sistema de refrigeración. • Detección de fuga en sistema. • Sellado de fuga mediante soldadura de plata. • Recarga de gas en equipo de 3 toneladas. • Puesta en marcha de la unidad de refrigeración.,Correctivo en gas refrigerante,1.0,2950.0
SO098,2019-07-09,ABINSA SA DE CV,SERVICIOS FTS,2842.0,Análisis de cargas eléctricas y mapeo de equipos,Diagnostico y Correctivo,1.0,3500.0
SO098,2019-07-09,ABINSA SA DE CV,SERVICIOS FTS,2842.0,Descuento,Descuento,1.0,-1050.0
SO143,2019-07-01,MONDELEZ MEXICO,SERVICIOS FTS,1069.57,Rittal Fan Filter 3173100 (Paquete con 5 piezas),Rittal Fan Filter 3173100 (Paquete con 5 piezas),1.0,922.04
SO131,2019-06-21,OXXO SA de CV,SERVICIOS FTS,522.0,Capacitor 50uF,Capacitor 50uF,2.0,450.0
SO130,2019-06-21,OXXO SA de CV,SERVICIOS FTS,1156.52,"Aspa para Turbina #2 Aspa para Turbina tipo Bazooka #2 - Buje 1/4""",Aspa para Turbina #1,1.0,997.0
SO121,2019-06-17,Rittal SA de CV,SERVICIOS FTS,5904.4,Diagnostico Rittal L2 • Revisión de fallos • Toma y Ajuste de temperaturas. • Inspección de componentes. • Toma de voltajes. • Análisis y solución de fallas. • Reporte de servicio. • Industria con distancia superior a los 30km,Diagnostico Rittal L2,1.0,1950.0
SO121,2019-06-17,Rittal SA de CV,SERVICIOS FTS,5904.4,Servicio Correctivo Rittal L2 Servicio de Reparación • Vacio de refrigerante con vacuometro. • Cambio de Compresor. • Suministro de Refrigerante. • Arranque de funcionamiento de equipo.,Servicio Correctivo Rittal L2,1.0,3450.0
SO121,2019-06-17,Rittal SA de CV,SERVICIOS FTS,5904.4,Descuento L2 Descuento por ejecución de servicio correctivo posterior a diagnóstico,Descuento L2,1.0,-810.0
SO121,2019-06-17,Rittal SA de CV,SERVICIOS FTS,5904.4,Servicio Correctivo Consumibles Suministro de gas refrigerante para equipos Rittal.,Servicio Correctivo Consumibles,1.0,500.0
SO116,2019-06-14,MONDELEZ MEXICO,SERVICIOS FTS,57686.92,Mantenimiento a Tablero Electrico,Mantenimiento a Tablero Electrico,1.0,49730.1
SO079,2019-06-12,Ryder System,SERVICIOS FTS,8908.8,Limit switch 14mm Modelo: L51K13MIM311,Limit switch 14mm Modelo: L51K13MIM311,6.0,7680.0
SO097,2019-06-11,Rittal SA de CV,SERVICIOS FTS,3770.0,Servicio de Mantenimiento a climas Rittal Servicio de Mantenimiento Preventivo a climas tipo Rittal en tableros de control: • Desinfección de evaporador. • Limpieza de filtros. • Medición y evaluación de corriente de consumo. • Medición y evaluación del estado de gas de enfriamiento. • Limpieza en intercambiadores de calor. • Limpieza de compresores. • Puesta en marcha del equipo.,Mantenimiento Preventivo  Rittal L1,1.0,3250.0
SO084,2019-06-11,ABINSA SA DE CV,SERVICIOS FTS,3193.48,Mantenimiento 2Ton Servicio de Mantenimiento Correctivo a equipo de refrigeración de 2 toneladas marca TRANE  Incluye: • Limpieza en Evaporador. • Limpieza de Condensador. • Revisión de conexiones en caja elétrica de alimentación de energía. • Toma de temperaturas. • Arranque de la unidad.,Mantenimiento 2Ton,1.0,1000.0
SO084,2019-06-11,ABINSA SA DE CV,SERVICIOS FTS,3193.48,Corrección de Fuga Reintalación de tubería:  Incluye: • Sellado y eliminación de fugas actuales. • Reinstalación de tubería entre condensadora y evaporador. • Materiales y hardware de instalación. • Aislante para tubería (evitar condensación),Corrección de Fuga,1.0,1753.0
SO083,2019-06-11,ABINSA SA DE CV,SERVICIOS FTS,3503.2,Mantenimiento 3Ton Servicio de Mantenimiento Correctivo a equipo de refrigeración de 3 toneladas 220/1/60 marca YORK.  Incluye: • Limpieza en Evaporador. • Limpieza de Condensador. • Revisión de conexiones en caja elétrica de alimentación de energía. • Toma de temperaturas. • Arranque de la unidad.,Mantenimiento 3Ton,1.0,1525.0
SO083,2019-06-11,ABINSA SA DE CV,SERVICIOS FTS,3503.2,"Corrección de Fuga Reintalación de desgue correctamente:  Incluye: • Sellado y eliminación de fugas actuales. • Reinstalación de tubería de desague hasta salida de caseta (tubo PVC, sellado, Cinta metálica.) • Materiales y hardware de instalación. • Resane de manipulación en paredes.",Corrección de Fuga,1.0,1495.0
SO058,2019-06-05,Rittal SA de CV,SERVICIOS FTS,1824.1,SK3397.048 SK FILTRO SECANTE,SK3397.048,1.0,765.0
SO058,2019-06-05,Rittal SA de CV,SERVICIOS FTS,1824.1,Aceite para refrigerante Aceite para refrigerante 134a,Aceite para refrigerante,1.0,287.5
SO058,2019-06-05,Rittal SA de CV,SERVICIOS FTS,1824.1,Transportación Flete de transportación refacciones.,Transportación,1.0,520.0
SO051,2019-06-05,Rittal SA de CV,SERVICIOS FTS,4176.0,Servicio Correctivo Rittal Servicio de Reparación • Vacio de refrigerante con vacuometro. • Cambio de Presostato • Cambio de termostato. • Cambio de ventilador para condensador. • Suministro de Refrigerante. • Arranque de funcionamiento de equipo.,Servicio Correctivo Rittal L2,1.0,3100.0
SO051,2019-06-05,Rittal SA de CV,SERVICIOS FTS,4176.0,Servicio Correctivo Consumibles Suministro de gas refrigerante para equipos Rittal.,Servicio Correctivo Consumibles,1.0,500.0
SO050,2019-06-05,Rittal México,SERVICIOS FTS,3132.0,Servicio de Mantenimiento a climas Rittal Servicio de Mantenimiento Preventivo a climas tipo Rittal en tableros de control: • Desinfección de evaporador. • Limpieza de filtros. • Medición y evaluación de corriente de consumo. • Medición y evaluación del estado de gas de enfriamiento. • Limpieza en intercambiadores de calor. • Limpieza de compresores. • Puesta en marcha del equipo.,Mantenimiento Preventivo  Rittal L1,1.0,2700.0
SO089,2019-06-04,MONDELEZ MEXICO,SERVICIOS FTS,9524.76,Servicio de Mantenimiento Preventivo a clima tipo Rittal en tableros de control de Horno Mondelez Salinas( 2 CLIMAS),Mantenimiento a Clima Rittal,1.0,8211.0
SO088,2019-06-04,MONDELEZ MEXICO,SERVICIOS FTS,9524.76,Servicio de Mantenimiento Preventivo a clima tipo Rittal en tableros de control de Horno Mondelez Salinas( 2 CLIMAS),Mantenimiento a Clima Rittal,1.0,8211.0
SO087,2019-06-04,MONDELEZ MEXICO,SERVICIOS FTS,4057.68,"Mantenimiento a Tablero Electrico en area Hoover  Incluído en mantenimiento:  - Aspirado de tablero y componentes - Limpieza de gabineteexterior e interior - Reapriete de tornillería con torque controlado en base a Workmanship standar de Rockwell Automation. - Toma de termografías Antes y Después del Mantenimiento. - Reacomodo de cables, canaletas y conecciónes mal ubicadas. - Prueba ""Pull check"" punto por punto  No incluye Refacciones.",Mantenimiento a Tablero Electrico,1.0,3498.0
SO086,2019-06-04,MONDELEZ MEXICO,SERVICIOS FTS,4057.68,"Mantenimiento a Tablero Electrico en area Hoover  Incluído en mantenimiento:  - Aspirado de tablero y componentes - Limpieza de gabineteexterior e interior - Reapriete de tornillería con torque controlado en base a Workmanship standar de Rockwell Automation. - Toma de termografías Antes y Después del Mantenimiento. - Reacomodo de cables, canaletas y conecciónes mal ubicadas. - Prueba ""Pull check"" punto por punto",Mantenimiento a Tablero Electrico,1.0,3498.0
SO085,2019-06-04,MONDELEZ MEXICO,SERVICIOS FTS,4057.68,"Mantenimiento a Tablero Electrico en area Hoover  Incluído en mantenimiento:  - Aspirado de tablero y componentes - Limpieza de gabineteexterior e interior - Reapriete de tornillería con torque controlado en base a Workmanship standar de Rockwell Automation. - Toma de termografías Antes y Después del Mantenimiento. - Reacomodo de cables, canaletas y conecciónes mal ubicadas. - Prueba ""Pull check"" punto por punto",Mantenimiento a Tablero Electrico,1.0,3498.0
SO048,2019-06-04,Ryder System,SERVICIOS FTS,2122.8,Paro de Emergencia Tipo Hongo 1 Contacto NC Modelo.  VX-BS542,Paro de Emergencia Tipo Hongo 1 Contacto NC,1.0,550.0
SO048,2019-06-04,Ryder System,SERVICIOS FTS,2122.8,Limit switch 14mm Modelo: L51K13MIM311,Limit switch 14mm Modelo: L51K13MIM311,1.0,1280.0
SO041,2019-06-04,MONDELEZ MEXICO,SERVICIOS FTS,15067.24,Diagnostico Electrico y control de 3 Unidades de Refrigeración Marca BLITZER,Diagnostico y Correctivo,1.0,6000.0
SO041,2019-06-04,MONDELEZ MEXICO,SERVICIOS FTS,15067.24,Diagnostico al Sistema de Refrigeración de 3 Unidades de Enfriamiento Marca BLITZER.,Diagnostico y Correctivo,1.0,6989.0
SO082,2019-06-03,"OXXO SA de CV, Carolina Reyna",SERVICIOS FTS,2302.6,Sello Mecánico para Bomba,Sello Mecánico para Bomba,1.0,1985.0
SO081,2019-06-03,MONDELEZ MEXICO,SERVICIOS FTS,40600.0,Instalación Electrica en Area de Mixer,Instalación 440VCA Electrica Microingredientes,1.0,35000.0
SO080,2019-06-03,MONDELEZ MEXICO,SERVICIOS FTS,15341.93,Instalacion Surge supressor Wrapper Paletizado,Instalación 440VCA Electrica Microingredientes,1.0,13225.8
SO060,2019-05-29,MONDELEZ MEXICO,SERVICIOS FTS,29307.17,"Kensington K67904WW 1.8m Negro, Plata - Cable antirrobo (Negro, Plata, Cerradura con Combinación, Registro de Código/Combinación, Llave Maestra, Acero, Taiwán, 1.8 m)",Candado Kensington K67904WW,20.0,25264.8
SO057,2019-05-29,MONDELEZ MEXICO,SERVICIOS FTS,62271.12,Servicio de Mantenimiento a Tableros de control en Línea 9 Total de Tableros eléctricos: 30 Total de secciones: 46,Mantenimiento a Tablero Electrico,1.0,53682.0
SO052,2019-05-29,"OXXO SA de CV, Guillermo Treviño",SERVICIOS FTS,1662.28,FOAM Cleaner (20 lts),FOAM Cleaner,1.0,890.0
SO052,2019-05-29,"OXXO SA de CV, Guillermo Treviño",SERVICIOS FTS,1662.28,COIL Cleaner (20 lt),COIL Cleaner,1.0,543.0
SO013,2019-05-24,MONDELEZ MEXICO,SERVICIOS FTS,204972.0,"(1 Mes ) Ing. Supervisor de Automatización  Habilidades: - Experiencia tecnica en Automatización - Dominio de marca Allen Bradley - Seguimiento a Proyectos. - Capacidad administrativa. - Trabajo en equipo - Experiencia en Creación de permisos y Documentación de Seguridad para trabajos en Mondelez. - Certificados DC3 en : Trabajos Electricos , LOTO, ARC FLASH.",Supervisor Automatización,3.0,176700.0
SO039,2019-05-20,MONDELEZ MEXICO,SERVICIOS FTS,19524.73,"FLUKE-971 Medidor Temperatura/Humedad,+-","Medidor Temperatura/Humedad,+-",1.0,16831.66
SO038,2019-05-17,EULEN MEXICO DE SERVICIOS SA DE CV,SERVICIOS FTS,8421.6,"Plafón (Caja) Plafón para cielo raso  61x61cm (diseño proporcionado) Referecnia: Sandrift 808  Con resistencia al moho, hongos y altas cualidades de reducción de ruido. Opción versátil y de alta calidad para cielo raso. • Textura duradera. • Con coeficiente de reducción de ruido. • Reflectancia lumínica (LR): 83. • Caja con 8 piezas",Plafón (Caja),4.0,7260.0
SO037,2019-05-17,MONDELEZ MEXICO,SERVICIOS FTS,43708.8,"Instalación Eléctrica Área Ingredientes Instalación eléctrica en área de ingredientes para estaciones de trabajo con capacidad de hasta 50A en 480V  Incluye: • Tubería  tipo Conduit en 1"" con un total de 18m. • Codos tipo Conduit para instalación de ductería. • Coples tipo Conduit para interconexión de tubería. • 60 metros en cable (3 líneas de voltaje) marca Viakon calibre # 6AWG con capacidad de hasta 65A en UL; 83A NEC. • Soporte de tubería. • Espaciadores metálicos para instalación de tubería sobre pared. • Plataforma para trabajo en alturas.  • Mano de obra de instalación. • Personal de Ingeniería para supervisión.",Instalación Eléctrica Área Ingredientes,1.0,37680.0
SO036,2019-05-17,"OXXO SA de CV, Daniel Bazaldua",SERVICIOS FTS,3069.36,MANTENIMIENTO A EQUIPOS AUXILIARES DOMINGO 12 DE MAYO 2019 EN CEDIS ESCOBEDO,Personal FTS (Tiempo Extra),1.0,2646.0
SO035,2019-05-17,MONDELEZ MEXICO,SERVICIOS FTS,80979.6,"Protección de líneas para PLC Sistema de alimentación independiente con Filtro y Surge Protector para alimentación de red PLC.  Incluye:  • Transformador  de control 480/120VAC, 80VA. • Surge and Filtrer Protection modelo: 4983-DC marca Allen Bradley, para líneas de voltaje en 120VAC con capacidad de carga y filtro de hasta 10A. • Din Rail para montaje de dispositivo surge and filter protection. • Cable eléctrico de potencia y control conforme a norma UL/NEC. • Canaleta para ruteo de cableado eléctrico. • Hardware de instalación. • Mano de obra para instalación y cableado de componentes. • Personal de ingeniería para supervisión.",Protección de líneas para PLC,3.0,69810.0
SO034,2019-05-17,Palmex Alimentos SA de CV,SERVICIOS FTS,63695.6,Retiro de Pintura Retiro de pintura en techo de área de andenes:  Incluye: • Retiro de pintura con cobertura de 504 m2  (72m x 7m)  • Manipulación de equipo de elevación. • Personal con DC-3 para trabajos en alturas.  • Pared plástica entre zona de andenes y almacén por hasta 240m2 (24m x 10m). • Liquido removedor de pintura para uso en interiores.,Retiro de Pintura,1.0,54910.0
SO033,2019-05-17,Palmex Alimentos SA de CV,SERVICIOS FTS,27434.0,Protección en Muelle de Carga Suministro e Instalación de estructura para protección en desnivel de caminones de carga/descarga:,Protección en Muelle de Carga,1.0,23650.0
SO025,2019-05-17,MONDELEZ MEXICO,SERVICIOS FTS,45894.24,Instalación 440VCA Electrica Microingredientes,Instalación 440VCA Electrica Microingredientes,1.0,39564.0
SO022,2019-05-17,MONDELEZ MEXICO,SERVICIOS FTS,4260.68,Cable 6 PIN Hembra 1.8 Metros - MINE6MR118,Cable 6 PIN Hembra MINE6MR118,1.0,1207.0
SO022,2019-05-17,MONDELEZ MEXICO,SERVICIOS FTS,4260.68,Cable 6 PIN Macho 3Metros - MINE6FPX4M,Cable 6 PIN Macho 3Metros - MINE6FPX4M,1.0,2466.0
SO032,2019-05-16,EULEN MEXICO DE SERVICIOS SA DE CV,SERVICIOS FTS,28449.0,Impermeabilización Servicio de Impermeabilización para superficie de 85 m2.en Torre Chubb Cumbres.  Incluye: • .Impermeabilizante en membrana asfaltico marca SBS- Tecnología Impermeable de 3.5 mm. Garantia de 5 años.,Impermeabilización,1.0,24525.0
SO031,2019-05-16,EULEN MEXICO DE SERVICIOS SA DE CV,SERVICIOS FTS,109666.4,Impermeabilización Servicio de Impermeabilización para superficie de 345 m2.en Edificio PEPSICO San Nicolas de los Garza.  Incluye: • .Impermeabilizante en membrana asfaltico marca SBS- Tecnología Impermeable de 3.5 mm. Garantia de 5 años.,Impermeabilización,1.0,94540.0
SO028,2019-05-16,MONDELEZ MEXICO,SERVICIOS FTS,14663.22,"FLUKE-FP PLUS Termómetro Infrarrojo,-30 a 525 grad.","Termómetro FLUKE Infrarrojo,-30 a 525 grad. F",1.0,12640.71
SO011,2019-05-16,OXXO SA de CV,SERVICIOS FTS,7841.6,"Dispositivo UPS marca Tripp Lite, modelo: INTERNET 350U. Capacidad: 350VA Potencia: 180W Voltaje de entrada: 120V. Voltaje de salida: 120V 6 contactos de salida NEMA 5-15R (3 con UPS y supresión de sobretensión / 3 sólo con supresión de sobretensión)",UPS 350VA 180Watts,4.0,6760.0
SO006,2019-05-16,Rittal México,SERVICIOS FTS,3045.0,Equipo restablecido en Diagnostico Rittal Servicio de Revisión por Garantía en equipo Rittal planta ENERYA  • Revisión de fallos • Toma y Ajuste de temperaturas. • Inspección de componentes. • Toma de voltajes. • Análisis y solución de fallas. • Restablecimiento de la unidad a modo óptimo. • Reporte de servicio. • Traslado a planta en área no metropolitana.,Equipo restablecido en Diagnostico Rittal,1.0,2625.0
SO026,2019-05-14,OXXO SA de CV,SERVICIOS FTS,50449.56,Rodillos Motrices Itho Denki  Rodillo Motriz Itho Denki,Rodillos Motrices Itho Denki,3.0,43491.0
SO024,2019-05-14,MONDELEZ MEXICO,SERVICIOS FTS,9524.76,Mantenimiento a Clima Rittal Servicio de Mantenimiento Preventivo a clima tipo Rittal en tableros de control de Maquinado Mondelez Salinas  Incluye:  • Desinfección de evaporador. • Limpieza de filtros. • Medición y evaluación de corriente de consumo. • Medición y evaluación del estado de gas de enfriamiento. • Limpieza en intercambiadores de calor.• Limpieza de compresores. • Puesta en marcha del equipo. • Termografia de componentes mecanicos • Incluye Analisis de situación termica del tablero de control • Incluye pruebas de funcionamiento en tablero con equipo energizado utilizando EPP Arc Resistant CAT 2.,Mantenimiento a Clima Rittal,2.0,8211.0
SO023,2019-05-14,MSM MANUFACTURING DE MEXICO S DE RL DE CV,SERVICIOS FTS,9524.76,Mantenimiento a Clima Rittal Servicio de Mantenimiento Preventivo a clima tipo Rittal en tableros de control de Horno Mondelez Salinas  Incluye:  • Desinfección de evaporador. • Limpieza de filtros. • Medición y evaluación de corriente de consumo. • Medición y evaluación del estado de gas de enfriamiento. • Limpieza en intercambiadores de calor.• Limpieza de compresores. • Puesta en marcha del equipo. • Termografia de componentes mecanicos • Incluye Analisis de situación termica del tablero de control • Incluye pruebas de funcionamiento en tablero con equipo energizado utilizando EPP Arc Resistant CAT 2.,Mantenimiento a Clima Rittal,2.0,8211.0
SO020,2019-05-14,MONDELEZ MEXICO,SERVICIOS FTS,986.0,Flete Salinas - Monterrey Mondelez  Flete para transportación de 2 Televisiones de planta Salinas a Planta Monterrey,Flete Salinas - Monterrey Mondelez,1.0,850.0
SO019,2019-05-14,"OXXO SA de CV, Jose Torres",SERVICIOS FTS,2923.2,Mantenimiento Equipos Auxiliares (1 de Mayo 2019),Mantenimiento Equipos Auxiliares (1 de Mayo 2019),1.0,2520.0
SO010,2019-05-14,"OXXO SA de CV, Guillermo Treviño",SERVICIOS FTS,15694.8,"Bomba Centrífuga Bomba centrifuga tipo caracol marca Barnes modelo IC1-1/4-5-2 con succión de 1-1/2"" y descarga de 1-1/4"" roscada NPT acoplada directamente a motor electrico trifasico de 5 HP, 3450 RPM, 220/440 v.",Bomba Centrífuga,1.0,13530.0
SO007,2019-05-10,Daniel Cuateta,SERVICIOS FTS,300.44,CABLE 1.8M ALIMENTACION PC EXTENSOR C14 AC13 CALIBRE 14AWG . PXT100146,CABLE ALIMENTACION PC EXTENSOR,1.0,259.0
SO009,2019-05-08,MONDELEZ MEXICO,SERVICIOS FTS,28683.9,Instalación de Vinyles,Instalación de Vinyles,1.0,24727.5
