dia	employee_id	empleado	project_id	so	planta_inferida	n_registros
2024-11-11	32	Jesus Esteban De La Cruz Calderon				1
2024-11-14	6	Leonel Cruz Cristobal				1
2024-11-14	8	Francisco Montalvo Ramirez				1
2024-11-14	9	Rafael Saldaña Ramírez				1
2024-11-14	12	Yusti Ibarra Martínez				1
2024-11-14	25	Héctor Cruz Hernández				1
2024-11-14	36	José Eduardo Hernández López				1
2024-11-14	41	Alejandro Reyes Galvez				1
2024-11-14	45	Juan Rodolfo García García				1
2024-11-14	47	Bethania Ferrofino				1
2024-11-14	48	Luis Ángel García Cruz				1
2024-11-14	49	Armando Rodrigo Rangel Martínez				1
2024-11-14	50	Carlos Guadalupe Guerrero Medrano				1
2024-11-14	51	Erik Eduardo Nuñez García				1
2024-11-14	52	Esther Monserrat López Flores				1
2024-11-14	53	Marco Antonio Casillas Muñoz				1
2024-11-14	55	Juan Manuel Sánchez Lugo				1
2024-11-14	56	Juan Pascual Rodríguez Álvarez				1
2024-11-14	58	Jesús Castro Martínez				1
2024-11-14	59	Gerardo Isai Lozano Davila				1
2024-11-14	60	Teresa Ramos Rodríguez				1
2024-11-14	62	Gilberto Gibran Solís Carrillo				1
2024-11-14	63	Magaly Estefanía Pérez García				1
2024-11-14	64	Jesús Calderón				1
2024-11-14	65	Edna Vázquez Fernández				1
2024-11-15	6	Leonel Cruz Cristobal				1
2024-11-15	8	Francisco Montalvo Ramirez				1
2024-11-15	9	Rafael Saldaña Ramírez				1
2024-11-15	12	Yusti Ibarra Martínez				1
2024-11-15	25	Héctor Cruz Hernández				1
2024-11-15	32	Jesus Esteban De La Cruz Calderon				1
2024-11-15	36	José Eduardo Hernández López				1
2024-11-15	41	Alejandro Reyes Galvez				1
2024-11-15	45	Juan Rodolfo García García				1
2024-11-15	47	Bethania Ferrofino				1
2024-11-15	48	Luis Ángel García Cruz				1
2024-11-15	49	Armando Rodrigo Rangel Martínez				1
2024-11-15	50	Carlos Guadalupe Guerrero Medrano				1
2024-11-15	51	Erik Eduardo Nuñez García				1
2024-11-15	52	Esther Monserrat López Flores				1
2024-11-15	53	Marco Antonio Casillas Muñoz				1
2024-11-15	54	Piedad Guadalupe Luria Luria				1
2024-11-15	55	Juan Manuel Sánchez Lugo				1
2024-11-15	56	Juan Pascual Rodríguez Álvarez				1
2024-11-15	58	Jesús Castro Martínez				1
2024-11-15	59	Gerardo Isai Lozano Davila				1
2024-11-15	60	Teresa Ramos Rodríguez				1
2024-11-15	62	Gilberto Gibran Solís Carrillo				1
2024-11-15	63	Magaly Estefanía Pérez García				1
2024-11-15	64	Jesús Calderón				1
2024-11-15	65	Edna Vázquez Fernández				1
2024-11-15	69	Zenón Luria Luria				1
2024-11-16	6	Leonel Cruz Cristobal				1
2024-11-16	9	Rafael Saldaña Ramírez				1
2024-11-16	53	Marco Antonio Casillas Muñoz				1
2024-11-19	8	Francisco Montalvo Ramirez				1
2024-11-19	12	Yusti Ibarra Martínez				1
2024-11-19	25	Héctor Cruz Hernández				1
2024-11-19	41	Alejandro Reyes Galvez				1
2024-11-19	45	Juan Rodolfo García García				1
2024-11-19	47	Bethania Ferrofino				1
2024-11-19	48	Luis Ángel García Cruz				1
2024-11-19	49	Armando Rodrigo Rangel Martínez				1
2024-11-19	51	Erik Eduardo Nuñez García				1
2024-11-19	52	Esther Monserrat López Flores				1
2024-11-19	55	Juan Manuel Sánchez Lugo				1
2024-11-19	58	Jesús Castro Martínez				2
2024-11-19	59	Gerardo Isai Lozano Davila				1
2024-11-19	62	Gilberto Gibran Solís Carrillo				1
2024-11-19	63	Magaly Estefanía Pérez García				1
2024-11-19	64	Jesús Calderón				1
2024-11-19	65	Edna Vázquez Fernández				1
2024-11-19	69	Zenón Luria Luria				1
2024-11-20	8	Francisco Montalvo Ramirez				1
2024-11-20	12	Yusti Ibarra Martínez				1
2024-11-20	25	Héctor Cruz Hernández				1
2024-11-20	41	Alejandro Reyes Galvez				1
2024-11-20	45	Juan Rodolfo García García				1
2024-11-20	47	Bethania Ferrofino				1
2024-11-20	48	Luis Ángel García Cruz				1
2024-11-20	49	Armando Rodrigo Rangel Martínez				1
2024-11-20	51	Erik Eduardo Nuñez García				1
2024-11-20	52	Esther Monserrat López Flores				1
2024-11-20	55	Juan Manuel Sánchez Lugo				1
2024-11-20	58	Jesús Castro Martínez				1
2024-11-20	59	Gerardo Isai Lozano Davila				1
2024-11-20	60	Teresa Ramos Rodríguez				1
2024-11-20	62	Gilberto Gibran Solís Carrillo				1
2024-11-20	63	Magaly Estefanía Pérez García				1
2024-11-20	64	Jesús Calderón				1
2024-11-20	65	Edna Vázquez Fernández				1
2024-11-20	69	Zenón Luria Luria				1
2024-11-21	6	Leonel Cruz Cristobal				1
2024-11-21	8	Francisco Montalvo Ramirez				1
2024-11-21	9	Rafael Saldaña Ramírez				1
2024-11-21	12	Yusti Ibarra Martínez				1
2024-11-21	25	Héctor Cruz Hernández				1
2024-11-21	36	José Eduardo Hernández López				1
2024-11-21	41	Alejandro Reyes Galvez				1
2024-11-21	45	Juan Rodolfo García García				1
2024-11-21	47	Bethania Ferrofino				1
2024-11-21	48	Luis Ángel García Cruz				1
2024-11-21	49	Armando Rodrigo Rangel Martínez				1
2024-11-21	51	Erik Eduardo Nuñez García				1
2024-11-21	52	Esther Monserrat López Flores				1
2024-11-21	53	Marco Antonio Casillas Muñoz				1
2024-11-21	54	Piedad Guadalupe Luria Luria				1
2024-11-21	55	Juan Manuel Sánchez Lugo				1
2024-11-21	56	Juan Pascual Rodríguez Álvarez				1
2024-11-21	58	Jesús Castro Martínez				1
2024-11-21	59	Gerardo Isai Lozano Davila				1
2024-11-21	60	Teresa Ramos Rodríguez				1
2024-11-21	62	Gilberto Gibran Solís Carrillo				1
2024-11-21	63	Magaly Estefanía Pérez García				1
2024-11-21	64	Jesús Calderón				1
2024-11-21	65	Edna Vázquez Fernández				1
2024-11-21	69	Zenón Luria Luria				2
2024-11-22	6	Leonel Cruz Cristobal				1
2024-11-22	8	Francisco Montalvo Ramirez				1
2024-11-22	9	Rafael Saldaña Ramírez				1
2024-11-22	12	Yusti Ibarra Martínez				1
2024-11-22	25	Héctor Cruz Hernández				1
2024-11-22	36	José Eduardo Hernández López				1
2024-11-22	41	Alejandro Reyes Galvez				1
2024-11-22	45	Juan Rodolfo García García				1
2024-11-22	47	Bethania Ferrofino				1
2024-11-22	48	Luis Ángel García Cruz				1
2024-11-22	49	Armando Rodrigo Rangel Martínez				1
2024-11-22	51	Erik Eduardo Nuñez García				1
2024-11-22	53	Marco Antonio Casillas Muñoz				1
2024-11-22	54	Piedad Guadalupe Luria Luria				1
2024-11-22	55	Juan Manuel Sánchez Lugo				1
2024-11-22	56	Juan Pascual Rodríguez Álvarez				1
2024-11-22	58	Jesús Castro Martínez				1
2024-11-22	59	Gerardo Isai Lozano Davila				1
2024-11-22	60	Teresa Ramos Rodríguez				1
2024-11-22	62	Gilberto Gibran Solís Carrillo				1
2024-11-22	63	Magaly Estefanía Pérez García				1
2024-11-22	64	Jesús Calderón				1
2024-11-22	65	Edna Vázquez Fernández				1
2024-11-22	69	Zenón Luria Luria				1
2024-11-23	6	Leonel Cruz Cristobal				1
2024-11-23	9	Rafael Saldaña Ramírez				1
2024-11-23	36	José Eduardo Hernández López				1
2024-11-23	53	Marco Antonio Casillas Muñoz				1
2024-11-23	54	Piedad Guadalupe Luria Luria				1
2024-11-23	56	Juan Pascual Rodríguez Álvarez				1
2024-11-25	8	Francisco Montalvo Ramirez				1
2024-11-25	12	Yusti Ibarra Martínez				1
2024-11-25	25	Héctor Cruz Hernández				1
2024-11-25	45	Juan Rodolfo García García				1
2024-11-25	47	Bethania Ferrofino				1
2024-11-25	48	Luis Ángel García Cruz				1
2024-11-25	49	Armando Rodrigo Rangel Martínez				1
2024-11-25	51	Erik Eduardo Nuñez García				1
2024-11-25	54	Piedad Guadalupe Luria Luria				1
2024-11-25	55	Juan Manuel Sánchez Lugo				1
2024-11-25	58	Jesús Castro Martínez				1
2024-11-25	59	Gerardo Isai Lozano Davila				1
2024-11-25	60	Teresa Ramos Rodríguez				1
2024-11-25	62	Gilberto Gibran Solís Carrillo				1
2024-11-25	63	Magaly Estefanía Pérez García				1
2024-11-25	64	Jesús Calderón				1
2024-11-25	65	Edna Vázquez Fernández				1
2024-11-25	69	Zenón Luria Luria				1
2024-11-25	70	Jorge Infantes				1
2024-11-26	6	Leonel Cruz Cristobal				1
2024-11-26	8	Francisco Montalvo Ramirez				1
2024-11-26	9	Rafael Saldaña Ramírez				1
2024-11-26	12	Yusti Ibarra Martínez				1
2024-11-26	25	Héctor Cruz Hernández				1
2024-11-26	45	Juan Rodolfo García García				1
2024-11-26	47	Bethania Ferrofino				1
2024-11-26	48	Luis Ángel García Cruz				1
2024-11-26	49	Armando Rodrigo Rangel Martínez				1
2024-11-26	51	Erik Eduardo Nuñez García				1
2024-11-26	53	Marco Antonio Casillas Muñoz				1
2024-11-26	54	Piedad Guadalupe Luria Luria				1
2024-11-26	55	Juan Manuel Sánchez Lugo				1
2024-11-26	56	Juan Pascual Rodríguez Álvarez				1
2024-11-26	58	Jesús Castro Martínez				1
2024-11-26	59	Gerardo Isai Lozano Davila				1
2024-11-26	60	Teresa Ramos Rodríguez				1
2024-11-26	62	Gilberto Gibran Solís Carrillo				1
2024-11-26	63	Magaly Estefanía Pérez García				1
2024-11-26	64	Jesús Calderón				1
2024-11-26	65	Edna Vázquez Fernández				1
2024-11-26	69	Zenón Luria Luria				1
2024-11-26	70	Jorge Infantes				1
2024-11-27	6	Leonel Cruz Cristobal				1
2024-11-27	8	Francisco Montalvo Ramirez				1
2024-11-27	9	Rafael Saldaña Ramírez				1
2024-11-27	12	Yusti Ibarra Martínez				1
2024-11-27	25	Héctor Cruz Hernández				1
2024-11-27	45	Juan Rodolfo García García				1
2024-11-27	47	Bethania Ferrofino				1
2024-11-27	48	Luis Ángel García Cruz				1
2024-11-27	49	Armando Rodrigo Rangel Martínez				1
2024-11-27	51	Erik Eduardo Nuñez García				1
2024-11-27	53	Marco Antonio Casillas Muñoz				1
2024-11-27	54	Piedad Guadalupe Luria Luria				1
2024-11-27	55	Juan Manuel Sánchez Lugo				1
2024-11-27	56	Juan Pascual Rodríguez Álvarez				1
2024-11-27	58	Jesús Castro Martínez				1
2024-11-27	59	Gerardo Isai Lozano Davila				1
2024-11-27	60	Teresa Ramos Rodríguez				1
2024-11-27	62	Gilberto Gibran Solís Carrillo				1
2024-11-27	63	Magaly Estefanía Pérez García				1
2024-11-27	64	Jesús Calderón				1
2024-11-27	65	Edna Vázquez Fernández				1
2024-11-27	69	Zenón Luria Luria				1
2024-11-27	70	Jorge Infantes				1
2024-11-27	71	Angel Alemán				1
2024-11-28	6	Leonel Cruz Cristobal				1
2024-11-28	8	Francisco Montalvo Ramirez				1
2024-11-28	9	Rafael Saldaña Ramírez				1
2024-11-28	12	Yusti Ibarra Martínez				1
2024-11-28	45	Juan Rodolfo García García				1
2024-11-28	47	Bethania Ferrofino				1
2024-11-28	48	Luis Ángel García Cruz				1
2024-11-28	49	Armando Rodrigo Rangel Martínez				1
2024-11-28	51	Erik Eduardo Nuñez García				1
2024-11-28	53	Marco Antonio Casillas Muñoz				1
2024-11-28	54	Piedad Guadalupe Luria Luria				1
2024-11-28	55	Juan Manuel Sánchez Lugo				1
2024-11-28	56	Juan Pascual Rodríguez Álvarez				1
2024-11-28	58	Jesús Castro Martínez				1
2024-11-28	59	Gerardo Isai Lozano Davila				1
2024-11-28	60	Teresa Ramos Rodríguez				1
2024-11-28	62	Gilberto Gibran Solís Carrillo				1
2024-11-28	63	Magaly Estefanía Pérez García				1
2024-11-28	64	Jesús Calderón				1
2024-11-28	65	Edna Vázquez Fernández				1
2024-11-28	69	Zenón Luria Luria				1
2024-11-28	70	Jorge Infantes				1
2024-11-28	71	Angel Alemán				1
2024-11-29	6	Leonel Cruz Cristobal				1
2024-11-29	8	Francisco Montalvo Ramirez				1
2024-11-29	9	Rafael Saldaña Ramírez				1
2024-11-29	12	Yusti Ibarra Martínez				1
2024-11-29	45	Juan Rodolfo García García				1
2024-11-29	47	Bethania Ferrofino				1
2024-11-29	48	Luis Ángel García Cruz				1
2024-11-29	49	Armando Rodrigo Rangel Martínez				1
2024-11-29	51	Erik Eduardo Nuñez García				1
2024-11-29	53	Marco Antonio Casillas Muñoz				1
2024-11-29	54	Piedad Guadalupe Luria Luria				1
2024-11-29	55	Juan Manuel Sánchez Lugo				1
2024-11-29	56	Juan Pascual Rodríguez Álvarez				1
2024-11-29	57	Samuel Ulises Alcántara				1
2024-11-29	58	Jesús Castro Martínez				1
2024-11-29	59	Gerardo Isai Lozano Davila				1
2024-11-29	60	Teresa Ramos Rodríguez				1
2024-11-29	62	Gilberto Gibran Solís Carrillo				1
2024-11-29	63	Magaly Estefanía Pérez García				1
2024-11-29	65	Edna Vázquez Fernández				1
2024-11-29	69	Zenón Luria Luria				1
2024-11-29	70	Jorge Infantes				1
2024-11-29	71	Angel Alemán				1
2024-11-30	6	Leonel Cruz Cristobal				1
2024-11-30	9	Rafael Saldaña Ramírez				1
2024-11-30	53	Marco Antonio Casillas Muñoz				1
2024-11-30	54	Piedad Guadalupe Luria Luria				1
2024-11-30	56	Juan Pascual Rodríguez Álvarez				1
2024-11-30	64	Jesús Calderón				1
2024-12-02	6	Leonel Cruz Cristobal				1
2024-12-02	8	Francisco Montalvo Ramirez				1
2024-12-02	9	Rafael Saldaña Ramírez				1
2024-12-02	12	Yusti Ibarra Martínez				1
2024-12-02	25	Héctor Cruz Hernández				1
2024-12-02	41	Alejandro Reyes Galvez				1
2024-12-02	45	Juan Rodolfo García García				1
2024-12-02	47	Bethania Ferrofino				1
2024-12-02	48	Luis Ángel García Cruz				1
2024-12-02	49	Armando Rodrigo Rangel Martínez				1
2024-12-02	51	Erik Eduardo Nuñez García				1
2024-12-02	53	Marco Antonio Casillas Muñoz				1
2024-12-02	54	Piedad Guadalupe Luria Luria				1
2024-12-02	55	Juan Manuel Sánchez Lugo				1
2024-12-02	56	Juan Pascual Rodríguez Álvarez				1
2024-12-02	57	Samuel Ulises Alcántara				1
2024-12-02	58	Jesús Castro Martínez				1
2024-12-02	59	Gerardo Isai Lozano Davila				1
2024-12-02	60	Teresa Ramos Rodríguez				1
2024-12-02	62	Gilberto Gibran Solís Carrillo				1
2024-12-02	63	Magaly Estefanía Pérez García				1
2024-12-02	69	Zenón Luria Luria				1
2024-12-02	70	Jorge Infantes				1
2024-12-02	71	Angel Alemán				1
2024-12-03	8	Francisco Montalvo Ramirez				1
2024-12-03	9	Rafael Saldaña Ramírez				1
2024-12-03	12	Yusti Ibarra Martínez				1
2024-12-03	25	Héctor Cruz Hernández				1
2024-12-03	36	José Eduardo Hernández López				1
2024-12-03	41	Alejandro Reyes Galvez				1
2024-12-03	45	Juan Rodolfo García García				1
2024-12-03	47	Bethania Ferrofino				1
2024-12-03	48	Luis Ángel García Cruz				1
2024-12-03	49	Armando Rodrigo Rangel Martínez				1
2024-12-03	51	Erik Eduardo Nuñez García				1
2024-12-03	53	Marco Antonio Casillas Muñoz				1
2024-12-03	54	Piedad Guadalupe Luria Luria				1
2024-12-03	55	Juan Manuel Sánchez Lugo				1
2024-12-03	56	Juan Pascual Rodríguez Álvarez				1
2024-12-03	57	Samuel Ulises Alcántara				1
2024-12-03	58	Jesús Castro Martínez				1
2024-12-03	59	Gerardo Isai Lozano Davila				1
2024-12-03	60	Teresa Ramos Rodríguez				1
2024-12-03	62	Gilberto Gibran Solís Carrillo				1
2024-12-03	63	Magaly Estefanía Pérez García				1
2024-12-03	64	Jesús Calderón				1
2024-12-03	65	Edna Vázquez Fernández				1
2024-12-03	69	Zenón Luria Luria				1
2024-12-03	70	Jorge Infantes				1
2024-12-03	71	Angel Alemán				1
2024-12-04	6	Leonel Cruz Cristobal				1
2024-12-04	8	Francisco Montalvo Ramirez				1
2024-12-04	9	Rafael Saldaña Ramírez				1
2024-12-04	12	Yusti Ibarra Martínez				1
2024-12-04	25	Héctor Cruz Hernández				1
2024-12-04	36	José Eduardo Hernández López				1
2024-12-04	41	Alejandro Reyes Galvez				1
2024-12-04	45	Juan Rodolfo García García				1
2024-12-04	47	Bethania Ferrofino				1
2024-12-04	48	Luis Ángel García Cruz				1
2024-12-04	51	Erik Eduardo Nuñez García				1
2024-12-04	53	Marco Antonio Casillas Muñoz				1
2024-12-04	54	Piedad Guadalupe Luria Luria				1
2024-12-04	55	Juan Manuel Sánchez Lugo				1
2024-12-04	56	Juan Pascual Rodríguez Álvarez				1
2024-12-04	57	Samuel Ulises Alcántara				1
2024-12-04	58	Jesús Castro Martínez				1
2024-12-04	59	Gerardo Isai Lozano Davila				1
2024-12-04	60	Teresa Ramos Rodríguez				1
2024-12-04	62	Gilberto Gibran Solís Carrillo				1
2024-12-04	63	Magaly Estefanía Pérez García				1
2024-12-04	64	Jesús Calderón				1
2024-12-04	65	Edna Vázquez Fernández				1
2024-12-04	69	Zenón Luria Luria				1
2024-12-04	70	Jorge Infantes				1
2024-12-04	71	Angel Alemán				1
2024-12-05	6	Leonel Cruz Cristobal				1
2024-12-05	8	Francisco Montalvo Ramirez				1
2024-12-05	9	Rafael Saldaña Ramírez				1
2024-12-05	25	Héctor Cruz Hernández				1
2024-12-05	36	José Eduardo Hernández López				1
2024-12-05	41	Alejandro Reyes Galvez				1
2024-12-05	45	Juan Rodolfo García García				1
2024-12-05	47	Bethania Ferrofino				1
2024-12-05	48	Luis Ángel García Cruz				1
2024-12-05	49	Armando Rodrigo Rangel Martínez				1
2024-12-05	51	Erik Eduardo Nuñez García				1
2024-12-05	53	Marco Antonio Casillas Muñoz				1
2024-12-05	54	Piedad Guadalupe Luria Luria				1
2024-12-05	55	Juan Manuel Sánchez Lugo				1
2024-12-05	56	Juan Pascual Rodríguez Álvarez				1
2024-12-05	57	Samuel Ulises Alcántara				1
2024-12-05	58	Jesús Castro Martínez				1
2024-12-05	59	Gerardo Isai Lozano Davila				1
2024-12-05	60	Teresa Ramos Rodríguez				1
2024-12-05	62	Gilberto Gibran Solís Carrillo				1
2024-12-05	63	Magaly Estefanía Pérez García				1
2024-12-05	64	Jesús Calderón				1
2024-12-05	65	Edna Vázquez Fernández				1
2024-12-05	70	Jorge Infantes				1
2024-12-05	71	Angel Alemán				1
2024-12-06	6	Leonel Cruz Cristobal				1
2024-12-06	8	Francisco Montalvo Ramirez				1
2024-12-06	9	Rafael Saldaña Ramírez				1
2024-12-06	12	Yusti Ibarra Martínez				1
2024-12-06	25	Héctor Cruz Hernández				1
2024-12-06	36	José Eduardo Hernández López				1
2024-12-06	41	Alejandro Reyes Galvez				1
2024-12-06	45	Juan Rodolfo García García				1
2024-12-06	47	Bethania Ferrofino				1
2024-12-06	48	Luis Ángel García Cruz				1
2024-12-06	49	Armando Rodrigo Rangel Martínez				1
2024-12-06	51	Erik Eduardo Nuñez García				1
2024-12-06	53	Marco Antonio Casillas Muñoz				1
2024-12-06	54	Piedad Guadalupe Luria Luria				1
2024-12-06	55	Juan Manuel Sánchez Lugo				1
2024-12-06	57	Samuel Ulises Alcántara				1
2024-12-06	58	Jesús Castro Martínez				1
2024-12-06	59	Gerardo Isai Lozano Davila				1
2024-12-06	60	Teresa Ramos Rodríguez				1
2024-12-06	62	Gilberto Gibran Solís Carrillo				1
2024-12-06	63	Magaly Estefanía Pérez García				1
2024-12-06	64	Jesús Calderón				1
2024-12-06	65	Edna Vázquez Fernández				1
2024-12-06	68	Jésus Montalvo Ramirez				1
2024-12-06	69	Zenón Luria Luria				1
2024-12-06	70	Jorge Infantes				1
2024-12-06	71	Angel Alemán				1
2024-12-08	12	Yusti Ibarra Martínez				1
2024-12-08	54	Piedad Guadalupe Luria Luria				1
2024-12-08	69	Zenón Luria Luria				1
2024-12-09	6	Leonel Cruz Cristobal				1
2024-12-09	8	Francisco Montalvo Ramirez				1
2024-12-09	9	Rafael Saldaña Ramírez				1
2024-12-09	25	Héctor Cruz Hernández				1
2024-12-09	41	Alejandro Reyes Galvez				1
2024-12-09	45	Juan Rodolfo García García				1
2024-12-09	47	Bethania Ferrofino				1
2024-12-09	48	Luis Ángel García Cruz				1
2024-12-09	49	Armando Rodrigo Rangel Martínez				1
2024-12-09	51	Erik Eduardo Nuñez García				1
2024-12-09	53	Marco Antonio Casillas Muñoz				1
2024-12-09	55	Juan Manuel Sánchez Lugo				1
2024-12-09	59	Gerardo Isai Lozano Davila				1
2024-12-09	60	Teresa Ramos Rodríguez				1
2024-12-09	62	Gilberto Gibran Solís Carrillo				1
2024-12-09	63	Magaly Estefanía Pérez García				1
2024-12-09	64	Jesús Calderón				1
2024-12-09	65	Edna Vázquez Fernández				1
2024-12-09	68	Jésus Montalvo Ramirez				1
2024-12-09	70	Jorge Infantes				1
2024-12-09	71	Angel Alemán				1
2024-12-10	6	Leonel Cruz Cristobal				1
2024-12-10	8	Francisco Montalvo Ramirez				1
2024-12-10	9	Rafael Saldaña Ramírez				1
2024-12-10	12	Yusti Ibarra Martínez				1
2024-12-10	25	Héctor Cruz Hernández				1
2024-12-10	41	Alejandro Reyes Galvez				1
2024-12-10	45	Juan Rodolfo García García				1
2024-12-10	47	Bethania Ferrofino				1
2024-12-10	48	Luis Ángel García Cruz				1
2024-12-10	49	Armando Rodrigo Rangel Martínez				1
2024-12-10	51	Erik Eduardo Nuñez García				1
2024-12-10	53	Marco Antonio Casillas Muñoz				1
2024-12-10	54	Piedad Guadalupe Luria Luria				1
2024-12-10	55	Juan Manuel Sánchez Lugo				1
2024-12-10	56	Juan Pascual Rodríguez Álvarez				1
2024-12-10	57	Samuel Ulises Alcántara				1
2024-12-10	58	Jesús Castro Martínez				1
2024-12-10	59	Gerardo Isai Lozano Davila				1
2024-12-10	60	Teresa Ramos Rodríguez				1
2024-12-10	62	Gilberto Gibran Solís Carrillo				1
2024-12-10	63	Magaly Estefanía Pérez García				1
2024-12-10	64	Jesús Calderón				1
2024-12-10	65	Edna Vázquez Fernández				1
2024-12-10	68	Jésus Montalvo Ramirez				1
2024-12-10	69	Zenón Luria Luria				1
2024-12-10	71	Angel Alemán				1
2024-12-11	6	Leonel Cruz Cristobal				1
2024-12-11	8	Francisco Montalvo Ramirez				1
2024-12-11	9	Rafael Saldaña Ramírez				1
2024-12-11	12	Yusti Ibarra Martínez				1
2024-12-11	25	Héctor Cruz Hernández				1
2024-12-11	41	Alejandro Reyes Galvez				1
2024-12-11	45	Juan Rodolfo García García				1
2024-12-11	47	Bethania Ferrofino				1
2024-12-11	48	Luis Ángel García Cruz				1
2024-12-11	51	Erik Eduardo Nuñez García				1
2024-12-11	53	Marco Antonio Casillas Muñoz				1
2024-12-11	54	Piedad Guadalupe Luria Luria				1
2024-12-11	55	Juan Manuel Sánchez Lugo				1
2024-12-11	56	Juan Pascual Rodríguez Álvarez				1
2024-12-11	57	Samuel Ulises Alcántara				1
2024-12-11	58	Jesús Castro Martínez				1
2024-12-11	59	Gerardo Isai Lozano Davila				1
2024-12-11	60	Teresa Ramos Rodríguez				1
2024-12-11	62	Gilberto Gibran Solís Carrillo				1
2024-12-11	63	Magaly Estefanía Pérez García				1
2024-12-11	64	Jesús Calderón				1
2024-12-11	65	Edna Vázquez Fernández				1
2024-12-11	68	Jésus Montalvo Ramirez				1
2024-12-11	69	Zenón Luria Luria				1
2024-12-11	71	Angel Alemán				1
2024-12-12	6	Leonel Cruz Cristobal				1
2024-12-12	8	Francisco Montalvo Ramirez				1
2024-12-12	9	Rafael Saldaña Ramírez				1
2024-12-12	12	Yusti Ibarra Martínez				1
2024-12-12	25	Héctor Cruz Hernández				1
2024-12-12	36	José Eduardo Hernández López				1
2024-12-12	41	Alejandro Reyes Galvez				1
2024-12-12	45	Juan Rodolfo García García				1
2024-12-12	47	Bethania Ferrofino				1
2024-12-12	48	Luis Ángel García Cruz				1
2024-12-12	53	Marco Antonio Casillas Muñoz				1
2024-12-12	54	Piedad Guadalupe Luria Luria				1
2024-12-12	55	Juan Manuel Sánchez Lugo				1
2024-12-12	56	Juan Pascual Rodríguez Álvarez				1
2024-12-12	57	Samuel Ulises Alcántara				1
2024-12-12	58	Jesús Castro Martínez				1
2024-12-12	59	Gerardo Isai Lozano Davila				1
2024-12-12	60	Teresa Ramos Rodríguez				1
2024-12-12	62	Gilberto Gibran Solís Carrillo				1
2024-12-12	63	Magaly Estefanía Pérez García				1
2024-12-12	64	Jesús Calderón				1
2024-12-12	65	Edna Vázquez Fernández				1
2024-12-12	68	Jésus Montalvo Ramirez				1
2024-12-12	69	Zenón Luria Luria				1
2024-12-12	70	Jorge Infantes				1
2024-12-12	71	Angel Alemán				1
2024-12-13	6	Leonel Cruz Cristobal				1
2024-12-13	8	Francisco Montalvo Ramirez				1
2024-12-13	9	Rafael Saldaña Ramírez				1
2024-12-13	12	Yusti Ibarra Martínez				1
2024-12-13	25	Héctor Cruz Hernández				1
2024-12-13	41	Alejandro Reyes Galvez				1
2024-12-13	45	Juan Rodolfo García García				1
2024-12-13	47	Bethania Ferrofino				1
2024-12-13	48	Luis Ángel García Cruz				1
2024-12-13	51	Erik Eduardo Nuñez García				1
2024-12-13	53	Marco Antonio Casillas Muñoz				1
2024-12-13	54	Piedad Guadalupe Luria Luria				1
2024-12-13	55	Juan Manuel Sánchez Lugo				1
2024-12-13	56	Juan Pascual Rodríguez Álvarez				1
2024-12-13	57	Samuel Ulises Alcántara				1
2024-12-13	58	Jesús Castro Martínez				1
2024-12-13	59	Gerardo Isai Lozano Davila				1
2024-12-13	60	Teresa Ramos Rodríguez				1
2024-12-13	62	Gilberto Gibran Solís Carrillo				1
2024-12-13	63	Magaly Estefanía Pérez García				1
2024-12-13	64	Jesús Calderón				1
2024-12-13	65	Edna Vázquez Fernández				1
2024-12-13	69	Zenón Luria Luria				1
2024-12-13	70	Jorge Infantes				1
2024-12-13	71	Angel Alemán				1
2024-12-14	54	Piedad Guadalupe Luria Luria				1
2024-12-14	56	Juan Pascual Rodríguez Álvarez				1
2024-12-14	70	Jorge Infantes				1
2024-12-16	6	Leonel Cruz Cristobal				1
2024-12-16	8	Francisco Montalvo Ramirez				1
2024-12-16	9	Rafael Saldaña Ramírez				1
2024-12-16	12	Yusti Ibarra Martínez				1
2024-12-16	25	Héctor Cruz Hernández				1
2024-12-16	41	Alejandro Reyes Galvez				1
2024-12-16	45	Juan Rodolfo García García				1
2024-12-16	47	Bethania Ferrofino				1
2024-12-16	53	Marco Antonio Casillas Muñoz				1
2024-12-16	54	Piedad Guadalupe Luria Luria				1
2024-12-16	55	Juan Manuel Sánchez Lugo				1
2024-12-16	57	Samuel Ulises Alcántara				1
2024-12-16	59	Gerardo Isai Lozano Davila				1
2024-12-16	60	Teresa Ramos Rodríguez				1
2024-12-16	62	Gilberto Gibran Solís Carrillo				1
2024-12-16	63	Magaly Estefanía Pérez García				1
2024-12-16	64	Jesús Calderón				1
2024-12-16	65	Edna Vázquez Fernández				1
2024-12-16	68	Jésus Montalvo Ramirez				1
2024-12-16	69	Zenón Luria Luria				1
2024-12-16	70	Jorge Infantes				1
2024-12-16	71	Angel Alemán				1
2024-12-17	6	Leonel Cruz Cristobal				1
2024-12-17	8	Francisco Montalvo Ramirez				1
2024-12-17	9	Rafael Saldaña Ramírez				1
2024-12-17	12	Yusti Ibarra Martínez				1
2024-12-17	25	Héctor Cruz Hernández				1
2024-12-17	41	Alejandro Reyes Galvez				1
2024-12-17	45	Juan Rodolfo García García				1
2024-12-17	47	Bethania Ferrofino				1
2024-12-17	49	Armando Rodrigo Rangel Martínez				1
2024-12-17	51	Erik Eduardo Nuñez García				1
2024-12-17	53	Marco Antonio Casillas Muñoz				1
2024-12-17	54	Piedad Guadalupe Luria Luria				1
2024-12-17	55	Juan Manuel Sánchez Lugo				1
2024-12-17	56	Juan Pascual Rodríguez Álvarez				1
2024-12-17	57	Samuel Ulises Alcántara				1
2024-12-17	58	Jesús Castro Martínez				1
2024-12-17	59	Gerardo Isai Lozano Davila				1
2024-12-17	60	Teresa Ramos Rodríguez				1
2024-12-17	62	Gilberto Gibran Solís Carrillo				1
2024-12-17	63	Magaly Estefanía Pérez García				1
2024-12-17	64	Jesús Calderón				1
2024-12-17	65	Edna Vázquez Fernández				1
2024-12-17	68	Jésus Montalvo Ramirez				1
2024-12-17	69	Zenón Luria Luria				1
2024-12-17	70	Jorge Infantes				1
2024-12-17	71	Angel Alemán				1
2024-12-18	6	Leonel Cruz Cristobal				1
2024-12-18	8	Francisco Montalvo Ramirez				1
2024-12-18	9	Rafael Saldaña Ramírez				1
2024-12-18	12	Yusti Ibarra Martínez				1
2024-12-18	25	Héctor Cruz Hernández				1
2024-12-18	41	Alejandro Reyes Galvez				1
2024-12-18	45	Juan Rodolfo García García				1
2024-12-18	47	Bethania Ferrofino				1
2024-12-18	48	Luis Ángel García Cruz				1
2024-12-18	51	Erik Eduardo Nuñez García				1
2024-12-18	54	Piedad Guadalupe Luria Luria				1
2024-12-18	55	Juan Manuel Sánchez Lugo				1
2024-12-18	56	Juan Pascual Rodríguez Álvarez				1
2024-12-18	58	Jesús Castro Martínez				1
2024-12-18	59	Gerardo Isai Lozano Davila				1
2024-12-18	60	Teresa Ramos Rodríguez				1
2024-12-18	62	Gilberto Gibran Solís Carrillo				1
2024-12-18	63	Magaly Estefanía Pérez García				1
2024-12-18	65	Edna Vázquez Fernández				1
2024-12-18	68	Jésus Montalvo Ramirez				1
2024-12-18	69	Zenón Luria Luria				1
2024-12-18	70	Jorge Infantes				1
2024-12-18	71	Angel Alemán				1
2024-12-19	6	Leonel Cruz Cristobal				1
2024-12-19	8	Francisco Montalvo Ramirez				1
2024-12-19	12	Yusti Ibarra Martínez				1
2024-12-19	25	Héctor Cruz Hernández				1
2024-12-19	36	José Eduardo Hernández López				1
2024-12-19	41	Alejandro Reyes Galvez				1
2024-12-19	45	Juan Rodolfo García García				1
2024-12-19	47	Bethania Ferrofino				1
2024-12-19	48	Luis Ángel García Cruz				1
2024-12-19	51	Erik Eduardo Nuñez García				1
2024-12-19	54	Piedad Guadalupe Luria Luria				1
2024-12-19	55	Juan Manuel Sánchez Lugo				1
2024-12-19	58	Jesús Castro Martínez				1
2024-12-19	59	Gerardo Isai Lozano Davila				1
2024-12-19	60	Teresa Ramos Rodríguez				1
2024-12-19	62	Gilberto Gibran Solís Carrillo				1
2024-12-19	63	Magaly Estefanía Pérez García				1
2024-12-19	64	Jesús Calderón				1
2024-12-19	65	Edna Vázquez Fernández				1
2024-12-19	68	Jésus Montalvo Ramirez				1
2024-12-19	69	Zenón Luria Luria				1
2024-12-19	71	Angel Alemán				1
2024-12-19	74	Luis Fernando Silva Morales				1
2024-12-20	6	Leonel Cruz Cristobal				1
2024-12-20	8	Francisco Montalvo Ramirez				1
2024-12-20	9	Rafael Saldaña Ramírez				1
2024-12-20	12	Yusti Ibarra Martínez				1
2024-12-20	25	Héctor Cruz Hernández				1
2024-12-20	36	José Eduardo Hernández López				1
2024-12-20	41	Alejandro Reyes Galvez				1
2024-12-20	45	Juan Rodolfo García García				1
2024-12-20	47	Bethania Ferrofino				1
2024-12-20	48	Luis Ángel García Cruz				1
2024-12-20	54	Piedad Guadalupe Luria Luria				1
2024-12-20	55	Juan Manuel Sánchez Lugo				1
2024-12-20	56	Juan Pascual Rodríguez Álvarez				1
2024-12-20	57	Samuel Ulises Alcántara				1
2024-12-20	58	Jesús Castro Martínez				1
2024-12-20	59	Gerardo Isai Lozano Davila				1
2024-12-20	60	Teresa Ramos Rodríguez				1
2024-12-20	62	Gilberto Gibran Solís Carrillo				1
2024-12-20	65	Edna Vázquez Fernández				1
2024-12-20	68	Jésus Montalvo Ramirez				1
2024-12-20	69	Zenón Luria Luria				1
2024-12-20	71	Angel Alemán				1
2024-12-20	75	Mateo Salazar				1
2024-12-21	6	Leonel Cruz Cristobal				1
2024-12-21	8	Francisco Montalvo Ramirez				1
2024-12-21	41	Alejandro Reyes Galvez				1
2024-12-21	54	Piedad Guadalupe Luria Luria				1
2024-12-21	56	Juan Pascual Rodríguez Álvarez				1
2024-12-21	57	Samuel Ulises Alcántara				1
2024-12-21	69	Zenón Luria Luria				1
2024-12-22	8	Francisco Montalvo Ramirez				1
2024-12-22	41	Alejandro Reyes Galvez				1
2024-12-22	54	Piedad Guadalupe Luria Luria				1
2024-12-22	56	Juan Pascual Rodríguez Álvarez				1
2024-12-22	57	Samuel Ulises Alcántara				1
2024-12-22	69	Zenón Luria Luria				1
2024-12-23	6	Leonel Cruz Cristobal				1
2024-12-23	8	Francisco Montalvo Ramirez				1
2024-12-23	12	Yusti Ibarra Martínez				1
2024-12-23	25	Héctor Cruz Hernández				1
2024-12-23	41	Alejandro Reyes Galvez				1
2024-12-23	45	Juan Rodolfo García García				1
2024-12-23	47	Bethania Ferrofino				1
2024-12-23	48	Luis Ángel García Cruz				1
2024-12-23	49	Armando Rodrigo Rangel Martínez				1
2024-12-23	51	Erik Eduardo Nuñez García				1
2024-12-23	54	Piedad Guadalupe Luria Luria				1
2024-12-23	55	Juan Manuel Sánchez Lugo				1
2024-12-23	58	Jesús Castro Martínez				1
2024-12-23	59	Gerardo Isai Lozano Davila				1
2024-12-23	60	Teresa Ramos Rodríguez				1
2024-12-23	62	Gilberto Gibran Solís Carrillo				1
2024-12-23	63	Magaly Estefanía Pérez García				1
2024-12-23	65	Edna Vázquez Fernández				1
2024-12-23	68	Jésus Montalvo Ramirez				1
2024-12-23	69	Zenón Luria Luria				1
2024-12-23	75	Mateo Salazar				1
2024-12-24	6	Leonel Cruz Cristobal				1
2024-12-24	8	Francisco Montalvo Ramirez				1
2024-12-24	12	Yusti Ibarra Martínez				1
2024-12-24	25	Héctor Cruz Hernández				1
2024-12-24	41	Alejandro Reyes Galvez				1
2024-12-24	45	Juan Rodolfo García García				1
2024-12-24	47	Bethania Ferrofino				1
2024-12-24	48	Luis Ángel García Cruz				1
2024-12-24	54	Piedad Guadalupe Luria Luria				1
2024-12-24	55	Juan Manuel Sánchez Lugo				1
2024-12-24	56	Juan Pascual Rodríguez Álvarez				1
2024-12-24	58	Jesús Castro Martínez				1
2024-12-24	59	Gerardo Isai Lozano Davila				1
2024-12-24	60	Teresa Ramos Rodríguez				1
2024-12-24	62	Gilberto Gibran Solís Carrillo				1
2024-12-24	68	Jésus Montalvo Ramirez				1
2024-12-24	69	Zenón Luria Luria				1
2024-12-24	75	Mateo Salazar				1
2024-12-26	6	Leonel Cruz Cristobal				1
2024-12-26	8	Francisco Montalvo Ramirez				1
2024-12-26	12	Yusti Ibarra Martínez				1
2024-12-26	25	Héctor Cruz Hernández				1
2024-12-26	41	Alejandro Reyes Galvez				1
2024-12-26	45	Juan Rodolfo García García				1
2024-12-26	47	Bethania Ferrofino				1
2024-12-26	48	Luis Ángel García Cruz				1
2024-12-26	54	Piedad Guadalupe Luria Luria				1
2024-12-26	55	Juan Manuel Sánchez Lugo				1
2024-12-26	56	Juan Pascual Rodríguez Álvarez				1
2024-12-26	57	Samuel Ulises Alcántara				1
2024-12-26	59	Gerardo Isai Lozano Davila				1
2024-12-26	60	Teresa Ramos Rodríguez				1
2024-12-26	62	Gilberto Gibran Solís Carrillo				1
2024-12-26	65	Edna Vázquez Fernández				1
2024-12-26	68	Jésus Montalvo Ramirez				1
2024-12-26	69	Zenón Luria Luria				1
2024-12-26	75	Mateo Salazar				1
2024-12-27	6	Leonel Cruz Cristobal				1
2024-12-27	8	Francisco Montalvo Ramirez				1
2024-12-27	12	Yusti Ibarra Martínez				1
2024-12-27	25	Héctor Cruz Hernández				1
2024-12-27	41	Alejandro Reyes Galvez				1
2024-12-27	45	Juan Rodolfo García García				1
2024-12-27	47	Bethania Ferrofino				1
2024-12-27	48	Luis Ángel García Cruz				1
2024-12-27	54	Piedad Guadalupe Luria Luria				1
2024-12-27	55	Juan Manuel Sánchez Lugo				1
2024-12-27	57	Samuel Ulises Alcántara				1
2024-12-27	58	Jesús Castro Martínez				1
2024-12-27	59	Gerardo Isai Lozano Davila				1
2024-12-27	60	Teresa Ramos Rodríguez				1
2024-12-27	62	Gilberto Gibran Solís Carrillo				1
2024-12-27	63	Magaly Estefanía Pérez García				1
2024-12-27	64	Jesús Calderón				1
2024-12-27	65	Edna Vázquez Fernández				1
2024-12-27	68	Jésus Montalvo Ramirez				1
2024-12-27	69	Zenón Luria Luria				1
2024-12-27	75	Mateo Salazar				1
2024-12-28	45	Juan Rodolfo García García				1
2024-12-28	54	Piedad Guadalupe Luria Luria				1
2024-12-28	57	Samuel Ulises Alcántara				1
2024-12-28	58	Jesús Castro Martínez				1
2024-12-30	6	Leonel Cruz Cristobal				1
2024-12-30	8	Francisco Montalvo Ramirez				1
2024-12-30	12	Yusti Ibarra Martínez				1
2024-12-30	25	Héctor Cruz Hernández				1
2024-12-30	41	Alejandro Reyes Galvez				1
2024-12-30	45	Juan Rodolfo García García				1
2024-12-30	48	Luis Ángel García Cruz				1
2024-12-30	54	Piedad Guadalupe Luria Luria				1
2024-12-30	55	Juan Manuel Sánchez Lugo				1
2024-12-30	57	Samuel Ulises Alcántara				1
2024-12-30	58	Jesús Castro Martínez				1
2024-12-30	59	Gerardo Isai Lozano Davila				1
2024-12-30	60	Teresa Ramos Rodríguez				1
2024-12-30	62	Gilberto Gibran Solís Carrillo				1
2024-12-30	63	Magaly Estefanía Pérez García				1
2024-12-30	65	Edna Vázquez Fernández				1
2024-12-30	68	Jésus Montalvo Ramirez				1
2024-12-30	69	Zenón Luria Luria				1
2024-12-30	75	Mateo Salazar				1
2024-12-31	6	Leonel Cruz Cristobal				1
2024-12-31	8	Francisco Montalvo Ramirez				1
2024-12-31	12	Yusti Ibarra Martínez				1
2024-12-31	41	Alejandro Reyes Galvez				1
2024-12-31	45	Juan Rodolfo García García				1
2024-12-31	48	Luis Ángel García Cruz				1
2024-12-31	54	Piedad Guadalupe Luria Luria				1
2024-12-31	55	Juan Manuel Sánchez Lugo				1
2024-12-31	57	Samuel Ulises Alcántara				1
2024-12-31	59	Gerardo Isai Lozano Davila				1
2024-12-31	60	Teresa Ramos Rodríguez				1
2024-12-31	62	Gilberto Gibran Solís Carrillo				1
2024-12-31	63	Magaly Estefanía Pérez García				1
2024-12-31	68	Jésus Montalvo Ramirez				1
2024-12-31	69	Zenón Luria Luria				1
2024-12-31	75	Mateo Salazar				1
2025-01-02	6	Leonel Cruz Cristobal				1
2025-01-02	8	Francisco Montalvo Ramirez				1
2025-01-02	12	Yusti Ibarra Martínez				1
2025-01-02	25	Héctor Cruz Hernández				1
2025-01-02	41	Alejandro Reyes Galvez				1
2025-01-02	48	Luis Ángel García Cruz				1
2025-01-02	54	Piedad Guadalupe Luria Luria				1
2025-01-02	55	Juan Manuel Sánchez Lugo				1
2025-01-02	56	Juan Pascual Rodríguez Álvarez				1
2025-01-02	59	Gerardo Isai Lozano Davila				1
2025-01-02	60	Teresa Ramos Rodríguez				2
2025-01-02	62	Gilberto Gibran Solís Carrillo				1
2025-01-02	63	Magaly Estefanía Pérez García				1
2025-01-02	65	Edna Vázquez Fernández				1
2025-01-02	68	Jésus Montalvo Ramirez				1
2025-01-02	75	Mateo Salazar				1
2025-01-03	6	Leonel Cruz Cristobal				1
2025-01-03	8	Francisco Montalvo Ramirez				1
2025-01-03	12	Yusti Ibarra Martínez				1
2025-01-03	25	Héctor Cruz Hernández				1
2025-01-03	45	Juan Rodolfo García García				1
2025-01-03	48	Luis Ángel García Cruz				1
2025-01-03	54	Piedad Guadalupe Luria Luria				1
2025-01-03	55	Juan Manuel Sánchez Lugo				1
2025-01-03	56	Juan Pascual Rodríguez Álvarez				1
2025-01-03	59	Gerardo Isai Lozano Davila				1
2025-01-03	62	Gilberto Gibran Solís Carrillo				1
2025-01-03	63	Magaly Estefanía Pérez García				1
2025-01-03	65	Edna Vázquez Fernández				1
2025-01-03	68	Jésus Montalvo Ramirez				1
2025-01-03	69	Zenón Luria Luria				1
2025-01-03	75	Mateo Salazar				1
2025-01-04	6	Leonel Cruz Cristobal				1
2025-01-04	12	Yusti Ibarra Martínez				1
2025-01-04	45	Juan Rodolfo García García				1
2025-01-04	60	Teresa Ramos Rodríguez				1
2025-01-06	6	Leonel Cruz Cristobal				1
2025-01-06	8	Francisco Montalvo Ramirez				1
2025-01-06	12	Yusti Ibarra Martínez				1
2025-01-06	25	Héctor Cruz Hernández				1
2025-01-06	45	Juan Rodolfo García García				1
2025-01-06	48	Luis Ángel García Cruz				1
2025-01-06	54	Piedad Guadalupe Luria Luria				1
2025-01-06	55	Juan Manuel Sánchez Lugo				1
2025-01-06	56	Juan Pascual Rodríguez Álvarez				1
2025-01-06	59	Gerardo Isai Lozano Davila				1
2025-01-06	60	Teresa Ramos Rodríguez				1
2025-01-06	62	Gilberto Gibran Solís Carrillo				1
2025-01-06	63	Magaly Estefanía Pérez García				1
2025-01-06	65	Edna Vázquez Fernández				1
2025-01-06	68	Jésus Montalvo Ramirez				1
2025-01-06	71	Angel Alemán				1
2025-01-06	75	Mateo Salazar				1
2025-01-07	6	Leonel Cruz Cristobal				1
2025-01-07	12	Yusti Ibarra Martínez				1
2025-01-07	25	Héctor Cruz Hernández				1
2025-01-07	41	Alejandro Reyes Galvez				1
2025-01-07	48	Luis Ángel García Cruz				1
2025-01-07	54	Piedad Guadalupe Luria Luria				1
2025-01-07	55	Juan Manuel Sánchez Lugo				1
2025-01-07	56	Juan Pascual Rodríguez Álvarez				1
2025-01-07	59	Gerardo Isai Lozano Davila				1
2025-01-07	60	Teresa Ramos Rodríguez				1
2025-01-07	62	Gilberto Gibran Solís Carrillo				1
2025-01-07	63	Magaly Estefanía Pérez García				1
2025-01-07	65	Edna Vázquez Fernández				1
2025-01-07	68	Jésus Montalvo Ramirez				1
2025-01-07	71	Angel Alemán				1
2025-01-07	75	Mateo Salazar				1
2025-01-08	6	Leonel Cruz Cristobal				1
2025-01-08	8	Francisco Montalvo Ramirez				1
2025-01-08	12	Yusti Ibarra Martínez				1
2025-01-08	25	Héctor Cruz Hernández				1
2025-01-08	41	Alejandro Reyes Galvez				1
2025-01-08	45	Juan Rodolfo García García				1
2025-01-08	48	Luis Ángel García Cruz				1
2025-01-08	54	Piedad Guadalupe Luria Luria				1
2025-01-08	55	Juan Manuel Sánchez Lugo				1
2025-01-08	59	Gerardo Isai Lozano Davila				1
2025-01-08	60	Teresa Ramos Rodríguez				1
2025-01-08	62	Gilberto Gibran Solís Carrillo				1
2025-01-08	63	Magaly Estefanía Pérez García				1
2025-01-08	65	Edna Vázquez Fernández				1
2025-01-08	68	Jésus Montalvo Ramirez				1
2025-01-08	69	Zenón Luria Luria				1
2025-01-08	71	Angel Alemán				1
2025-01-08	75	Mateo Salazar				1
2025-01-09	6	Leonel Cruz Cristobal				1
2025-01-09	8	Francisco Montalvo Ramirez				1
2025-01-09	12	Yusti Ibarra Martínez				1
2025-01-09	25	Héctor Cruz Hernández				1
2025-01-09	45	Juan Rodolfo García García				1
2025-01-09	48	Luis Ángel García Cruz				1
2025-01-09	54	Piedad Guadalupe Luria Luria				1
2025-01-09	55	Juan Manuel Sánchez Lugo				1
2025-01-09	56	Juan Pascual Rodríguez Álvarez				1
2025-01-09	57	Samuel Ulises Alcántara				2
2025-01-09	59	Gerardo Isai Lozano Davila				1
2025-01-09	60	Teresa Ramos Rodríguez				2
2025-01-09	62	Gilberto Gibran Solís Carrillo				1
2025-01-09	63	Magaly Estefanía Pérez García				1
2025-01-09	65	Edna Vázquez Fernández				1
2025-01-09	68	Jésus Montalvo Ramirez				1
2025-01-09	69	Zenón Luria Luria				1
2025-01-09	71	Angel Alemán				1
2025-01-09	75	Mateo Salazar				1
2025-01-09	76	Carlos Eduardo Manzanares				1
2025-01-10	8	Francisco Montalvo Ramirez				1
2025-01-10	12	Yusti Ibarra Martínez				1
2025-01-10	25	Héctor Cruz Hernández				1
2025-01-10	41	Alejandro Reyes Galvez				1
2025-01-10	45	Juan Rodolfo García García				1
2025-01-10	48	Luis Ángel García Cruz				1
2025-01-10	54	Piedad Guadalupe Luria Luria				1
2025-01-10	55	Juan Manuel Sánchez Lugo				1
2025-01-10	57	Samuel Ulises Alcántara				1
2025-01-10	59	Gerardo Isai Lozano Davila				1
2025-01-10	60	Teresa Ramos Rodríguez				1
2025-01-10	62	Gilberto Gibran Solís Carrillo				1
2025-01-10	63	Magaly Estefanía Pérez García				1
2025-01-10	65	Edna Vázquez Fernández				1
2025-01-10	68	Jésus Montalvo Ramirez				1
2025-01-10	69	Zenón Luria Luria				1
2025-01-10	71	Angel Alemán				1
2025-01-10	75	Mateo Salazar				1
2025-01-10	76	Carlos Eduardo Manzanares				1
2025-01-13	8	Francisco Montalvo Ramirez				1
2025-01-13	12	Yusti Ibarra Martínez				1
2025-01-13	25	Héctor Cruz Hernández				1
2025-01-13	32	Jesus Esteban De La Cruz Calderon				1
2025-01-13	41	Alejandro Reyes Galvez				2
2025-01-13	45	Juan Rodolfo García García				1
2025-01-13	48	Luis Ángel García Cruz				1
2025-01-13	54	Piedad Guadalupe Luria Luria				1
2025-01-13	55	Juan Manuel Sánchez Lugo				1
2025-01-13	57	Samuel Ulises Alcántara				1
2025-01-13	59	Gerardo Isai Lozano Davila				1
2025-01-13	60	Teresa Ramos Rodríguez				1
2025-01-13	62	Gilberto Gibran Solís Carrillo				1
2025-01-13	63	Magaly Estefanía Pérez García				1
2025-01-13	65	Edna Vázquez Fernández				1
2025-01-13	68	Jésus Montalvo Ramirez				1
2025-01-13	75	Mateo Salazar				1
2025-01-14	8	Francisco Montalvo Ramirez				1
2025-01-14	12	Yusti Ibarra Martínez				1
2025-01-14	25	Héctor Cruz Hernández				1
2025-01-14	41	Alejandro Reyes Galvez				1
2025-01-14	45	Juan Rodolfo García García				1
2025-01-14	48	Luis Ángel García Cruz				1
2025-01-14	54	Piedad Guadalupe Luria Luria				1
2025-01-14	55	Juan Manuel Sánchez Lugo				1
2025-01-14	57	Samuel Ulises Alcántara				1
2025-01-14	59	Gerardo Isai Lozano Davila				1
2025-01-14	60	Teresa Ramos Rodríguez				1
2025-01-14	62	Gilberto Gibran Solís Carrillo				1
2025-01-14	63	Magaly Estefanía Pérez García				1
2025-01-14	65	Edna Vázquez Fernández				1
2025-01-14	68	Jésus Montalvo Ramirez				1
2025-01-14	69	Zenón Luria Luria				2
2025-01-14	71	Angel Alemán				1
2025-01-14	75	Mateo Salazar				1
2025-01-14	76	Carlos Eduardo Manzanares				1
2025-01-15	8	Francisco Montalvo Ramirez				1
2025-01-15	12	Yusti Ibarra Martínez				1
2025-01-15	25	Héctor Cruz Hernández				1
2025-01-15	41	Alejandro Reyes Galvez				1
2025-01-15	45	Juan Rodolfo García García				1
2025-01-15	48	Luis Ángel García Cruz				1
2025-01-15	54	Piedad Guadalupe Luria Luria				1
2025-01-15	55	Juan Manuel Sánchez Lugo				1
2025-01-15	57	Samuel Ulises Alcántara				1
2025-01-15	59	Gerardo Isai Lozano Davila				1
2025-01-15	60	Teresa Ramos Rodríguez				1
2025-01-15	62	Gilberto Gibran Solís Carrillo				1
2025-01-15	63	Magaly Estefanía Pérez García				1
2025-01-15	65	Edna Vázquez Fernández				1
2025-01-15	68	Jésus Montalvo Ramirez				1
2025-01-15	69	Zenón Luria Luria				1
2025-01-15	71	Angel Alemán				1
2025-01-15	75	Mateo Salazar				1
2025-01-15	76	Carlos Eduardo Manzanares				1
2025-01-16	25	Héctor Cruz Hernández				1
2025-01-16	41	Alejandro Reyes Galvez				1
2025-01-16	45	Juan Rodolfo García García				1
2025-01-16	48	Luis Ángel García Cruz				1
2025-01-16	54	Piedad Guadalupe Luria Luria				1
2025-01-16	55	Juan Manuel Sánchez Lugo				1
2025-01-16	57	Samuel Ulises Alcántara				1
2025-01-16	59	Gerardo Isai Lozano Davila				1
2025-01-16	60	Teresa Ramos Rodríguez				1
2025-01-16	62	Gilberto Gibran Solís Carrillo				1
2025-01-16	65	Edna Vázquez Fernández				1
2025-01-16	68	Jésus Montalvo Ramirez				1
2025-01-16	69	Zenón Luria Luria				1
2025-01-16	71	Angel Alemán				1
2025-01-16	75	Mateo Salazar				1
2025-01-16	76	Carlos Eduardo Manzanares				1
2025-01-17	8	Francisco Montalvo Ramirez				2
2025-01-17	12	Yusti Ibarra Martínez				1
2025-01-17	25	Héctor Cruz Hernández				1
2025-01-17	41	Alejandro Reyes Galvez				1
2025-01-17	45	Juan Rodolfo García García				1
2025-01-17	54	Piedad Guadalupe Luria Luria				1
2025-01-17	55	Juan Manuel Sánchez Lugo				1
2025-01-17	57	Samuel Ulises Alcántara				1
2025-01-17	59	Gerardo Isai Lozano Davila				1
2025-01-17	60	Teresa Ramos Rodríguez				1
2025-01-17	62	Gilberto Gibran Solís Carrillo				1
2025-01-17	63	Magaly Estefanía Pérez García				1
2025-01-17	65	Edna Vázquez Fernández				1
2025-01-17	68	Jésus Montalvo Ramirez				1
2025-01-17	69	Zenón Luria Luria				1
2025-01-17	71	Angel Alemán				1
2025-01-17	75	Mateo Salazar				1
2025-01-17	76	Carlos Eduardo Manzanares				1
2025-01-20	8	Francisco Montalvo Ramirez				1
2025-01-20	12	Yusti Ibarra Martínez				1
2025-01-20	25	Héctor Cruz Hernández				1
2025-01-20	45	Juan Rodolfo García García				1
2025-01-20	48	Luis Ángel García Cruz				1
2025-01-20	54	Piedad Guadalupe Luria Luria				1
2025-01-20	55	Juan Manuel Sánchez Lugo				1
2025-01-20	57	Samuel Ulises Alcántara				1
2025-01-20	59	Gerardo Isai Lozano Davila				1
2025-01-20	60	Teresa Ramos Rodríguez				1
2025-01-20	62	Gilberto Gibran Solís Carrillo				1
2025-01-20	63	Magaly Estefanía Pérez García				1
2025-01-20	65	Edna Vázquez Fernández				1
2025-01-20	68	Jésus Montalvo Ramirez				1
2025-01-20	71	Angel Alemán				1
2025-01-20	75	Mateo Salazar				1
2025-01-21	12	Yusti Ibarra Martínez				1
2025-01-21	25	Héctor Cruz Hernández				1
2025-01-21	48	Luis Ángel García Cruz				1
2025-01-21	54	Piedad Guadalupe Luria Luria				1
2025-01-21	55	Juan Manuel Sánchez Lugo				1
2025-01-21	57	Samuel Ulises Alcántara				1
2025-01-21	59	Gerardo Isai Lozano Davila				1
2025-01-21	60	Teresa Ramos Rodríguez				1
2025-01-21	62	Gilberto Gibran Solís Carrillo				1
2025-01-21	63	Magaly Estefanía Pérez García				1
2025-01-21	65	Edna Vázquez Fernández				1
2025-01-21	68	Jésus Montalvo Ramirez				1
2025-01-21	69	Zenón Luria Luria				1
2025-01-21	71	Angel Alemán				1
2025-01-21	75	Mateo Salazar				1
2025-01-21	76	Carlos Eduardo Manzanares				1
2025-01-22	8	Francisco Montalvo Ramirez				1
2025-01-22	12	Yusti Ibarra Martínez				1
2025-01-22	25	Héctor Cruz Hernández				1
2025-01-22	45	Juan Rodolfo García García				1
2025-01-22	48	Luis Ángel García Cruz				1
2025-01-22	54	Piedad Guadalupe Luria Luria				1
2025-01-22	55	Juan Manuel Sánchez Lugo				1
2025-01-22	57	Samuel Ulises Alcántara				1
2025-01-22	59	Gerardo Isai Lozano Davila				1
2025-01-22	60	Teresa Ramos Rodríguez				1
2025-01-22	62	Gilberto Gibran Solís Carrillo				1
2025-01-22	63	Magaly Estefanía Pérez García				1
2025-01-22	65	Edna Vázquez Fernández				1
2025-01-22	68	Jésus Montalvo Ramirez				1
2025-01-22	69	Zenón Luria Luria				1
2025-01-22	71	Angel Alemán				1
2025-01-22	75	Mateo Salazar				1
2025-01-22	76	Carlos Eduardo Manzanares				1
2025-01-23	12	Yusti Ibarra Martínez				1
2025-01-23	25	Héctor Cruz Hernández				1
2025-01-23	45	Juan Rodolfo García García				1
2025-01-23	48	Luis Ángel García Cruz				1
2025-01-23	54	Piedad Guadalupe Luria Luria				1
2025-01-23	55	Juan Manuel Sánchez Lugo				1
2025-01-23	57	Samuel Ulises Alcántara				1
2025-01-23	59	Gerardo Isai Lozano Davila				1
2025-01-23	60	Teresa Ramos Rodríguez				1
2025-01-23	62	Gilberto Gibran Solís Carrillo				1
2025-01-23	63	Magaly Estefanía Pérez García				1
2025-01-23	65	Edna Vázquez Fernández				1
2025-01-23	68	Jésus Montalvo Ramirez				1
2025-01-23	69	Zenón Luria Luria				1
2025-01-23	71	Angel Alemán				1
2025-01-23	75	Mateo Salazar				1
2025-01-23	76	Carlos Eduardo Manzanares				1
2025-01-24	8	Francisco Montalvo Ramirez				1
2025-01-24	12	Yusti Ibarra Martínez				1
2025-01-24	25	Héctor Cruz Hernández				1
2025-01-24	45	Juan Rodolfo García García				1
2025-01-24	47	Bethania Ferrofino				1
2025-01-24	48	Luis Ángel García Cruz				1
2025-01-24	54	Piedad Guadalupe Luria Luria				1
2025-01-24	55	Juan Manuel Sánchez Lugo				1
2025-01-24	57	Samuel Ulises Alcántara				1
2025-01-24	59	Gerardo Isai Lozano Davila				1
2025-01-24	60	Teresa Ramos Rodríguez				1
2025-01-24	62	Gilberto Gibran Solís Carrillo				1
2025-01-24	63	Magaly Estefanía Pérez García				1
2025-01-24	65	Edna Vázquez Fernández				1
2025-01-24	68	Jésus Montalvo Ramirez				1
2025-01-24	71	Angel Alemán				1
2025-01-24	75	Mateo Salazar				1
2025-01-24	76	Carlos Eduardo Manzanares				1
2025-01-25	45	Juan Rodolfo García García				1
2025-01-25	54	Piedad Guadalupe Luria Luria				1
2025-01-25	57	Samuel Ulises Alcántara				1
2025-01-25	76	Carlos Eduardo Manzanares				1
2025-01-27	6	Leonel Cruz Cristobal				1
2025-01-27	8	Francisco Montalvo Ramirez				1
2025-01-27	12	Yusti Ibarra Martínez				1
2025-01-27	25	Héctor Cruz Hernández				1
2025-01-27	41	Alejandro Reyes Galvez				1
2025-01-27	45	Juan Rodolfo García García				1
2025-01-27	47	Bethania Ferrofino				1
2025-01-27	48	Luis Ángel García Cruz				1
2025-01-27	54	Piedad Guadalupe Luria Luria				1
2025-01-27	55	Juan Manuel Sánchez Lugo				1
2025-01-27	59	Gerardo Isai Lozano Davila				1
2025-01-27	60	Teresa Ramos Rodríguez				1
2025-01-27	62	Gilberto Gibran Solís Carrillo				1
2025-01-27	63	Magaly Estefanía Pérez García				1
2025-01-27	65	Edna Vázquez Fernández				1
2025-01-27	68	Jésus Montalvo Ramirez				1
2025-01-27	69	Zenón Luria Luria				1
2025-01-27	75	Mateo Salazar				1
2025-01-28	6	Leonel Cruz Cristobal				1
2025-01-28	8	Francisco Montalvo Ramirez				1
2025-01-28	12	Yusti Ibarra Martínez				1
2025-01-28	25	Héctor Cruz Hernández				1
2025-01-28	41	Alejandro Reyes Galvez				1
2025-01-28	45	Juan Rodolfo García García				1
2025-01-28	47	Bethania Ferrofino				1
2025-01-28	48	Luis Ángel García Cruz				1
2025-01-28	54	Piedad Guadalupe Luria Luria				1
2025-01-28	55	Juan Manuel Sánchez Lugo				1
2025-01-28	57	Samuel Ulises Alcántara				1
2025-01-28	59	Gerardo Isai Lozano Davila				1
2025-01-28	60	Teresa Ramos Rodríguez				1
2025-01-28	62	Gilberto Gibran Solís Carrillo				1
2025-01-28	63	Magaly Estefanía Pérez García				1
2025-01-28	65	Edna Vázquez Fernández				1
2025-01-28	68	Jésus Montalvo Ramirez				1
2025-01-28	75	Mateo Salazar				1
2025-01-28	76	Carlos Eduardo Manzanares				1
2025-01-29	6	Leonel Cruz Cristobal				1
2025-01-29	8	Francisco Montalvo Ramirez				1
2025-01-29	12	Yusti Ibarra Martínez				1
2025-01-29	25	Héctor Cruz Hernández				1
2025-01-29	41	Alejandro Reyes Galvez				1
2025-01-29	45	Juan Rodolfo García García				1
2025-01-29	47	Bethania Ferrofino				1
2025-01-29	48	Luis Ángel García Cruz				1
2025-01-29	54	Piedad Guadalupe Luria Luria				1
2025-01-29	55	Juan Manuel Sánchez Lugo				1
2025-01-29	57	Samuel Ulises Alcántara				1
2025-01-29	59	Gerardo Isai Lozano Davila				1
2025-01-29	60	Teresa Ramos Rodríguez				1
2025-01-29	62	Gilberto Gibran Solís Carrillo				1
2025-01-29	63	Magaly Estefanía Pérez García				1
2025-01-29	65	Edna Vázquez Fernández				1
2025-01-29	68	Jésus Montalvo Ramirez				1
2025-01-29	75	Mateo Salazar				1
2025-01-29	76	Carlos Eduardo Manzanares				1
2025-01-30	6	Leonel Cruz Cristobal				1
2025-01-30	8	Francisco Montalvo Ramirez				1
2025-01-30	12	Yusti Ibarra Martínez				1
2025-01-30	25	Héctor Cruz Hernández				1
2025-01-30	41	Alejandro Reyes Galvez				1
2025-01-30	45	Juan Rodolfo García García				1
2025-01-30	47	Bethania Ferrofino				1
2025-01-30	54	Piedad Guadalupe Luria Luria				1
2025-01-30	55	Juan Manuel Sánchez Lugo				1
2025-01-30	57	Samuel Ulises Alcántara				1
2025-01-30	59	Gerardo Isai Lozano Davila				1
2025-01-30	60	Teresa Ramos Rodríguez				1
2025-01-30	62	Gilberto Gibran Solís Carrillo				1
2025-01-30	63	Magaly Estefanía Pérez García				1
2025-01-30	65	Edna Vázquez Fernández				1
2025-01-30	68	Jésus Montalvo Ramirez				1
2025-01-30	75	Mateo Salazar				1
2025-01-30	76	Carlos Eduardo Manzanares				1
2025-01-31	6	Leonel Cruz Cristobal				1
2025-01-31	8	Francisco Montalvo Ramirez				1
2025-01-31	25	Héctor Cruz Hernández				1
2025-01-31	41	Alejandro Reyes Galvez				1
2025-01-31	47	Bethania Ferrofino				1
2025-01-31	48	Luis Ángel García Cruz				1
2025-01-31	54	Piedad Guadalupe Luria Luria				1
2025-01-31	55	Juan Manuel Sánchez Lugo				1
2025-01-31	57	Samuel Ulises Alcántara				1
2025-01-31	59	Gerardo Isai Lozano Davila				1
2025-01-31	60	Teresa Ramos Rodríguez				1
2025-01-31	62	Gilberto Gibran Solís Carrillo				1
2025-01-31	63	Magaly Estefanía Pérez García				1
2025-01-31	65	Edna Vázquez Fernández				1
2025-01-31	68	Jésus Montalvo Ramirez				1
2025-01-31	75	Mateo Salazar				1
2025-01-31	76	Carlos Eduardo Manzanares				1
2025-02-03	54	Piedad Guadalupe Luria Luria				1
2025-02-03	57	Samuel Ulises Alcántara				1
2025-02-03	76	Carlos Eduardo Manzanares				1
2025-02-04	6	Leonel Cruz Cristobal				1
2025-02-04	8	Francisco Montalvo Ramirez				1
2025-02-04	12	Yusti Ibarra Martínez				1
2025-02-04	25	Héctor Cruz Hernández				1
2025-02-04	41	Alejandro Reyes Galvez				1
2025-02-04	45	Juan Rodolfo García García				1
2025-02-04	47	Bethania Ferrofino				1
2025-02-04	48	Luis Ángel García Cruz				1
2025-02-04	54	Piedad Guadalupe Luria Luria				1
2025-02-04	55	Juan Manuel Sánchez Lugo				1
2025-02-04	57	Samuel Ulises Alcántara				1
2025-02-04	59	Gerardo Isai Lozano Davila				1
2025-02-04	62	Gilberto Gibran Solís Carrillo				1
2025-02-04	63	Magaly Estefanía Pérez García				1
2025-02-04	65	Edna Vázquez Fernández				1
2025-02-04	68	Jésus Montalvo Ramirez				1
2025-02-04	71	Angel Alemán				1
2025-02-04	75	Mateo Salazar				1
2025-02-04	76	Carlos Eduardo Manzanares				1
2025-02-05	6	Leonel Cruz Cristobal				1
2025-02-05	8	Francisco Montalvo Ramirez				1
2025-02-05	12	Yusti Ibarra Martínez				1
2025-02-05	25	Héctor Cruz Hernández				1
2025-02-05	41	Alejandro Reyes Galvez				1
2025-02-05	45	Juan Rodolfo García García				1
2025-02-05	47	Bethania Ferrofino				1
2025-02-05	54	Piedad Guadalupe Luria Luria				1
2025-02-05	55	Juan Manuel Sánchez Lugo				1
2025-02-05	57	Samuel Ulises Alcántara				1
2025-02-05	59	Gerardo Isai Lozano Davila				1
2025-02-05	60	Teresa Ramos Rodríguez				1
2025-02-05	62	Gilberto Gibran Solís Carrillo				1
2025-02-05	63	Magaly Estefanía Pérez García				1
2025-02-05	65	Edna Vázquez Fernández				1
2025-02-05	68	Jésus Montalvo Ramirez				1
2025-02-05	71	Angel Alemán				1
2025-02-05	75	Mateo Salazar				1
2025-02-05	76	Carlos Eduardo Manzanares				1
2025-02-06	6	Leonel Cruz Cristobal				1
2025-02-06	8	Francisco Montalvo Ramirez				1
2025-02-06	12	Yusti Ibarra Martínez				1
2025-02-06	25	Héctor Cruz Hernández				1
2025-02-06	41	Alejandro Reyes Galvez				1
2025-02-06	45	Juan Rodolfo García García				1
2025-02-06	47	Bethania Ferrofino				1
2025-02-06	54	Piedad Guadalupe Luria Luria				1
2025-02-06	55	Juan Manuel Sánchez Lugo				1
2025-02-06	57	Samuel Ulises Alcántara				1
2025-02-06	59	Gerardo Isai Lozano Davila				1
2025-02-06	60	Teresa Ramos Rodríguez				1
2025-02-06	62	Gilberto Gibran Solís Carrillo				1
2025-02-06	63	Magaly Estefanía Pérez García				1
2025-02-06	65	Edna Vázquez Fernández				1
2025-02-06	68	Jésus Montalvo Ramirez				1
2025-02-06	71	Angel Alemán				1
2025-02-06	75	Mateo Salazar				1
2025-02-06	76	Carlos Eduardo Manzanares				1
2025-02-07	6	Leonel Cruz Cristobal				1
2025-02-07	8	Francisco Montalvo Ramirez				1
2025-02-07	12	Yusti Ibarra Martínez				1
2025-02-07	25	Héctor Cruz Hernández				1
2025-02-07	41	Alejandro Reyes Galvez				1
2025-02-07	45	Juan Rodolfo García García				1
2025-02-07	47	Bethania Ferrofino				1
2025-02-07	48	Luis Ángel García Cruz				1
2025-02-07	54	Piedad Guadalupe Luria Luria				1
2025-02-07	55	Juan Manuel Sánchez Lugo				1
2025-02-07	57	Samuel Ulises Alcántara				1
2025-02-07	59	Gerardo Isai Lozano Davila				1
2025-02-07	60	Teresa Ramos Rodríguez				1
2025-02-07	62	Gilberto Gibran Solís Carrillo				1
2025-02-07	63	Magaly Estefanía Pérez García				1
2025-02-07	68	Jésus Montalvo Ramirez				1
2025-02-07	71	Angel Alemán				1
2025-02-07	75	Mateo Salazar				1
2025-02-10	6	Leonel Cruz Cristobal				1
2025-02-10	8	Francisco Montalvo Ramirez				1
2025-02-10	12	Yusti Ibarra Martínez				1
2025-02-10	25	Héctor Cruz Hernández				1
2025-02-10	41	Alejandro Reyes Galvez				1
2025-02-10	45	Juan Rodolfo García García				1
2025-02-10	47	Bethania Ferrofino				1
2025-02-10	48	Luis Ángel García Cruz				1
2025-02-10	54	Piedad Guadalupe Luria Luria				1
2025-02-10	55	Juan Manuel Sánchez Lugo				1
2025-02-10	59	Gerardo Isai Lozano Davila				1
2025-02-10	60	Teresa Ramos Rodríguez				1
2025-02-10	62	Gilberto Gibran Solís Carrillo				1
2025-02-10	63	Magaly Estefanía Pérez García				1
2025-02-10	65	Edna Vázquez Fernández				1
2025-02-10	68	Jésus Montalvo Ramirez				1
2025-02-10	71	Angel Alemán				1
2025-02-10	75	Mateo Salazar				1
2025-02-11	6	Leonel Cruz Cristobal				1
2025-02-11	8	Francisco Montalvo Ramirez				1
2025-02-11	12	Yusti Ibarra Martínez				1
2025-02-11	25	Héctor Cruz Hernández				1
2025-02-11	41	Alejandro Reyes Galvez				1
2025-02-11	45	Juan Rodolfo García García				1
2025-02-11	47	Bethania Ferrofino				1
2025-02-11	48	Luis Ángel García Cruz				1
2025-02-11	54	Piedad Guadalupe Luria Luria				1
2025-02-11	55	Juan Manuel Sánchez Lugo				1
2025-02-11	57	Samuel Ulises Alcántara				1
2025-02-11	59	Gerardo Isai Lozano Davila				1
2025-02-11	60	Teresa Ramos Rodríguez				1
2025-02-11	62	Gilberto Gibran Solís Carrillo				1
2025-02-11	63	Magaly Estefanía Pérez García				1
2025-02-11	65	Edna Vázquez Fernández				1
2025-02-11	68	Jésus Montalvo Ramirez				1
2025-02-11	71	Angel Alemán				1
2025-02-11	75	Mateo Salazar				1
2025-02-11	76	Carlos Eduardo Manzanares				1
2025-02-12	6	Leonel Cruz Cristobal				1
2025-02-12	8	Francisco Montalvo Ramirez				1
2025-02-12	12	Yusti Ibarra Martínez				1
2025-02-12	25	Héctor Cruz Hernández				1
2025-02-12	41	Alejandro Reyes Galvez				1
2025-02-12	45	Juan Rodolfo García García				1
2025-02-12	47	Bethania Ferrofino				1
2025-02-12	48	Luis Ángel García Cruz				1
2025-02-12	54	Piedad Guadalupe Luria Luria				1
2025-02-12	55	Juan Manuel Sánchez Lugo				1
2025-02-12	57	Samuel Ulises Alcántara				1
2025-02-12	59	Gerardo Isai Lozano Davila				1
2025-02-12	60	Teresa Ramos Rodríguez				1
2025-02-12	62	Gilberto Gibran Solís Carrillo				1
2025-02-12	63	Magaly Estefanía Pérez García				1
2025-02-12	65	Edna Vázquez Fernández				1
2025-02-12	68	Jésus Montalvo Ramirez				1
2025-02-12	71	Angel Alemán				1
2025-02-12	75	Mateo Salazar				1
2025-02-12	76	Carlos Eduardo Manzanares				1
2025-02-13	6	Leonel Cruz Cristobal				1
2025-02-13	8	Francisco Montalvo Ramirez				1
2025-02-13	12	Yusti Ibarra Martínez				1
2025-02-13	25	Héctor Cruz Hernández				1
2025-02-13	41	Alejandro Reyes Galvez				1
2025-02-13	47	Bethania Ferrofino				1
2025-02-13	48	Luis Ángel García Cruz				1
2025-02-13	54	Piedad Guadalupe Luria Luria				1
2025-02-13	55	Juan Manuel Sánchez Lugo				1
2025-02-13	57	Samuel Ulises Alcántara				1
2025-02-13	59	Gerardo Isai Lozano Davila				1
2025-02-13	60	Teresa Ramos Rodríguez				1
2025-02-13	62	Gilberto Gibran Solís Carrillo				1
2025-02-13	63	Magaly Estefanía Pérez García				1
2025-02-13	65	Edna Vázquez Fernández				1
2025-02-13	68	Jésus Montalvo Ramirez				1
2025-02-13	71	Angel Alemán				1
2025-02-13	75	Mateo Salazar				1
2025-02-13	76	Carlos Eduardo Manzanares				1
2025-02-14	6	Leonel Cruz Cristobal				1
2025-02-14	8	Francisco Montalvo Ramirez				1
2025-02-14	12	Yusti Ibarra Martínez				1
2025-02-14	25	Héctor Cruz Hernández				1
2025-02-14	41	Alejandro Reyes Galvez				1
2025-02-14	45	Juan Rodolfo García García				1
2025-02-14	47	Bethania Ferrofino				1
2025-02-14	48	Luis Ángel García Cruz				1
2025-02-14	54	Piedad Guadalupe Luria Luria				1
2025-02-14	55	Juan Manuel Sánchez Lugo				1
2025-02-14	57	Samuel Ulises Alcántara				1
2025-02-14	59	Gerardo Isai Lozano Davila				1
2025-02-14	60	Teresa Ramos Rodríguez				1
2025-02-14	62	Gilberto Gibran Solís Carrillo				1
2025-02-14	63	Magaly Estefanía Pérez García				1
2025-02-14	65	Edna Vázquez Fernández				1
2025-02-14	68	Jésus Montalvo Ramirez				1
2025-02-14	71	Angel Alemán				1
2025-02-14	75	Mateo Salazar				1
2025-02-17	6	Leonel Cruz Cristobal				1
2025-02-17	8	Francisco Montalvo Ramirez				1
2025-02-17	12	Yusti Ibarra Martínez				1
2025-02-17	25	Héctor Cruz Hernández				1
2025-02-17	41	Alejandro Reyes Galvez				1
2025-02-17	45	Juan Rodolfo García García				1
2025-02-17	47	Bethania Ferrofino				1
2025-02-17	54	Piedad Guadalupe Luria Luria				1
2025-02-17	55	Juan Manuel Sánchez Lugo				1
2025-02-17	57	Samuel Ulises Alcántara				1
2025-02-17	59	Gerardo Isai Lozano Davila				1
2025-02-17	60	Teresa Ramos Rodríguez				1
2025-02-17	62	Gilberto Gibran Solís Carrillo				1
2025-02-17	63	Magaly Estefanía Pérez García				1
2025-02-17	65	Edna Vázquez Fernández				1
2025-02-17	68	Jésus Montalvo Ramirez				1
2025-02-17	69	Zenón Luria Luria				1
2025-02-17	71	Angel Alemán				1
2025-02-17	75	Mateo Salazar				1
2025-02-17	76	Carlos Eduardo Manzanares				1
2025-02-17	78	Aldo Jesús Méndez Garza				1
2025-02-18	6	Leonel Cruz Cristobal				1
2025-02-18	8	Francisco Montalvo Ramirez				1
2025-02-18	12	Yusti Ibarra Martínez				1
2025-02-18	25	Héctor Cruz Hernández				1
2025-02-18	41	Alejandro Reyes Galvez				1
2025-02-18	45	Juan Rodolfo García García				1
2025-02-18	47	Bethania Ferrofino				1
2025-02-18	48	Luis Ángel García Cruz				1
2025-02-18	54	Piedad Guadalupe Luria Luria				1
2025-02-18	55	Juan Manuel Sánchez Lugo				1
2025-02-18	57	Samuel Ulises Alcántara				1
2025-02-18	59	Gerardo Isai Lozano Davila				1
2025-02-18	60	Teresa Ramos Rodríguez				1
2025-02-18	62	Gilberto Gibran Solís Carrillo				1
2025-02-18	63	Magaly Estefanía Pérez García				1
2025-02-18	65	Edna Vázquez Fernández				1
2025-02-18	68	Jésus Montalvo Ramirez				1
2025-02-18	69	Zenón Luria Luria				1
2025-02-18	71	Angel Alemán				1
2025-02-18	75	Mateo Salazar				1
2025-02-18	76	Carlos Eduardo Manzanares				1
2025-02-18	78	Aldo Jesús Méndez Garza				1
2025-02-19	6	Leonel Cruz Cristobal				1
2025-02-19	8	Francisco Montalvo Ramirez				1
2025-02-19	12	Yusti Ibarra Martínez				1
2025-02-19	25	Héctor Cruz Hernández				1
2025-02-19	41	Alejandro Reyes Galvez				1
2025-02-19	45	Juan Rodolfo García García				1
2025-02-19	47	Bethania Ferrofino				1
2025-02-19	48	Luis Ángel García Cruz				1
2025-02-19	54	Piedad Guadalupe Luria Luria				1
2025-02-19	55	Juan Manuel Sánchez Lugo				1
2025-02-19	57	Samuel Ulises Alcántara				1
2025-02-19	59	Gerardo Isai Lozano Davila				1
2025-02-19	60	Teresa Ramos Rodríguez				1
2025-02-19	62	Gilberto Gibran Solís Carrillo				1
2025-02-19	63	Magaly Estefanía Pérez García				1
2025-02-19	65	Edna Vázquez Fernández				1
2025-02-19	68	Jésus Montalvo Ramirez				1
2025-02-19	69	Zenón Luria Luria				1
2025-02-19	71	Angel Alemán				1
2025-02-19	75	Mateo Salazar				1
2025-02-19	76	Carlos Eduardo Manzanares				1
2025-02-19	78	Aldo Jesús Méndez Garza				1
2025-02-20	6	Leonel Cruz Cristobal				1
2025-02-20	8	Francisco Montalvo Ramirez				1
2025-02-20	12	Yusti Ibarra Martínez				1
2025-02-20	25	Héctor Cruz Hernández				1
2025-02-20	41	Alejandro Reyes Galvez				1
2025-02-20	45	Juan Rodolfo García García				1
2025-02-20	47	Bethania Ferrofino				1
2025-02-20	48	Luis Ángel García Cruz				1
2025-02-20	54	Piedad Guadalupe Luria Luria				1
2025-02-20	55	Juan Manuel Sánchez Lugo				1
2025-02-20	57	Samuel Ulises Alcántara				1
2025-02-20	59	Gerardo Isai Lozano Davila				1
2025-02-20	60	Teresa Ramos Rodríguez				1
2025-02-20	62	Gilberto Gibran Solís Carrillo				1
2025-02-20	63	Magaly Estefanía Pérez García				1
2025-02-20	65	Edna Vázquez Fernández				1
2025-02-20	68	Jésus Montalvo Ramirez				1
2025-02-20	69	Zenón Luria Luria				1
2025-02-20	71	Angel Alemán				1
2025-02-20	75	Mateo Salazar				1
2025-02-20	76	Carlos Eduardo Manzanares				1
2025-02-20	78	Aldo Jesús Méndez Garza				1
2025-02-21	6	Leonel Cruz Cristobal				1
2025-02-21	8	Francisco Montalvo Ramirez				1
2025-02-21	12	Yusti Ibarra Martínez				1
2025-02-21	41	Alejandro Reyes Galvez				1
2025-02-21	45	Juan Rodolfo García García				1
2025-02-21	47	Bethania Ferrofino				1
2025-02-21	48	Luis Ángel García Cruz				1
2025-02-21	54	Piedad Guadalupe Luria Luria				1
2025-02-21	55	Juan Manuel Sánchez Lugo				1
2025-02-21	57	Samuel Ulises Alcántara				1
2025-02-21	59	Gerardo Isai Lozano Davila				2
2025-02-21	60	Teresa Ramos Rodríguez				1
2025-02-21	62	Gilberto Gibran Solís Carrillo				1
2025-02-21	63	Magaly Estefanía Pérez García				1
2025-02-21	65	Edna Vázquez Fernández				1
2025-02-21	68	Jésus Montalvo Ramirez				1
2025-02-21	69	Zenón Luria Luria				1
2025-02-21	71	Angel Alemán				1
2025-02-21	75	Mateo Salazar				1
2025-02-21	76	Carlos Eduardo Manzanares				1
2025-02-21	78	Aldo Jesús Méndez Garza				1
2025-02-22	54	Piedad Guadalupe Luria Luria				1
2025-02-22	57	Samuel Ulises Alcántara				1
2025-02-22	62	Gilberto Gibran Solís Carrillo				1
2025-02-24	6	Leonel Cruz Cristobal				1
2025-02-24	8	Francisco Montalvo Ramirez				1
2025-02-24	12	Yusti Ibarra Martínez				1
2025-02-24	25	Héctor Cruz Hernández				1
2025-02-24	45	Juan Rodolfo García García				1
2025-02-24	47	Bethania Ferrofino				1
2025-02-24	48	Luis Ángel García Cruz				1
2025-02-24	54	Piedad Guadalupe Luria Luria				1
2025-02-24	55	Juan Manuel Sánchez Lugo				1
2025-02-24	57	Samuel Ulises Alcántara				1
2025-02-24	59	Gerardo Isai Lozano Davila				1
2025-02-24	60	Teresa Ramos Rodríguez				1
2025-02-24	62	Gilberto Gibran Solís Carrillo				1
2025-02-24	63	Magaly Estefanía Pérez García				1
2025-02-24	65	Edna Vázquez Fernández				1
2025-02-24	68	Jésus Montalvo Ramirez				1
2025-02-24	69	Zenón Luria Luria				1
2025-02-24	71	Angel Alemán				1
2025-02-24	75	Mateo Salazar				1
2025-02-24	76	Carlos Eduardo Manzanares				1
2025-02-24	78	Aldo Jesús Méndez Garza				1
2025-02-25	6	Leonel Cruz Cristobal				1
2025-02-25	8	Francisco Montalvo Ramirez				1
2025-02-25	12	Yusti Ibarra Martínez				1
2025-02-25	25	Héctor Cruz Hernández				1
2025-02-25	47	Bethania Ferrofino				1
2025-02-25	48	Luis Ángel García Cruz				1
2025-02-25	54	Piedad Guadalupe Luria Luria				1
2025-02-25	55	Juan Manuel Sánchez Lugo				1
2025-02-25	57	Samuel Ulises Alcántara				1
2025-02-25	59	Gerardo Isai Lozano Davila				1
2025-02-25	60	Teresa Ramos Rodríguez				1
2025-02-25	62	Gilberto Gibran Solís Carrillo				1
2025-02-25	63	Magaly Estefanía Pérez García				1
2025-02-25	65	Edna Vázquez Fernández				1
2025-02-25	68	Jésus Montalvo Ramirez				1
2025-02-25	69	Zenón Luria Luria				1
2025-02-25	71	Angel Alemán				1
2025-02-25	75	Mateo Salazar				1
2025-02-25	76	Carlos Eduardo Manzanares				1
2025-02-25	78	Aldo Jesús Méndez Garza				1
2025-02-26	8	Francisco Montalvo Ramirez				1
2025-02-26	12	Yusti Ibarra Martínez				1
2025-02-26	25	Héctor Cruz Hernández				1
2025-02-26	45	Juan Rodolfo García García				1
2025-02-26	48	Luis Ángel García Cruz				1
2025-02-26	54	Piedad Guadalupe Luria Luria				1
2025-02-26	55	Juan Manuel Sánchez Lugo				1
2025-02-26	57	Samuel Ulises Alcántara				1
2025-02-26	59	Gerardo Isai Lozano Davila				1
2025-02-26	60	Teresa Ramos Rodríguez				1
2025-02-26	62	Gilberto Gibran Solís Carrillo				1
2025-02-26	63	Magaly Estefanía Pérez García				1
2025-02-26	65	Edna Vázquez Fernández				1
2025-02-26	68	Jésus Montalvo Ramirez				1
2025-02-26	69	Zenón Luria Luria				1
2025-02-26	71	Angel Alemán				1
2025-02-26	75	Mateo Salazar				1
2025-02-26	76	Carlos Eduardo Manzanares				1
2025-02-26	78	Aldo Jesús Méndez Garza				1
2025-02-27	6	Leonel Cruz Cristobal				1
2025-02-27	8	Francisco Montalvo Ramirez				1
2025-02-27	12	Yusti Ibarra Martínez				1
2025-02-27	25	Héctor Cruz Hernández				1
2025-02-27	45	Juan Rodolfo García García				1
2025-02-27	48	Luis Ángel García Cruz				1
2025-02-27	54	Piedad Guadalupe Luria Luria				1
2025-02-27	55	Juan Manuel Sánchez Lugo				1
2025-02-27	57	Samuel Ulises Alcántara				1
2025-02-27	59	Gerardo Isai Lozano Davila				1
2025-02-27	60	Teresa Ramos Rodríguez				1
2025-02-27	62	Gilberto Gibran Solís Carrillo				1
2025-02-27	63	Magaly Estefanía Pérez García				1
2025-02-27	65	Edna Vázquez Fernández				1
2025-02-27	68	Jésus Montalvo Ramirez				1
2025-02-27	69	Zenón Luria Luria				1
2025-02-27	71	Angel Alemán				1
2025-02-27	75	Mateo Salazar				1
2025-02-27	76	Carlos Eduardo Manzanares				1
2025-02-27	78	Aldo Jesús Méndez Garza				1
2025-02-28	6	Leonel Cruz Cristobal				1
2025-02-28	8	Francisco Montalvo Ramirez				1
2025-02-28	12	Yusti Ibarra Martínez				1
2025-02-28	25	Héctor Cruz Hernández				1
2025-02-28	45	Juan Rodolfo García García				1
2025-02-28	48	Luis Ángel García Cruz				1
2025-02-28	54	Piedad Guadalupe Luria Luria				1
2025-02-28	55	Juan Manuel Sánchez Lugo				1
2025-02-28	57	Samuel Ulises Alcántara				1
2025-02-28	59	Gerardo Isai Lozano Davila				1
2025-02-28	60	Teresa Ramos Rodríguez				1
2025-02-28	62	Gilberto Gibran Solís Carrillo				1
2025-02-28	63	Magaly Estefanía Pérez García				2
2025-02-28	65	Edna Vázquez Fernández				1
2025-02-28	68	Jésus Montalvo Ramirez				1
2025-02-28	69	Zenón Luria Luria				1
2025-02-28	71	Angel Alemán				1
2025-02-28	75	Mateo Salazar				1
2025-02-28	76	Carlos Eduardo Manzanares				1
2025-02-28	78	Aldo Jesús Méndez Garza				1
2025-03-03	6	Leonel Cruz Cristobal				1
2025-03-03	12	Yusti Ibarra Martínez				1
2025-03-03	25	Héctor Cruz Hernández				1
2025-03-03	48	Luis Ángel García Cruz				1
2025-03-03	54	Piedad Guadalupe Luria Luria				1
2025-03-03	55	Juan Manuel Sánchez Lugo				1
2025-03-03	57	Samuel Ulises Alcántara				1
2025-03-03	59	Gerardo Isai Lozano Davila				1
2025-03-03	60	Teresa Ramos Rodríguez				1
2025-03-03	62	Gilberto Gibran Solís Carrillo				1
2025-03-03	63	Magaly Estefanía Pérez García				1
2025-03-03	65	Edna Vázquez Fernández				1
2025-03-03	68	Jésus Montalvo Ramirez				1
2025-03-03	69	Zenón Luria Luria				1
2025-03-03	71	Angel Alemán				1
2025-03-03	75	Mateo Salazar				1
2025-03-03	76	Carlos Eduardo Manzanares				1
2025-03-03	78	Aldo Jesús Méndez Garza				1
2025-03-04	6	Leonel Cruz Cristobal				1
2025-03-04	8	Francisco Montalvo Ramirez				1
2025-03-04	12	Yusti Ibarra Martínez				1
2025-03-04	25	Héctor Cruz Hernández				1
2025-03-04	48	Luis Ángel García Cruz				1
2025-03-04	54	Piedad Guadalupe Luria Luria				1
2025-03-04	55	Juan Manuel Sánchez Lugo				1
2025-03-04	57	Samuel Ulises Alcántara				1
2025-03-04	59	Gerardo Isai Lozano Davila				1
2025-03-04	60	Teresa Ramos Rodríguez				1
2025-03-04	62	Gilberto Gibran Solís Carrillo				1
2025-03-04	63	Magaly Estefanía Pérez García				1
2025-03-04	68	Jésus Montalvo Ramirez				1
2025-03-04	69	Zenón Luria Luria				1
2025-03-04	71	Angel Alemán				1
2025-03-04	75	Mateo Salazar				1
2025-03-04	76	Carlos Eduardo Manzanares				1
2025-03-05	6	Leonel Cruz Cristobal				1
2025-03-05	8	Francisco Montalvo Ramirez				1
2025-03-05	12	Yusti Ibarra Martínez				1
2025-03-05	25	Héctor Cruz Hernández				1
2025-03-05	48	Luis Ángel García Cruz				1
2025-03-05	54	Piedad Guadalupe Luria Luria				1
2025-03-05	55	Juan Manuel Sánchez Lugo				1
2025-03-05	57	Samuel Ulises Alcántara				1
2025-03-05	59	Gerardo Isai Lozano Davila				1
2025-03-05	60	Teresa Ramos Rodríguez				1
2025-03-05	62	Gilberto Gibran Solís Carrillo				1
2025-03-05	63	Magaly Estefanía Pérez García				1
2025-03-05	65	Edna Vázquez Fernández				1
2025-03-05	68	Jésus Montalvo Ramirez				1
2025-03-05	69	Zenón Luria Luria				1
2025-03-05	71	Angel Alemán				1
2025-03-05	75	Mateo Salazar				1
2025-03-05	76	Carlos Eduardo Manzanares				1
2025-03-05	78	Aldo Jesús Méndez Garza				1
2025-03-06	6	Leonel Cruz Cristobal				1
2025-03-06	8	Francisco Montalvo Ramirez				1
2025-03-06	12	Yusti Ibarra Martínez				1
2025-03-06	25	Héctor Cruz Hernández				1
2025-03-06	48	Luis Ángel García Cruz				1
2025-03-06	54	Piedad Guadalupe Luria Luria				1
2025-03-06	55	Juan Manuel Sánchez Lugo				1
2025-03-06	57	Samuel Ulises Alcántara				1
2025-03-06	59	Gerardo Isai Lozano Davila				1
2025-03-06	60	Teresa Ramos Rodríguez				1
2025-03-06	62	Gilberto Gibran Solís Carrillo				1
2025-03-06	63	Magaly Estefanía Pérez García				1
2025-03-06	65	Edna Vázquez Fernández				1
2025-03-06	68	Jésus Montalvo Ramirez				1
2025-03-06	69	Zenón Luria Luria				1
2025-03-06	71	Angel Alemán				1
2025-03-06	75	Mateo Salazar				1
2025-03-06	76	Carlos Eduardo Manzanares				1
2025-03-06	78	Aldo Jesús Méndez Garza				1
2025-03-07	6	Leonel Cruz Cristobal				1
2025-03-07	12	Yusti Ibarra Martínez				1
2025-03-07	25	Héctor Cruz Hernández				1
2025-03-07	48	Luis Ángel García Cruz				1
2025-03-07	54	Piedad Guadalupe Luria Luria				1
2025-03-07	55	Juan Manuel Sánchez Lugo				1
2025-03-07	57	Samuel Ulises Alcántara				1
2025-03-07	59	Gerardo Isai Lozano Davila				1
2025-03-07	60	Teresa Ramos Rodríguez				1
2025-03-07	62	Gilberto Gibran Solís Carrillo				1
2025-03-07	63	Magaly Estefanía Pérez García				1
2025-03-07	65	Edna Vázquez Fernández				1
2025-03-07	68	Jésus Montalvo Ramirez				1
2025-03-07	69	Zenón Luria Luria				1
2025-03-07	71	Angel Alemán				1
2025-03-07	75	Mateo Salazar				1
2025-03-07	76	Carlos Eduardo Manzanares				1
2025-03-07	78	Aldo Jesús Méndez Garza				1
2025-03-08	57	Samuel Ulises Alcántara				1
2025-03-08	62	Gilberto Gibran Solís Carrillo				1
2025-03-08	75	Mateo Salazar				1
2025-03-08	76	Carlos Eduardo Manzanares				1
2025-03-10	6	Leonel Cruz Cristobal				1
2025-03-10	12	Yusti Ibarra Martínez				1
2025-03-10	25	Héctor Cruz Hernández				1
2025-03-10	48	Luis Ángel García Cruz				1
2025-03-10	54	Piedad Guadalupe Luria Luria				1
2025-03-10	55	Juan Manuel Sánchez Lugo				1
2025-03-10	57	Samuel Ulises Alcántara				1
2025-03-10	59	Gerardo Isai Lozano Davila				1
2025-03-10	60	Teresa Ramos Rodríguez				1
2025-03-10	62	Gilberto Gibran Solís Carrillo				1
2025-03-10	63	Magaly Estefanía Pérez García				1
2025-03-10	65	Edna Vázquez Fernández				1
2025-03-10	68	Jésus Montalvo Ramirez				1
2025-03-10	69	Zenón Luria Luria				1
2025-03-10	71	Angel Alemán				1
2025-03-10	75	Mateo Salazar				1
2025-03-10	76	Carlos Eduardo Manzanares				1
2025-03-10	78	Aldo Jesús Méndez Garza				1
2025-03-11	6	Leonel Cruz Cristobal				1
2025-03-11	12	Yusti Ibarra Martínez				1
2025-03-11	25	Héctor Cruz Hernández				1
2025-03-11	48	Luis Ángel García Cruz				1
2025-03-11	54	Piedad Guadalupe Luria Luria				1
2025-03-11	55	Juan Manuel Sánchez Lugo				1
2025-03-11	57	Samuel Ulises Alcántara				1
2025-03-11	59	Gerardo Isai Lozano Davila				1
2025-03-11	60	Teresa Ramos Rodríguez				1
2025-03-11	62	Gilberto Gibran Solís Carrillo				1
2025-03-11	63	Magaly Estefanía Pérez García				1
2025-03-11	65	Edna Vázquez Fernández				1
2025-03-11	68	Jésus Montalvo Ramirez				1
2025-03-11	69	Zenón Luria Luria				1
2025-03-11	71	Angel Alemán				1
2025-03-11	75	Mateo Salazar				1
2025-03-11	76	Carlos Eduardo Manzanares				1
2025-03-11	78	Aldo Jesús Méndez Garza				1
2025-03-12	6	Leonel Cruz Cristobal				1
2025-03-12	12	Yusti Ibarra Martínez				1
2025-03-12	25	Héctor Cruz Hernández				1
2025-03-12	48	Luis Ángel García Cruz				1
2025-03-12	54	Piedad Guadalupe Luria Luria				1
2025-03-12	55	Juan Manuel Sánchez Lugo				1
2025-03-12	57	Samuel Ulises Alcántara				1
2025-03-12	59	Gerardo Isai Lozano Davila				1
2025-03-12	60	Teresa Ramos Rodríguez				1
2025-03-12	62	Gilberto Gibran Solís Carrillo				1
2025-03-12	63	Magaly Estefanía Pérez García				1
2025-03-12	65	Edna Vázquez Fernández				1
2025-03-12	68	Jésus Montalvo Ramirez				1
2025-03-12	71	Angel Alemán				1
2025-03-12	75	Mateo Salazar				1
2025-03-12	76	Carlos Eduardo Manzanares				1
2025-03-12	78	Aldo Jesús Méndez Garza				1
2025-03-13	6	Leonel Cruz Cristobal				1
2025-03-13	12	Yusti Ibarra Martínez				1
2025-03-13	25	Héctor Cruz Hernández				1
2025-03-13	48	Luis Ángel García Cruz				1
2025-03-13	54	Piedad Guadalupe Luria Luria				1
2025-03-13	55	Juan Manuel Sánchez Lugo				1
2025-03-13	57	Samuel Ulises Alcántara				1
2025-03-13	59	Gerardo Isai Lozano Davila				1
2025-03-13	60	Teresa Ramos Rodríguez				1
2025-03-13	62	Gilberto Gibran Solís Carrillo				1
2025-03-13	63	Magaly Estefanía Pérez García				1
2025-03-13	65	Edna Vázquez Fernández				1
2025-03-13	68	Jésus Montalvo Ramirez				1
2025-03-13	69	Zenón Luria Luria				1
2025-03-13	71	Angel Alemán				1
2025-03-13	75	Mateo Salazar				1
2025-03-13	76	Carlos Eduardo Manzanares				1
2025-03-13	78	Aldo Jesús Méndez Garza				1
2025-03-14	6	Leonel Cruz Cristobal				1
2025-03-14	12	Yusti Ibarra Martínez				1
2025-03-14	25	Héctor Cruz Hernández				1
2025-03-14	48	Luis Ángel García Cruz				1
2025-03-14	54	Piedad Guadalupe Luria Luria				1
2025-03-14	55	Juan Manuel Sánchez Lugo				1
2025-03-14	57	Samuel Ulises Alcántara				1
2025-03-14	59	Gerardo Isai Lozano Davila				1
2025-03-14	60	Teresa Ramos Rodríguez				1
2025-03-14	62	Gilberto Gibran Solís Carrillo				1
2025-03-14	63	Magaly Estefanía Pérez García				1
2025-03-14	65	Edna Vázquez Fernández				1
2025-03-14	68	Jésus Montalvo Ramirez				1
2025-03-14	69	Zenón Luria Luria				1
2025-03-14	71	Angel Alemán				1
2025-03-14	76	Carlos Eduardo Manzanares				1
2025-03-14	78	Aldo Jesús Méndez Garza				1
2025-03-15	54	Piedad Guadalupe Luria Luria				1
2025-03-15	57	Samuel Ulises Alcántara				1
2025-03-18	6	Leonel Cruz Cristobal				1
2025-03-18	12	Yusti Ibarra Martínez				1
2025-03-18	25	Héctor Cruz Hernández				1
2025-03-18	48	Luis Ángel García Cruz				1
2025-03-18	54	Piedad Guadalupe Luria Luria				1
2025-03-18	55	Juan Manuel Sánchez Lugo				1
2025-03-18	57	Samuel Ulises Alcántara				1
2025-03-18	59	Gerardo Isai Lozano Davila				1
2025-03-18	60	Teresa Ramos Rodríguez				1
2025-03-18	62	Gilberto Gibran Solís Carrillo				1
2025-03-18	63	Magaly Estefanía Pérez García				1
2025-03-18	65	Edna Vázquez Fernández				1
2025-03-18	68	Jésus Montalvo Ramirez				1
2025-03-18	69	Zenón Luria Luria				1
2025-03-18	71	Angel Alemán				1
2025-03-18	75	Mateo Salazar				1
2025-03-18	76	Carlos Eduardo Manzanares				1
2025-03-18	78	Aldo Jesús Méndez Garza				1
2025-03-19	6	Leonel Cruz Cristobal				1
2025-03-19	12	Yusti Ibarra Martínez				1
2025-03-19	25	Héctor Cruz Hernández				1
2025-03-19	48	Luis Ángel García Cruz				1
2025-03-19	54	Piedad Guadalupe Luria Luria				1
2025-03-19	55	Juan Manuel Sánchez Lugo				1
2025-03-19	57	Samuel Ulises Alcántara				1
2025-03-19	59	Gerardo Isai Lozano Davila				1
2025-03-19	60	Teresa Ramos Rodríguez				1
2025-03-19	62	Gilberto Gibran Solís Carrillo				2
2025-03-19	63	Magaly Estefanía Pérez García				1
2025-03-19	65	Edna Vázquez Fernández				1
2025-03-19	68	Jésus Montalvo Ramirez				1
2025-03-19	69	Zenón Luria Luria				1
2025-03-19	71	Angel Alemán				1
2025-03-19	75	Mateo Salazar				1
2025-03-19	76	Carlos Eduardo Manzanares				1
2025-03-20	6	Leonel Cruz Cristobal				1
2025-03-20	12	Yusti Ibarra Martínez				1
2025-03-20	25	Héctor Cruz Hernández				1
2025-03-20	48	Luis Ángel García Cruz				1
2025-03-20	54	Piedad Guadalupe Luria Luria				2
2025-03-20	55	Juan Manuel Sánchez Lugo				1
2025-03-20	57	Samuel Ulises Alcántara				1
2025-03-20	59	Gerardo Isai Lozano Davila				1
2025-03-20	60	Teresa Ramos Rodríguez				1
2025-03-20	62	Gilberto Gibran Solís Carrillo				1
2025-03-20	63	Magaly Estefanía Pérez García				1
2025-03-20	65	Edna Vázquez Fernández				1
2025-03-20	68	Jésus Montalvo Ramirez				1
2025-03-20	69	Zenón Luria Luria				1
2025-03-20	71	Angel Alemán				1
2025-03-20	76	Carlos Eduardo Manzanares				1
2025-03-20	78	Aldo Jesús Méndez Garza				2
2025-03-21	6	Leonel Cruz Cristobal				1
2025-03-21	12	Yusti Ibarra Martínez				1
2025-03-21	25	Héctor Cruz Hernández				1
2025-03-21	48	Luis Ángel García Cruz				1
2025-03-21	54	Piedad Guadalupe Luria Luria				1
2025-03-21	55	Juan Manuel Sánchez Lugo				1
2025-03-21	57	Samuel Ulises Alcántara				1
2025-03-21	59	Gerardo Isai Lozano Davila				1
2025-03-21	60	Teresa Ramos Rodríguez				1
2025-03-21	62	Gilberto Gibran Solís Carrillo				1
2025-03-21	63	Magaly Estefanía Pérez García				1
2025-03-21	65	Edna Vázquez Fernández				1
2025-03-21	68	Jésus Montalvo Ramirez				1
2025-03-21	69	Zenón Luria Luria				1
2025-03-21	71	Angel Alemán				1
2025-03-21	75	Mateo Salazar				1
2025-03-21	76	Carlos Eduardo Manzanares				1
2025-03-21	78	Aldo Jesús Méndez Garza				1
2025-03-24	6	Leonel Cruz Cristobal				1
2025-03-24	12	Yusti Ibarra Martínez				1
2025-03-24	25	Héctor Cruz Hernández				1
2025-03-24	48	Luis Ángel García Cruz				1
2025-03-24	54	Piedad Guadalupe Luria Luria				1
2025-03-24	57	Samuel Ulises Alcántara				1
2025-03-24	59	Gerardo Isai Lozano Davila				2
2025-03-24	60	Teresa Ramos Rodríguez				1
2025-03-24	62	Gilberto Gibran Solís Carrillo				1
2025-03-24	63	Magaly Estefanía Pérez García				1
2025-03-24	68	Jésus Montalvo Ramirez				1
2025-03-24	69	Zenón Luria Luria				1
2025-03-24	71	Angel Alemán				1
2025-03-24	75	Mateo Salazar				1
2025-03-24	76	Carlos Eduardo Manzanares				1
2025-03-24	78	Aldo Jesús Méndez Garza				1
2025-03-25	6	Leonel Cruz Cristobal				1
2025-03-25	12	Yusti Ibarra Martínez				1
2025-03-25	25	Héctor Cruz Hernández				1
2025-03-25	48	Luis Ángel García Cruz				1
2025-03-25	54	Piedad Guadalupe Luria Luria				1
2025-03-25	57	Samuel Ulises Alcántara				1
2025-03-25	59	Gerardo Isai Lozano Davila				1
2025-03-25	60	Teresa Ramos Rodríguez				1
2025-03-25	62	Gilberto Gibran Solís Carrillo				1
2025-03-25	63	Magaly Estefanía Pérez García				1
2025-03-25	68	Jésus Montalvo Ramirez				1
2025-03-25	69	Zenón Luria Luria				1
2025-03-25	71	Angel Alemán				1
2025-03-25	75	Mateo Salazar				1
2025-03-25	76	Carlos Eduardo Manzanares				1
2025-03-25	78	Aldo Jesús Méndez Garza				1
2025-03-26	6	Leonel Cruz Cristobal				1
2025-03-26	8	Francisco Montalvo Ramirez				1
2025-03-26	12	Yusti Ibarra Martínez				1
2025-03-26	25	Héctor Cruz Hernández				1
2025-03-26	47	Bethania Ferrofino				1
2025-03-26	48	Luis Ángel García Cruz				1
2025-03-26	54	Piedad Guadalupe Luria Luria				1
2025-03-26	57	Samuel Ulises Alcántara				1
2025-03-26	59	Gerardo Isai Lozano Davila				1
2025-03-26	60	Teresa Ramos Rodríguez				1
2025-03-26	62	Gilberto Gibran Solís Carrillo				1
2025-03-26	63	Magaly Estefanía Pérez García				1
2025-03-26	65	Edna Vázquez Fernández				1
2025-03-26	68	Jésus Montalvo Ramirez				1
2025-03-26	69	Zenón Luria Luria				1
2025-03-26	71	Angel Alemán				1
2025-03-26	75	Mateo Salazar				1
2025-03-26	76	Carlos Eduardo Manzanares				1
2025-03-26	78	Aldo Jesús Méndez Garza				1
2025-03-27	6	Leonel Cruz Cristobal				2
2025-03-27	8	Francisco Montalvo Ramirez				1
2025-03-27	12	Yusti Ibarra Martínez				1
2025-03-27	25	Héctor Cruz Hernández				1
2025-03-27	47	Bethania Ferrofino				1
2025-03-27	48	Luis Ángel García Cruz				1
2025-03-27	54	Piedad Guadalupe Luria Luria				1
2025-03-27	57	Samuel Ulises Alcántara				1
2025-03-27	59	Gerardo Isai Lozano Davila				1
2025-03-27	60	Teresa Ramos Rodríguez				1
2025-03-27	62	Gilberto Gibran Solís Carrillo				1
2025-03-27	63	Magaly Estefanía Pérez García				1
2025-03-27	65	Edna Vázquez Fernández				1
2025-03-27	68	Jésus Montalvo Ramirez				1
2025-03-27	69	Zenón Luria Luria				1
2025-03-27	71	Angel Alemán				1
2025-03-27	75	Mateo Salazar				1
2025-03-27	76	Carlos Eduardo Manzanares				1
2025-03-27	78	Aldo Jesús Méndez Garza				1
2025-03-28	6	Leonel Cruz Cristobal				1
2025-03-28	8	Francisco Montalvo Ramirez				1
2025-03-28	12	Yusti Ibarra Martínez				1
2025-03-28	25	Héctor Cruz Hernández				1
2025-03-28	47	Bethania Ferrofino				1
2025-03-28	48	Luis Ángel García Cruz				1
2025-03-28	54	Piedad Guadalupe Luria Luria				2
2025-03-28	57	Samuel Ulises Alcántara				1
2025-03-28	59	Gerardo Isai Lozano Davila				1
2025-03-28	60	Teresa Ramos Rodríguez				1
2025-03-28	62	Gilberto Gibran Solís Carrillo				1
2025-03-28	63	Magaly Estefanía Pérez García				1
2025-03-28	65	Edna Vázquez Fernández				1
2025-03-28	68	Jésus Montalvo Ramirez				1
2025-03-28	69	Zenón Luria Luria				1
2025-03-28	71	Angel Alemán				1
2025-03-28	75	Mateo Salazar				1
2025-03-28	76	Carlos Eduardo Manzanares				1
2025-03-28	78	Aldo Jesús Méndez Garza				1
2025-03-31	6	Leonel Cruz Cristobal				1
2025-03-31	8	Francisco Montalvo Ramirez				1
2025-03-31	12	Yusti Ibarra Martínez				1
2025-03-31	25	Héctor Cruz Hernández				1
2025-03-31	47	Bethania Ferrofino				1
2025-03-31	48	Luis Ángel García Cruz				1
2025-03-31	54	Piedad Guadalupe Luria Luria				1
2025-03-31	55	Juan Manuel Sánchez Lugo				1
2025-03-31	57	Samuel Ulises Alcántara				1
2025-03-31	59	Gerardo Isai Lozano Davila				1
2025-03-31	60	Teresa Ramos Rodríguez				1
2025-03-31	62	Gilberto Gibran Solís Carrillo				1
2025-03-31	63	Magaly Estefanía Pérez García				1
2025-03-31	68	Jésus Montalvo Ramirez				1
2025-03-31	69	Zenón Luria Luria				1
2025-03-31	71	Angel Alemán				1
2025-03-31	75	Mateo Salazar				1
2025-03-31	76	Carlos Eduardo Manzanares				1
2025-03-31	78	Aldo Jesús Méndez Garza				1
2025-04-01	6	Leonel Cruz Cristobal				1
2025-04-01	8	Francisco Montalvo Ramirez				1
2025-04-01	12	Yusti Ibarra Martínez				1
2025-04-01	25	Héctor Cruz Hernández				1
2025-04-01	47	Bethania Ferrofino				1
2025-04-01	48	Luis Ángel García Cruz				1
2025-04-01	54	Piedad Guadalupe Luria Luria				1
2025-04-01	55	Juan Manuel Sánchez Lugo				1
2025-04-01	57	Samuel Ulises Alcántara				1
2025-04-01	59	Gerardo Isai Lozano Davila				1
2025-04-01	60	Teresa Ramos Rodríguez				1
2025-04-01	62	Gilberto Gibran Solís Carrillo				1
2025-04-01	63	Magaly Estefanía Pérez García				1
2025-04-01	65	Edna Vázquez Fernández				1
2025-04-01	68	Jésus Montalvo Ramirez				1
2025-04-01	69	Zenón Luria Luria				1
2025-04-01	71	Angel Alemán				1
2025-04-01	75	Mateo Salazar				1
2025-04-01	76	Carlos Eduardo Manzanares				1
2025-04-01	78	Aldo Jesús Méndez Garza				1
2025-04-02	6	Leonel Cruz Cristobal				1
2025-04-02	8	Francisco Montalvo Ramirez				1
2025-04-02	12	Yusti Ibarra Martínez				1
2025-04-02	25	Héctor Cruz Hernández				1
2025-04-02	47	Bethania Ferrofino				1
2025-04-02	48	Luis Ángel García Cruz				1
2025-04-02	54	Piedad Guadalupe Luria Luria				1
2025-04-02	55	Juan Manuel Sánchez Lugo				1
2025-04-02	57	Samuel Ulises Alcántara				1
2025-04-02	59	Gerardo Isai Lozano Davila				1
2025-04-02	60	Teresa Ramos Rodríguez				1
2025-04-02	62	Gilberto Gibran Solís Carrillo				1
2025-04-02	63	Magaly Estefanía Pérez García				1
2025-04-02	65	Edna Vázquez Fernández				1
2025-04-02	68	Jésus Montalvo Ramirez				1
2025-04-02	69	Zenón Luria Luria				1
2025-04-02	71	Angel Alemán				1
2025-04-02	75	Mateo Salazar				1
2025-04-02	76	Carlos Eduardo Manzanares				1
2025-04-02	78	Aldo Jesús Méndez Garza				1
2025-04-03	6	Leonel Cruz Cristobal				1
2025-04-03	8	Francisco Montalvo Ramirez				1
2025-04-03	12	Yusti Ibarra Martínez				1
2025-04-03	25	Héctor Cruz Hernández				1
2025-04-03	48	Luis Ángel García Cruz				1
2025-04-03	54	Piedad Guadalupe Luria Luria				1
2025-04-03	55	Juan Manuel Sánchez Lugo				1
2025-04-03	57	Samuel Ulises Alcántara				1
2025-04-03	59	Gerardo Isai Lozano Davila				1
2025-04-03	60	Teresa Ramos Rodríguez				1
2025-04-03	62	Gilberto Gibran Solís Carrillo				1
2025-04-03	63	Magaly Estefanía Pérez García				1
2025-04-03	65	Edna Vázquez Fernández				1
2025-04-03	68	Jésus Montalvo Ramirez				1
2025-04-03	69	Zenón Luria Luria				1
2025-04-03	71	Angel Alemán				1
2025-04-03	75	Mateo Salazar				1
2025-04-03	76	Carlos Eduardo Manzanares				1
2025-04-03	78	Aldo Jesús Méndez Garza				1
2025-04-04	6	Leonel Cruz Cristobal				1
2025-04-04	8	Francisco Montalvo Ramirez				1
2025-04-04	12	Yusti Ibarra Martínez				1
2025-04-04	25	Héctor Cruz Hernández				1
2025-04-04	47	Bethania Ferrofino				1
2025-04-04	48	Luis Ángel García Cruz				1
2025-04-04	54	Piedad Guadalupe Luria Luria				1
2025-04-04	55	Juan Manuel Sánchez Lugo				1
2025-04-04	57	Samuel Ulises Alcántara				1
2025-04-04	59	Gerardo Isai Lozano Davila				1
2025-04-04	60	Teresa Ramos Rodríguez				1
2025-04-04	62	Gilberto Gibran Solís Carrillo				1
2025-04-04	63	Magaly Estefanía Pérez García				1
2025-04-04	68	Jésus Montalvo Ramirez				1
2025-04-04	69	Zenón Luria Luria				1
2025-04-04	71	Angel Alemán				1
2025-04-04	75	Mateo Salazar				1
2025-04-04	76	Carlos Eduardo Manzanares				1
2025-04-04	78	Aldo Jesús Méndez Garza				1
2025-04-07	6	Leonel Cruz Cristobal				1
2025-04-07	8	Francisco Montalvo Ramirez				1
2025-04-07	12	Yusti Ibarra Martínez				1
2025-04-07	25	Héctor Cruz Hernández				1
2025-04-07	47	Bethania Ferrofino				1
2025-04-07	48	Luis Ángel García Cruz				1
2025-04-07	54	Piedad Guadalupe Luria Luria				1
2025-04-07	55	Juan Manuel Sánchez Lugo				1
2025-04-07	57	Samuel Ulises Alcántara				1
2025-04-07	59	Gerardo Isai Lozano Davila				1
2025-04-07	60	Teresa Ramos Rodríguez				1
2025-04-07	62	Gilberto Gibran Solís Carrillo				1
2025-04-07	63	Magaly Estefanía Pérez García				1
2025-04-07	68	Jésus Montalvo Ramirez				1
2025-04-07	69	Zenón Luria Luria				1
2025-04-07	71	Angel Alemán				1
2025-04-07	76	Carlos Eduardo Manzanares				1
2025-04-07	78	Aldo Jesús Méndez Garza				1
2025-04-08	6	Leonel Cruz Cristobal				2
2025-04-08	8	Francisco Montalvo Ramirez				1
2025-04-08	12	Yusti Ibarra Martínez				1
2025-04-08	25	Héctor Cruz Hernández				1
2025-04-08	47	Bethania Ferrofino				1
2025-04-08	48	Luis Ángel García Cruz				1
2025-04-08	54	Piedad Guadalupe Luria Luria				1
2025-04-08	55	Juan Manuel Sánchez Lugo				1
2025-04-08	57	Samuel Ulises Alcántara				1
2025-04-08	59	Gerardo Isai Lozano Davila				2
2025-04-08	60	Teresa Ramos Rodríguez				1
2025-04-08	62	Gilberto Gibran Solís Carrillo				1
2025-04-08	63	Magaly Estefanía Pérez García				1
2025-04-08	68	Jésus Montalvo Ramirez				1
2025-04-08	69	Zenón Luria Luria				1
2025-04-08	71	Angel Alemán				1
2025-04-08	75	Mateo Salazar				1
2025-04-08	76	Carlos Eduardo Manzanares				1
2025-04-08	78	Aldo Jesús Méndez Garza				1
2025-04-09	6	Leonel Cruz Cristobal				1
2025-04-09	12	Yusti Ibarra Martínez				1
2025-04-09	25	Héctor Cruz Hernández				1
2025-04-09	48	Luis Ángel García Cruz				1
2025-04-09	54	Piedad Guadalupe Luria Luria				1
2025-04-09	55	Juan Manuel Sánchez Lugo				1
2025-04-09	57	Samuel Ulises Alcántara				1
2025-04-09	59	Gerardo Isai Lozano Davila				1
2025-04-09	60	Teresa Ramos Rodríguez				1
2025-04-09	62	Gilberto Gibran Solís Carrillo				1
2025-04-09	63	Magaly Estefanía Pérez García				1
2025-04-09	68	Jésus Montalvo Ramirez				2
2025-04-09	69	Zenón Luria Luria				2
2025-04-09	71	Angel Alemán				1
2025-04-09	75	Mateo Salazar				1
2025-04-09	76	Carlos Eduardo Manzanares				1
2025-04-09	78	Aldo Jesús Méndez Garza				1
2025-04-10	6	Leonel Cruz Cristobal				1
2025-04-10	8	Francisco Montalvo Ramirez				1
2025-04-10	12	Yusti Ibarra Martínez				1
2025-04-10	25	Héctor Cruz Hernández				1
2025-04-10	48	Luis Ángel García Cruz				1
2025-04-10	54	Piedad Guadalupe Luria Luria				1
2025-04-10	55	Juan Manuel Sánchez Lugo				1
2025-04-10	57	Samuel Ulises Alcántara				1
2025-04-10	59	Gerardo Isai Lozano Davila				1
2025-04-10	60	Teresa Ramos Rodríguez				1
2025-04-10	62	Gilberto Gibran Solís Carrillo				1
2025-04-10	63	Magaly Estefanía Pérez García				1
2025-04-10	68	Jésus Montalvo Ramirez				1
2025-04-10	69	Zenón Luria Luria				1
2025-04-10	71	Angel Alemán				1
2025-04-10	75	Mateo Salazar				1
2025-04-10	76	Carlos Eduardo Manzanares				1
2025-04-10	78	Aldo Jesús Méndez Garza				1
2025-04-11	6	Leonel Cruz Cristobal				1
2025-04-11	8	Francisco Montalvo Ramirez				1
2025-04-11	12	Yusti Ibarra Martínez				1
2025-04-11	25	Héctor Cruz Hernández				1
2025-04-11	47	Bethania Ferrofino				1
2025-04-11	48	Luis Ángel García Cruz				1
2025-04-11	54	Piedad Guadalupe Luria Luria				1
2025-04-11	55	Juan Manuel Sánchez Lugo				1
2025-04-11	57	Samuel Ulises Alcántara				1
2025-04-11	59	Gerardo Isai Lozano Davila				1
2025-04-11	60	Teresa Ramos Rodríguez				1
2025-04-11	62	Gilberto Gibran Solís Carrillo				1
2025-04-11	63	Magaly Estefanía Pérez García				1
2025-04-11	68	Jésus Montalvo Ramirez				1
2025-04-11	69	Zenón Luria Luria				1
2025-04-11	71	Angel Alemán				1
2025-04-11	75	Mateo Salazar				1
2025-04-11	76	Carlos Eduardo Manzanares				1
2025-04-11	78	Aldo Jesús Méndez Garza				1
2025-04-12	54	Piedad Guadalupe Luria Luria				1
2025-04-13	6	Leonel Cruz Cristobal				1
2025-04-14	6	Leonel Cruz Cristobal				1
2025-04-14	8	Francisco Montalvo Ramirez				1
2025-04-14	25	Héctor Cruz Hernández				1
2025-04-14	47	Bethania Ferrofino				1
2025-04-14	48	Luis Ángel García Cruz				1
2025-04-14	54	Piedad Guadalupe Luria Luria				1
2025-04-14	55	Juan Manuel Sánchez Lugo				1
2025-04-14	57	Samuel Ulises Alcántara				1
2025-04-14	59	Gerardo Isai Lozano Davila				1
2025-04-14	60	Teresa Ramos Rodríguez				1
2025-04-14	62	Gilberto Gibran Solís Carrillo				1
2025-04-14	63	Magaly Estefanía Pérez García				1
2025-04-14	68	Jésus Montalvo Ramirez				1
2025-04-14	69	Zenón Luria Luria				1
2025-04-14	71	Angel Alemán				1
2025-04-14	76	Carlos Eduardo Manzanares				1
2025-04-14	78	Aldo Jesús Méndez Garza				1
2025-04-14	79	José Luis Romero Grados				1
2025-04-15	6	Leonel Cruz Cristobal				1
2025-04-15	8	Francisco Montalvo Ramirez				1
2025-04-15	12	Yusti Ibarra Martínez				1
2025-04-15	25	Héctor Cruz Hernández				1
2025-04-15	47	Bethania Ferrofino				1
2025-04-15	48	Luis Ángel García Cruz				1
2025-04-15	54	Piedad Guadalupe Luria Luria				1
2025-04-15	55	Juan Manuel Sánchez Lugo				1
2025-04-15	57	Samuel Ulises Alcántara				1
2025-04-15	59	Gerardo Isai Lozano Davila				1
2025-04-15	60	Teresa Ramos Rodríguez				1
2025-04-15	62	Gilberto Gibran Solís Carrillo				1
2025-04-15	63	Magaly Estefanía Pérez García				1
2025-04-15	68	Jésus Montalvo Ramirez				1
2025-04-15	69	Zenón Luria Luria				1
2025-04-15	71	Angel Alemán				1
2025-04-15	75	Mateo Salazar				1
2025-04-15	76	Carlos Eduardo Manzanares				1
2025-04-15	78	Aldo Jesús Méndez Garza				1
2025-04-15	79	José Luis Romero Grados				1
2025-04-16	6	Leonel Cruz Cristobal				1
2025-04-16	8	Francisco Montalvo Ramirez				1
2025-04-16	12	Yusti Ibarra Martínez				1
2025-04-16	25	Héctor Cruz Hernández				1
2025-04-16	47	Bethania Ferrofino				1
2025-04-16	48	Luis Ángel García Cruz				1
2025-04-16	54	Piedad Guadalupe Luria Luria				1
2025-04-16	55	Juan Manuel Sánchez Lugo				1
2025-04-16	57	Samuel Ulises Alcántara				1
2025-04-16	59	Gerardo Isai Lozano Davila				1
2025-04-16	60	Teresa Ramos Rodríguez				1
2025-04-16	62	Gilberto Gibran Solís Carrillo				1
2025-04-16	63	Magaly Estefanía Pérez García				1
2025-04-16	68	Jésus Montalvo Ramirez				1
2025-04-16	69	Zenón Luria Luria				1
2025-04-16	71	Angel Alemán				1
2025-04-16	75	Mateo Salazar				1
2025-04-16	76	Carlos Eduardo Manzanares				1
2025-04-16	79	José Luis Romero Grados				1
2025-04-17	6	Leonel Cruz Cristobal				1
2025-04-17	8	Francisco Montalvo Ramirez				1
2025-04-17	12	Yusti Ibarra Martínez				1
2025-04-17	25	Héctor Cruz Hernández				1
2025-04-17	47	Bethania Ferrofino				1
2025-04-17	48	Luis Ángel García Cruz				1
2025-04-17	54	Piedad Guadalupe Luria Luria				1
2025-04-17	55	Juan Manuel Sánchez Lugo				1
2025-04-17	57	Samuel Ulises Alcántara				1
2025-04-17	59	Gerardo Isai Lozano Davila				1
2025-04-17	60	Teresa Ramos Rodríguez				1
2025-04-17	62	Gilberto Gibran Solís Carrillo				1
2025-04-17	63	Magaly Estefanía Pérez García				1
2025-04-17	68	Jésus Montalvo Ramirez				1
2025-04-17	69	Zenón Luria Luria				1
2025-04-17	71	Angel Alemán				1
2025-04-17	75	Mateo Salazar				1
2025-04-17	76	Carlos Eduardo Manzanares				1
2025-04-17	78	Aldo Jesús Méndez Garza				2
2025-04-17	79	José Luis Romero Grados				1
2025-04-18	6	Leonel Cruz Cristobal				1
2025-04-18	8	Francisco Montalvo Ramirez				1
2025-04-18	12	Yusti Ibarra Martínez				1
2025-04-18	25	Héctor Cruz Hernández				1
2025-04-18	47	Bethania Ferrofino				1
2025-04-18	48	Luis Ángel García Cruz				1
2025-04-18	54	Piedad Guadalupe Luria Luria				1
2025-04-18	55	Juan Manuel Sánchez Lugo				1
2025-04-18	57	Samuel Ulises Alcántara				1
2025-04-18	62	Gilberto Gibran Solís Carrillo				1
2025-04-18	68	Jésus Montalvo Ramirez				1
2025-04-18	69	Zenón Luria Luria				1
2025-04-18	75	Mateo Salazar				1
2025-04-18	76	Carlos Eduardo Manzanares				1
2025-04-18	78	Aldo Jesús Méndez Garza				1
2025-04-18	79	José Luis Romero Grados				1
2025-04-19	6	Leonel Cruz Cristobal				1
2025-04-19	57	Samuel Ulises Alcántara				1
2025-04-19	76	Carlos Eduardo Manzanares				1
2025-04-20	54	Piedad Guadalupe Luria Luria				1
2025-04-21	6	Leonel Cruz Cristobal				1
2025-04-21	8	Francisco Montalvo Ramirez				1
2025-04-21	12	Yusti Ibarra Martínez				1
2025-04-21	25	Héctor Cruz Hernández				1
2025-04-21	47	Bethania Ferrofino				1
2025-04-21	48	Luis Ángel García Cruz				1
2025-04-21	55	Juan Manuel Sánchez Lugo				1
2025-04-21	59	Gerardo Isai Lozano Davila				1
2025-04-21	60	Teresa Ramos Rodríguez				1
2025-04-21	62	Gilberto Gibran Solís Carrillo				1
2025-04-21	63	Magaly Estefanía Pérez García				1
2025-04-21	68	Jésus Montalvo Ramirez				1
2025-04-21	69	Zenón Luria Luria				1
2025-04-21	76	Carlos Eduardo Manzanares				1
2025-04-21	78	Aldo Jesús Méndez Garza				1
2025-04-21	79	José Luis Romero Grados				1
2025-04-22	6	Leonel Cruz Cristobal				1
2025-04-22	8	Francisco Montalvo Ramirez				1
2025-04-22	12	Yusti Ibarra Martínez				1
2025-04-22	25	Héctor Cruz Hernández				1
2025-04-22	47	Bethania Ferrofino				1
2025-04-22	48	Luis Ángel García Cruz				2
2025-04-22	54	Piedad Guadalupe Luria Luria				1
2025-04-22	55	Juan Manuel Sánchez Lugo				1
2025-04-22	57	Samuel Ulises Alcántara				1
2025-04-22	59	Gerardo Isai Lozano Davila				1
2025-04-22	60	Teresa Ramos Rodríguez				1
2025-04-22	62	Gilberto Gibran Solís Carrillo				1
2025-04-22	63	Magaly Estefanía Pérez García				1
2025-04-22	68	Jésus Montalvo Ramirez				1
2025-04-22	69	Zenón Luria Luria				1
2025-04-22	71	Angel Alemán				1
2025-04-22	75	Mateo Salazar				1
2025-04-22	76	Carlos Eduardo Manzanares				1
2025-04-22	78	Aldo Jesús Méndez Garza				1
2025-04-22	79	José Luis Romero Grados				1
2025-04-23	6	Leonel Cruz Cristobal				1
2025-04-23	8	Francisco Montalvo Ramirez				1
2025-04-23	12	Yusti Ibarra Martínez				1
2025-04-23	25	Héctor Cruz Hernández				1
2025-04-23	47	Bethania Ferrofino				1
2025-04-23	54	Piedad Guadalupe Luria Luria				1
2025-04-23	55	Juan Manuel Sánchez Lugo				1
2025-04-23	57	Samuel Ulises Alcántara				1
2025-04-23	59	Gerardo Isai Lozano Davila				1
2025-04-23	60	Teresa Ramos Rodríguez				1
2025-04-23	62	Gilberto Gibran Solís Carrillo				1
2025-04-23	63	Magaly Estefanía Pérez García				1
2025-04-23	68	Jésus Montalvo Ramirez				1
2025-04-23	71	Angel Alemán				1
2025-04-23	75	Mateo Salazar				1
2025-04-23	76	Carlos Eduardo Manzanares				1
2025-04-23	78	Aldo Jesús Méndez Garza				1
2025-04-23	79	José Luis Romero Grados				1
2025-04-24	6	Leonel Cruz Cristobal				1
2025-04-24	8	Francisco Montalvo Ramirez				1
2025-04-24	12	Yusti Ibarra Martínez				1
2025-04-24	25	Héctor Cruz Hernández				1
2025-04-24	47	Bethania Ferrofino				1
2025-04-24	54	Piedad Guadalupe Luria Luria				1
2025-04-24	55	Juan Manuel Sánchez Lugo				1
2025-04-24	57	Samuel Ulises Alcántara				1
2025-04-24	59	Gerardo Isai Lozano Davila				2
2025-04-24	60	Teresa Ramos Rodríguez				1
2025-04-24	62	Gilberto Gibran Solís Carrillo				1
2025-04-24	63	Magaly Estefanía Pérez García				1
2025-04-24	68	Jésus Montalvo Ramirez				1
2025-04-24	69	Zenón Luria Luria				1
2025-04-24	71	Angel Alemán				1
2025-04-24	75	Mateo Salazar				1
2025-04-24	76	Carlos Eduardo Manzanares				1
2025-04-24	78	Aldo Jesús Méndez Garza				1
2025-04-24	79	José Luis Romero Grados				1
2025-04-25	6	Leonel Cruz Cristobal				1
2025-04-25	8	Francisco Montalvo Ramirez				1
2025-04-25	12	Yusti Ibarra Martínez				1
2025-04-25	25	Héctor Cruz Hernández				1
2025-04-25	47	Bethania Ferrofino				1
2025-04-25	54	Piedad Guadalupe Luria Luria				1
2025-04-25	55	Juan Manuel Sánchez Lugo				1
2025-04-25	57	Samuel Ulises Alcántara				1
2025-04-25	59	Gerardo Isai Lozano Davila				1
2025-04-25	60	Teresa Ramos Rodríguez				1
2025-04-25	62	Gilberto Gibran Solís Carrillo				1
2025-04-25	63	Magaly Estefanía Pérez García				1
2025-04-25	68	Jésus Montalvo Ramirez				1
2025-04-25	69	Zenón Luria Luria				1
2025-04-25	71	Angel Alemán				1
2025-04-25	75	Mateo Salazar				1
2025-04-25	76	Carlos Eduardo Manzanares				1
2025-04-25	78	Aldo Jesús Méndez Garza				1
2025-04-25	79	José Luis Romero Grados				1
2025-04-28	6	Leonel Cruz Cristobal				1
2025-04-28	8	Francisco Montalvo Ramirez				1
2025-04-28	12	Yusti Ibarra Martínez				1
2025-04-28	25	Héctor Cruz Hernández				1
2025-04-28	47	Bethania Ferrofino				1
2025-04-28	48	Luis Ángel García Cruz				1
2025-04-28	54	Piedad Guadalupe Luria Luria				1
2025-04-28	55	Juan Manuel Sánchez Lugo				1
2025-04-28	57	Samuel Ulises Alcántara				1
2025-04-28	59	Gerardo Isai Lozano Davila				1
2025-04-28	60	Teresa Ramos Rodríguez				1
2025-04-28	62	Gilberto Gibran Solís Carrillo				1
2025-04-28	63	Magaly Estefanía Pérez García				1
2025-04-28	68	Jésus Montalvo Ramirez				1
2025-04-28	69	Zenón Luria Luria				1
2025-04-28	71	Angel Alemán				1
2025-04-28	75	Mateo Salazar				1
2025-04-28	78	Aldo Jesús Méndez Garza				1
2025-04-28	79	José Luis Romero Grados				1
2025-04-29	6	Leonel Cruz Cristobal				1
2025-04-29	8	Francisco Montalvo Ramirez				1
2025-04-29	12	Yusti Ibarra Martínez				1
2025-04-29	25	Héctor Cruz Hernández				1
2025-04-29	47	Bethania Ferrofino				1
2025-04-29	48	Luis Ángel García Cruz				1
2025-04-29	54	Piedad Guadalupe Luria Luria				1
2025-04-29	55	Juan Manuel Sánchez Lugo				1
2025-04-29	57	Samuel Ulises Alcántara				1
2025-04-29	59	Gerardo Isai Lozano Davila				1
2025-04-29	60	Teresa Ramos Rodríguez				1
2025-04-29	62	Gilberto Gibran Solís Carrillo				1
2025-04-29	63	Magaly Estefanía Pérez García				1
2025-04-29	68	Jésus Montalvo Ramirez				1
2025-04-29	69	Zenón Luria Luria				1
2025-04-29	71	Angel Alemán				1
2025-04-29	76	Carlos Eduardo Manzanares				1
2025-04-29	78	Aldo Jesús Méndez Garza				1
2025-04-29	79	José Luis Romero Grados				1
2025-04-30	6	Leonel Cruz Cristobal				1
2025-04-30	8	Francisco Montalvo Ramirez				1
2025-04-30	12	Yusti Ibarra Martínez				1
2025-04-30	25	Héctor Cruz Hernández				1
2025-04-30	47	Bethania Ferrofino				1
2025-04-30	48	Luis Ángel García Cruz				1
2025-04-30	54	Piedad Guadalupe Luria Luria				1
2025-04-30	55	Juan Manuel Sánchez Lugo				1
2025-04-30	57	Samuel Ulises Alcántara				1
2025-04-30	59	Gerardo Isai Lozano Davila				1
2025-04-30	60	Teresa Ramos Rodríguez				1
2025-04-30	62	Gilberto Gibran Solís Carrillo				1
2025-04-30	63	Magaly Estefanía Pérez García				1
2025-04-30	68	Jésus Montalvo Ramirez				1
2025-04-30	69	Zenón Luria Luria				1
2025-04-30	71	Angel Alemán				1
2025-04-30	75	Mateo Salazar				1
2025-04-30	76	Carlos Eduardo Manzanares				1
2025-04-30	78	Aldo Jesús Méndez Garza				1
2025-04-30	79	José Luis Romero Grados				1
2025-05-02	6	Leonel Cruz Cristobal				1
2025-05-02	8	Francisco Montalvo Ramirez				1
2025-05-02	12	Yusti Ibarra Martínez				1
2025-05-02	25	Héctor Cruz Hernández				1
2025-05-02	47	Bethania Ferrofino				1
2025-05-02	48	Luis Ángel García Cruz				1
2025-05-02	54	Piedad Guadalupe Luria Luria				1
2025-05-02	55	Juan Manuel Sánchez Lugo				1
2025-05-02	59	Gerardo Isai Lozano Davila				1
2025-05-02	60	Teresa Ramos Rodríguez				1
2025-05-02	63	Magaly Estefanía Pérez García				1
2025-05-02	68	Jésus Montalvo Ramirez				1
2025-05-02	69	Zenón Luria Luria				1
2025-05-02	71	Angel Alemán				1
2025-05-02	75	Mateo Salazar				1
2025-05-02	76	Carlos Eduardo Manzanares				1
2025-05-02	78	Aldo Jesús Méndez Garza				1
2025-05-02	79	José Luis Romero Grados				1
2025-05-05	6	Leonel Cruz Cristobal				1
2025-05-05	12	Yusti Ibarra Martínez				1
2025-05-05	25	Héctor Cruz Hernández				1
2025-05-05	48	Luis Ángel García Cruz				1
2025-05-05	54	Piedad Guadalupe Luria Luria				1
2025-05-05	55	Juan Manuel Sánchez Lugo				1
2025-05-05	57	Samuel Ulises Alcántara				1
2025-05-05	59	Gerardo Isai Lozano Davila				1
2025-05-05	60	Teresa Ramos Rodríguez				1
2025-05-05	62	Gilberto Gibran Solís Carrillo				1
2025-05-05	63	Magaly Estefanía Pérez García				1
2025-05-05	68	Jésus Montalvo Ramirez				1
2025-05-05	69	Zenón Luria Luria				1
2025-05-05	75	Mateo Salazar				1
2025-05-05	76	Carlos Eduardo Manzanares				1
2025-05-05	78	Aldo Jesús Méndez Garza				1
2025-05-05	79	José Luis Romero Grados				1
2025-05-06	6	Leonel Cruz Cristobal				1
2025-05-06	8	Francisco Montalvo Ramirez				1
2025-05-06	12	Yusti Ibarra Martínez				1
2025-05-06	25	Héctor Cruz Hernández				1
2025-05-06	47	Bethania Ferrofino				1
2025-05-06	48	Luis Ángel García Cruz				1
2025-05-06	54	Piedad Guadalupe Luria Luria				1
2025-05-06	55	Juan Manuel Sánchez Lugo				1
2025-05-06	57	Samuel Ulises Alcántara				1
2025-05-06	59	Gerardo Isai Lozano Davila				1
2025-05-06	60	Teresa Ramos Rodríguez				1
2025-05-06	62	Gilberto Gibran Solís Carrillo				1
2025-05-06	63	Magaly Estefanía Pérez García				1
2025-05-06	68	Jésus Montalvo Ramirez				1
2025-05-06	69	Zenón Luria Luria				1
2025-05-06	75	Mateo Salazar				1
2025-05-06	76	Carlos Eduardo Manzanares				1
2025-05-06	78	Aldo Jesús Méndez Garza				1
2025-05-06	79	José Luis Romero Grados				1
2025-05-07	8	Francisco Montalvo Ramirez				1
2025-05-07	12	Yusti Ibarra Martínez				1
2025-05-07	25	Héctor Cruz Hernández				1
2025-05-07	47	Bethania Ferrofino				1
2025-05-07	48	Luis Ángel García Cruz				1
2025-05-07	54	Piedad Guadalupe Luria Luria				1
2025-05-07	55	Juan Manuel Sánchez Lugo				1
2025-05-07	57	Samuel Ulises Alcántara				1
2025-05-07	59	Gerardo Isai Lozano Davila				1
2025-05-07	60	Teresa Ramos Rodríguez				1
2025-05-07	62	Gilberto Gibran Solís Carrillo				1
2025-05-07	63	Magaly Estefanía Pérez García				1
2025-05-07	68	Jésus Montalvo Ramirez				1
2025-05-07	69	Zenón Luria Luria				1
2025-05-07	75	Mateo Salazar				1
2025-05-07	76	Carlos Eduardo Manzanares				1
2025-05-07	78	Aldo Jesús Méndez Garza				1
2025-05-07	79	José Luis Romero Grados				1
2025-05-08	6	Leonel Cruz Cristobal				1
2025-05-08	8	Francisco Montalvo Ramirez				1
2025-05-08	12	Yusti Ibarra Martínez				1
2025-05-08	47	Bethania Ferrofino				1
2025-05-08	48	Luis Ángel García Cruz				1
2025-05-08	54	Piedad Guadalupe Luria Luria				1
2025-05-08	55	Juan Manuel Sánchez Lugo				1
2025-05-08	57	Samuel Ulises Alcántara				1
2025-05-08	59	Gerardo Isai Lozano Davila				1
2025-05-08	60	Teresa Ramos Rodríguez				1
2025-05-08	62	Gilberto Gibran Solís Carrillo				1
2025-05-08	63	Magaly Estefanía Pérez García				1
2025-05-08	68	Jésus Montalvo Ramirez				1
2025-05-08	69	Zenón Luria Luria				1
2025-05-08	75	Mateo Salazar				1
2025-05-08	76	Carlos Eduardo Manzanares				1
2025-05-08	78	Aldo Jesús Méndez Garza				1
2025-05-08	79	José Luis Romero Grados				1
2025-05-09	6	Leonel Cruz Cristobal				1
2025-05-09	8	Francisco Montalvo Ramirez				1
2025-05-09	12	Yusti Ibarra Martínez				1
2025-05-09	47	Bethania Ferrofino				1
2025-05-09	48	Luis Ángel García Cruz				1
2025-05-09	54	Piedad Guadalupe Luria Luria				1
2025-05-09	55	Juan Manuel Sánchez Lugo				1
2025-05-09	57	Samuel Ulises Alcántara				1
2025-05-09	59	Gerardo Isai Lozano Davila				1
2025-05-09	60	Teresa Ramos Rodríguez				1
2025-05-09	62	Gilberto Gibran Solís Carrillo				1
2025-05-09	63	Magaly Estefanía Pérez García				1
2025-05-09	68	Jésus Montalvo Ramirez				1
2025-05-09	69	Zenón Luria Luria				1
2025-05-09	71	Angel Alemán				1
2025-05-09	75	Mateo Salazar				1
2025-05-09	78	Aldo Jesús Méndez Garza				1
2025-05-09	79	José Luis Romero Grados				1
2025-05-12	6	Leonel Cruz Cristobal				1
2025-05-12	8	Francisco Montalvo Ramirez				1
2025-05-12	12	Yusti Ibarra Martínez				1
2025-05-12	47	Bethania Ferrofino				1
2025-05-12	48	Luis Ángel García Cruz				1
2025-05-12	54	Piedad Guadalupe Luria Luria				1
2025-05-12	55	Juan Manuel Sánchez Lugo				1
2025-05-12	57	Samuel Ulises Alcántara				1
2025-05-12	59	Gerardo Isai Lozano Davila				1
2025-05-12	60	Teresa Ramos Rodríguez				1
2025-05-12	62	Gilberto Gibran Solís Carrillo				1
2025-05-12	68	Jésus Montalvo Ramirez				1
2025-05-12	69	Zenón Luria Luria				1
2025-05-12	71	Angel Alemán				1
2025-05-12	75	Mateo Salazar				1
2025-05-12	76	Carlos Eduardo Manzanares				1
2025-05-12	78	Aldo Jesús Méndez Garza				1
2025-05-12	79	José Luis Romero Grados				1
2025-05-13	6	Leonel Cruz Cristobal				1
2025-05-13	8	Francisco Montalvo Ramirez				1
2025-05-13	12	Yusti Ibarra Martínez				1
2025-05-13	25	Héctor Cruz Hernández				1
2025-05-13	47	Bethania Ferrofino				1
2025-05-13	48	Luis Ángel García Cruz				1
2025-05-13	54	Piedad Guadalupe Luria Luria				1
2025-05-13	55	Juan Manuel Sánchez Lugo				1
2025-05-13	57	Samuel Ulises Alcántara				1
2025-05-13	59	Gerardo Isai Lozano Davila				1
2025-05-13	60	Teresa Ramos Rodríguez				1
2025-05-13	62	Gilberto Gibran Solís Carrillo				1
2025-05-13	63	Magaly Estefanía Pérez García				1
2025-05-13	68	Jésus Montalvo Ramirez				1
2025-05-13	69	Zenón Luria Luria				1
2025-05-13	71	Angel Alemán				1
2025-05-13	75	Mateo Salazar				1
2025-05-13	76	Carlos Eduardo Manzanares				1
2025-05-13	78	Aldo Jesús Méndez Garza				1
2025-05-13	79	José Luis Romero Grados				1
2025-05-14	6	Leonel Cruz Cristobal				1
2025-05-14	8	Francisco Montalvo Ramirez				1
2025-05-14	12	Yusti Ibarra Martínez				1
2025-05-14	25	Héctor Cruz Hernández				1
2025-05-14	47	Bethania Ferrofino				1
2025-05-14	48	Luis Ángel García Cruz				1
2025-05-14	54	Piedad Guadalupe Luria Luria				2
2025-05-14	55	Juan Manuel Sánchez Lugo				1
2025-05-14	57	Samuel Ulises Alcántara				1
2025-05-14	59	Gerardo Isai Lozano Davila				1
2025-05-14	60	Teresa Ramos Rodríguez				1
2025-05-14	62	Gilberto Gibran Solís Carrillo				1
2025-05-14	63	Magaly Estefanía Pérez García				1
2025-05-14	68	Jésus Montalvo Ramirez				1
2025-05-14	69	Zenón Luria Luria				1
2025-05-14	71	Angel Alemán				1
2025-05-14	75	Mateo Salazar				1
2025-05-14	76	Carlos Eduardo Manzanares				1
2025-05-14	78	Aldo Jesús Méndez Garza				1
2025-05-14	79	José Luis Romero Grados				1
2025-05-15	6	Leonel Cruz Cristobal				1
2025-05-15	8	Francisco Montalvo Ramirez				1
2025-05-15	12	Yusti Ibarra Martínez				1
2025-05-15	25	Héctor Cruz Hernández				1
2025-05-15	47	Bethania Ferrofino				1
2025-05-15	48	Luis Ángel García Cruz				1
2025-05-15	54	Piedad Guadalupe Luria Luria				1
2025-05-15	55	Juan Manuel Sánchez Lugo				1
2025-05-15	57	Samuel Ulises Alcántara				1
2025-05-15	59	Gerardo Isai Lozano Davila				1
2025-05-15	60	Teresa Ramos Rodríguez				1
2025-05-15	62	Gilberto Gibran Solís Carrillo				1
2025-05-15	63	Magaly Estefanía Pérez García				1
2025-05-15	68	Jésus Montalvo Ramirez				1
2025-05-15	69	Zenón Luria Luria				1
2025-05-15	71	Angel Alemán				1
2025-05-15	75	Mateo Salazar				1
2025-05-15	76	Carlos Eduardo Manzanares				1
2025-05-15	79	José Luis Romero Grados				1
2025-05-16	6	Leonel Cruz Cristobal				1
2025-05-16	8	Francisco Montalvo Ramirez				1
2025-05-16	12	Yusti Ibarra Martínez				1
2025-05-16	25	Héctor Cruz Hernández				1
2025-05-16	47	Bethania Ferrofino				1
2025-05-16	48	Luis Ángel García Cruz				1
2025-05-16	54	Piedad Guadalupe Luria Luria				1
2025-05-16	55	Juan Manuel Sánchez Lugo				1
2025-05-16	57	Samuel Ulises Alcántara				1
2025-05-16	59	Gerardo Isai Lozano Davila				1
2025-05-16	60	Teresa Ramos Rodríguez				2
2025-05-16	62	Gilberto Gibran Solís Carrillo				1
2025-05-16	63	Magaly Estefanía Pérez García				1
2025-05-16	68	Jésus Montalvo Ramirez				1
2025-05-16	69	Zenón Luria Luria				1
2025-05-16	71	Angel Alemán				1
2025-05-16	75	Mateo Salazar				1
2025-05-16	78	Aldo Jesús Méndez Garza				1
2025-05-16	79	José Luis Romero Grados				1
2025-05-19	6	Leonel Cruz Cristobal				1
2025-05-19	8	Francisco Montalvo Ramirez				1
2025-05-19	12	Yusti Ibarra Martínez				1
2025-05-19	25	Héctor Cruz Hernández				1
2025-05-19	47	Bethania Ferrofino				1
2025-05-19	48	Luis Ángel García Cruz				1
2025-05-19	54	Piedad Guadalupe Luria Luria				1
2025-05-19	55	Juan Manuel Sánchez Lugo				1
2025-05-19	57	Samuel Ulises Alcántara				1
2025-05-19	59	Gerardo Isai Lozano Davila				1
2025-05-19	60	Teresa Ramos Rodríguez				1
2025-05-19	62	Gilberto Gibran Solís Carrillo				1
2025-05-19	63	Magaly Estefanía Pérez García				1
2025-05-19	68	Jésus Montalvo Ramirez				1
2025-05-19	69	Zenón Luria Luria				1
2025-05-19	71	Angel Alemán				1
2025-05-19	75	Mateo Salazar				1
2025-05-19	78	Aldo Jesús Méndez Garza				1
2025-05-19	79	José Luis Romero Grados				1
2025-05-20	6	Leonel Cruz Cristobal				1
2025-05-20	8	Francisco Montalvo Ramirez				1
2025-05-20	12	Yusti Ibarra Martínez				1
2025-05-20	25	Héctor Cruz Hernández				1
2025-05-20	47	Bethania Ferrofino				1
2025-05-20	48	Luis Ángel García Cruz				1
2025-05-20	54	Piedad Guadalupe Luria Luria				1
2025-05-20	55	Juan Manuel Sánchez Lugo				1
2025-05-20	57	Samuel Ulises Alcántara				1
2025-05-20	59	Gerardo Isai Lozano Davila				1
2025-05-20	60	Teresa Ramos Rodríguez				1
2025-05-20	62	Gilberto Gibran Solís Carrillo				1
2025-05-20	63	Magaly Estefanía Pérez García				1
2025-05-20	68	Jésus Montalvo Ramirez				1
2025-05-20	69	Zenón Luria Luria				1
2025-05-20	71	Angel Alemán				1
2025-05-20	75	Mateo Salazar				1
2025-05-20	76	Carlos Eduardo Manzanares				1
2025-05-20	78	Aldo Jesús Méndez Garza				1
2025-05-20	79	José Luis Romero Grados				1
2025-05-21	6	Leonel Cruz Cristobal				1
2025-05-21	8	Francisco Montalvo Ramirez				1
2025-05-21	12	Yusti Ibarra Martínez				1
2025-05-21	25	Héctor Cruz Hernández				1
2025-05-21	47	Bethania Ferrofino				1
2025-05-21	48	Luis Ángel García Cruz				1
2025-05-21	54	Piedad Guadalupe Luria Luria				1
2025-05-21	55	Juan Manuel Sánchez Lugo				1
2025-05-21	57	Samuel Ulises Alcántara				1
2025-05-21	59	Gerardo Isai Lozano Davila				1
2025-05-21	60	Teresa Ramos Rodríguez				1
2025-05-21	62	Gilberto Gibran Solís Carrillo				1
2025-05-21	63	Magaly Estefanía Pérez García				1
2025-05-21	68	Jésus Montalvo Ramirez				1
2025-05-21	71	Angel Alemán				1
2025-05-21	75	Mateo Salazar				1
2025-05-21	76	Carlos Eduardo Manzanares				1
2025-05-21	78	Aldo Jesús Méndez Garza				1
2025-05-21	79	José Luis Romero Grados				1
2025-05-22	6	Leonel Cruz Cristobal				1
2025-05-22	8	Francisco Montalvo Ramirez				1
2025-05-22	12	Yusti Ibarra Martínez				1
2025-05-22	25	Héctor Cruz Hernández				1
2025-05-22	47	Bethania Ferrofino				1
2025-05-22	48	Luis Ángel García Cruz				1
2025-05-22	54	Piedad Guadalupe Luria Luria				1
2025-05-22	55	Juan Manuel Sánchez Lugo				1
2025-05-22	57	Samuel Ulises Alcántara				1
2025-05-22	59	Gerardo Isai Lozano Davila				1
2025-05-22	60	Teresa Ramos Rodríguez				1
2025-05-22	62	Gilberto Gibran Solís Carrillo				1
2025-05-22	63	Magaly Estefanía Pérez García				1
2025-05-22	68	Jésus Montalvo Ramirez				1
2025-05-22	69	Zenón Luria Luria				1
2025-05-22	71	Angel Alemán				1
2025-05-22	75	Mateo Salazar				1
2025-05-22	76	Carlos Eduardo Manzanares				1
2025-05-22	78	Aldo Jesús Méndez Garza				1
2025-05-22	79	José Luis Romero Grados				1
2025-05-23	6	Leonel Cruz Cristobal				1
2025-05-23	12	Yusti Ibarra Martínez				1
2025-05-23	25	Héctor Cruz Hernández				1
2025-05-23	48	Luis Ángel García Cruz				1
2025-05-23	54	Piedad Guadalupe Luria Luria				1
2025-05-23	55	Juan Manuel Sánchez Lugo				1
2025-05-23	57	Samuel Ulises Alcántara				1
2025-05-23	59	Gerardo Isai Lozano Davila				1
2025-05-23	60	Teresa Ramos Rodríguez				1
2025-05-23	62	Gilberto Gibran Solís Carrillo				1
2025-05-23	63	Magaly Estefanía Pérez García				1
2025-05-23	68	Jésus Montalvo Ramirez				1
2025-05-23	69	Zenón Luria Luria				1
2025-05-23	71	Angel Alemán				1
2025-05-23	75	Mateo Salazar				1
2025-05-23	76	Carlos Eduardo Manzanares				1
2025-05-23	78	Aldo Jesús Méndez Garza				1
2025-05-23	79	José Luis Romero Grados				1
2025-05-26	6	Leonel Cruz Cristobal				1
2025-05-26	8	Francisco Montalvo Ramirez				1
2025-05-26	12	Yusti Ibarra Martínez				1
2025-05-26	25	Héctor Cruz Hernández				1
2025-05-26	47	Bethania Ferrofino				1
2025-05-26	48	Luis Ángel García Cruz				1
2025-05-26	54	Piedad Guadalupe Luria Luria				1
2025-05-26	55	Juan Manuel Sánchez Lugo				1
2025-05-26	57	Samuel Ulises Alcántara				1
2025-05-26	60	Teresa Ramos Rodríguez				1
2025-05-26	62	Gilberto Gibran Solís Carrillo				1
2025-05-26	63	Magaly Estefanía Pérez García				1
2025-05-26	68	Jésus Montalvo Ramirez				1
2025-05-26	69	Zenón Luria Luria				1
2025-05-26	71	Angel Alemán				1
2025-05-26	75	Mateo Salazar				1
2025-05-26	76	Carlos Eduardo Manzanares				1
2025-05-26	78	Aldo Jesús Méndez Garza				1
2025-05-26	79	José Luis Romero Grados				1
2025-05-27	6	Leonel Cruz Cristobal				1
2025-05-27	8	Francisco Montalvo Ramirez				1
2025-05-27	12	Yusti Ibarra Martínez				1
2025-05-27	25	Héctor Cruz Hernández				1
2025-05-27	47	Bethania Ferrofino				1
2025-05-27	48	Luis Ángel García Cruz				1
2025-05-27	55	Juan Manuel Sánchez Lugo				1
2025-05-27	57	Samuel Ulises Alcántara				1
2025-05-27	60	Teresa Ramos Rodríguez				1
2025-05-27	62	Gilberto Gibran Solís Carrillo				1
2025-05-27	63	Magaly Estefanía Pérez García				1
2025-05-27	68	Jésus Montalvo Ramirez				1
2025-05-27	69	Zenón Luria Luria				1
2025-05-27	71	Angel Alemán				1
2025-05-27	75	Mateo Salazar				1
2025-05-27	76	Carlos Eduardo Manzanares				1
2025-05-27	78	Aldo Jesús Méndez Garza				1
2025-05-27	79	José Luis Romero Grados				1
2025-05-28	6	Leonel Cruz Cristobal				1
2025-05-28	8	Francisco Montalvo Ramirez				1
2025-05-28	12	Yusti Ibarra Martínez				1
2025-05-28	25	Héctor Cruz Hernández				1
2025-05-28	47	Bethania Ferrofino				1
2025-05-28	48	Luis Ángel García Cruz				1
2025-05-28	54	Piedad Guadalupe Luria Luria				1
2025-05-28	55	Juan Manuel Sánchez Lugo				1
2025-05-28	57	Samuel Ulises Alcántara				1
2025-05-28	59	Gerardo Isai Lozano Davila				1
2025-05-28	60	Teresa Ramos Rodríguez				1
2025-05-28	62	Gilberto Gibran Solís Carrillo				1
2025-05-28	63	Magaly Estefanía Pérez García				1
2025-05-28	68	Jésus Montalvo Ramirez				1
2025-05-28	69	Zenón Luria Luria				1
2025-05-28	71	Angel Alemán				1
2025-05-28	75	Mateo Salazar				1
2025-05-28	76	Carlos Eduardo Manzanares				1
2025-05-28	78	Aldo Jesús Méndez Garza				1
2025-05-28	79	José Luis Romero Grados				1
2025-05-29	6	Leonel Cruz Cristobal				1
2025-05-29	8	Francisco Montalvo Ramirez				1
2025-05-29	12	Yusti Ibarra Martínez				1
2025-05-29	25	Héctor Cruz Hernández				1
2025-05-29	47	Bethania Ferrofino				1
2025-05-29	48	Luis Ángel García Cruz				1
2025-05-29	54	Piedad Guadalupe Luria Luria				1
2025-05-29	55	Juan Manuel Sánchez Lugo				1
2025-05-29	57	Samuel Ulises Alcántara				1
2025-05-29	59	Gerardo Isai Lozano Davila				1
2025-05-29	60	Teresa Ramos Rodríguez				2
2025-05-29	62	Gilberto Gibran Solís Carrillo				1
2025-05-29	63	Magaly Estefanía Pérez García				1
2025-05-29	68	Jésus Montalvo Ramirez				1
2025-05-29	69	Zenón Luria Luria				1
2025-05-29	71	Angel Alemán				2
2025-05-29	75	Mateo Salazar				1
2025-05-29	76	Carlos Eduardo Manzanares				1
2025-05-29	78	Aldo Jesús Méndez Garza				1
2025-05-29	79	José Luis Romero Grados				1
2025-05-30	6	Leonel Cruz Cristobal				1
2025-05-30	8	Francisco Montalvo Ramirez				1
2025-05-30	12	Yusti Ibarra Martínez				1
2025-05-30	25	Héctor Cruz Hernández				1
2025-05-30	47	Bethania Ferrofino				1
2025-05-30	48	Luis Ángel García Cruz				2
2025-05-30	54	Piedad Guadalupe Luria Luria				1
2025-05-30	55	Juan Manuel Sánchez Lugo				1
2025-05-30	57	Samuel Ulises Alcántara				1
2025-05-30	59	Gerardo Isai Lozano Davila				1
2025-05-30	60	Teresa Ramos Rodríguez				1
2025-05-30	63	Magaly Estefanía Pérez García				1
2025-05-30	68	Jésus Montalvo Ramirez				1
2025-05-30	69	Zenón Luria Luria				1
2025-05-30	71	Angel Alemán				1
2025-05-30	75	Mateo Salazar				1
2025-05-30	76	Carlos Eduardo Manzanares				1
2025-05-30	78	Aldo Jesús Méndez Garza				1
2025-05-30	79	José Luis Romero Grados				1
2025-06-02	6	Leonel Cruz Cristobal				1
2025-06-02	8	Francisco Montalvo Ramirez				1
2025-06-02	12	Yusti Ibarra Martínez				1
2025-06-02	25	Héctor Cruz Hernández				1
2025-06-02	47	Bethania Ferrofino				1
2025-06-02	48	Luis Ángel García Cruz				1
2025-06-02	54	Piedad Guadalupe Luria Luria				1
2025-06-02	55	Juan Manuel Sánchez Lugo				1
2025-06-02	59	Gerardo Isai Lozano Davila				1
2025-06-02	60	Teresa Ramos Rodríguez				1
2025-06-02	62	Gilberto Gibran Solís Carrillo				1
2025-06-02	63	Magaly Estefanía Pérez García				1
2025-06-02	68	Jésus Montalvo Ramirez				1
2025-06-02	69	Zenón Luria Luria				1
2025-06-02	71	Angel Alemán				1
2025-06-02	75	Mateo Salazar				1
2025-06-02	76	Carlos Eduardo Manzanares				1
2025-06-02	78	Aldo Jesús Méndez Garza				1
2025-06-02	79	José Luis Romero Grados				1
2025-06-03	6	Leonel Cruz Cristobal				1
2025-06-03	8	Francisco Montalvo Ramirez				1
2025-06-03	12	Yusti Ibarra Martínez				1
2025-06-03	25	Héctor Cruz Hernández				1
2025-06-03	47	Bethania Ferrofino				1
2025-06-03	48	Luis Ángel García Cruz				1
2025-06-03	54	Piedad Guadalupe Luria Luria				1
2025-06-03	55	Juan Manuel Sánchez Lugo				1
2025-06-03	57	Samuel Ulises Alcántara				1
2025-06-03	59	Gerardo Isai Lozano Davila				1
2025-06-03	60	Teresa Ramos Rodríguez				1
2025-06-03	62	Gilberto Gibran Solís Carrillo				1
2025-06-03	63	Magaly Estefanía Pérez García				1
2025-06-03	68	Jésus Montalvo Ramirez				1
2025-06-03	69	Zenón Luria Luria				1
2025-06-03	71	Angel Alemán				1
2025-06-03	75	Mateo Salazar				1
2025-06-03	76	Carlos Eduardo Manzanares				1
2025-06-03	78	Aldo Jesús Méndez Garza				1
2025-06-03	79	José Luis Romero Grados				1
2025-06-04	6	Leonel Cruz Cristobal				1
2025-06-04	8	Francisco Montalvo Ramirez				1
2025-06-04	12	Yusti Ibarra Martínez				1
2025-06-04	25	Héctor Cruz Hernández				1
2025-06-04	47	Bethania Ferrofino				1
2025-06-04	48	Luis Ángel García Cruz				1
2025-06-04	54	Piedad Guadalupe Luria Luria				1
2025-06-04	55	Juan Manuel Sánchez Lugo				1
2025-06-04	57	Samuel Ulises Alcántara				1
2025-06-04	59	Gerardo Isai Lozano Davila				1
2025-06-04	60	Teresa Ramos Rodríguez				1
2025-06-04	63	Magaly Estefanía Pérez García				1
2025-06-04	68	Jésus Montalvo Ramirez				1
2025-06-04	69	Zenón Luria Luria				1
2025-06-04	71	Angel Alemán				1
2025-06-04	75	Mateo Salazar				1
2025-06-04	76	Carlos Eduardo Manzanares				1
2025-06-04	78	Aldo Jesús Méndez Garza				1
2025-06-04	79	José Luis Romero Grados				1
2025-06-05	6	Leonel Cruz Cristobal				1
2025-06-05	8	Francisco Montalvo Ramirez				1
2025-06-05	12	Yusti Ibarra Martínez				1
2025-06-05	25	Héctor Cruz Hernández				1
2025-06-05	47	Bethania Ferrofino				1
2025-06-05	48	Luis Ángel García Cruz				1
2025-06-05	54	Piedad Guadalupe Luria Luria				1
2025-06-05	55	Juan Manuel Sánchez Lugo				1
2025-06-05	57	Samuel Ulises Alcántara				1
2025-06-05	59	Gerardo Isai Lozano Davila				1
2025-06-05	60	Teresa Ramos Rodríguez				1
2025-06-05	63	Magaly Estefanía Pérez García				1
2025-06-05	68	Jésus Montalvo Ramirez				1
2025-06-05	69	Zenón Luria Luria				1
2025-06-05	71	Angel Alemán				1
2025-06-05	75	Mateo Salazar				1
2025-06-05	76	Carlos Eduardo Manzanares				1
2025-06-05	78	Aldo Jesús Méndez Garza				1
2025-06-05	79	José Luis Romero Grados				1
2025-06-06	6	Leonel Cruz Cristobal				2
2025-06-06	8	Francisco Montalvo Ramirez				1
2025-06-06	12	Yusti Ibarra Martínez				1
2025-06-06	25	Héctor Cruz Hernández				1
2025-06-06	47	Bethania Ferrofino				1
2025-06-06	48	Luis Ángel García Cruz				1
2025-06-06	54	Piedad Guadalupe Luria Luria				1
2025-06-06	55	Juan Manuel Sánchez Lugo				1
2025-06-06	57	Samuel Ulises Alcántara				1
2025-06-06	59	Gerardo Isai Lozano Davila				1
2025-06-06	60	Teresa Ramos Rodríguez				1
2025-06-06	63	Magaly Estefanía Pérez García				1
2025-06-06	68	Jésus Montalvo Ramirez				1
2025-06-06	69	Zenón Luria Luria				1
2025-06-06	71	Angel Alemán				1
2025-06-06	75	Mateo Salazar				1
2025-06-06	76	Carlos Eduardo Manzanares				1
2025-06-06	78	Aldo Jesús Méndez Garza				1
2025-06-06	79	José Luis Romero Grados				1
2025-06-07	71	Angel Alemán				1
2025-06-09	8	Francisco Montalvo Ramirez				1
2025-06-09	12	Yusti Ibarra Martínez				1
2025-06-09	25	Héctor Cruz Hernández				1
2025-06-09	47	Bethania Ferrofino				1
2025-06-09	48	Luis Ángel García Cruz				1
2025-06-09	54	Piedad Guadalupe Luria Luria				1
2025-06-09	55	Juan Manuel Sánchez Lugo				1
2025-06-09	59	Gerardo Isai Lozano Davila				1
2025-06-09	60	Teresa Ramos Rodríguez				1
2025-06-09	62	Gilberto Gibran Solís Carrillo				1
2025-06-09	63	Magaly Estefanía Pérez García				1
2025-06-09	68	Jésus Montalvo Ramirez				1
2025-06-09	71	Angel Alemán				1
2025-06-09	75	Mateo Salazar				1
2025-06-09	76	Carlos Eduardo Manzanares				1
2025-06-09	78	Aldo Jesús Méndez Garza				1
2025-06-09	79	José Luis Romero Grados				1
2025-06-10	6	Leonel Cruz Cristobal				1
2025-06-10	8	Francisco Montalvo Ramirez				1
2025-06-10	12	Yusti Ibarra Martínez				1
2025-06-10	25	Héctor Cruz Hernández				1
2025-06-10	47	Bethania Ferrofino				1
2025-06-10	48	Luis Ángel García Cruz				1
2025-06-10	54	Piedad Guadalupe Luria Luria				1
2025-06-10	55	Juan Manuel Sánchez Lugo				1
2025-06-10	57	Samuel Ulises Alcántara				1
2025-06-10	59	Gerardo Isai Lozano Davila				1
2025-06-10	60	Teresa Ramos Rodríguez				1
2025-06-10	62	Gilberto Gibran Solís Carrillo				1
2025-06-10	63	Magaly Estefanía Pérez García				1
2025-06-10	68	Jésus Montalvo Ramirez				1
2025-06-10	69	Zenón Luria Luria				1
2025-06-10	71	Angel Alemán				1
2025-06-10	75	Mateo Salazar				1
2025-06-10	76	Carlos Eduardo Manzanares				1
2025-06-10	78	Aldo Jesús Méndez Garza				1
2025-06-10	79	José Luis Romero Grados				1
2025-06-11	6	Leonel Cruz Cristobal				1
2025-06-11	8	Francisco Montalvo Ramirez				1
2025-06-11	12	Yusti Ibarra Martínez				1
2025-06-11	25	Héctor Cruz Hernández				1
2025-06-11	47	Bethania Ferrofino				1
2025-06-11	48	Luis Ángel García Cruz				1
2025-06-11	54	Piedad Guadalupe Luria Luria				1
2025-06-11	55	Juan Manuel Sánchez Lugo				1
2025-06-11	57	Samuel Ulises Alcántara				1
2025-06-11	59	Gerardo Isai Lozano Davila				1
2025-06-11	60	Teresa Ramos Rodríguez				1
2025-06-11	62	Gilberto Gibran Solís Carrillo				1
2025-06-11	63	Magaly Estefanía Pérez García				1
2025-06-11	68	Jésus Montalvo Ramirez				1
2025-06-11	69	Zenón Luria Luria				1
2025-06-11	71	Angel Alemán				1
2025-06-11	75	Mateo Salazar				1
2025-06-11	76	Carlos Eduardo Manzanares				1
2025-06-11	78	Aldo Jesús Méndez Garza				1
2025-06-11	79	José Luis Romero Grados				1
2025-06-12	6	Leonel Cruz Cristobal				1
2025-06-12	8	Francisco Montalvo Ramirez				1
2025-06-12	12	Yusti Ibarra Martínez				1
2025-06-12	25	Héctor Cruz Hernández				1
2025-06-12	47	Bethania Ferrofino				1
2025-06-12	48	Luis Ángel García Cruz				1
2025-06-12	54	Piedad Guadalupe Luria Luria				1
2025-06-12	55	Juan Manuel Sánchez Lugo				1
2025-06-12	57	Samuel Ulises Alcántara				2
2025-06-12	59	Gerardo Isai Lozano Davila				1
2025-06-12	60	Teresa Ramos Rodríguez				1
2025-06-12	62	Gilberto Gibran Solís Carrillo				1
2025-06-12	63	Magaly Estefanía Pérez García				1
2025-06-12	68	Jésus Montalvo Ramirez				1
2025-06-12	69	Zenón Luria Luria				1
2025-06-12	71	Angel Alemán				1
2025-06-12	75	Mateo Salazar				1
2025-06-12	76	Carlos Eduardo Manzanares				1
2025-06-12	78	Aldo Jesús Méndez Garza				1
2025-06-12	79	José Luis Romero Grados				1
2025-06-13	6	Leonel Cruz Cristobal				1
2025-06-13	8	Francisco Montalvo Ramirez				1
2025-06-13	12	Yusti Ibarra Martínez				1
2025-06-13	25	Héctor Cruz Hernández				1
2025-06-13	47	Bethania Ferrofino				1
2025-06-13	48	Luis Ángel García Cruz				1
2025-06-13	54	Piedad Guadalupe Luria Luria				1
2025-06-13	55	Juan Manuel Sánchez Lugo				1
2025-06-13	57	Samuel Ulises Alcántara				1
2025-06-13	60	Teresa Ramos Rodríguez				1
2025-06-13	62	Gilberto Gibran Solís Carrillo				1
2025-06-13	63	Magaly Estefanía Pérez García				1
2025-06-13	68	Jésus Montalvo Ramirez				1
2025-06-13	69	Zenón Luria Luria				1
2025-06-13	71	Angel Alemán				1
2025-06-13	75	Mateo Salazar				1
2025-06-13	76	Carlos Eduardo Manzanares				1
2025-06-13	78	Aldo Jesús Méndez Garza				1
2025-06-13	79	José Luis Romero Grados				1
2025-06-15	54	Piedad Guadalupe Luria Luria				1
2025-06-15	57	Samuel Ulises Alcántara				1
2025-06-15	75	Mateo Salazar				1
2025-06-15	79	José Luis Romero Grados				1
2025-06-16	8	Francisco Montalvo Ramirez				1
2025-06-16	25	Héctor Cruz Hernández				1
2025-06-16	47	Bethania Ferrofino				1
2025-06-16	48	Luis Ángel García Cruz				1
2025-06-16	54	Piedad Guadalupe Luria Luria				1
2025-06-16	55	Juan Manuel Sánchez Lugo				1
2025-06-16	57	Samuel Ulises Alcántara				1
2025-06-16	59	Gerardo Isai Lozano Davila				1
2025-06-16	60	Teresa Ramos Rodríguez				1
2025-06-16	62	Gilberto Gibran Solís Carrillo				1
2025-06-16	63	Magaly Estefanía Pérez García				1
2025-06-16	68	Jésus Montalvo Ramirez				1
2025-06-16	69	Zenón Luria Luria				1
2025-06-16	71	Angel Alemán				1
2025-06-16	75	Mateo Salazar				1
2025-06-16	76	Carlos Eduardo Manzanares				1
2025-06-16	78	Aldo Jesús Méndez Garza				1
2025-06-16	79	José Luis Romero Grados				1
2025-06-17	6	Leonel Cruz Cristobal				1
2025-06-17	8	Francisco Montalvo Ramirez				1
2025-06-17	25	Héctor Cruz Hernández				1
2025-06-17	47	Bethania Ferrofino				1
2025-06-17	48	Luis Ángel García Cruz				1
2025-06-17	54	Piedad Guadalupe Luria Luria				1
2025-06-17	55	Juan Manuel Sánchez Lugo				1
2025-06-17	57	Samuel Ulises Alcántara				1
2025-06-17	59	Gerardo Isai Lozano Davila				1
2025-06-17	60	Teresa Ramos Rodríguez				1
2025-06-17	62	Gilberto Gibran Solís Carrillo				1
2025-06-17	63	Magaly Estefanía Pérez García				1
2025-06-17	68	Jésus Montalvo Ramirez				1
2025-06-17	69	Zenón Luria Luria				1
2025-06-17	71	Angel Alemán				1
2025-06-17	76	Carlos Eduardo Manzanares				1
2025-06-17	78	Aldo Jesús Méndez Garza				1
2025-06-17	79	José Luis Romero Grados				1
2025-06-18	6	Leonel Cruz Cristobal				1
2025-06-18	8	Francisco Montalvo Ramirez				1
2025-06-18	25	Héctor Cruz Hernández				1
2025-06-18	47	Bethania Ferrofino				1
2025-06-18	48	Luis Ángel García Cruz				1
2025-06-18	54	Piedad Guadalupe Luria Luria				1
2025-06-18	55	Juan Manuel Sánchez Lugo				1
2025-06-18	57	Samuel Ulises Alcántara				1
2025-06-18	59	Gerardo Isai Lozano Davila				1
2025-06-18	60	Teresa Ramos Rodríguez				1
2025-06-18	62	Gilberto Gibran Solís Carrillo				1
2025-06-18	63	Magaly Estefanía Pérez García				1
2025-06-18	68	Jésus Montalvo Ramirez				1
2025-06-18	69	Zenón Luria Luria				1
2025-06-18	75	Mateo Salazar				1
2025-06-18	76	Carlos Eduardo Manzanares				1
2025-06-18	78	Aldo Jesús Méndez Garza				1
2025-06-18	79	José Luis Romero Grados				1
2025-06-18	82	Alejandro Barrón				1
2025-06-19	6	Leonel Cruz Cristobal				1
2025-06-19	8	Francisco Montalvo Ramirez				1
2025-06-19	25	Héctor Cruz Hernández				1
2025-06-19	47	Bethania Ferrofino				1
2025-06-19	48	Luis Ángel García Cruz				1
2025-06-19	54	Piedad Guadalupe Luria Luria				1
2025-06-19	55	Juan Manuel Sánchez Lugo				1
2025-06-19	57	Samuel Ulises Alcántara				1
2025-06-19	59	Gerardo Isai Lozano Davila				1
2025-06-19	60	Teresa Ramos Rodríguez				1
2025-06-19	62	Gilberto Gibran Solís Carrillo				1
2025-06-19	63	Magaly Estefanía Pérez García				1
2025-06-19	68	Jésus Montalvo Ramirez				1
2025-06-19	69	Zenón Luria Luria				1
2025-06-19	71	Angel Alemán				1
2025-06-19	75	Mateo Salazar				1
2025-06-19	76	Carlos Eduardo Manzanares				1
2025-06-19	78	Aldo Jesús Méndez Garza				1
2025-06-19	79	José Luis Romero Grados				1
2025-06-19	82	Alejandro Barrón				1
2025-06-20	6	Leonel Cruz Cristobal				1
2025-06-20	8	Francisco Montalvo Ramirez				1
2025-06-20	25	Héctor Cruz Hernández				1
2025-06-20	47	Bethania Ferrofino				1
2025-06-20	54	Piedad Guadalupe Luria Luria				1
2025-06-20	55	Juan Manuel Sánchez Lugo				1
2025-06-20	57	Samuel Ulises Alcántara				1
2025-06-20	59	Gerardo Isai Lozano Davila				1
2025-06-20	60	Teresa Ramos Rodríguez				1
2025-06-20	62	Gilberto Gibran Solís Carrillo				1
2025-06-20	63	Magaly Estefanía Pérez García				1
2025-06-20	68	Jésus Montalvo Ramirez				1
2025-06-20	69	Zenón Luria Luria				1
2025-06-20	71	Angel Alemán				1
2025-06-20	76	Carlos Eduardo Manzanares				1
2025-06-20	78	Aldo Jesús Méndez Garza				1
2025-06-20	79	José Luis Romero Grados				1
2025-06-20	82	Alejandro Barrón				1
2025-06-23	6	Leonel Cruz Cristobal				1
2025-06-23	8	Francisco Montalvo Ramirez				1
2025-06-23	25	Héctor Cruz Hernández				1
2025-06-23	47	Bethania Ferrofino				1
2025-06-23	48	Luis Ángel García Cruz				1
2025-06-23	54	Piedad Guadalupe Luria Luria				1
2025-06-23	55	Juan Manuel Sánchez Lugo				1
2025-06-23	59	Gerardo Isai Lozano Davila				1
2025-06-23	60	Teresa Ramos Rodríguez				1
2025-06-23	62	Gilberto Gibran Solís Carrillo				1
2025-06-23	63	Magaly Estefanía Pérez García				1
2025-06-23	68	Jésus Montalvo Ramirez				1
2025-06-23	69	Zenón Luria Luria				1
2025-06-23	71	Angel Alemán				1
2025-06-23	76	Carlos Eduardo Manzanares				1
2025-06-23	78	Aldo Jesús Méndez Garza				1
2025-06-23	79	José Luis Romero Grados				1
2025-06-23	82	Alejandro Barrón				1
2025-06-24	6	Leonel Cruz Cristobal				1
2025-06-24	8	Francisco Montalvo Ramirez				1
2025-06-24	25	Héctor Cruz Hernández				1
2025-06-24	47	Bethania Ferrofino				1
2025-06-24	48	Luis Ángel García Cruz				1
2025-06-24	54	Piedad Guadalupe Luria Luria				1
2025-06-24	55	Juan Manuel Sánchez Lugo				1
2025-06-24	57	Samuel Ulises Alcántara				1
2025-06-24	59	Gerardo Isai Lozano Davila				1
2025-06-24	60	Teresa Ramos Rodríguez				1
2025-06-24	62	Gilberto Gibran Solís Carrillo				1
2025-06-24	63	Magaly Estefanía Pérez García				1
2025-06-24	68	Jésus Montalvo Ramirez				1
2025-06-24	69	Zenón Luria Luria				1
2025-06-24	71	Angel Alemán				1
2025-06-24	75	Mateo Salazar				1
2025-06-24	76	Carlos Eduardo Manzanares				1
2025-06-24	78	Aldo Jesús Méndez Garza				1
2025-06-24	79	José Luis Romero Grados				1
2025-06-24	82	Alejandro Barrón				1
2025-06-25	6	Leonel Cruz Cristobal				1
2025-06-25	8	Francisco Montalvo Ramirez				1
2025-06-25	25	Héctor Cruz Hernández				1
2025-06-25	47	Bethania Ferrofino				1
2025-06-25	48	Luis Ángel García Cruz				1
2025-06-25	54	Piedad Guadalupe Luria Luria				1
2025-06-25	55	Juan Manuel Sánchez Lugo				1
2025-06-25	57	Samuel Ulises Alcántara				1
2025-06-25	59	Gerardo Isai Lozano Davila				1
2025-06-25	60	Teresa Ramos Rodríguez				1
2025-06-25	62	Gilberto Gibran Solís Carrillo				1
2025-06-25	63	Magaly Estefanía Pérez García				1
2025-06-25	68	Jésus Montalvo Ramirez				1
2025-06-25	69	Zenón Luria Luria				1
2025-06-25	71	Angel Alemán				1
2025-06-25	75	Mateo Salazar				1
2025-06-25	76	Carlos Eduardo Manzanares				1
2025-06-25	78	Aldo Jesús Méndez Garza				1
2025-06-25	79	José Luis Romero Grados				1
2025-06-25	82	Alejandro Barrón				1
2025-06-26	6	Leonel Cruz Cristobal				1
2025-06-26	8	Francisco Montalvo Ramirez				1
2025-06-26	25	Héctor Cruz Hernández				1
2025-06-26	47	Bethania Ferrofino				1
2025-06-26	48	Luis Ángel García Cruz				1
2025-06-26	54	Piedad Guadalupe Luria Luria				1
2025-06-26	55	Juan Manuel Sánchez Lugo				1
2025-06-26	57	Samuel Ulises Alcántara				1
2025-06-26	59	Gerardo Isai Lozano Davila				1
2025-06-26	60	Teresa Ramos Rodríguez				1
2025-06-26	62	Gilberto Gibran Solís Carrillo				1
2025-06-26	63	Magaly Estefanía Pérez García				1
2025-06-26	68	Jésus Montalvo Ramirez				1
2025-06-26	69	Zenón Luria Luria				1
2025-06-26	71	Angel Alemán				1
2025-06-26	75	Mateo Salazar				1
2025-06-26	76	Carlos Eduardo Manzanares				1
2025-06-26	79	José Luis Romero Grados				1
2025-06-26	82	Alejandro Barrón				1
2025-06-27	6	Leonel Cruz Cristobal				1
2025-06-27	8	Francisco Montalvo Ramirez				1
2025-06-27	25	Héctor Cruz Hernández				1
2025-06-27	47	Bethania Ferrofino				1
2025-06-27	48	Luis Ángel García Cruz				1
2025-06-27	54	Piedad Guadalupe Luria Luria				1
2025-06-27	55	Juan Manuel Sánchez Lugo				1
2025-06-27	57	Samuel Ulises Alcántara				1
2025-06-27	59	Gerardo Isai Lozano Davila				1
2025-06-27	60	Teresa Ramos Rodríguez				1
2025-06-27	62	Gilberto Gibran Solís Carrillo				1
2025-06-27	63	Magaly Estefanía Pérez García				1
2025-06-27	68	Jésus Montalvo Ramirez				1
2025-06-27	69	Zenón Luria Luria				1
2025-06-27	71	Angel Alemán				1
2025-06-27	75	Mateo Salazar				1
2025-06-27	76	Carlos Eduardo Manzanares				1
2025-06-27	78	Aldo Jesús Méndez Garza				1
2025-06-27	79	José Luis Romero Grados				1
2025-06-27	82	Alejandro Barrón				1
2025-06-30	6	Leonel Cruz Cristobal				1
2025-06-30	25	Héctor Cruz Hernández				1
2025-06-30	48	Luis Ángel García Cruz				1
2025-06-30	54	Piedad Guadalupe Luria Luria				1
2025-06-30	55	Juan Manuel Sánchez Lugo				1
2025-06-30	57	Samuel Ulises Alcántara				1
2025-06-30	59	Gerardo Isai Lozano Davila				1
2025-06-30	60	Teresa Ramos Rodríguez				1
2025-06-30	62	Gilberto Gibran Solís Carrillo				1
2025-06-30	63	Magaly Estefanía Pérez García				1
2025-06-30	68	Jésus Montalvo Ramirez				1
2025-06-30	69	Zenón Luria Luria				1
2025-06-30	71	Angel Alemán				1
2025-06-30	75	Mateo Salazar				1
2025-06-30	76	Carlos Eduardo Manzanares				1
2025-06-30	79	José Luis Romero Grados				1
2025-06-30	82	Alejandro Barrón				1
2025-07-01	8	Francisco Montalvo Ramirez				1
2025-07-01	25	Héctor Cruz Hernández				1
2025-07-01	47	Bethania Ferrofino				1
2025-07-01	48	Luis Ángel García Cruz				1
2025-07-01	54	Piedad Guadalupe Luria Luria				1
2025-07-01	55	Juan Manuel Sánchez Lugo				1
2025-07-01	57	Samuel Ulises Alcántara				1
2025-07-01	59	Gerardo Isai Lozano Davila				1
2025-07-01	60	Teresa Ramos Rodríguez				1
2025-07-01	62	Gilberto Gibran Solís Carrillo				1
2025-07-01	63	Magaly Estefanía Pérez García				1
2025-07-01	68	Jésus Montalvo Ramirez				1
2025-07-01	69	Zenón Luria Luria				1
2025-07-01	71	Angel Alemán				1
2025-07-01	75	Mateo Salazar				1
2025-07-01	76	Carlos Eduardo Manzanares				1
2025-07-01	78	Aldo Jesús Méndez Garza				2
2025-07-01	79	José Luis Romero Grados				1
2025-07-01	82	Alejandro Barrón				1
2025-07-02	6	Leonel Cruz Cristobal				1
2025-07-02	8	Francisco Montalvo Ramirez				1
2025-07-02	25	Héctor Cruz Hernández				1
2025-07-02	47	Bethania Ferrofino				1
2025-07-02	48	Luis Ángel García Cruz				1
2025-07-02	54	Piedad Guadalupe Luria Luria				1
2025-07-02	55	Juan Manuel Sánchez Lugo				1
2025-07-02	57	Samuel Ulises Alcántara				1
2025-07-02	59	Gerardo Isai Lozano Davila				1
2025-07-02	60	Teresa Ramos Rodríguez				1
2025-07-02	62	Gilberto Gibran Solís Carrillo				1
2025-07-02	63	Magaly Estefanía Pérez García				1
2025-07-02	68	Jésus Montalvo Ramirez				1
2025-07-02	69	Zenón Luria Luria				1
2025-07-02	75	Mateo Salazar				1
2025-07-02	76	Carlos Eduardo Manzanares				1
2025-07-02	78	Aldo Jesús Méndez Garza				1
2025-07-02	79	José Luis Romero Grados				1
2025-07-02	82	Alejandro Barrón				1
2025-07-03	6	Leonel Cruz Cristobal				1
2025-07-03	8	Francisco Montalvo Ramirez				1
2025-07-03	25	Héctor Cruz Hernández				1
2025-07-03	47	Bethania Ferrofino				1
2025-07-03	48	Luis Ángel García Cruz				1
2025-07-03	54	Piedad Guadalupe Luria Luria				1
2025-07-03	55	Juan Manuel Sánchez Lugo				1
2025-07-03	57	Samuel Ulises Alcántara				1
2025-07-03	59	Gerardo Isai Lozano Davila				1
2025-07-03	60	Teresa Ramos Rodríguez				1
2025-07-03	62	Gilberto Gibran Solís Carrillo				1
2025-07-03	63	Magaly Estefanía Pérez García				1
2025-07-03	68	Jésus Montalvo Ramirez				1
2025-07-03	75	Mateo Salazar				1
2025-07-03	76	Carlos Eduardo Manzanares				1
2025-07-03	78	Aldo Jesús Méndez Garza				1
2025-07-03	79	José Luis Romero Grados				1
2025-07-03	82	Alejandro Barrón				1
2025-07-04	6	Leonel Cruz Cristobal				1
2025-07-04	8	Francisco Montalvo Ramirez				1
2025-07-04	25	Héctor Cruz Hernández				1
2025-07-04	47	Bethania Ferrofino				1
2025-07-04	48	Luis Ángel García Cruz				1
2025-07-04	54	Piedad Guadalupe Luria Luria				1
2025-07-04	55	Juan Manuel Sánchez Lugo				1
2025-07-04	57	Samuel Ulises Alcántara				1
2025-07-04	59	Gerardo Isai Lozano Davila				1
2025-07-04	60	Teresa Ramos Rodríguez				1
2025-07-04	62	Gilberto Gibran Solís Carrillo				1
2025-07-04	63	Magaly Estefanía Pérez García				1
2025-07-04	68	Jésus Montalvo Ramirez				1
2025-07-04	69	Zenón Luria Luria				1
2025-07-04	75	Mateo Salazar				1
2025-07-04	76	Carlos Eduardo Manzanares				1
2025-07-04	78	Aldo Jesús Méndez Garza				1
2025-07-04	79	José Luis Romero Grados				1
2025-07-04	82	Alejandro Barrón				1
2025-07-04	83	Brandon Contreras Lopez				1
2025-07-05	6	Leonel Cruz Cristobal				1
2025-07-05	76	Carlos Eduardo Manzanares				1
2025-07-05	79	José Luis Romero Grados				1
2025-07-06	79	José Luis Romero Grados				1
2025-07-07	6	Leonel Cruz Cristobal				1
2025-07-07	8	Francisco Montalvo Ramirez				1
2025-07-07	25	Héctor Cruz Hernández				1
2025-07-07	47	Bethania Ferrofino				1
2025-07-07	48	Luis Ángel García Cruz				1
2025-07-07	55	Juan Manuel Sánchez Lugo				1
2025-07-07	59	Gerardo Isai Lozano Davila				1
2025-07-07	60	Teresa Ramos Rodríguez				1
2025-07-07	62	Gilberto Gibran Solís Carrillo				1
2025-07-07	63	Magaly Estefanía Pérez García				1
2025-07-07	68	Jésus Montalvo Ramirez				1
2025-07-07	69	Zenón Luria Luria				1
2025-07-07	75	Mateo Salazar				1
2025-07-07	76	Carlos Eduardo Manzanares				1
2025-07-07	78	Aldo Jesús Méndez Garza				1
2025-07-07	79	José Luis Romero Grados				1
2025-07-07	82	Alejandro Barrón				1
2025-07-07	83	Brandon Contreras Lopez				1
2025-07-08	6	Leonel Cruz Cristobal				1
2025-07-08	8	Francisco Montalvo Ramirez				1
2025-07-08	25	Héctor Cruz Hernández				1
2025-07-08	47	Bethania Ferrofino				1
2025-07-08	48	Luis Ángel García Cruz				1
2025-07-08	55	Juan Manuel Sánchez Lugo				1
2025-07-08	57	Samuel Ulises Alcántara				1
2025-07-08	59	Gerardo Isai Lozano Davila				1
2025-07-08	60	Teresa Ramos Rodríguez				1
2025-07-08	62	Gilberto Gibran Solís Carrillo				1
2025-07-08	63	Magaly Estefanía Pérez García				1
2025-07-08	68	Jésus Montalvo Ramirez				1
2025-07-08	69	Zenón Luria Luria				1
2025-07-08	75	Mateo Salazar				1
2025-07-08	76	Carlos Eduardo Manzanares				1
2025-07-08	78	Aldo Jesús Méndez Garza				1
2025-07-08	79	José Luis Romero Grados				1
2025-07-08	82	Alejandro Barrón				1
2025-07-08	83	Brandon Contreras Lopez				1
2025-07-09	6	Leonel Cruz Cristobal				1
2025-07-09	8	Francisco Montalvo Ramirez				1
2025-07-09	25	Héctor Cruz Hernández				1
2025-07-09	47	Bethania Ferrofino				1
2025-07-09	48	Luis Ángel García Cruz				1
2025-07-09	55	Juan Manuel Sánchez Lugo				1
2025-07-09	57	Samuel Ulises Alcántara				1
2025-07-09	59	Gerardo Isai Lozano Davila				1
2025-07-09	60	Teresa Ramos Rodríguez				1
2025-07-09	62	Gilberto Gibran Solís Carrillo				1
2025-07-09	63	Magaly Estefanía Pérez García				1
2025-07-09	68	Jésus Montalvo Ramirez				1
2025-07-09	69	Zenón Luria Luria				1
2025-07-09	75	Mateo Salazar				1
2025-07-09	76	Carlos Eduardo Manzanares				1
2025-07-09	78	Aldo Jesús Méndez Garza				1
2025-07-09	79	José Luis Romero Grados				1
2025-07-09	82	Alejandro Barrón				1
2025-07-09	83	Brandon Contreras Lopez				1
2025-07-10	6	Leonel Cruz Cristobal				1
2025-07-10	8	Francisco Montalvo Ramirez				1
2025-07-10	25	Héctor Cruz Hernández				1
2025-07-10	47	Bethania Ferrofino				1
2025-07-10	48	Luis Ángel García Cruz				1
2025-07-10	55	Juan Manuel Sánchez Lugo				1
2025-07-10	57	Samuel Ulises Alcántara				1
2025-07-10	59	Gerardo Isai Lozano Davila				1
2025-07-10	60	Teresa Ramos Rodríguez				1
2025-07-10	62	Gilberto Gibran Solís Carrillo				1
2025-07-10	63	Magaly Estefanía Pérez García				1
2025-07-10	68	Jésus Montalvo Ramirez				1
2025-07-10	69	Zenón Luria Luria				1
2025-07-10	75	Mateo Salazar				1
2025-07-10	76	Carlos Eduardo Manzanares				1
2025-07-10	78	Aldo Jesús Méndez Garza				1
2025-07-10	79	José Luis Romero Grados				1
2025-07-10	82	Alejandro Barrón				1
2025-07-10	83	Brandon Contreras Lopez				1
2025-07-10	84	Eder Alfaro Espinoza				1
2025-07-11	6	Leonel Cruz Cristobal				1
2025-07-11	8	Francisco Montalvo Ramirez				1
2025-07-11	25	Héctor Cruz Hernández				1
2025-07-11	47	Bethania Ferrofino				1
2025-07-11	48	Luis Ángel García Cruz				1
2025-07-11	55	Juan Manuel Sánchez Lugo				1
2025-07-11	57	Samuel Ulises Alcántara				1
2025-07-11	59	Gerardo Isai Lozano Davila				1
2025-07-11	62	Gilberto Gibran Solís Carrillo				1
2025-07-11	63	Magaly Estefanía Pérez García				1
2025-07-11	68	Jésus Montalvo Ramirez				1
2025-07-11	69	Zenón Luria Luria				1
2025-07-11	76	Carlos Eduardo Manzanares				1
2025-07-11	78	Aldo Jesús Méndez Garza				1
2025-07-11	79	José Luis Romero Grados				1
2025-07-11	82	Alejandro Barrón				1
2025-07-11	83	Brandon Contreras Lopez				1
2025-07-11	84	Eder Alfaro Espinoza				1
2025-07-11	85	Diego Andrés Clavijo Chaparro				1
2025-07-12	6	Leonel Cruz Cristobal				1
2025-07-12	57	Samuel Ulises Alcántara				1
2025-07-12	79	José Luis Romero Grados				1
2025-07-12	82	Alejandro Barrón				1
2025-07-14	6	Leonel Cruz Cristobal				1
2025-07-14	8	Francisco Montalvo Ramirez				1
2025-07-14	25	Héctor Cruz Hernández				1
2025-07-14	47	Bethania Ferrofino				1
2025-07-14	48	Luis Ángel García Cruz				1
2025-07-14	55	Juan Manuel Sánchez Lugo				1
2025-07-14	57	Samuel Ulises Alcántara				1
2025-07-14	59	Gerardo Isai Lozano Davila				1
2025-07-14	62	Gilberto Gibran Solís Carrillo				1
2025-07-14	63	Magaly Estefanía Pérez García				1
2025-07-14	68	Jésus Montalvo Ramirez				1
2025-07-14	69	Zenón Luria Luria				1
2025-07-14	75	Mateo Salazar				1
2025-07-14	76	Carlos Eduardo Manzanares				1
2025-07-14	78	Aldo Jesús Méndez Garza				1
2025-07-14	79	José Luis Romero Grados				1
2025-07-14	82	Alejandro Barrón				1
2025-07-14	83	Brandon Contreras Lopez				1
2025-07-14	84	Eder Alfaro Espinoza				1
2025-07-14	85	Diego Andrés Clavijo Chaparro				1
2025-07-15	6	Leonel Cruz Cristobal				1
2025-07-15	8	Francisco Montalvo Ramirez				1
2025-07-15	47	Bethania Ferrofino				1
2025-07-15	48	Luis Ángel García Cruz				1
2025-07-15	55	Juan Manuel Sánchez Lugo				1
2025-07-15	57	Samuel Ulises Alcántara				1
2025-07-15	59	Gerardo Isai Lozano Davila				1
2025-07-15	60	Teresa Ramos Rodríguez				1
2025-07-15	62	Gilberto Gibran Solís Carrillo				1
2025-07-15	63	Magaly Estefanía Pérez García				1
2025-07-15	68	Jésus Montalvo Ramirez				1
2025-07-15	69	Zenón Luria Luria				1
2025-07-15	76	Carlos Eduardo Manzanares				1
2025-07-15	78	Aldo Jesús Méndez Garza				1
2025-07-15	79	José Luis Romero Grados				1
2025-07-15	82	Alejandro Barrón				1
2025-07-15	83	Brandon Contreras Lopez				1
2025-07-15	84	Eder Alfaro Espinoza				1
2025-07-15	85	Diego Andrés Clavijo Chaparro				1
2025-07-16	6	Leonel Cruz Cristobal				1
2025-07-16	8	Francisco Montalvo Ramirez				1
2025-07-16	25	Héctor Cruz Hernández				1
2025-07-16	47	Bethania Ferrofino				1
2025-07-16	48	Luis Ángel García Cruz				1
2025-07-16	55	Juan Manuel Sánchez Lugo				1
2025-07-16	57	Samuel Ulises Alcántara				1
2025-07-16	59	Gerardo Isai Lozano Davila				1
2025-07-16	60	Teresa Ramos Rodríguez				1
2025-07-16	62	Gilberto Gibran Solís Carrillo				1
2025-07-16	63	Magaly Estefanía Pérez García				1
2025-07-16	68	Jésus Montalvo Ramirez				1
2025-07-16	69	Zenón Luria Luria				1
2025-07-16	75	Mateo Salazar				1
2025-07-16	78	Aldo Jesús Méndez Garza				1
2025-07-16	79	José Luis Romero Grados				1
2025-07-16	82	Alejandro Barrón				1
2025-07-16	83	Brandon Contreras Lopez				1
2025-07-16	84	Eder Alfaro Espinoza				1
2025-07-16	85	Diego Andrés Clavijo Chaparro				1
2025-07-17	6	Leonel Cruz Cristobal				1
2025-07-17	8	Francisco Montalvo Ramirez				1
2025-07-17	25	Héctor Cruz Hernández				1
2025-07-17	47	Bethania Ferrofino				1
2025-07-17	48	Luis Ángel García Cruz				1
2025-07-17	55	Juan Manuel Sánchez Lugo				1
2025-07-17	57	Samuel Ulises Alcántara				1
2025-07-17	59	Gerardo Isai Lozano Davila				1
2025-07-17	60	Teresa Ramos Rodríguez				1
2025-07-17	62	Gilberto Gibran Solís Carrillo				1
2025-07-17	63	Magaly Estefanía Pérez García				1
2025-07-17	68	Jésus Montalvo Ramirez				1
2025-07-17	69	Zenón Luria Luria				1
2025-07-17	75	Mateo Salazar				1
2025-07-17	76	Carlos Eduardo Manzanares				1
2025-07-17	79	José Luis Romero Grados				1
2025-07-17	82	Alejandro Barrón				1
2025-07-17	83	Brandon Contreras Lopez				1
2025-07-17	84	Eder Alfaro Espinoza				1
2025-07-17	85	Diego Andrés Clavijo Chaparro				1
2025-07-18	6	Leonel Cruz Cristobal				1
2025-07-18	8	Francisco Montalvo Ramirez				1
2025-07-18	25	Héctor Cruz Hernández				1
2025-07-18	47	Bethania Ferrofino				1
2025-07-18	48	Luis Ángel García Cruz				1
2025-07-18	55	Juan Manuel Sánchez Lugo				1
2025-07-18	57	Samuel Ulises Alcántara				1
2025-07-18	59	Gerardo Isai Lozano Davila				1
2025-07-18	60	Teresa Ramos Rodríguez				1
2025-07-18	62	Gilberto Gibran Solís Carrillo				1
2025-07-18	63	Magaly Estefanía Pérez García				1
2025-07-18	68	Jésus Montalvo Ramirez				1
2025-07-18	69	Zenón Luria Luria				1
2025-07-18	75	Mateo Salazar				1
2025-07-18	76	Carlos Eduardo Manzanares				1
2025-07-18	78	Aldo Jesús Méndez Garza				1
2025-07-18	79	José Luis Romero Grados				1
2025-07-18	82	Alejandro Barrón				1
2025-07-18	83	Brandon Contreras Lopez				1
2025-07-18	84	Eder Alfaro Espinoza				1
2025-07-18	85	Diego Andrés Clavijo Chaparro				1
2025-07-19	6	Leonel Cruz Cristobal				1
2025-07-19	69	Zenón Luria Luria				1
2025-07-19	76	Carlos Eduardo Manzanares				1
2025-07-19	79	José Luis Romero Grados				1
2025-07-19	82	Alejandro Barrón				1
2025-07-20	76	Carlos Eduardo Manzanares				1
2025-07-21	6	Leonel Cruz Cristobal				1
2025-07-21	8	Francisco Montalvo Ramirez				1
2025-07-21	25	Héctor Cruz Hernández				1
2025-07-21	47	Bethania Ferrofino				1
2025-07-21	48	Luis Ángel García Cruz				1
2025-07-21	55	Juan Manuel Sánchez Lugo				1
2025-07-21	57	Samuel Ulises Alcántara				1
2025-07-21	59	Gerardo Isai Lozano Davila				1
2025-07-21	60	Teresa Ramos Rodríguez				1
2025-07-21	62	Gilberto Gibran Solís Carrillo				1
2025-07-21	63	Magaly Estefanía Pérez García				1
2025-07-21	68	Jésus Montalvo Ramirez				1
2025-07-21	69	Zenón Luria Luria				1
2025-07-21	75	Mateo Salazar				1
2025-07-21	76	Carlos Eduardo Manzanares				1
2025-07-21	78	Aldo Jesús Méndez Garza				1
2025-07-21	79	José Luis Romero Grados				1
2025-07-21	83	Brandon Contreras Lopez				1
2025-07-21	84	Eder Alfaro Espinoza				1
2025-07-21	85	Diego Andrés Clavijo Chaparro				1
2025-07-22	6	Leonel Cruz Cristobal				1
2025-07-22	8	Francisco Montalvo Ramirez				1
2025-07-22	25	Héctor Cruz Hernández				1
2025-07-22	47	Bethania Ferrofino				1
2025-07-22	48	Luis Ángel García Cruz				1
2025-07-22	54	Piedad Guadalupe Luria Luria				1
2025-07-22	55	Juan Manuel Sánchez Lugo				1
2025-07-22	57	Samuel Ulises Alcántara				1
2025-07-22	59	Gerardo Isai Lozano Davila				1
2025-07-22	60	Teresa Ramos Rodríguez				1
2025-07-22	62	Gilberto Gibran Solís Carrillo				1
2025-07-22	63	Magaly Estefanía Pérez García				1
2025-07-22	68	Jésus Montalvo Ramirez				1
2025-07-22	75	Mateo Salazar				1
2025-07-22	76	Carlos Eduardo Manzanares				1
2025-07-22	78	Aldo Jesús Méndez Garza				1
2025-07-22	79	José Luis Romero Grados				1
2025-07-22	82	Alejandro Barrón				1
2025-07-22	83	Brandon Contreras Lopez				1
2025-07-22	84	Eder Alfaro Espinoza				1
2025-07-22	85	Diego Andrés Clavijo Chaparro				1
2025-07-23	6	Leonel Cruz Cristobal				1
2025-07-23	8	Francisco Montalvo Ramirez				1
2025-07-23	25	Héctor Cruz Hernández				1
2025-07-23	47	Bethania Ferrofino				1
2025-07-23	48	Luis Ángel García Cruz				1
2025-07-23	54	Piedad Guadalupe Luria Luria				1
2025-07-23	55	Juan Manuel Sánchez Lugo				1
2025-07-23	57	Samuel Ulises Alcántara				1
2025-07-23	59	Gerardo Isai Lozano Davila				1
2025-07-23	60	Teresa Ramos Rodríguez				1
2025-07-23	62	Gilberto Gibran Solís Carrillo				1
2025-07-23	63	Magaly Estefanía Pérez García				1
2025-07-23	68	Jésus Montalvo Ramirez				1
2025-07-23	69	Zenón Luria Luria				1
2025-07-23	75	Mateo Salazar				1
2025-07-23	76	Carlos Eduardo Manzanares				1
2025-07-23	78	Aldo Jesús Méndez Garza				1
2025-07-23	79	José Luis Romero Grados				1
2025-07-23	82	Alejandro Barrón				1
2025-07-23	83	Brandon Contreras Lopez				1
2025-07-23	84	Eder Alfaro Espinoza				1
2025-07-23	85	Diego Andrés Clavijo Chaparro				1
2025-07-23	86	Alejandro Reyes Galvez				1
2025-07-24	6	Leonel Cruz Cristobal				1
2025-07-24	8	Francisco Montalvo Ramirez				1
2025-07-24	25	Héctor Cruz Hernández				1
2025-07-24	47	Bethania Ferrofino				1
2025-07-24	48	Luis Ángel García Cruz				1
2025-07-24	54	Piedad Guadalupe Luria Luria				1
2025-07-24	55	Juan Manuel Sánchez Lugo				1
2025-07-24	57	Samuel Ulises Alcántara				1
2025-07-24	59	Gerardo Isai Lozano Davila				1
2025-07-24	60	Teresa Ramos Rodríguez				1
2025-07-24	62	Gilberto Gibran Solís Carrillo				1
2025-07-24	63	Magaly Estefanía Pérez García				1
2025-07-24	68	Jésus Montalvo Ramirez				1
2025-07-24	69	Zenón Luria Luria				1
2025-07-24	75	Mateo Salazar				1
2025-07-24	78	Aldo Jesús Méndez Garza				1
2025-07-24	79	José Luis Romero Grados				1
2025-07-24	82	Alejandro Barrón				1
2025-07-24	83	Brandon Contreras Lopez				1
2025-07-24	84	Eder Alfaro Espinoza				1
2025-07-24	85	Diego Andrés Clavijo Chaparro				1
2025-07-24	86	Alejandro Reyes Galvez				1
2025-07-25	6	Leonel Cruz Cristobal				1
2025-07-25	8	Francisco Montalvo Ramirez				1
2025-07-25	25	Héctor Cruz Hernández				1
2025-07-25	47	Bethania Ferrofino				1
2025-07-25	48	Luis Ángel García Cruz				1
2025-07-25	54	Piedad Guadalupe Luria Luria				1
2025-07-25	55	Juan Manuel Sánchez Lugo				1
2025-07-25	57	Samuel Ulises Alcántara				1
2025-07-25	59	Gerardo Isai Lozano Davila				1
2025-07-25	60	Teresa Ramos Rodríguez				1
2025-07-25	62	Gilberto Gibran Solís Carrillo				1
2025-07-25	63	Magaly Estefanía Pérez García				1
2025-07-25	68	Jésus Montalvo Ramirez				1
2025-07-25	69	Zenón Luria Luria				1
2025-07-25	75	Mateo Salazar				1
2025-07-25	76	Carlos Eduardo Manzanares				2
2025-07-25	78	Aldo Jesús Méndez Garza				1
2025-07-25	79	José Luis Romero Grados				1
2025-07-25	82	Alejandro Barrón				1
2025-07-25	83	Brandon Contreras Lopez				1
2025-07-25	84	Eder Alfaro Espinoza				1
2025-07-25	85	Diego Andrés Clavijo Chaparro				1
2025-07-25	86	Alejandro Reyes Galvez				1
2025-07-26	6	Leonel Cruz Cristobal				1
2025-07-26	68	Jésus Montalvo Ramirez				1
2025-07-26	79	José Luis Romero Grados				1
2025-07-28	6	Leonel Cruz Cristobal				1
2025-07-28	25	Héctor Cruz Hernández				1
2025-07-28	48	Luis Ángel García Cruz				1
2025-07-28	54	Piedad Guadalupe Luria Luria				1
2025-07-28	55	Juan Manuel Sánchez Lugo				1
2025-07-28	59	Gerardo Isai Lozano Davila				1
2025-07-28	60	Teresa Ramos Rodríguez				1
2025-07-28	62	Gilberto Gibran Solís Carrillo				1
2025-07-28	63	Magaly Estefanía Pérez García				1
2025-07-28	68	Jésus Montalvo Ramirez				1
2025-07-28	75	Mateo Salazar				1
2025-07-28	76	Carlos Eduardo Manzanares				1
2025-07-28	78	Aldo Jesús Méndez Garza				1
2025-07-28	79	José Luis Romero Grados				1
2025-07-28	82	Alejandro Barrón				1
2025-07-28	83	Brandon Contreras Lopez				1
2025-07-28	84	Eder Alfaro Espinoza				1
2025-07-28	85	Diego Andrés Clavijo Chaparro				1
2025-07-29	6	Leonel Cruz Cristobal				1
2025-07-29	8	Francisco Montalvo Ramirez				1
2025-07-29	25	Héctor Cruz Hernández				1
2025-07-29	47	Bethania Ferrofino				1
2025-07-29	48	Luis Ángel García Cruz				1
2025-07-29	54	Piedad Guadalupe Luria Luria				1
2025-07-29	55	Juan Manuel Sánchez Lugo				1
2025-07-29	57	Samuel Ulises Alcántara				1
2025-07-29	59	Gerardo Isai Lozano Davila				1
2025-07-29	60	Teresa Ramos Rodríguez				1
2025-07-29	62	Gilberto Gibran Solís Carrillo				1
2025-07-29	63	Magaly Estefanía Pérez García				1
2025-07-29	68	Jésus Montalvo Ramirez				1
2025-07-29	69	Zenón Luria Luria				1
2025-07-29	75	Mateo Salazar				1
2025-07-29	76	Carlos Eduardo Manzanares				1
2025-07-29	78	Aldo Jesús Méndez Garza				1
2025-07-29	79	José Luis Romero Grados				1
2025-07-29	82	Alejandro Barrón				1
2025-07-29	83	Brandon Contreras Lopez				1
2025-07-29	84	Eder Alfaro Espinoza				1
2025-07-29	85	Diego Andrés Clavijo Chaparro				1
2025-07-30	6	Leonel Cruz Cristobal				1
2025-07-30	8	Francisco Montalvo Ramirez				1
2025-07-30	25	Héctor Cruz Hernández				1
2025-07-30	47	Bethania Ferrofino				1
2025-07-30	48	Luis Ángel García Cruz				1
2025-07-30	54	Piedad Guadalupe Luria Luria				1
2025-07-30	55	Juan Manuel Sánchez Lugo				1
2025-07-30	57	Samuel Ulises Alcántara				1
2025-07-30	59	Gerardo Isai Lozano Davila				1
2025-07-30	60	Teresa Ramos Rodríguez				1
2025-07-30	62	Gilberto Gibran Solís Carrillo				1
2025-07-30	63	Magaly Estefanía Pérez García				1
2025-07-30	68	Jésus Montalvo Ramirez				1
2025-07-30	69	Zenón Luria Luria				1
2025-07-30	75	Mateo Salazar				1
2025-07-30	76	Carlos Eduardo Manzanares				1
2025-07-30	78	Aldo Jesús Méndez Garza				1
2025-07-30	79	José Luis Romero Grados				1
2025-07-30	82	Alejandro Barrón				1
2025-07-30	83	Brandon Contreras Lopez				1
2025-07-30	84	Eder Alfaro Espinoza				1
2025-07-30	85	Diego Andrés Clavijo Chaparro				1
2025-07-31	6	Leonel Cruz Cristobal				1
2025-07-31	8	Francisco Montalvo Ramirez				1
2025-07-31	25	Héctor Cruz Hernández				1
2025-07-31	47	Bethania Ferrofino				1
2025-07-31	48	Luis Ángel García Cruz				1
2025-07-31	54	Piedad Guadalupe Luria Luria				1
2025-07-31	55	Juan Manuel Sánchez Lugo				1
2025-07-31	57	Samuel Ulises Alcántara				1
2025-07-31	59	Gerardo Isai Lozano Davila				1
2025-07-31	60	Teresa Ramos Rodríguez				1
2025-07-31	62	Gilberto Gibran Solís Carrillo				1
2025-07-31	63	Magaly Estefanía Pérez García				1
2025-07-31	68	Jésus Montalvo Ramirez				1
2025-07-31	69	Zenón Luria Luria				1
2025-07-31	75	Mateo Salazar				1
2025-07-31	76	Carlos Eduardo Manzanares				1
2025-07-31	78	Aldo Jesús Méndez Garza				1
2025-07-31	79	José Luis Romero Grados				1
2025-07-31	82	Alejandro Barrón				1
2025-07-31	83	Brandon Contreras Lopez				1
2025-07-31	85	Diego Andrés Clavijo Chaparro				1
2025-08-01	6	Leonel Cruz Cristobal				1
2025-08-01	8	Francisco Montalvo Ramirez				1
2025-08-01	25	Héctor Cruz Hernández				1
2025-08-01	47	Bethania Ferrofino				1
2025-08-01	48	Luis Ángel García Cruz				1
2025-08-01	54	Piedad Guadalupe Luria Luria				1
2025-08-01	55	Juan Manuel Sánchez Lugo				1
2025-08-01	57	Samuel Ulises Alcántara				1
2025-08-01	59	Gerardo Isai Lozano Davila				1
2025-08-01	60	Teresa Ramos Rodríguez				1
2025-08-01	62	Gilberto Gibran Solís Carrillo				1
2025-08-01	63	Magaly Estefanía Pérez García				1
2025-08-01	68	Jésus Montalvo Ramirez				1
2025-08-01	69	Zenón Luria Luria				1
2025-08-01	75	Mateo Salazar				1
2025-08-01	76	Carlos Eduardo Manzanares				1
2025-08-01	78	Aldo Jesús Méndez Garza				1
2025-08-01	79	José Luis Romero Grados				1
2025-08-01	82	Alejandro Barrón				1
2025-08-01	83	Brandon Contreras Lopez				1
2025-08-01	84	Eder Alfaro Espinoza				1
2025-08-01	85	Diego Andrés Clavijo Chaparro				1
2025-08-02	6	Leonel Cruz Cristobal				1
2025-08-02	54	Piedad Guadalupe Luria Luria				1
2025-08-02	62	Gilberto Gibran Solís Carrillo				1
2025-08-02	75	Mateo Salazar				1
2025-08-02	76	Carlos Eduardo Manzanares				1
2025-08-02	79	José Luis Romero Grados				1
2025-08-02	82	Alejandro Barrón				1
2025-08-03	6	Leonel Cruz Cristobal				1
2025-08-03	54	Piedad Guadalupe Luria Luria				1
2025-08-03	62	Gilberto Gibran Solís Carrillo				1
2025-08-03	76	Carlos Eduardo Manzanares				1
2025-08-03	79	José Luis Romero Grados				1
2025-08-04	6	Leonel Cruz Cristobal				1
2025-08-04	8	Francisco Montalvo Ramirez				1
2025-08-04	25	Héctor Cruz Hernández				1
2025-08-04	47	Bethania Ferrofino				1
2025-08-04	48	Luis Ángel García Cruz				1
2025-08-04	54	Piedad Guadalupe Luria Luria				1
2025-08-04	55	Juan Manuel Sánchez Lugo				1
2025-08-04	59	Gerardo Isai Lozano Davila				1
2025-08-04	60	Teresa Ramos Rodríguez				2
2025-08-04	62	Gilberto Gibran Solís Carrillo				1
2025-08-04	63	Magaly Estefanía Pérez García				1
2025-08-04	68	Jésus Montalvo Ramirez				1
2025-08-04	69	Zenón Luria Luria				1
2025-08-04	75	Mateo Salazar				1
2025-08-04	76	Carlos Eduardo Manzanares				1
2025-08-04	78	Aldo Jesús Méndez Garza				1
2025-08-04	79	José Luis Romero Grados				1
2025-08-04	82	Alejandro Barrón				1
2025-08-04	83	Brandon Contreras Lopez				1
2025-08-04	84	Eder Alfaro Espinoza				1
2025-08-04	85	Diego Andrés Clavijo Chaparro				1
2025-08-05	6	Leonel Cruz Cristobal				1
2025-08-05	8	Francisco Montalvo Ramirez				1
2025-08-05	25	Héctor Cruz Hernández				1
2025-08-05	48	Luis Ángel García Cruz				1
2025-08-05	54	Piedad Guadalupe Luria Luria				1
2025-08-05	55	Juan Manuel Sánchez Lugo				1
2025-08-05	57	Samuel Ulises Alcántara				1
2025-08-05	59	Gerardo Isai Lozano Davila				1
2025-08-05	60	Teresa Ramos Rodríguez				1
2025-08-05	62	Gilberto Gibran Solís Carrillo				1
2025-08-05	63	Magaly Estefanía Pérez García				1
2025-08-05	68	Jésus Montalvo Ramirez				1
2025-08-05	69	Zenón Luria Luria				1
2025-08-05	75	Mateo Salazar				1
2025-08-05	76	Carlos Eduardo Manzanares				1
2025-08-05	78	Aldo Jesús Méndez Garza				1
2025-08-05	79	José Luis Romero Grados				1
2025-08-05	82	Alejandro Barrón				1
2025-08-05	83	Brandon Contreras Lopez				1
2025-08-05	84	Eder Alfaro Espinoza				1
2025-08-05	85	Diego Andrés Clavijo Chaparro				1
2025-08-06	6	Leonel Cruz Cristobal				2
2025-08-06	8	Francisco Montalvo Ramirez				1
2025-08-06	25	Héctor Cruz Hernández				1
2025-08-06	47	Bethania Ferrofino				1
2025-08-06	48	Luis Ángel García Cruz				2
2025-08-06	54	Piedad Guadalupe Luria Luria				1
2025-08-06	55	Juan Manuel Sánchez Lugo				1
2025-08-06	57	Samuel Ulises Alcántara				1
2025-08-06	59	Gerardo Isai Lozano Davila				1
2025-08-06	60	Teresa Ramos Rodríguez				1
2025-08-06	62	Gilberto Gibran Solís Carrillo				1
2025-08-06	63	Magaly Estefanía Pérez García				1
2025-08-06	68	Jésus Montalvo Ramirez				1
2025-08-06	69	Zenón Luria Luria				1
2025-08-06	75	Mateo Salazar				1
2025-08-06	76	Carlos Eduardo Manzanares				1
2025-08-06	78	Aldo Jesús Méndez Garza				1
2025-08-06	79	José Luis Romero Grados				1
2025-08-06	82	Alejandro Barrón				1
2025-08-06	83	Brandon Contreras Lopez				1
2025-08-06	84	Eder Alfaro Espinoza				1
2025-08-06	85	Diego Andrés Clavijo Chaparro				1
2025-08-07	6	Leonel Cruz Cristobal				1
2025-08-07	8	Francisco Montalvo Ramirez				1
2025-08-07	25	Héctor Cruz Hernández				1
2025-08-07	47	Bethania Ferrofino				1
2025-08-07	48	Luis Ángel García Cruz				1
2025-08-07	54	Piedad Guadalupe Luria Luria				1
2025-08-07	55	Juan Manuel Sánchez Lugo				1
2025-08-07	57	Samuel Ulises Alcántara				1
2025-08-07	59	Gerardo Isai Lozano Davila				1
2025-08-07	60	Teresa Ramos Rodríguez				1
2025-08-07	62	Gilberto Gibran Solís Carrillo				1
2025-08-07	63	Magaly Estefanía Pérez García				1
2025-08-07	68	Jésus Montalvo Ramirez				1
2025-08-07	69	Zenón Luria Luria				1
2025-08-07	75	Mateo Salazar				1
2025-08-07	76	Carlos Eduardo Manzanares				1
2025-08-07	78	Aldo Jesús Méndez Garza				1
2025-08-07	79	José Luis Romero Grados				1
2025-08-07	82	Alejandro Barrón				1
2025-08-07	83	Brandon Contreras Lopez				1
2025-08-07	84	Eder Alfaro Espinoza				1
2025-08-07	85	Diego Andrés Clavijo Chaparro				1
2025-08-08	6	Leonel Cruz Cristobal				1
2025-08-08	8	Francisco Montalvo Ramirez				1
2025-08-08	25	Héctor Cruz Hernández				1
2025-08-08	47	Bethania Ferrofino				1
2025-08-08	48	Luis Ángel García Cruz				1
2025-08-08	54	Piedad Guadalupe Luria Luria				1
2025-08-08	55	Juan Manuel Sánchez Lugo				1
2025-08-08	57	Samuel Ulises Alcántara				1
2025-08-08	59	Gerardo Isai Lozano Davila				1
2025-08-08	60	Teresa Ramos Rodríguez				1
2025-08-08	62	Gilberto Gibran Solís Carrillo				1
2025-08-08	63	Magaly Estefanía Pérez García				1
2025-08-08	68	Jésus Montalvo Ramirez				1
2025-08-08	69	Zenón Luria Luria				1
2025-08-08	75	Mateo Salazar				1
2025-08-08	76	Carlos Eduardo Manzanares				1
2025-08-08	78	Aldo Jesús Méndez Garza				1
2025-08-08	79	José Luis Romero Grados				1
2025-08-08	82	Alejandro Barrón				1
2025-08-08	83	Brandon Contreras Lopez				1
2025-08-08	84	Eder Alfaro Espinoza				1
2025-08-08	85	Diego Andrés Clavijo Chaparro				1
2025-08-08	96	Juan Pablo Lucas Ramos				1
2025-08-09	57	Samuel Ulises Alcántara				1
2025-08-09	62	Gilberto Gibran Solís Carrillo				1
2025-08-09	68	Jésus Montalvo Ramirez				1
2025-08-09	76	Carlos Eduardo Manzanares				1
2025-08-09	82	Alejandro Barrón				1
2025-08-10	6	Leonel Cruz Cristobal				1
2025-08-10	54	Piedad Guadalupe Luria Luria				1
2025-08-10	79	José Luis Romero Grados				1
2025-08-11	6	Leonel Cruz Cristobal				1
2025-08-11	8	Francisco Montalvo Ramirez				1
2025-08-11	25	Héctor Cruz Hernández				1
2025-08-11	47	Bethania Ferrofino				1
2025-08-11	48	Luis Ángel García Cruz				1
2025-08-11	55	Juan Manuel Sánchez Lugo				1
2025-08-11	57	Samuel Ulises Alcántara				1
2025-08-11	59	Gerardo Isai Lozano Davila				1
2025-08-11	60	Teresa Ramos Rodríguez				1
2025-08-11	62	Gilberto Gibran Solís Carrillo				1
2025-08-11	63	Magaly Estefanía Pérez García				1
2025-08-11	68	Jésus Montalvo Ramirez				1
2025-08-11	75	Mateo Salazar				1
2025-08-11	76	Carlos Eduardo Manzanares				1
2025-08-11	78	Aldo Jesús Méndez Garza				1
2025-08-11	79	José Luis Romero Grados				1
2025-08-11	82	Alejandro Barrón				1
2025-08-11	83	Brandon Contreras Lopez				1
2025-08-11	84	Eder Alfaro Espinoza				1
2025-08-11	85	Diego Andrés Clavijo Chaparro				1
2025-08-11	96	Juan Pablo Lucas Ramos				1
2025-08-12	8	Francisco Montalvo Ramirez				1
2025-08-12	25	Héctor Cruz Hernández				1
2025-08-12	47	Bethania Ferrofino				1
2025-08-12	48	Luis Ángel García Cruz				1
2025-08-12	54	Piedad Guadalupe Luria Luria				2
2025-08-12	55	Juan Manuel Sánchez Lugo				1
2025-08-12	57	Samuel Ulises Alcántara				1
2025-08-12	59	Gerardo Isai Lozano Davila				1
2025-08-12	60	Teresa Ramos Rodríguez				1
2025-08-12	62	Gilberto Gibran Solís Carrillo				1
2025-08-12	63	Magaly Estefanía Pérez García				1
2025-08-12	68	Jésus Montalvo Ramirez				1
2025-08-12	69	Zenón Luria Luria				1
2025-08-12	75	Mateo Salazar				1
2025-08-12	76	Carlos Eduardo Manzanares				1
2025-08-12	78	Aldo Jesús Méndez Garza				1
2025-08-12	79	José Luis Romero Grados				1
2025-08-12	82	Alejandro Barrón				1
2025-08-12	83	Brandon Contreras Lopez				1
2025-08-12	84	Eder Alfaro Espinoza				1
2025-08-12	85	Diego Andrés Clavijo Chaparro				1
2025-08-12	96	Juan Pablo Lucas Ramos				1
2025-08-13	6	Leonel Cruz Cristobal				1
2025-08-13	8	Francisco Montalvo Ramirez				1
2025-08-13	25	Héctor Cruz Hernández				1
2025-08-13	47	Bethania Ferrofino				1
2025-08-13	48	Luis Ángel García Cruz				1
2025-08-13	54	Piedad Guadalupe Luria Luria				1
2025-08-13	55	Juan Manuel Sánchez Lugo				1
2025-08-13	57	Samuel Ulises Alcántara				1
2025-08-13	59	Gerardo Isai Lozano Davila				1
2025-08-13	60	Teresa Ramos Rodríguez				1
2025-08-13	62	Gilberto Gibran Solís Carrillo				1
2025-08-13	63	Magaly Estefanía Pérez García				1
2025-08-13	68	Jésus Montalvo Ramirez				1
2025-08-13	69	Zenón Luria Luria				1
2025-08-13	75	Mateo Salazar				1
2025-08-13	76	Carlos Eduardo Manzanares				1
2025-08-13	78	Aldo Jesús Méndez Garza				1
2025-08-13	79	José Luis Romero Grados				1
2025-08-13	82	Alejandro Barrón				1
2025-08-13	83	Brandon Contreras Lopez				1
2025-08-13	84	Eder Alfaro Espinoza				1
2025-08-13	85	Diego Andrés Clavijo Chaparro				1
2025-08-13	96	Juan Pablo Lucas Ramos				1
2025-08-14	6	Leonel Cruz Cristobal				1
2025-08-14	8	Francisco Montalvo Ramirez				1
2025-08-14	25	Héctor Cruz Hernández				1
2025-08-14	47	Bethania Ferrofino				1
2025-08-14	48	Luis Ángel García Cruz				1
2025-08-14	54	Piedad Guadalupe Luria Luria				1
2025-08-14	55	Juan Manuel Sánchez Lugo				1
2025-08-14	57	Samuel Ulises Alcántara				1
2025-08-14	59	Gerardo Isai Lozano Davila				1
2025-08-14	60	Teresa Ramos Rodríguez				1
2025-08-14	62	Gilberto Gibran Solís Carrillo				1
2025-08-14	63	Magaly Estefanía Pérez García				1
2025-08-14	68	Jésus Montalvo Ramirez				1
2025-08-14	75	Mateo Salazar				1
2025-08-14	76	Carlos Eduardo Manzanares				1
2025-08-14	78	Aldo Jesús Méndez Garza				1
2025-08-14	79	José Luis Romero Grados				1
2025-08-14	82	Alejandro Barrón				1
2025-08-14	83	Brandon Contreras Lopez				1
2025-08-14	84	Eder Alfaro Espinoza				1
2025-08-14	85	Diego Andrés Clavijo Chaparro				1
2025-08-14	96	Juan Pablo Lucas Ramos				1
2025-08-15	6	Leonel Cruz Cristobal				1
2025-08-15	8	Francisco Montalvo Ramirez				1
2025-08-15	25	Héctor Cruz Hernández				1
2025-08-15	47	Bethania Ferrofino				1
2025-08-15	48	Luis Ángel García Cruz				1
2025-08-15	54	Piedad Guadalupe Luria Luria				1
2025-08-15	55	Juan Manuel Sánchez Lugo				1
2025-08-15	57	Samuel Ulises Alcántara				1
2025-08-15	59	Gerardo Isai Lozano Davila				1
2025-08-15	60	Teresa Ramos Rodríguez				1
2025-08-15	62	Gilberto Gibran Solís Carrillo				1
2025-08-15	63	Magaly Estefanía Pérez García				1
2025-08-15	68	Jésus Montalvo Ramirez				1
2025-08-15	75	Mateo Salazar				1
2025-08-15	76	Carlos Eduardo Manzanares				2
2025-08-15	78	Aldo Jesús Méndez Garza				1
2025-08-15	79	José Luis Romero Grados				1
2025-08-15	83	Brandon Contreras Lopez				1
2025-08-15	84	Eder Alfaro Espinoza				1
2025-08-15	85	Diego Andrés Clavijo Chaparro				1
2025-08-15	96	Juan Pablo Lucas Ramos				1
2025-08-18	6	Leonel Cruz Cristobal				1
2025-08-18	8	Francisco Montalvo Ramirez				1
2025-08-18	25	Héctor Cruz Hernández				1
2025-08-18	47	Bethania Ferrofino				1
2025-08-18	48	Luis Ángel García Cruz				1
2025-08-18	55	Juan Manuel Sánchez Lugo				1
2025-08-18	59	Gerardo Isai Lozano Davila				1
2025-08-18	60	Teresa Ramos Rodríguez				1
2025-08-18	63	Magaly Estefanía Pérez García				1
2025-08-18	68	Jésus Montalvo Ramirez				1
2025-08-18	75	Mateo Salazar				1
2025-08-18	76	Carlos Eduardo Manzanares				1
2025-08-18	78	Aldo Jesús Méndez Garza				1
2025-08-18	79	José Luis Romero Grados				1
2025-08-18	82	Alejandro Barrón				1
2025-08-18	83	Brandon Contreras Lopez				1
2025-08-18	84	Eder Alfaro Espinoza				1
2025-08-18	85	Diego Andrés Clavijo Chaparro				1
2025-08-18	96	Juan Pablo Lucas Ramos				1
2025-08-19	6	Leonel Cruz Cristobal				1
2025-08-19	8	Francisco Montalvo Ramirez				1
2025-08-19	25	Héctor Cruz Hernández				1
2025-08-19	47	Bethania Ferrofino				1
2025-08-19	48	Luis Ángel García Cruz				1
2025-08-19	55	Juan Manuel Sánchez Lugo				1
2025-08-19	59	Gerardo Isai Lozano Davila				1
2025-08-19	60	Teresa Ramos Rodríguez				1
2025-08-19	63	Magaly Estefanía Pérez García				1
2025-08-19	68	Jésus Montalvo Ramirez				1
2025-08-19	75	Mateo Salazar				1
2025-08-19	76	Carlos Eduardo Manzanares				1
2025-08-19	78	Aldo Jesús Méndez Garza				1
2025-08-19	79	José Luis Romero Grados				1
2025-08-19	82	Alejandro Barrón				1
2025-08-19	83	Brandon Contreras Lopez				1
2025-08-19	84	Eder Alfaro Espinoza				1
2025-08-19	85	Diego Andrés Clavijo Chaparro				1
2025-08-19	96	Juan Pablo Lucas Ramos				1
2025-08-20	6	Leonel Cruz Cristobal				1
2025-08-20	8	Francisco Montalvo Ramirez				1
2025-08-20	25	Héctor Cruz Hernández				1
2025-08-20	32	Jesus Esteban De La Cruz Calderon				1
2025-08-20	47	Bethania Ferrofino				1
2025-08-20	55	Juan Manuel Sánchez Lugo				1
2025-08-20	59	Gerardo Isai Lozano Davila				1
2025-08-20	60	Teresa Ramos Rodríguez				1
2025-08-20	63	Magaly Estefanía Pérez García				1
2025-08-20	68	Jésus Montalvo Ramirez				1
2025-08-20	76	Carlos Eduardo Manzanares				1
2025-08-20	78	Aldo Jesús Méndez Garza				1
2025-08-20	82	Alejandro Barrón				1
2025-08-20	83	Brandon Contreras Lopez				1
2025-08-20	85	Diego Andrés Clavijo Chaparro				1
2025-08-20	96	Juan Pablo Lucas Ramos				1
2025-08-21	6	Leonel Cruz Cristobal				1
2025-08-21	8	Francisco Montalvo Ramirez				1
2025-08-21	25	Héctor Cruz Hernández				1
2025-08-21	47	Bethania Ferrofino				1
2025-08-21	48	Luis Ángel García Cruz				1
2025-08-21	55	Juan Manuel Sánchez Lugo				1
2025-08-21	59	Gerardo Isai Lozano Davila				1
2025-08-21	60	Teresa Ramos Rodríguez				1
2025-08-21	62	Gilberto Gibran Solís Carrillo				1
2025-08-21	63	Magaly Estefanía Pérez García				1
2025-08-21	68	Jésus Montalvo Ramirez				1
2025-08-21	75	Mateo Salazar				1
2025-08-21	76	Carlos Eduardo Manzanares				1
2025-08-21	78	Aldo Jesús Méndez Garza				1
2025-08-21	79	José Luis Romero Grados				1
2025-08-21	82	Alejandro Barrón				1
2025-08-21	83	Brandon Contreras Lopez				1
2025-08-21	84	Eder Alfaro Espinoza				1
2025-08-21	85	Diego Andrés Clavijo Chaparro				1
2025-08-21	96	Juan Pablo Lucas Ramos				1
2025-08-22	6	Leonel Cruz Cristobal				1
2025-08-22	8	Francisco Montalvo Ramirez				1
2025-08-22	25	Héctor Cruz Hernández				1
2025-08-22	47	Bethania Ferrofino				1
2025-08-22	48	Luis Ángel García Cruz				1
2025-08-22	55	Juan Manuel Sánchez Lugo	121	SO9428	VERTIV	1
2025-08-22	59	Gerardo Isai Lozano Davila				1
2025-08-22	60	Teresa Ramos Rodríguez				1
2025-08-22	62	Gilberto Gibran Solís Carrillo				1
2025-08-22	63	Magaly Estefanía Pérez García				1
2025-08-22	68	Jésus Montalvo Ramirez				1
2025-08-22	75	Mateo Salazar				1
2025-08-22	76	Carlos Eduardo Manzanares				1
2025-08-22	78	Aldo Jesús Méndez Garza				1
2025-08-22	79	José Luis Romero Grados				1
2025-08-22	82	Alejandro Barrón				1
2025-08-22	83	Brandon Contreras Lopez				1
2025-08-22	84	Eder Alfaro Espinoza				1
2025-08-22	85	Diego Andrés Clavijo Chaparro				1
2025-08-22	96	Juan Pablo Lucas Ramos				1
2025-08-23	6	Leonel Cruz Cristobal				1
2025-08-23	68	Jésus Montalvo Ramirez				1
2025-08-23	76	Carlos Eduardo Manzanares				1
2025-08-23	82	Alejandro Barrón				1
2025-08-24	6	Leonel Cruz Cristobal				1
2025-08-24	68	Jésus Montalvo Ramirez				1
2025-08-24	76	Carlos Eduardo Manzanares				1
2025-08-24	82	Alejandro Barrón				1
2025-08-25	6	Leonel Cruz Cristobal				1
2025-08-25	8	Francisco Montalvo Ramirez				1
2025-08-25	25	Héctor Cruz Hernández				1
2025-08-25	47	Bethania Ferrofino				1
2025-08-25	48	Luis Ángel García Cruz				1
2025-08-25	55	Juan Manuel Sánchez Lugo				1
2025-08-25	57	Samuel Ulises Alcántara				1
2025-08-25	59	Gerardo Isai Lozano Davila				1
2025-08-25	60	Teresa Ramos Rodríguez				1
2025-08-25	62	Gilberto Gibran Solís Carrillo				1
2025-08-25	63	Magaly Estefanía Pérez García				1
2025-08-25	68	Jésus Montalvo Ramirez				1
2025-08-25	75	Mateo Salazar				1
2025-08-25	76	Carlos Eduardo Manzanares				1
2025-08-25	78	Aldo Jesús Méndez Garza				1
2025-08-25	79	José Luis Romero Grados				1
2025-08-25	82	Alejandro Barrón				1
2025-08-25	83	Brandon Contreras Lopez				1
2025-08-25	84	Eder Alfaro Espinoza				1
2025-08-25	85	Diego Andrés Clavijo Chaparro				1
2025-08-25	96	Juan Pablo Lucas Ramos				1
2025-08-26	6	Leonel Cruz Cristobal				1
2025-08-26	8	Francisco Montalvo Ramirez				1
2025-08-26	25	Héctor Cruz Hernández				1
2025-08-26	47	Bethania Ferrofino				1
2025-08-26	48	Luis Ángel García Cruz				1
2025-08-26	55	Juan Manuel Sánchez Lugo				1
2025-08-26	57	Samuel Ulises Alcántara				1
2025-08-26	59	Gerardo Isai Lozano Davila				1
2025-08-26	60	Teresa Ramos Rodríguez				1
2025-08-26	62	Gilberto Gibran Solís Carrillo				1
2025-08-26	63	Magaly Estefanía Pérez García				1
2025-08-26	68	Jésus Montalvo Ramirez				1
2025-08-26	75	Mateo Salazar				1
2025-08-26	76	Carlos Eduardo Manzanares				1
2025-08-26	78	Aldo Jesús Méndez Garza				1
2025-08-26	79	José Luis Romero Grados				1
2025-08-26	82	Alejandro Barrón				1
2025-08-26	83	Brandon Contreras Lopez				1
2025-08-26	84	Eder Alfaro Espinoza				1
2025-08-26	85	Diego Andrés Clavijo Chaparro				1
2025-08-26	96	Juan Pablo Lucas Ramos				1
2025-08-27	6	Leonel Cruz Cristobal				1
2025-08-27	8	Francisco Montalvo Ramirez				1
2025-08-27	25	Héctor Cruz Hernández				1
2025-08-27	47	Bethania Ferrofino				1
2025-08-27	48	Luis Ángel García Cruz				1
2025-08-27	55	Juan Manuel Sánchez Lugo				1
2025-08-27	57	Samuel Ulises Alcántara				1
2025-08-27	59	Gerardo Isai Lozano Davila				1
2025-08-27	60	Teresa Ramos Rodríguez				1
2025-08-27	62	Gilberto Gibran Solís Carrillo				1
2025-08-27	63	Magaly Estefanía Pérez García				1
2025-08-27	68	Jésus Montalvo Ramirez				1
2025-08-27	75	Mateo Salazar				1
2025-08-27	76	Carlos Eduardo Manzanares				1
2025-08-27	78	Aldo Jesús Méndez Garza				1
2025-08-27	79	José Luis Romero Grados				1
2025-08-27	83	Brandon Contreras Lopez				1
2025-08-27	84	Eder Alfaro Espinoza				1
2025-08-27	85	Diego Andrés Clavijo Chaparro				1
2025-08-27	96	Juan Pablo Lucas Ramos				1
2025-08-28	6	Leonel Cruz Cristobal				1
2025-08-28	8	Francisco Montalvo Ramirez				1
2025-08-28	25	Héctor Cruz Hernández				1
2025-08-28	47	Bethania Ferrofino				1
2025-08-28	48	Luis Ángel García Cruz				1
2025-08-28	55	Juan Manuel Sánchez Lugo				1
2025-08-28	57	Samuel Ulises Alcántara				1
2025-08-28	59	Gerardo Isai Lozano Davila				1
2025-08-28	60	Teresa Ramos Rodríguez				1
2025-08-28	62	Gilberto Gibran Solís Carrillo				1
2025-08-28	63	Magaly Estefanía Pérez García				1
2025-08-28	68	Jésus Montalvo Ramirez				1
2025-08-28	75	Mateo Salazar				1
2025-08-28	76	Carlos Eduardo Manzanares				1
2025-08-28	78	Aldo Jesús Méndez Garza				1
2025-08-28	79	José Luis Romero Grados				1
2025-08-28	82	Alejandro Barrón				1
2025-08-28	83	Brandon Contreras Lopez				1
2025-08-28	84	Eder Alfaro Espinoza				1
2025-08-28	85	Diego Andrés Clavijo Chaparro				1
2025-08-28	96	Juan Pablo Lucas Ramos				1
2025-08-29	6	Leonel Cruz Cristobal				1
2025-08-29	8	Francisco Montalvo Ramirez				1
2025-08-29	25	Héctor Cruz Hernández				2
2025-08-29	47	Bethania Ferrofino				1
2025-08-29	55	Juan Manuel Sánchez Lugo				1
2025-08-29	57	Samuel Ulises Alcántara				2
2025-08-29	59	Gerardo Isai Lozano Davila				1
2025-08-29	60	Teresa Ramos Rodríguez				1
2025-08-29	62	Gilberto Gibran Solís Carrillo				1
2025-08-29	63	Magaly Estefanía Pérez García				1
2025-08-29	68	Jésus Montalvo Ramirez				1
2025-08-29	75	Mateo Salazar				1
2025-08-29	76	Carlos Eduardo Manzanares				1
2025-08-29	78	Aldo Jesús Méndez Garza				1
2025-08-29	79	José Luis Romero Grados				1
2025-08-29	82	Alejandro Barrón				1
2025-08-29	83	Brandon Contreras Lopez				1
2025-08-29	84	Eder Alfaro Espinoza				1
2025-08-29	85	Diego Andrés Clavijo Chaparro				1
2025-08-29	96	Juan Pablo Lucas Ramos				1
2025-08-30	76	Carlos Eduardo Manzanares				1
2025-08-30	82	Alejandro Barrón				1
2025-09-01	6	Leonel Cruz Cristobal				1
2025-09-01	8	Francisco Montalvo Ramirez				1
2025-09-01	25	Héctor Cruz Hernández				1
2025-09-01	47	Bethania Ferrofino				1
2025-09-01	48	Luis Ángel García Cruz				1
2025-09-01	55	Juan Manuel Sánchez Lugo				1
2025-09-01	57	Samuel Ulises Alcántara				1
2025-09-01	59	Gerardo Isai Lozano Davila				1
2025-09-01	60	Teresa Ramos Rodríguez				1
2025-09-01	62	Gilberto Gibran Solís Carrillo				1
2025-09-01	63	Magaly Estefanía Pérez García				1
2025-09-01	68	Jésus Montalvo Ramirez				1
2025-09-01	75	Mateo Salazar				1
2025-09-01	76	Carlos Eduardo Manzanares				1
2025-09-01	78	Aldo Jesús Méndez Garza				1
2025-09-01	79	José Luis Romero Grados				1
2025-09-01	82	Alejandro Barrón				1
2025-09-01	83	Brandon Contreras Lopez				1
2025-09-01	84	Eder Alfaro Espinoza				1
2025-09-01	85	Diego Andrés Clavijo Chaparro				1
2025-09-01	96	Juan Pablo Lucas Ramos				1
2025-09-02	6	Leonel Cruz Cristobal				1
2025-09-02	8	Francisco Montalvo Ramirez				1
2025-09-02	25	Héctor Cruz Hernández				1
2025-09-02	47	Bethania Ferrofino				1
2025-09-02	48	Luis Ángel García Cruz				1
2025-09-02	55	Juan Manuel Sánchez Lugo				1
2025-09-02	57	Samuel Ulises Alcántara				1
2025-09-02	59	Gerardo Isai Lozano Davila				1
2025-09-02	60	Teresa Ramos Rodríguez				1
2025-09-02	62	Gilberto Gibran Solís Carrillo				1
2025-09-02	63	Magaly Estefanía Pérez García				1
2025-09-02	68	Jésus Montalvo Ramirez				1
2025-09-02	75	Mateo Salazar				1
2025-09-02	76	Carlos Eduardo Manzanares				1
2025-09-02	78	Aldo Jesús Méndez Garza				1
2025-09-02	79	José Luis Romero Grados				1
2025-09-02	82	Alejandro Barrón				1
2025-09-02	83	Brandon Contreras Lopez				1
2025-09-02	84	Eder Alfaro Espinoza				1
2025-09-02	85	Diego Andrés Clavijo Chaparro				1
2025-09-02	96	Juan Pablo Lucas Ramos				1
2025-09-03	6	Leonel Cruz Cristobal				1
2025-09-03	8	Francisco Montalvo Ramirez				1
2025-09-03	25	Héctor Cruz Hernández				1
2025-09-03	47	Bethania Ferrofino				1
2025-09-03	48	Luis Ángel García Cruz				1
2025-09-03	55	Juan Manuel Sánchez Lugo				1
2025-09-03	57	Samuel Ulises Alcántara				1
2025-09-03	59	Gerardo Isai Lozano Davila				1
2025-09-03	60	Teresa Ramos Rodríguez				1
2025-09-03	62	Gilberto Gibran Solís Carrillo				1
2025-09-03	63	Magaly Estefanía Pérez García				1
2025-09-03	68	Jésus Montalvo Ramirez				1
2025-09-03	75	Mateo Salazar				1
2025-09-03	76	Carlos Eduardo Manzanares				2
2025-09-03	78	Aldo Jesús Méndez Garza				1
2025-09-03	79	José Luis Romero Grados				1
2025-09-03	82	Alejandro Barrón				1
2025-09-03	83	Brandon Contreras Lopez				1
2025-09-03	84	Eder Alfaro Espinoza				1
2025-09-03	85	Diego Andrés Clavijo Chaparro				1
2025-09-03	96	Juan Pablo Lucas Ramos				1
2025-09-04	6	Leonel Cruz Cristobal				1
2025-09-04	8	Francisco Montalvo Ramirez				1
2025-09-04	25	Héctor Cruz Hernández				1
2025-09-04	47	Bethania Ferrofino				1
2025-09-04	48	Luis Ángel García Cruz				1
2025-09-04	55	Juan Manuel Sánchez Lugo				1
2025-09-04	57	Samuel Ulises Alcántara				1
2025-09-04	59	Gerardo Isai Lozano Davila				1
2025-09-04	60	Teresa Ramos Rodríguez				1
2025-09-04	62	Gilberto Gibran Solís Carrillo				1
2025-09-04	63	Magaly Estefanía Pérez García				1
2025-09-04	68	Jésus Montalvo Ramirez				1
2025-09-04	75	Mateo Salazar				1
2025-09-04	76	Carlos Eduardo Manzanares				2
2025-09-04	78	Aldo Jesús Méndez Garza				1
2025-09-04	79	José Luis Romero Grados				1
2025-09-04	82	Alejandro Barrón				1
2025-09-04	83	Brandon Contreras Lopez				1
2025-09-04	84	Eder Alfaro Espinoza				1
2025-09-04	85	Diego Andrés Clavijo Chaparro				1
2025-09-04	96	Juan Pablo Lucas Ramos				1
2025-09-05	6	Leonel Cruz Cristobal				1
2025-09-05	8	Francisco Montalvo Ramirez				1
2025-09-05	25	Héctor Cruz Hernández				1
2025-09-05	47	Bethania Ferrofino				1
2025-09-05	48	Luis Ángel García Cruz				1
2025-09-05	55	Juan Manuel Sánchez Lugo				1
2025-09-05	57	Samuel Ulises Alcántara				1
2025-09-05	59	Gerardo Isai Lozano Davila				1
2025-09-05	60	Teresa Ramos Rodríguez				1
2025-09-05	62	Gilberto Gibran Solís Carrillo				1
2025-09-05	63	Magaly Estefanía Pérez García				1
2025-09-05	68	Jésus Montalvo Ramirez				1
2025-09-05	75	Mateo Salazar				1
2025-09-05	76	Carlos Eduardo Manzanares				1
2025-09-05	78	Aldo Jesús Méndez Garza				1
2025-09-05	79	José Luis Romero Grados				1
2025-09-05	82	Alejandro Barrón				1
2025-09-05	83	Brandon Contreras Lopez				1
2025-09-05	84	Eder Alfaro Espinoza				1
2025-09-05	85	Diego Andrés Clavijo Chaparro				1
2025-09-05	96	Juan Pablo Lucas Ramos				1
2025-09-06	68	Jésus Montalvo Ramirez				1
2025-09-07	6	Leonel Cruz Cristobal				1
2025-09-07	62	Gilberto Gibran Solís Carrillo				1
2025-09-07	79	José Luis Romero Grados				1
2025-09-08	6	Leonel Cruz Cristobal				1
2025-09-08	8	Francisco Montalvo Ramirez				1
2025-09-08	25	Héctor Cruz Hernández				1
2025-09-08	47	Bethania Ferrofino				1
2025-09-08	48	Luis Ángel García Cruz				1
2025-09-08	55	Juan Manuel Sánchez Lugo				1
2025-09-08	57	Samuel Ulises Alcántara				1
2025-09-08	60	Teresa Ramos Rodríguez				1
2025-09-08	62	Gilberto Gibran Solís Carrillo				1
2025-09-08	63	Magaly Estefanía Pérez García				1
2025-09-08	68	Jésus Montalvo Ramirez				1
2025-09-08	75	Mateo Salazar				1
2025-09-08	78	Aldo Jesús Méndez Garza				1
2025-09-08	79	José Luis Romero Grados				1
2025-09-08	82	Alejandro Barrón				1
2025-09-08	83	Brandon Contreras Lopez				1
2025-09-08	84	Eder Alfaro Espinoza				1
2025-09-08	85	Diego Andrés Clavijo Chaparro				1
2025-09-08	96	Juan Pablo Lucas Ramos				1
2025-09-09	6	Leonel Cruz Cristobal				1
2025-09-09	8	Francisco Montalvo Ramirez				1
2025-09-09	25	Héctor Cruz Hernández				1
2025-09-09	47	Bethania Ferrofino				1
2025-09-09	48	Luis Ángel García Cruz				1
2025-09-09	55	Juan Manuel Sánchez Lugo				1
2025-09-09	57	Samuel Ulises Alcántara				1
2025-09-09	59	Gerardo Isai Lozano Davila				1
2025-09-09	60	Teresa Ramos Rodríguez				1
2025-09-09	62	Gilberto Gibran Solís Carrillo				1
2025-09-09	63	Magaly Estefanía Pérez García				1
2025-09-09	68	Jésus Montalvo Ramirez				1
2025-09-09	75	Mateo Salazar				1
2025-09-09	76	Carlos Eduardo Manzanares				1
2025-09-09	78	Aldo Jesús Méndez Garza				1
2025-09-09	79	José Luis Romero Grados				1
2025-09-09	82	Alejandro Barrón				1
2025-09-09	83	Brandon Contreras Lopez				1
2025-09-09	84	Eder Alfaro Espinoza				1
2025-09-09	85	Diego Andrés Clavijo Chaparro				1
2025-09-09	96	Juan Pablo Lucas Ramos				1
2025-09-10	6	Leonel Cruz Cristobal				1
2025-09-10	8	Francisco Montalvo Ramirez				1
2025-09-10	25	Héctor Cruz Hernández				1
2025-09-10	47	Bethania Ferrofino				1
2025-09-10	48	Luis Ángel García Cruz				1
2025-09-10	55	Juan Manuel Sánchez Lugo				1
2025-09-10	57	Samuel Ulises Alcántara				1
2025-09-10	59	Gerardo Isai Lozano Davila				1
2025-09-10	60	Teresa Ramos Rodríguez				1
2025-09-10	62	Gilberto Gibran Solís Carrillo				1
2025-09-10	63	Magaly Estefanía Pérez García				1
2025-09-10	68	Jésus Montalvo Ramirez				1
2025-09-10	75	Mateo Salazar				1
2025-09-10	76	Carlos Eduardo Manzanares				1
2025-09-10	78	Aldo Jesús Méndez Garza				1
2025-09-10	79	José Luis Romero Grados				1
2025-09-10	82	Alejandro Barrón				1
2025-09-10	83	Brandon Contreras Lopez				1
2025-09-10	84	Eder Alfaro Espinoza				1
2025-09-10	85	Diego Andrés Clavijo Chaparro				1
2025-09-10	96	Juan Pablo Lucas Ramos				1
2025-09-11	6	Leonel Cruz Cristobal				1
2025-09-11	8	Francisco Montalvo Ramirez				1
2025-09-11	25	Héctor Cruz Hernández				1
2025-09-11	47	Bethania Ferrofino				1
2025-09-11	48	Luis Ángel García Cruz				1
2025-09-11	55	Juan Manuel Sánchez Lugo				1
2025-09-11	57	Samuel Ulises Alcántara				1
2025-09-11	59	Gerardo Isai Lozano Davila				1
2025-09-11	60	Teresa Ramos Rodríguez				1
2025-09-11	62	Gilberto Gibran Solís Carrillo				1
2025-09-11	63	Magaly Estefanía Pérez García				1
2025-09-11	68	Jésus Montalvo Ramirez				1
2025-09-11	75	Mateo Salazar				1
2025-09-11	76	Carlos Eduardo Manzanares				1
2025-09-11	78	Aldo Jesús Méndez Garza				1
2025-09-11	79	José Luis Romero Grados				1
2025-09-11	82	Alejandro Barrón				1
2025-09-11	83	Brandon Contreras Lopez				1
2025-09-11	84	Eder Alfaro Espinoza				1
2025-09-11	85	Diego Andrés Clavijo Chaparro				1
2025-09-11	96	Juan Pablo Lucas Ramos				1
2025-09-12	6	Leonel Cruz Cristobal				1
2025-09-12	8	Francisco Montalvo Ramirez				1
2025-09-12	25	Héctor Cruz Hernández				1
2025-09-12	47	Bethania Ferrofino				1
2025-09-12	48	Luis Ángel García Cruz				1
2025-09-12	55	Juan Manuel Sánchez Lugo				1
2025-09-12	57	Samuel Ulises Alcántara				1
2025-09-12	59	Gerardo Isai Lozano Davila				1
2025-09-12	60	Teresa Ramos Rodríguez				1
2025-09-12	62	Gilberto Gibran Solís Carrillo				1
2025-09-12	63	Magaly Estefanía Pérez García				1
2025-09-12	68	Jésus Montalvo Ramirez				1
2025-09-12	75	Mateo Salazar				1
2025-09-12	76	Carlos Eduardo Manzanares				1
2025-09-12	78	Aldo Jesús Méndez Garza				1
2025-09-12	82	Alejandro Barrón				1
2025-09-12	83	Brandon Contreras Lopez				1
2025-09-12	84	Eder Alfaro Espinoza				1
2025-09-12	85	Diego Andrés Clavijo Chaparro				1
2025-09-12	96	Juan Pablo Lucas Ramos				1
2025-09-15	8	Francisco Montalvo Ramirez				1
2025-09-15	25	Héctor Cruz Hernández				1
2025-09-15	47	Bethania Ferrofino				1
2025-09-15	48	Luis Ángel García Cruz				1
2025-09-15	59	Gerardo Isai Lozano Davila				1
2025-09-15	62	Gilberto Gibran Solís Carrillo				1
2025-09-15	63	Magaly Estefanía Pérez García				1
2025-09-15	68	Jésus Montalvo Ramirez				1
2025-09-15	75	Mateo Salazar				1
2025-09-15	76	Carlos Eduardo Manzanares				1
2025-09-15	78	Aldo Jesús Méndez Garza				1
2025-09-15	79	José Luis Romero Grados				1
2025-09-15	82	Alejandro Barrón				1
2025-09-15	83	Brandon Contreras Lopez				1
2025-09-15	84	Eder Alfaro Espinoza				1
2025-09-15	85	Diego Andrés Clavijo Chaparro				1
2025-09-15	97	Rissia Xavier de Araujo				1
2025-09-17	8	Francisco Montalvo Ramirez				1
2025-09-17	25	Héctor Cruz Hernández				1
2025-09-17	47	Bethania Ferrofino				1
2025-09-17	48	Luis Ángel García Cruz				1
2025-09-17	55	Juan Manuel Sánchez Lugo				1
2025-09-17	57	Samuel Ulises Alcántara				1
2025-09-17	59	Gerardo Isai Lozano Davila				1
2025-09-17	60	Teresa Ramos Rodríguez				1
2025-09-17	62	Gilberto Gibran Solís Carrillo				1
2025-09-17	63	Magaly Estefanía Pérez García				1
2025-09-17	68	Jésus Montalvo Ramirez				1
2025-09-17	75	Mateo Salazar				1
2025-09-17	76	Carlos Eduardo Manzanares				1
2025-09-17	78	Aldo Jesús Méndez Garza				1
2025-09-17	79	José Luis Romero Grados				1
2025-09-17	82	Alejandro Barrón				1
2025-09-17	83	Brandon Contreras Lopez				1
2025-09-17	84	Eder Alfaro Espinoza				1
2025-09-17	85	Diego Andrés Clavijo Chaparro				1
2025-09-17	96	Juan Pablo Lucas Ramos				1
2025-09-17	97	Rissia Xavier de Araujo				1
2025-09-18	8	Francisco Montalvo Ramirez				1
2025-09-18	25	Héctor Cruz Hernández				1
2025-09-18	47	Bethania Ferrofino				1
2025-09-18	48	Luis Ángel García Cruz				1
2025-09-18	55	Juan Manuel Sánchez Lugo				1
2025-09-18	57	Samuel Ulises Alcántara				1
2025-09-18	59	Gerardo Isai Lozano Davila				1
2025-09-18	60	Teresa Ramos Rodríguez				1
2025-09-18	62	Gilberto Gibran Solís Carrillo				1
2025-09-18	63	Magaly Estefanía Pérez García				1
2025-09-18	68	Jésus Montalvo Ramirez				1
2025-09-18	75	Mateo Salazar				1
2025-09-18	76	Carlos Eduardo Manzanares				1
2025-09-18	78	Aldo Jesús Méndez Garza				1
2025-09-18	79	José Luis Romero Grados				1
2025-09-18	82	Alejandro Barrón				1
2025-09-18	83	Brandon Contreras Lopez				1
2025-09-18	85	Diego Andrés Clavijo Chaparro				1
2025-09-18	96	Juan Pablo Lucas Ramos				1
2025-09-18	97	Rissia Xavier de Araujo				1
2025-09-19	6	Leonel Cruz Cristobal				1
2025-09-19	8	Francisco Montalvo Ramirez				1
2025-09-19	25	Héctor Cruz Hernández				1
2025-09-19	47	Bethania Ferrofino				1
2025-09-19	48	Luis Ángel García Cruz				1
2025-09-19	55	Juan Manuel Sánchez Lugo				1
2025-09-19	57	Samuel Ulises Alcántara				1
2025-09-19	59	Gerardo Isai Lozano Davila				1
2025-09-19	60	Teresa Ramos Rodríguez				1
2025-09-19	62	Gilberto Gibran Solís Carrillo				1
2025-09-19	63	Magaly Estefanía Pérez García				1
2025-09-19	68	Jésus Montalvo Ramirez				1
2025-09-19	75	Mateo Salazar				1
2025-09-19	78	Aldo Jesús Méndez Garza				1
2025-09-19	79	José Luis Romero Grados				1
2025-09-19	83	Brandon Contreras Lopez				1
2025-09-19	85	Diego Andrés Clavijo Chaparro				1
2025-09-19	96	Juan Pablo Lucas Ramos				1
2025-09-19	97	Rissia Xavier de Araujo				1
2025-09-20	79	José Luis Romero Grados				1
2025-09-22	6	Leonel Cruz Cristobal				1
2025-09-22	8	Francisco Montalvo Ramirez				1
2025-09-22	25	Héctor Cruz Hernández				1
2025-09-22	47	Bethania Ferrofino				1
2025-09-22	55	Juan Manuel Sánchez Lugo				1
2025-09-22	59	Gerardo Isai Lozano Davila				1
2025-09-22	60	Teresa Ramos Rodríguez				1
2025-09-22	62	Gilberto Gibran Solís Carrillo				1
2025-09-22	68	Jésus Montalvo Ramirez				1
2025-09-22	75	Mateo Salazar				1
2025-09-22	76	Carlos Eduardo Manzanares				1
2025-09-22	78	Aldo Jesús Méndez Garza				1
2025-09-22	79	José Luis Romero Grados				1
2025-09-22	83	Brandon Contreras Lopez				1
2025-09-22	85	Diego Andrés Clavijo Chaparro				1
2025-09-22	96	Juan Pablo Lucas Ramos				1
2025-09-22	97	Rissia Xavier de Araujo				1
2025-09-23	6	Leonel Cruz Cristobal				1
2025-09-23	8	Francisco Montalvo Ramirez				1
2025-09-23	25	Héctor Cruz Hernández				1
2025-09-23	47	Bethania Ferrofino				1
2025-09-23	48	Luis Ángel García Cruz				1
2025-09-23	55	Juan Manuel Sánchez Lugo				1
2025-09-23	57	Samuel Ulises Alcántara				1
2025-09-23	59	Gerardo Isai Lozano Davila				1
2025-09-23	60	Teresa Ramos Rodríguez				1
2025-09-23	62	Gilberto Gibran Solís Carrillo				1
2025-09-23	63	Magaly Estefanía Pérez García				1
2025-09-23	68	Jésus Montalvo Ramirez				1
2025-09-23	75	Mateo Salazar				1
2025-09-23	76	Carlos Eduardo Manzanares				1
2025-09-23	78	Aldo Jesús Méndez Garza				1
2025-09-23	79	José Luis Romero Grados				1
2025-09-23	83	Brandon Contreras Lopez				1
2025-09-23	85	Diego Andrés Clavijo Chaparro				1
2025-09-23	96	Juan Pablo Lucas Ramos				1
2025-09-23	97	Rissia Xavier de Araujo				1
2025-09-24	6	Leonel Cruz Cristobal				1
2025-09-24	8	Francisco Montalvo Ramirez				1
2025-09-24	25	Héctor Cruz Hernández				1
2025-09-24	47	Bethania Ferrofino				1
2025-09-24	48	Luis Ángel García Cruz				1
2025-09-24	55	Juan Manuel Sánchez Lugo				1
2025-09-24	57	Samuel Ulises Alcántara				1
2025-09-24	59	Gerardo Isai Lozano Davila				1
2025-09-24	60	Teresa Ramos Rodríguez				1
2025-09-24	62	Gilberto Gibran Solís Carrillo				1
2025-09-24	63	Magaly Estefanía Pérez García				1
2025-09-24	68	Jésus Montalvo Ramirez				1
2025-09-24	75	Mateo Salazar				1
2025-09-24	76	Carlos Eduardo Manzanares				1
2025-09-24	78	Aldo Jesús Méndez Garza				1
2025-09-24	79	José Luis Romero Grados				1
2025-09-24	83	Brandon Contreras Lopez				1
2025-09-24	85	Diego Andrés Clavijo Chaparro				1
2025-09-24	96	Juan Pablo Lucas Ramos				1
2025-09-24	97	Rissia Xavier de Araujo				1
2025-09-25	6	Leonel Cruz Cristobal				1
2025-09-25	25	Héctor Cruz Hernández				1
2025-09-25	48	Luis Ángel García Cruz				1
2025-09-25	55	Juan Manuel Sánchez Lugo				1
2025-09-25	57	Samuel Ulises Alcántara				1
2025-09-25	59	Gerardo Isai Lozano Davila				1
2025-09-25	60	Teresa Ramos Rodríguez				1
2025-09-25	62	Gilberto Gibran Solís Carrillo				1
2025-09-25	63	Magaly Estefanía Pérez García				1
2025-09-25	68	Jésus Montalvo Ramirez				1
2025-09-25	75	Mateo Salazar				1
2025-09-25	78	Aldo Jesús Méndez Garza				1
2025-09-25	79	José Luis Romero Grados				1
2025-09-25	83	Brandon Contreras Lopez				1
2025-09-25	85	Diego Andrés Clavijo Chaparro				1
2025-09-25	96	Juan Pablo Lucas Ramos				1
2025-09-25	97	Rissia Xavier de Araujo				1
2025-09-26	6	Leonel Cruz Cristobal				1
2025-09-26	25	Héctor Cruz Hernández				1
2025-09-26	48	Luis Ángel García Cruz				1
2025-09-26	55	Juan Manuel Sánchez Lugo				1
2025-09-26	57	Samuel Ulises Alcántara				1
2025-09-26	59	Gerardo Isai Lozano Davila				1
2025-09-26	60	Teresa Ramos Rodríguez				1
2025-09-26	62	Gilberto Gibran Solís Carrillo				1
2025-09-26	63	Magaly Estefanía Pérez García				1
2025-09-26	68	Jésus Montalvo Ramirez				1
2025-09-26	76	Carlos Eduardo Manzanares				1
2025-09-26	78	Aldo Jesús Méndez Garza				1
2025-09-26	79	José Luis Romero Grados				1
2025-09-26	83	Brandon Contreras Lopez				1
2025-09-26	85	Diego Andrés Clavijo Chaparro				1
2025-09-26	96	Juan Pablo Lucas Ramos				1
2025-09-26	97	Rissia Xavier de Araujo				1
2025-09-27	6	Leonel Cruz Cristobal				1
2025-09-27	62	Gilberto Gibran Solís Carrillo				1
2025-09-27	76	Carlos Eduardo Manzanares				1
2025-09-28	76	Carlos Eduardo Manzanares				1
2025-09-28	79	José Luis Romero Grados				1
2025-09-29	6	Leonel Cruz Cristobal				1
2025-09-29	8	Francisco Montalvo Ramirez				1
2025-09-29	25	Héctor Cruz Hernández				1
2025-09-29	48	Luis Ángel García Cruz				1
2025-09-29	57	Samuel Ulises Alcántara				1
2025-09-29	59	Gerardo Isai Lozano Davila				1
2025-09-29	60	Teresa Ramos Rodríguez				1
2025-09-29	62	Gilberto Gibran Solís Carrillo				1
2025-09-29	63	Magaly Estefanía Pérez García				1
2025-09-29	68	Jésus Montalvo Ramirez				1
2025-09-29	75	Mateo Salazar				1
2025-09-29	76	Carlos Eduardo Manzanares				1
2025-09-29	78	Aldo Jesús Méndez Garza				1
2025-09-29	79	José Luis Romero Grados				1
2025-09-29	83	Brandon Contreras Lopez				1
2025-09-29	85	Diego Andrés Clavijo Chaparro				1
2025-09-29	96	Juan Pablo Lucas Ramos				1
2025-09-29	97	Rissia Xavier de Araujo				1
2025-09-30	6	Leonel Cruz Cristobal				1
2025-09-30	8	Francisco Montalvo Ramirez				1
2025-09-30	25	Héctor Cruz Hernández				1
2025-09-30	48	Luis Ángel García Cruz				1
2025-09-30	57	Samuel Ulises Alcántara				1
2025-09-30	59	Gerardo Isai Lozano Davila				1
2025-09-30	60	Teresa Ramos Rodríguez				1
2025-09-30	62	Gilberto Gibran Solís Carrillo				1
2025-09-30	63	Magaly Estefanía Pérez García				1
2025-09-30	68	Jésus Montalvo Ramirez				1
2025-09-30	75	Mateo Salazar				1
2025-09-30	76	Carlos Eduardo Manzanares				1
2025-09-30	78	Aldo Jesús Méndez Garza				1
2025-09-30	79	José Luis Romero Grados				1
2025-09-30	83	Brandon Contreras Lopez				1
2025-09-30	85	Diego Andrés Clavijo Chaparro				1
2025-09-30	96	Juan Pablo Lucas Ramos				1
2025-09-30	97	Rissia Xavier de Araujo				1
2025-10-01	6	Leonel Cruz Cristobal				1
2025-10-01	8	Francisco Montalvo Ramirez				1
2025-10-01	25	Héctor Cruz Hernández				1
2025-10-01	48	Luis Ángel García Cruz				1
2025-10-01	55	Juan Manuel Sánchez Lugo				1
2025-10-01	57	Samuel Ulises Alcántara				1
2025-10-01	59	Gerardo Isai Lozano Davila				1
2025-10-01	60	Teresa Ramos Rodríguez				1
2025-10-01	62	Gilberto Gibran Solís Carrillo				1
2025-10-01	63	Magaly Estefanía Pérez García				1
2025-10-01	68	Jésus Montalvo Ramirez				1
2025-10-01	75	Mateo Salazar				1
2025-10-01	76	Carlos Eduardo Manzanares				1
2025-10-01	79	José Luis Romero Grados				1
2025-10-01	83	Brandon Contreras Lopez				1
2025-10-01	85	Diego Andrés Clavijo Chaparro				1
2025-10-01	97	Rissia Xavier de Araujo				1
2025-10-02	6	Leonel Cruz Cristobal				1
2025-10-02	8	Francisco Montalvo Ramirez				1
2025-10-02	48	Luis Ángel García Cruz				1
2025-10-02	55	Juan Manuel Sánchez Lugo				1
2025-10-02	57	Samuel Ulises Alcántara				1
2025-10-02	59	Gerardo Isai Lozano Davila				1
2025-10-02	60	Teresa Ramos Rodríguez				1
2025-10-02	62	Gilberto Gibran Solís Carrillo				1
2025-10-02	68	Jésus Montalvo Ramirez				1
2025-10-02	75	Mateo Salazar				1
2025-10-02	76	Carlos Eduardo Manzanares				1
2025-10-02	78	Aldo Jesús Méndez Garza				1
2025-10-02	79	José Luis Romero Grados				1
2025-10-02	83	Brandon Contreras Lopez				1
2025-10-02	85	Diego Andrés Clavijo Chaparro				1
2025-10-02	96	Juan Pablo Lucas Ramos				1
2025-10-03	6	Leonel Cruz Cristobal				1
2025-10-03	8	Francisco Montalvo Ramirez				2
2025-10-03	48	Luis Ángel García Cruz				1
2025-10-03	55	Juan Manuel Sánchez Lugo				1
2025-10-03	57	Samuel Ulises Alcántara				1
2025-10-03	59	Gerardo Isai Lozano Davila				1
2025-10-03	60	Teresa Ramos Rodríguez				1
2025-10-03	62	Gilberto Gibran Solís Carrillo				1
2025-10-03	68	Jésus Montalvo Ramirez				1
2025-10-03	75	Mateo Salazar				1
2025-10-03	76	Carlos Eduardo Manzanares				1
2025-10-03	78	Aldo Jesús Méndez Garza				1
2025-10-03	79	José Luis Romero Grados				1
2025-10-03	85	Diego Andrés Clavijo Chaparro				1
2025-10-03	96	Juan Pablo Lucas Ramos				1
2025-10-03	97	Rissia Xavier de Araujo				1
2025-10-06	6	Leonel Cruz Cristobal				1
2025-10-06	8	Francisco Montalvo Ramirez				2
2025-10-06	25	Héctor Cruz Hernández				1
2025-10-06	48	Luis Ángel García Cruz				1
2025-10-06	55	Juan Manuel Sánchez Lugo				1
2025-10-06	57	Samuel Ulises Alcántara				1
2025-10-06	59	Gerardo Isai Lozano Davila				1
2025-10-06	60	Teresa Ramos Rodríguez				1
2025-10-06	62	Gilberto Gibran Solís Carrillo				2
2025-10-06	68	Jésus Montalvo Ramirez				1
2025-10-06	75	Mateo Salazar				1
2025-10-06	76	Carlos Eduardo Manzanares				1
2025-10-06	78	Aldo Jesús Méndez Garza				1
2025-10-06	79	José Luis Romero Grados				1
2025-10-06	83	Brandon Contreras Lopez				1
2025-10-06	85	Diego Andrés Clavijo Chaparro				1
2025-10-06	97	Rissia Xavier de Araujo				1
2025-10-07	6	Leonel Cruz Cristobal				1
2025-10-07	8	Francisco Montalvo Ramirez				1
2025-10-07	25	Héctor Cruz Hernández				1
2025-10-07	48	Luis Ángel García Cruz				1
2025-10-07	55	Juan Manuel Sánchez Lugo				2
2025-10-07	57	Samuel Ulises Alcántara				1
2025-10-07	59	Gerardo Isai Lozano Davila				1
2025-10-07	60	Teresa Ramos Rodríguez				1
2025-10-07	62	Gilberto Gibran Solís Carrillo				1
2025-10-07	68	Jésus Montalvo Ramirez				1
2025-10-07	75	Mateo Salazar				1
2025-10-07	76	Carlos Eduardo Manzanares				2
2025-10-07	79	José Luis Romero Grados				1
2025-10-07	83	Brandon Contreras Lopez				1
2025-10-07	85	Diego Andrés Clavijo Chaparro				1
2025-10-07	96	Juan Pablo Lucas Ramos				1
2025-10-07	97	Rissia Xavier de Araujo				1
2025-10-08	6	Leonel Cruz Cristobal				1
2025-10-08	8	Francisco Montalvo Ramirez				2
2025-10-08	25	Héctor Cruz Hernández				1
2025-10-08	48	Luis Ángel García Cruz				1
2025-10-08	55	Juan Manuel Sánchez Lugo				1
2025-10-08	57	Samuel Ulises Alcántara				1
2025-10-08	59	Gerardo Isai Lozano Davila				1
2025-10-08	60	Teresa Ramos Rodríguez				1
2025-10-08	62	Gilberto Gibran Solís Carrillo				1
2025-10-08	68	Jésus Montalvo Ramirez				1
2025-10-08	75	Mateo Salazar				1
2025-10-08	76	Carlos Eduardo Manzanares				1
2025-10-08	78	Aldo Jesús Méndez Garza				1
2025-10-08	79	José Luis Romero Grados				1
2025-10-08	83	Brandon Contreras Lopez				1
2025-10-08	85	Diego Andrés Clavijo Chaparro				1
2025-10-08	96	Juan Pablo Lucas Ramos				1
2025-10-08	97	Rissia Xavier de Araujo				1
2025-10-09	6	Leonel Cruz Cristobal				1
2025-10-09	8	Francisco Montalvo Ramirez				1
2025-10-09	25	Héctor Cruz Hernández				1
2025-10-09	55	Juan Manuel Sánchez Lugo				1
2025-10-09	57	Samuel Ulises Alcántara				1
2025-10-09	59	Gerardo Isai Lozano Davila				1
2025-10-09	60	Teresa Ramos Rodríguez				1
2025-10-09	62	Gilberto Gibran Solís Carrillo				1
2025-10-09	68	Jésus Montalvo Ramirez				1
2025-10-09	75	Mateo Salazar				1
2025-10-09	76	Carlos Eduardo Manzanares				1
2025-10-09	78	Aldo Jesús Méndez Garza				1
2025-10-09	79	José Luis Romero Grados				1
2025-10-09	83	Brandon Contreras Lopez				1
2025-10-09	85	Diego Andrés Clavijo Chaparro				1
2025-10-09	96	Juan Pablo Lucas Ramos				1
2025-10-09	97	Rissia Xavier de Araujo				1
2025-10-10	6	Leonel Cruz Cristobal				1
2025-10-10	8	Francisco Montalvo Ramirez				2
2025-10-10	25	Héctor Cruz Hernández				1
2025-10-10	48	Luis Ángel García Cruz				1
2025-10-10	55	Juan Manuel Sánchez Lugo				1
2025-10-10	57	Samuel Ulises Alcántara				1
2025-10-10	59	Gerardo Isai Lozano Davila				1
2025-10-10	60	Teresa Ramos Rodríguez				1
2025-10-10	62	Gilberto Gibran Solís Carrillo				1
2025-10-10	68	Jésus Montalvo Ramirez				1
2025-10-10	75	Mateo Salazar				1
2025-10-10	76	Carlos Eduardo Manzanares				1
2025-10-10	78	Aldo Jesús Méndez Garza				1
2025-10-10	79	José Luis Romero Grados				1
2025-10-10	83	Brandon Contreras Lopez				1
2025-10-10	85	Diego Andrés Clavijo Chaparro				1
2025-10-10	96	Juan Pablo Lucas Ramos				1
2025-10-10	97	Rissia Xavier de Araujo				1
2025-10-11	68	Jésus Montalvo Ramirez				1
2025-10-12	57	Samuel Ulises Alcántara				1
2025-10-12	62	Gilberto Gibran Solís Carrillo				1
2025-10-12	79	José Luis Romero Grados				1
2025-10-13	48	Luis Ángel García Cruz				1
2025-10-13	55	Juan Manuel Sánchez Lugo				1
2025-10-13	57	Samuel Ulises Alcántara				1
2025-10-13	59	Gerardo Isai Lozano Davila				1
2025-10-13	60	Teresa Ramos Rodríguez				1
2025-10-13	62	Gilberto Gibran Solís Carrillo				1
2025-10-13	63	Magaly Estefanía Pérez García				1
2025-10-13	68	Jésus Montalvo Ramirez				1
2025-10-13	75	Mateo Salazar				1
2025-10-13	76	Carlos Eduardo Manzanares				1
2025-10-13	78	Aldo Jesús Méndez Garza				1
2025-10-13	79	José Luis Romero Grados				1
2025-10-13	83	Brandon Contreras Lopez				1
2025-10-13	85	Diego Andrés Clavijo Chaparro				1
2025-10-13	96	Juan Pablo Lucas Ramos				1
2025-10-13	97	Rissia Xavier de Araujo				1
2025-10-14	6	Leonel Cruz Cristobal				2
2025-10-14	48	Luis Ángel García Cruz				1
2025-10-14	55	Juan Manuel Sánchez Lugo				1
2025-10-14	57	Samuel Ulises Alcántara				1
2025-10-14	59	Gerardo Isai Lozano Davila				1
2025-10-14	60	Teresa Ramos Rodríguez				1
2025-10-14	62	Gilberto Gibran Solís Carrillo				1
2025-10-14	63	Magaly Estefanía Pérez García				1
2025-10-14	68	Jésus Montalvo Ramirez				1
2025-10-14	76	Carlos Eduardo Manzanares				1
2025-10-14	78	Aldo Jesús Méndez Garza				1
2025-10-14	79	José Luis Romero Grados				1
2025-10-14	83	Brandon Contreras Lopez				1
2025-10-14	88	Carlos				1
2025-10-14	91	Jairo				1
2025-10-14	92	Alicia				1
2025-10-14	94	Ramiro				1
2025-10-14	95	Jaime				1
2025-10-14	96	Juan Pablo Lucas Ramos				1
2025-10-14	97	Rissia Xavier de Araujo				1
2025-10-14	104	Perla				1
2025-10-15	6	Leonel Cruz Cristobal				1
2025-10-15	48	Luis Ángel García Cruz				1
2025-10-15	55	Juan Manuel Sánchez Lugo				1
2025-10-15	57	Samuel Ulises Alcántara				1
2025-10-15	59	Gerardo Isai Lozano Davila				1
2025-10-15	60	Teresa Ramos Rodríguez				1
2025-10-15	62	Gilberto Gibran Solís Carrillo				1
2025-10-15	63	Magaly Estefanía Pérez García				1
2025-10-15	68	Jésus Montalvo Ramirez				1
2025-10-15	75	Mateo Salazar				1
2025-10-15	76	Carlos Eduardo Manzanares				1
2025-10-15	79	José Luis Romero Grados				1
2025-10-15	83	Brandon Contreras Lopez				1
2025-10-15	85	Diego Andrés Clavijo Chaparro				1
2025-10-15	87	Ana Santos				1
2025-10-15	88	Carlos				1
2025-10-15	92	Alicia				1
2025-10-15	94	Ramiro				1
2025-10-15	95	Jaime				1
2025-10-15	96	Juan Pablo Lucas Ramos				1
2025-10-15	101	Ana Laura Acevedo Flores				1
2025-10-15	102	Juan Daniel Duron Gomez				1
2025-10-15	103	Erick Santiago Antonio Montalvo				1
2025-10-16	6	Leonel Cruz Cristobal				1
2025-10-16	8	Francisco Montalvo Ramirez				3
2025-10-16	48	Luis Ángel García Cruz				1
2025-10-16	55	Juan Manuel Sánchez Lugo				1
2025-10-16	57	Samuel Ulises Alcántara				1
2025-10-16	59	Gerardo Isai Lozano Davila				1
2025-10-16	60	Teresa Ramos Rodríguez				1
2025-10-16	62	Gilberto Gibran Solís Carrillo				1
2025-10-16	63	Magaly Estefanía Pérez García				1
2025-10-16	68	Jésus Montalvo Ramirez				1
2025-10-16	75	Mateo Salazar				1
2025-10-16	76	Carlos Eduardo Manzanares				1
2025-10-16	78	Aldo Jesús Méndez Garza				1
2025-10-16	79	José Luis Romero Grados				1
2025-10-16	83	Brandon Contreras Lopez				1
2025-10-16	85	Diego Andrés Clavijo Chaparro				1
2025-10-16	88	Carlos				1
2025-10-16	91	Jairo				1
2025-10-16	92	Alicia				1
2025-10-16	94	Ramiro				1
2025-10-16	95	Jaime				1
2025-10-16	96	Juan Pablo Lucas Ramos				1
2025-10-16	97	Rissia Xavier de Araujo				1
2025-10-16	101	Ana Laura Acevedo Flores				1
2025-10-16	102	Juan Daniel Duron Gomez				2
2025-10-16	103	Erick Santiago Antonio Montalvo				2
2025-10-16	104	Perla				1
2025-10-17	6	Leonel Cruz Cristobal				1
2025-10-17	8	Francisco Montalvo Ramirez				2
2025-10-17	48	Luis Ángel García Cruz				1
2025-10-17	55	Juan Manuel Sánchez Lugo				1
2025-10-17	57	Samuel Ulises Alcántara				1
2025-10-17	59	Gerardo Isai Lozano Davila				1
2025-10-17	60	Teresa Ramos Rodríguez				1
2025-10-17	62	Gilberto Gibran Solís Carrillo				1
2025-10-17	63	Magaly Estefanía Pérez García				1
2025-10-17	68	Jésus Montalvo Ramirez				1
2025-10-17	75	Mateo Salazar				1
2025-10-17	76	Carlos Eduardo Manzanares				1
2025-10-17	78	Aldo Jesús Méndez Garza				1
2025-10-17	79	José Luis Romero Grados				1
2025-10-17	83	Brandon Contreras Lopez				1
2025-10-17	85	Diego Andrés Clavijo Chaparro				1
2025-10-17	88	Carlos				2
2025-10-17	92	Alicia				1
2025-10-17	95	Jaime				2
2025-10-17	96	Juan Pablo Lucas Ramos				1
2025-10-17	97	Rissia Xavier de Araujo				1
2025-10-17	101	Ana Laura Acevedo Flores				1
2025-10-17	102	Juan Daniel Duron Gomez				1
2025-10-17	103	Erick Santiago Antonio Montalvo				1
2025-10-17	104	Perla				1
2025-10-18	6	Leonel Cruz Cristobal				1
2025-10-18	62	Gilberto Gibran Solís Carrillo				1
2025-10-18	76	Carlos Eduardo Manzanares				1
2025-10-18	79	José Luis Romero Grados				1
2025-10-18	91	Jairo				1
2025-10-18	92	Alicia				1
2025-10-18	94	Ramiro				1
2025-10-18	104	Perla				1
2025-10-19	6	Leonel Cruz Cristobal				1
2025-10-19	62	Gilberto Gibran Solís Carrillo				1
2025-10-19	79	José Luis Romero Grados				1
2025-10-19	87	Ana Santos				1
2025-10-19	88	Carlos				1
2025-10-19	91	Jairo				1
2025-10-19	95	Jaime				1
2025-10-19	104	Perla				1
2025-10-20	6	Leonel Cruz Cristobal				1
2025-10-20	25	Héctor Cruz Hernández				1
2025-10-20	48	Luis Ángel García Cruz				1
2025-10-20	55	Juan Manuel Sánchez Lugo				1
2025-10-20	59	Gerardo Isai Lozano Davila				1
2025-10-20	60	Teresa Ramos Rodríguez				1
2025-10-20	62	Gilberto Gibran Solís Carrillo				1
2025-10-20	63	Magaly Estefanía Pérez García				1
2025-10-20	68	Jésus Montalvo Ramirez				1
2025-10-20	75	Mateo Salazar				1
2025-10-20	76	Carlos Eduardo Manzanares				1
2025-10-20	78	Aldo Jesús Méndez Garza				1
2025-10-20	79	José Luis Romero Grados				1
2025-10-20	83	Brandon Contreras Lopez				1
2025-10-20	85	Diego Andrés Clavijo Chaparro				1
2025-10-20	87	Ana Santos				1
2025-10-20	88	Carlos				1
2025-10-20	95	Jaime				1
2025-10-20	96	Juan Pablo Lucas Ramos				1
2025-10-20	97	Rissia Xavier de Araujo				1
2025-10-20	101	Ana Laura Acevedo Flores				1
2025-10-20	102	Juan Daniel Duron Gomez				1
2025-10-20	103	Erick Santiago Antonio Montalvo				1
2025-10-20	104	Perla				1
2025-10-20	105	Abraham Saíd Martínez Leal				1
2025-10-21	6	Leonel Cruz Cristobal				2
2025-10-21	8	Francisco Montalvo Ramirez				2
2025-10-21	25	Héctor Cruz Hernández				1
2025-10-21	48	Luis Ángel García Cruz				1
2025-10-21	55	Juan Manuel Sánchez Lugo				1
2025-10-21	57	Samuel Ulises Alcántara				1
2025-10-21	60	Teresa Ramos Rodríguez				1
2025-10-21	62	Gilberto Gibran Solís Carrillo				1
2025-10-21	63	Magaly Estefanía Pérez García				1
2025-10-21	75	Mateo Salazar				1
2025-10-21	76	Carlos Eduardo Manzanares				1
2025-10-21	78	Aldo Jesús Méndez Garza				1
2025-10-21	79	José Luis Romero Grados				1
2025-10-21	83	Brandon Contreras Lopez				1
2025-10-21	85	Diego Andrés Clavijo Chaparro				1
2025-10-21	87	Ana Santos				1
2025-10-21	88	Carlos				2
2025-10-21	91	Jairo				1
2025-10-21	92	Alicia				1
2025-10-21	95	Jaime				2
2025-10-21	96	Juan Pablo Lucas Ramos				1
2025-10-21	97	Rissia Xavier de Araujo				1
2025-10-21	101	Ana Laura Acevedo Flores				1
2025-10-21	102	Juan Daniel Duron Gomez				1
2025-10-21	103	Erick Santiago Antonio Montalvo				1
2025-10-21	105	Abraham Saíd Martínez Leal				1
2025-10-21	106	Carlos Alberto Marín Vega				1
2025-10-22	6	Leonel Cruz Cristobal				1
2025-10-22	25	Héctor Cruz Hernández				1
2025-10-22	48	Luis Ángel García Cruz				1
2025-10-22	55	Juan Manuel Sánchez Lugo				1
2025-10-22	57	Samuel Ulises Alcántara				1
2025-10-22	59	Gerardo Isai Lozano Davila				1
2025-10-22	60	Teresa Ramos Rodríguez				1
2025-10-22	62	Gilberto Gibran Solís Carrillo				1
2025-10-22	63	Magaly Estefanía Pérez García				1
2025-10-22	68	Jésus Montalvo Ramirez				1
2025-10-22	75	Mateo Salazar				1
2025-10-22	76	Carlos Eduardo Manzanares				1
2025-10-22	78	Aldo Jesús Méndez Garza				1
2025-10-22	79	José Luis Romero Grados				1
2025-10-22	83	Brandon Contreras Lopez				1
2025-10-22	85	Diego Andrés Clavijo Chaparro				1
2025-10-22	88	Carlos				1
2025-10-22	92	Alicia				1
2025-10-22	96	Juan Pablo Lucas Ramos				1
2025-10-22	97	Rissia Xavier de Araujo				1
2025-10-22	101	Ana Laura Acevedo Flores				1
2025-10-22	102	Juan Daniel Duron Gomez				1
2025-10-22	103	Erick Santiago Antonio Montalvo				1
2025-10-22	104	Perla				1
2025-10-22	105	Abraham Saíd Martínez Leal				1
2025-10-22	106	Carlos Alberto Marín Vega				1
2025-10-23	6	Leonel Cruz Cristobal				1
2025-10-23	25	Héctor Cruz Hernández				1
2025-10-23	48	Luis Ángel García Cruz				1
2025-10-23	55	Juan Manuel Sánchez Lugo				2
2025-10-23	57	Samuel Ulises Alcántara				1
2025-10-23	59	Gerardo Isai Lozano Davila				1
2025-10-23	60	Teresa Ramos Rodríguez				1
2025-10-23	62	Gilberto Gibran Solís Carrillo				1
2025-10-23	63	Magaly Estefanía Pérez García				1
2025-10-23	68	Jésus Montalvo Ramirez				1
2025-10-23	75	Mateo Salazar				1
2025-10-23	76	Carlos Eduardo Manzanares				1
2025-10-23	78	Aldo Jesús Méndez Garza				1
2025-10-23	79	José Luis Romero Grados				1
2025-10-23	83	Brandon Contreras Lopez				1
2025-10-23	85	Diego Andrés Clavijo Chaparro				1
2025-10-23	88	Carlos				1
2025-10-23	91	Jairo				1
2025-10-23	95	Jaime				2
2025-10-23	96	Juan Pablo Lucas Ramos				1
2025-10-23	97	Rissia Xavier de Araujo				1
2025-10-23	101	Ana Laura Acevedo Flores				1
2025-10-23	102	Juan Daniel Duron Gomez				1
2025-10-23	103	Erick Santiago Antonio Montalvo				1
2025-10-23	104	Perla				1
2025-10-23	105	Abraham Saíd Martínez Leal				1
2025-10-23	106	Carlos Alberto Marín Vega				2
2025-10-24	6	Leonel Cruz Cristobal				1
2025-10-24	8	Francisco Montalvo Ramirez				1
2025-10-24	25	Héctor Cruz Hernández				1
2025-10-24	48	Luis Ángel García Cruz				1
2025-10-24	55	Juan Manuel Sánchez Lugo				1
2025-10-24	57	Samuel Ulises Alcántara				1
2025-10-24	59	Gerardo Isai Lozano Davila				1
2025-10-24	62	Gilberto Gibran Solís Carrillo				1
2025-10-24	63	Magaly Estefanía Pérez García				1
2025-10-24	68	Jésus Montalvo Ramirez				1
2025-10-24	75	Mateo Salazar				1
2025-10-24	76	Carlos Eduardo Manzanares				1
2025-10-24	78	Aldo Jesús Méndez Garza				1
2025-10-24	79	José Luis Romero Grados				1
2025-10-24	85	Diego Andrés Clavijo Chaparro				1
2025-10-24	88	Carlos				1
2025-10-24	91	Jairo				1
2025-10-24	92	Alicia				1
2025-10-24	96	Juan Pablo Lucas Ramos				1
2025-10-24	97	Rissia Xavier de Araujo				1
2025-10-24	101	Ana Laura Acevedo Flores				1
2025-10-24	102	Juan Daniel Duron Gomez				2
2025-10-24	104	Perla				1
2025-10-24	105	Abraham Saíd Martínez Leal				1
2025-10-24	106	Carlos Alberto Marín Vega				1
2025-10-25	60	Teresa Ramos Rodríguez				1
2025-10-25	62	Gilberto Gibran Solís Carrillo				1
2025-10-25	76	Carlos Eduardo Manzanares				1
2025-10-25	91	Jairo				1
2025-10-25	92	Alicia				1
2025-10-25	102	Juan Daniel Duron Gomez				1
2025-10-25	104	Perla				1
2025-10-26	62	Gilberto Gibran Solís Carrillo				1
2025-10-26	76	Carlos Eduardo Manzanares				1
2025-10-26	79	José Luis Romero Grados				1
2025-10-26	87	Ana Santos				2
2025-10-26	88	Carlos				1
2025-10-26	95	Jaime				1
2025-10-27	6	Leonel Cruz Cristobal				1
2025-10-27	8	Francisco Montalvo Ramirez				1
2025-10-27	25	Héctor Cruz Hernández				1
2025-10-27	48	Luis Ángel García Cruz				1
2025-10-27	55	Juan Manuel Sánchez Lugo				2
2025-10-27	57	Samuel Ulises Alcántara				1
2025-10-27	59	Gerardo Isai Lozano Davila				1
2025-10-27	60	Teresa Ramos Rodríguez				1
2025-10-27	62	Gilberto Gibran Solís Carrillo				1
2025-10-27	63	Magaly Estefanía Pérez García				1
2025-10-27	68	Jésus Montalvo Ramirez				1
2025-10-27	75	Mateo Salazar				1
2025-10-27	76	Carlos Eduardo Manzanares				1
2025-10-27	78	Aldo Jesús Méndez Garza				1
2025-10-27	79	José Luis Romero Grados				1
2025-10-27	83	Brandon Contreras Lopez				1
2025-10-27	85	Diego Andrés Clavijo Chaparro				1
2025-10-27	94	Ramiro				1
2025-10-27	95	Jaime				2
2025-10-27	97	Rissia Xavier de Araujo				1
2025-10-27	98	Ricardo Alán Hernández González				1
2025-10-27	101	Ana Laura Acevedo Flores				1
2025-10-27	102	Juan Daniel Duron Gomez				1
2025-10-27	104	Perla				1
2025-10-27	106	Carlos Alberto Marín Vega				1
2025-10-28	6	Leonel Cruz Cristobal				1
2025-10-28	8	Francisco Montalvo Ramirez				1
2025-10-28	25	Héctor Cruz Hernández				1
2025-10-28	48	Luis Ángel García Cruz				1
2025-10-28	55	Juan Manuel Sánchez Lugo				1
2025-10-28	57	Samuel Ulises Alcántara				1
2025-10-28	59	Gerardo Isai Lozano Davila				1
2025-10-28	60	Teresa Ramos Rodríguez				1
2025-10-28	62	Gilberto Gibran Solís Carrillo				1
2025-10-28	63	Magaly Estefanía Pérez García				1
2025-10-28	68	Jésus Montalvo Ramirez				1
2025-10-28	75	Mateo Salazar				1
2025-10-28	76	Carlos Eduardo Manzanares				1
2025-10-28	78	Aldo Jesús Méndez Garza				1
2025-10-28	79	José Luis Romero Grados				1
2025-10-28	83	Brandon Contreras Lopez				1
2025-10-28	85	Diego Andrés Clavijo Chaparro				1
2025-10-28	87	Ana Santos				1
2025-10-28	88	Carlos				1
2025-10-28	91	Jairo				1
2025-10-28	92	Alicia				1
2025-10-28	95	Jaime				1
2025-10-28	97	Rissia Xavier de Araujo				1
2025-10-28	101	Ana Laura Acevedo Flores				1
2025-10-28	102	Juan Daniel Duron Gomez				1
2025-10-28	103	Erick Santiago Antonio Montalvo				1
2025-10-28	104	Perla				1
2025-10-28	106	Carlos Alberto Marín Vega				1
2025-10-29	6	Leonel Cruz Cristobal				1
2025-10-29	8	Francisco Montalvo Ramirez				1
2025-10-29	25	Héctor Cruz Hernández				1
2025-10-29	48	Luis Ángel García Cruz				1
2025-10-29	55	Juan Manuel Sánchez Lugo				1
2025-10-29	57	Samuel Ulises Alcántara				1
2025-10-29	59	Gerardo Isai Lozano Davila				1
2025-10-29	60	Teresa Ramos Rodríguez				1
2025-10-29	62	Gilberto Gibran Solís Carrillo				1
2025-10-29	63	Magaly Estefanía Pérez García				1
2025-10-29	68	Jésus Montalvo Ramirez				1
2025-10-29	75	Mateo Salazar				1
2025-10-29	76	Carlos Eduardo Manzanares				1
2025-10-29	78	Aldo Jesús Méndez Garza				1
2025-10-29	79	José Luis Romero Grados				1
2025-10-29	83	Brandon Contreras Lopez				1
2025-10-29	85	Diego Andrés Clavijo Chaparro				1
2025-10-29	88	Carlos				1
2025-10-29	92	Alicia				1
2025-10-29	94	Ramiro				2
2025-10-29	95	Jaime				1
2025-10-29	96	Juan Pablo Lucas Ramos				1
2025-10-29	97	Rissia Xavier de Araujo				1
2025-10-29	101	Ana Laura Acevedo Flores				1
2025-10-29	102	Juan Daniel Duron Gomez				1
2025-10-29	103	Erick Santiago Antonio Montalvo				1
2025-10-29	105	Abraham Saíd Martínez Leal				1
2025-10-29	106	Carlos Alberto Marín Vega				1
2025-10-30	6	Leonel Cruz Cristobal				1
2025-10-30	8	Francisco Montalvo Ramirez				1
2025-10-30	25	Héctor Cruz Hernández				1
2025-10-30	48	Luis Ángel García Cruz				1
2025-10-30	55	Juan Manuel Sánchez Lugo				1
2025-10-30	57	Samuel Ulises Alcántara				1
2025-10-30	59	Gerardo Isai Lozano Davila				1
2025-10-30	60	Teresa Ramos Rodríguez				1
2025-10-30	62	Gilberto Gibran Solís Carrillo				1
2025-10-30	63	Magaly Estefanía Pérez García				1
2025-10-30	68	Jésus Montalvo Ramirez				1
2025-10-30	75	Mateo Salazar				1
2025-10-30	76	Carlos Eduardo Manzanares				1
2025-10-30	78	Aldo Jesús Méndez Garza				1
2025-10-30	79	José Luis Romero Grados				1
2025-10-30	83	Brandon Contreras Lopez				1
2025-10-30	85	Diego Andrés Clavijo Chaparro				1
2025-10-30	88	Carlos				1
2025-10-30	91	Jairo				1
2025-10-30	92	Alicia				1
2025-10-30	96	Juan Pablo Lucas Ramos				1
2025-10-30	97	Rissia Xavier de Araujo				1
2025-10-30	101	Ana Laura Acevedo Flores				1
2025-10-30	102	Juan Daniel Duron Gomez				1
2025-10-30	103	Erick Santiago Antonio Montalvo				1
2025-10-30	104	Perla				1
2025-10-30	105	Abraham Saíd Martínez Leal				1
2025-10-30	106	Carlos Alberto Marín Vega				1
2025-10-30	107	Vicente Martínez Cruz				1
2025-10-31	6	Leonel Cruz Cristobal				1
2025-10-31	25	Héctor Cruz Hernández				1
2025-10-31	57	Samuel Ulises Alcántara				1
2025-10-31	59	Gerardo Isai Lozano Davila				1
2025-10-31	60	Teresa Ramos Rodríguez				1
2025-10-31	62	Gilberto Gibran Solís Carrillo				1
2025-10-31	63	Magaly Estefanía Pérez García				1
2025-10-31	68	Jésus Montalvo Ramirez				1
2025-10-31	75	Mateo Salazar				1
2025-10-31	76	Carlos Eduardo Manzanares				1
2025-10-31	79	José Luis Romero Grados				1
2025-10-31	83	Brandon Contreras Lopez				1
2025-10-31	85	Diego Andrés Clavijo Chaparro				1
2025-10-31	88	Carlos				1
2025-10-31	91	Jairo				1
2025-10-31	92	Alicia				1
2025-10-31	94	Ramiro				1
2025-10-31	95	Jaime				2
2025-10-31	96	Juan Pablo Lucas Ramos				1
2025-10-31	97	Rissia Xavier de Araujo				1
2025-10-31	101	Ana Laura Acevedo Flores				1
2025-10-31	102	Juan Daniel Duron Gomez				1
2025-10-31	103	Erick Santiago Antonio Montalvo				1
2025-10-31	104	Perla				1
2025-10-31	106	Carlos Alberto Marín Vega				1
2025-10-31	107	Vicente Martínez Cruz				1
2025-11-01	87	Ana Santos				1
2025-11-01	88	Carlos				2
2025-11-01	91	Jairo				2
2025-11-01	92	Alicia				1
2025-11-01	94	Ramiro				1
2025-11-01	95	Jaime				1
2025-11-01	104	Perla				2
2025-11-02	87	Ana Santos				1
2025-11-02	88	Carlos				1
2025-11-02	92	Alicia				1
2025-11-02	104	Perla				1
2025-11-03	6	Leonel Cruz Cristobal				1
2025-11-03	25	Héctor Cruz Hernández				1
2025-11-03	32	Jesus Esteban De La Cruz Calderon				1
2025-11-03	48	Luis Ángel García Cruz				1
2025-11-03	57	Samuel Ulises Alcántara				1
2025-11-03	59	Gerardo Isai Lozano Davila				1
2025-11-03	60	Teresa Ramos Rodríguez				1
2025-11-03	62	Gilberto Gibran Solís Carrillo				1
2025-11-03	63	Magaly Estefanía Pérez García				1
2025-11-03	68	Jésus Montalvo Ramirez				1
2025-11-03	75	Mateo Salazar				1
2025-11-03	76	Carlos Eduardo Manzanares				1
2025-11-03	78	Aldo Jesús Méndez Garza				1
2025-11-03	79	José Luis Romero Grados				1
2025-11-03	85	Diego Andrés Clavijo Chaparro				1
2025-11-03	95	Jaime				2
2025-11-03	96	Juan Pablo Lucas Ramos				1
2025-11-03	97	Rissia Xavier de Araujo				1
2025-11-03	98	Ricardo Alán Hernández González				1
2025-11-03	101	Ana Laura Acevedo Flores				1
2025-11-03	103	Erick Santiago Antonio Montalvo				1
2025-11-03	106	Carlos Alberto Marín Vega				1
2025-11-03	107	Vicente Martínez Cruz				1
2025-11-04	6	Leonel Cruz Cristobal				1
2025-11-04	25	Héctor Cruz Hernández				1
2025-11-04	48	Luis Ángel García Cruz				1
2025-11-04	57	Samuel Ulises Alcántara				1
2025-11-04	59	Gerardo Isai Lozano Davila				1
2025-11-04	60	Teresa Ramos Rodríguez				1
2025-11-04	62	Gilberto Gibran Solís Carrillo				1
2025-11-04	63	Magaly Estefanía Pérez García				1
2025-11-04	68	Jésus Montalvo Ramirez				1
2025-11-04	75	Mateo Salazar				1
2025-11-04	76	Carlos Eduardo Manzanares				1
2025-11-04	78	Aldo Jesús Méndez Garza				1
2025-11-04	79	José Luis Romero Grados				1
2025-11-04	83	Brandon Contreras Lopez				1
2025-11-04	85	Diego Andrés Clavijo Chaparro				1
2025-11-04	88	Carlos				1
2025-11-04	92	Alicia				1
2025-11-04	96	Juan Pablo Lucas Ramos				1
2025-11-04	97	Rissia Xavier de Araujo				1
2025-11-04	98	Ricardo Alán Hernández González				1
2025-11-04	101	Ana Laura Acevedo Flores				1
2025-11-04	102	Juan Daniel Duron Gomez				1
2025-11-04	103	Erick Santiago Antonio Montalvo				1
2025-11-04	104	Perla				1
2025-11-04	106	Carlos Alberto Marín Vega				1
2025-11-04	107	Vicente Martínez Cruz				1
2025-11-05	6	Leonel Cruz Cristobal				1
2025-11-05	8	Francisco Montalvo Ramirez				1
2025-11-05	25	Héctor Cruz Hernández				1
2025-11-05	48	Luis Ángel García Cruz				1
2025-11-05	57	Samuel Ulises Alcántara				1
2025-11-05	59	Gerardo Isai Lozano Davila				1
2025-11-05	60	Teresa Ramos Rodríguez				1
2025-11-05	62	Gilberto Gibran Solís Carrillo				1
2025-11-05	63	Magaly Estefanía Pérez García				1
2025-11-05	68	Jésus Montalvo Ramirez				1
2025-11-05	75	Mateo Salazar				1
2025-11-05	76	Carlos Eduardo Manzanares				1
2025-11-05	78	Aldo Jesús Méndez Garza				1
2025-11-05	79	José Luis Romero Grados				1
2025-11-05	83	Brandon Contreras Lopez				1
2025-11-05	85	Diego Andrés Clavijo Chaparro				1
2025-11-05	87	Ana Santos				1
2025-11-05	88	Carlos				1
2025-11-05	92	Alicia				1
2025-11-05	95	Jaime				1
2025-11-05	96	Juan Pablo Lucas Ramos				1
2025-11-05	97	Rissia Xavier de Araujo				1
2025-11-05	98	Ricardo Alán Hernández González				1
2025-11-05	101	Ana Laura Acevedo Flores				1
2025-11-05	102	Juan Daniel Duron Gomez				1
2025-11-05	103	Erick Santiago Antonio Montalvo				1
2025-11-05	106	Carlos Alberto Marín Vega				1
2025-11-05	107	Vicente Martínez Cruz				1
2025-11-06	6	Leonel Cruz Cristobal				1
2025-11-06	8	Francisco Montalvo Ramirez				1
2025-11-06	25	Héctor Cruz Hernández				1
2025-11-06	48	Luis Ángel García Cruz				1
2025-11-06	57	Samuel Ulises Alcántara				1
2025-11-06	59	Gerardo Isai Lozano Davila				1
2025-11-06	60	Teresa Ramos Rodríguez				1
2025-11-06	62	Gilberto Gibran Solís Carrillo				1
2025-11-06	63	Magaly Estefanía Pérez García				1
2025-11-06	68	Jésus Montalvo Ramirez				1
2025-11-06	75	Mateo Salazar				1
2025-11-06	76	Carlos Eduardo Manzanares				1
2025-11-06	78	Aldo Jesús Méndez Garza				1
2025-11-06	79	José Luis Romero Grados				1
2025-11-06	83	Brandon Contreras Lopez				1
2025-11-06	85	Diego Andrés Clavijo Chaparro				1
2025-11-06	88	Carlos				2
2025-11-06	92	Alicia				1
2025-11-06	95	Jaime				2
2025-11-06	96	Juan Pablo Lucas Ramos				1
2025-11-06	97	Rissia Xavier de Araujo				1
2025-11-06	98	Ricardo Alán Hernández González				1
2025-11-06	101	Ana Laura Acevedo Flores				1
2025-11-06	102	Juan Daniel Duron Gomez				1
2025-11-06	104	Perla				1
2025-11-06	106	Carlos Alberto Marín Vega				1
2025-11-06	107	Vicente Martínez Cruz				1
2025-11-07	6	Leonel Cruz Cristobal				1
2025-11-07	25	Héctor Cruz Hernández				1
2025-11-07	48	Luis Ángel García Cruz				1
2025-11-07	57	Samuel Ulises Alcántara				1
2025-11-07	59	Gerardo Isai Lozano Davila				1
2025-11-07	60	Teresa Ramos Rodríguez				1
2025-11-07	62	Gilberto Gibran Solís Carrillo				1
2025-11-07	63	Magaly Estefanía Pérez García				1
2025-11-07	68	Jésus Montalvo Ramirez				1
2025-11-07	75	Mateo Salazar				1
2025-11-07	76	Carlos Eduardo Manzanares				1
2025-11-07	78	Aldo Jesús Méndez Garza				1
2025-11-07	79	José Luis Romero Grados				1
2025-11-07	83	Brandon Contreras Lopez				1
2025-11-07	85	Diego Andrés Clavijo Chaparro				1
2025-11-07	88	Carlos				1
2025-11-07	92	Alicia				1
2025-11-07	95	Jaime				1
2025-11-07	96	Juan Pablo Lucas Ramos				1
2025-11-07	97	Rissia Xavier de Araujo				1
2025-11-07	98	Ricardo Alán Hernández González				1
2025-11-07	101	Ana Laura Acevedo Flores				1
2025-11-07	102	Juan Daniel Duron Gomez				1
2025-11-07	103	Erick Santiago Antonio Montalvo				1
2025-11-07	104	Perla				1
2025-11-07	107	Vicente Martínez Cruz				1
2025-11-08	6	Leonel Cruz Cristobal				1
2025-11-08	62	Gilberto Gibran Solís Carrillo				1
2025-11-08	79	José Luis Romero Grados				1
2025-11-08	87	Ana Santos				1
2025-11-08	88	Carlos				1
2025-11-08	92	Alicia				1
2025-11-08	102	Juan Daniel Duron Gomez				1
2025-11-08	104	Perla				1
2025-11-08	106	Carlos Alberto Marín Vega				1
2025-11-09	6	Leonel Cruz Cristobal				1
2025-11-09	62	Gilberto Gibran Solís Carrillo				1
2025-11-09	76	Carlos Eduardo Manzanares				1
2025-11-09	79	José Luis Romero Grados				1
2025-11-09	92	Alicia				1
2025-11-09	102	Juan Daniel Duron Gomez				1
2025-11-09	104	Perla				1
2025-11-09	106	Carlos Alberto Marín Vega				1
2025-11-10	6	Leonel Cruz Cristobal				1
2025-11-10	8	Francisco Montalvo Ramirez				1
2025-11-10	25	Héctor Cruz Hernández				1
2025-11-10	55	Juan Manuel Sánchez Lugo				2
2025-11-10	59	Gerardo Isai Lozano Davila				1
2025-11-10	60	Teresa Ramos Rodríguez				1
2025-11-10	62	Gilberto Gibran Solís Carrillo				1
2025-11-10	63	Magaly Estefanía Pérez García				1
2025-11-10	68	Jésus Montalvo Ramirez				1
2025-11-10	75	Mateo Salazar				1
2025-11-10	76	Carlos Eduardo Manzanares				1
2025-11-10	78	Aldo Jesús Méndez Garza				1
2025-11-10	79	José Luis Romero Grados				1
2025-11-10	83	Brandon Contreras Lopez				1
2025-11-10	85	Diego Andrés Clavijo Chaparro				1
2025-11-10	87	Ana Santos				1
2025-11-10	95	Jaime				1
2025-11-10	96	Juan Pablo Lucas Ramos				1
2025-11-10	97	Rissia Xavier de Araujo				1
2025-11-10	98	Ricardo Alán Hernández González				1
2025-11-10	101	Ana Laura Acevedo Flores				1
2025-11-10	102	Juan Daniel Duron Gomez				1
2025-11-10	103	Erick Santiago Antonio Montalvo				1
2025-11-10	106	Carlos Alberto Marín Vega				1
2025-11-10	107	Vicente Martínez Cruz				1
2025-11-11	6	Leonel Cruz Cristobal				1
2025-11-11	8	Francisco Montalvo Ramirez				1
2025-11-11	25	Héctor Cruz Hernández				1
2025-11-11	55	Juan Manuel Sánchez Lugo				1
2025-11-11	59	Gerardo Isai Lozano Davila				1
2025-11-11	60	Teresa Ramos Rodríguez				1
2025-11-11	62	Gilberto Gibran Solís Carrillo				1
2025-11-11	63	Magaly Estefanía Pérez García				1
2025-11-11	68	Jésus Montalvo Ramirez				1
2025-11-11	75	Mateo Salazar				1
2025-11-11	76	Carlos Eduardo Manzanares				1
2025-11-11	78	Aldo Jesús Méndez Garza				1
2025-11-11	79	José Luis Romero Grados				1
2025-11-11	83	Brandon Contreras Lopez				1
2025-11-11	85	Diego Andrés Clavijo Chaparro				1
2025-11-11	87	Ana Santos				1
2025-11-11	88	Carlos				1
2025-11-11	92	Alicia				1
2025-11-11	95	Jaime				1
2025-11-11	96	Juan Pablo Lucas Ramos				1
2025-11-11	97	Rissia Xavier de Araujo				1
2025-11-11	98	Ricardo Alán Hernández González				1
2025-11-11	101	Ana Laura Acevedo Flores				1
2025-11-11	102	Juan Daniel Duron Gomez				1
2025-11-11	103	Erick Santiago Antonio Montalvo				1
2025-11-11	106	Carlos Alberto Marín Vega				1
2025-11-11	107	Vicente Martínez Cruz				1
2025-11-11	108	Pablo Bayly Fernández				2
2025-11-12	6	Leonel Cruz Cristobal				1
2025-11-12	8	Francisco Montalvo Ramirez				1
2025-11-12	25	Héctor Cruz Hernández				1
2025-11-12	48	Luis Ángel García Cruz				1
2025-11-12	55	Juan Manuel Sánchez Lugo				1
2025-11-12	57	Samuel Ulises Alcántara				1
2025-11-12	59	Gerardo Isai Lozano Davila				1
2025-11-12	60	Teresa Ramos Rodríguez				1
2025-11-12	62	Gilberto Gibran Solís Carrillo				1
2025-11-12	63	Magaly Estefanía Pérez García				1
2025-11-12	68	Jésus Montalvo Ramirez				1
2025-11-12	75	Mateo Salazar				1
2025-11-12	76	Carlos Eduardo Manzanares				1
2025-11-12	78	Aldo Jesús Méndez Garza				1
2025-11-12	79	José Luis Romero Grados				1
2025-11-12	83	Brandon Contreras Lopez				1
2025-11-12	85	Diego Andrés Clavijo Chaparro				1
2025-11-12	88	Carlos				1
2025-11-12	92	Alicia				1
2025-11-12	95	Jaime				1
2025-11-12	96	Juan Pablo Lucas Ramos				1
2025-11-12	97	Rissia Xavier de Araujo				1
2025-11-12	98	Ricardo Alán Hernández González				1
2025-11-12	101	Ana Laura Acevedo Flores				1
2025-11-12	102	Juan Daniel Duron Gomez				1
2025-11-12	103	Erick Santiago Antonio Montalvo				1
2025-11-12	104	Perla				1
2025-11-12	106	Carlos Alberto Marín Vega				1
2025-11-12	107	Vicente Martínez Cruz				1
2025-11-12	108	Pablo Bayly Fernández				1
2025-11-13	6	Leonel Cruz Cristobal				1
2025-11-13	25	Héctor Cruz Hernández				1
2025-11-13	48	Luis Ángel García Cruz				1
2025-11-13	55	Juan Manuel Sánchez Lugo				1
2025-11-13	57	Samuel Ulises Alcántara				1
2025-11-13	59	Gerardo Isai Lozano Davila				1
2025-11-13	60	Teresa Ramos Rodríguez				1
2025-11-13	62	Gilberto Gibran Solís Carrillo				1
2025-11-13	63	Magaly Estefanía Pérez García				1
2025-11-13	68	Jésus Montalvo Ramirez				1
2025-11-13	75	Mateo Salazar				1
2025-11-13	76	Carlos Eduardo Manzanares				1
2025-11-13	78	Aldo Jesús Méndez Garza				1
2025-11-13	79	José Luis Romero Grados				1
2025-11-13	83	Brandon Contreras Lopez				1
2025-11-13	85	Diego Andrés Clavijo Chaparro				1
2025-11-13	88	Carlos				1
2025-11-13	92	Alicia				1
2025-11-13	95	Jaime				1
2025-11-13	96	Juan Pablo Lucas Ramos				1
2025-11-13	97	Rissia Xavier de Araujo				1
2025-11-13	98	Ricardo Alán Hernández González				1
2025-11-13	101	Ana Laura Acevedo Flores				1
2025-11-13	102	Juan Daniel Duron Gomez				1
2025-11-13	103	Erick Santiago Antonio Montalvo				1
2025-11-13	104	Perla				1
2025-11-13	106	Carlos Alberto Marín Vega				1
2025-11-13	107	Vicente Martínez Cruz				1
2025-11-13	108	Pablo Bayly Fernández				1
2025-11-14	6	Leonel Cruz Cristobal				1
2025-11-14	8	Francisco Montalvo Ramirez				1
2025-11-14	25	Héctor Cruz Hernández				1
2025-11-14	48	Luis Ángel García Cruz				1
2025-11-14	55	Juan Manuel Sánchez Lugo				1
2025-11-14	57	Samuel Ulises Alcántara				1
2025-11-14	59	Gerardo Isai Lozano Davila				1
2025-11-14	60	Teresa Ramos Rodríguez				1
2025-11-14	62	Gilberto Gibran Solís Carrillo				1
2025-11-14	63	Magaly Estefanía Pérez García				1
2025-11-14	68	Jésus Montalvo Ramirez				1
2025-11-14	75	Mateo Salazar				1
2025-11-14	76	Carlos Eduardo Manzanares				1
2025-11-14	78	Aldo Jesús Méndez Garza				1
2025-11-14	79	José Luis Romero Grados				1
2025-11-14	83	Brandon Contreras Lopez				1
2025-11-14	85	Diego Andrés Clavijo Chaparro				1
2025-11-14	88	Carlos				1
2025-11-14	92	Alicia				1
2025-11-14	95	Jaime				1
2025-11-14	96	Juan Pablo Lucas Ramos				1
2025-11-14	97	Rissia Xavier de Araujo				1
2025-11-14	98	Ricardo Alán Hernández González				1
2025-11-14	101	Ana Laura Acevedo Flores				1
2025-11-14	102	Juan Daniel Duron Gomez				1
2025-11-14	103	Erick Santiago Antonio Montalvo				1
2025-11-14	104	Perla				1
2025-11-14	106	Carlos Alberto Marín Vega				1
2025-11-15	62	Gilberto Gibran Solís Carrillo				1
2025-11-15	92	Alicia				1
2025-11-15	95	Jaime				1
2025-11-15	104	Perla				1
2025-11-16	87	Ana Santos				2
2025-11-16	88	Carlos				2
2025-11-16	92	Alicia				1
2025-11-16	95	Jaime				1
2025-11-16	104	Perla				1
2025-11-17	92	Alicia				1
2025-11-17	96	Juan Pablo Lucas Ramos				1
2025-11-17	104	Perla				1
2025-11-18	8	Francisco Montalvo Ramirez				1
2025-11-18	25	Héctor Cruz Hernández				1
2025-11-18	48	Luis Ángel García Cruz				1
2025-11-18	55	Juan Manuel Sánchez Lugo				1
2025-11-18	57	Samuel Ulises Alcántara				1
2025-11-18	59	Gerardo Isai Lozano Davila				1
2025-11-18	60	Teresa Ramos Rodríguez				1
2025-11-18	62	Gilberto Gibran Solís Carrillo				1
2025-11-18	63	Magaly Estefanía Pérez García				1
2025-11-18	68	Jésus Montalvo Ramirez				1
2025-11-18	75	Mateo Salazar				1
2025-11-18	76	Carlos Eduardo Manzanares				1
2025-11-18	78	Aldo Jesús Méndez Garza				1
2025-11-18	79	José Luis Romero Grados				1
2025-11-18	83	Brandon Contreras Lopez				1
2025-11-18	85	Diego Andrés Clavijo Chaparro				1
2025-11-18	88	Carlos				1
2025-11-18	92	Alicia				1
2025-11-18	95	Jaime				2
2025-11-18	96	Juan Pablo Lucas Ramos				1
2025-11-18	97	Rissia Xavier de Araujo				1
2025-11-18	98	Ricardo Alán Hernández González				1
2025-11-18	101	Ana Laura Acevedo Flores				1
2025-11-18	102	Juan Daniel Duron Gomez				1
2025-11-18	104	Perla				1
2025-11-18	106	Carlos Alberto Marín Vega				1
2025-11-18	107	Vicente Martínez Cruz				1
2025-11-19	6	Leonel Cruz Cristobal				2
2025-11-19	25	Héctor Cruz Hernández				1
2025-11-19	48	Luis Ángel García Cruz				1
2025-11-19	55	Juan Manuel Sánchez Lugo				1
2025-11-19	57	Samuel Ulises Alcántara				1
2025-11-19	59	Gerardo Isai Lozano Davila				1
2025-11-19	60	Teresa Ramos Rodríguez				1
2025-11-19	62	Gilberto Gibran Solís Carrillo				1
2025-11-19	63	Magaly Estefanía Pérez García				1
2025-11-19	68	Jésus Montalvo Ramirez				1
2025-11-19	75	Mateo Salazar				1
2025-11-19	76	Carlos Eduardo Manzanares				1
2025-11-19	78	Aldo Jesús Méndez Garza				1
2025-11-19	79	José Luis Romero Grados				1
2025-11-19	83	Brandon Contreras Lopez				1
2025-11-19	85	Diego Andrés Clavijo Chaparro				1
2025-11-19	88	Carlos				1
2025-11-19	92	Alicia				1
2025-11-19	95	Jaime				1
2025-11-19	96	Juan Pablo Lucas Ramos				1
2025-11-19	97	Rissia Xavier de Araujo				1
2025-11-19	98	Ricardo Alán Hernández González				1
2025-11-19	101	Ana Laura Acevedo Flores				1
2025-11-19	102	Juan Daniel Duron Gomez				1
2025-11-19	103	Erick Santiago Antonio Montalvo				1
2025-11-19	104	Perla				1
2025-11-19	108	Pablo Bayly Fernández				1
2025-11-20	6	Leonel Cruz Cristobal				1
2025-11-20	25	Héctor Cruz Hernández				1
2025-11-20	48	Luis Ángel García Cruz				1
2025-11-20	55	Juan Manuel Sánchez Lugo				2
2025-11-20	57	Samuel Ulises Alcántara				1
2025-11-20	59	Gerardo Isai Lozano Davila				1
2025-11-20	60	Teresa Ramos Rodríguez				1
2025-11-20	62	Gilberto Gibran Solís Carrillo				1
2025-11-20	63	Magaly Estefanía Pérez García				1
2025-11-20	68	Jésus Montalvo Ramirez				1
2025-11-20	75	Mateo Salazar				1
2025-11-20	76	Carlos Eduardo Manzanares				1
2025-11-20	78	Aldo Jesús Méndez Garza				1
2025-11-20	79	José Luis Romero Grados				1
2025-11-20	83	Brandon Contreras Lopez				1
2025-11-20	85	Diego Andrés Clavijo Chaparro				1
2025-11-20	87	Ana Santos				1
2025-11-20	88	Carlos				1
2025-11-20	96	Juan Pablo Lucas Ramos				1
2025-11-20	97	Rissia Xavier de Araujo				1
2025-11-20	98	Ricardo Alán Hernández González				1
2025-11-20	101	Ana Laura Acevedo Flores				1
2025-11-20	102	Juan Daniel Duron Gomez				1
2025-11-20	103	Erick Santiago Antonio Montalvo				1
2025-11-20	106	Carlos Alberto Marín Vega				1
2025-11-20	108	Pablo Bayly Fernández				1
2025-11-21	6	Leonel Cruz Cristobal				1
2025-11-21	8	Francisco Montalvo Ramirez				1
2025-11-21	25	Héctor Cruz Hernández				1
2025-11-21	48	Luis Ángel García Cruz				1
2025-11-21	55	Juan Manuel Sánchez Lugo				1
2025-11-21	57	Samuel Ulises Alcántara				1
2025-11-21	60	Teresa Ramos Rodríguez				1
2025-11-21	62	Gilberto Gibran Solís Carrillo				1
2025-11-21	63	Magaly Estefanía Pérez García				1
2025-11-21	68	Jésus Montalvo Ramirez				1
2025-11-21	75	Mateo Salazar				1
2025-11-21	76	Carlos Eduardo Manzanares				1
2025-11-21	78	Aldo Jesús Méndez Garza				1
2025-11-21	79	José Luis Romero Grados				1
2025-11-21	83	Brandon Contreras Lopez				1
2025-11-21	85	Diego Andrés Clavijo Chaparro				1
2025-11-21	88	Carlos				2
2025-11-21	92	Alicia				1
2025-11-21	95	Jaime				2
2025-11-21	96	Juan Pablo Lucas Ramos				1
2025-11-21	97	Rissia Xavier de Araujo				1
2025-11-21	98	Ricardo Alán Hernández González				1
2025-11-21	101	Ana Laura Acevedo Flores				1
2025-11-21	102	Juan Daniel Duron Gomez				1
2025-11-21	103	Erick Santiago Antonio Montalvo				1
2025-11-21	104	Perla				1
2025-11-21	106	Carlos Alberto Marín Vega				1
2025-11-21	108	Pablo Bayly Fernández				1
2025-11-22	92	Alicia				1
2025-11-22	95	Jaime				1
2025-11-22	104	Perla				1
2025-11-23	87	Ana Santos				1
2025-11-23	88	Carlos				1
2025-11-23	92	Alicia				1
2025-11-23	104	Perla				1
2025-11-24	6	Leonel Cruz Cristobal				1
2025-11-24	8	Francisco Montalvo Ramirez				1
2025-11-24	25	Héctor Cruz Hernández				1
2025-11-24	48	Luis Ángel García Cruz				1
2025-11-24	55	Juan Manuel Sánchez Lugo				1
2025-11-24	60	Teresa Ramos Rodríguez				1
2025-11-24	62	Gilberto Gibran Solís Carrillo				1
2025-11-24	63	Magaly Estefanía Pérez García				1
2025-11-24	75	Mateo Salazar				1
2025-11-24	76	Carlos Eduardo Manzanares				1
2025-11-24	78	Aldo Jesús Méndez Garza				1
2025-11-24	79	José Luis Romero Grados				1
2025-11-24	83	Brandon Contreras Lopez				1
2025-11-24	85	Diego Andrés Clavijo Chaparro				1
2025-11-24	87	Ana Santos				1
2025-11-24	88	Carlos				1
2025-11-24	92	Alicia				1
2025-11-24	95	Jaime				1
2025-11-24	97	Rissia Xavier de Araujo				1
2025-11-24	98	Ricardo Alán Hernández González				1
2025-11-24	101	Ana Laura Acevedo Flores				1
2025-11-24	102	Juan Daniel Duron Gomez				1
2025-11-24	103	Erick Santiago Antonio Montalvo				1
2025-11-24	104	Perla				1
2025-11-24	106	Carlos Alberto Marín Vega				1
2025-11-24	108	Pablo Bayly Fernández				1
2025-11-25	6	Leonel Cruz Cristobal				1
2025-11-25	8	Francisco Montalvo Ramirez				1
2025-11-25	25	Héctor Cruz Hernández				1
2025-11-25	48	Luis Ángel García Cruz				1
2025-11-25	55	Juan Manuel Sánchez Lugo				1
2025-11-25	57	Samuel Ulises Alcántara				1
2025-11-25	60	Teresa Ramos Rodríguez				1
2025-11-25	62	Gilberto Gibran Solís Carrillo				1
2025-11-25	63	Magaly Estefanía Pérez García				1
2025-11-25	68	Jésus Montalvo Ramirez				1
2025-11-25	75	Mateo Salazar				1
2025-11-25	76	Carlos Eduardo Manzanares				1
2025-11-25	78	Aldo Jesús Méndez Garza				1
2025-11-25	79	José Luis Romero Grados				1
2025-11-25	83	Brandon Contreras Lopez				1
2025-11-25	85	Diego Andrés Clavijo Chaparro				1
2025-11-25	88	Carlos				2
2025-11-25	92	Alicia				1
2025-11-25	97	Rissia Xavier de Araujo				1
2025-11-25	98	Ricardo Alán Hernández González				1
2025-11-25	101	Ana Laura Acevedo Flores				1
2025-11-25	102	Juan Daniel Duron Gomez				1
2025-11-25	103	Erick Santiago Antonio Montalvo				1
2025-11-25	104	Perla				1
2025-11-25	106	Carlos Alberto Marín Vega				1
2025-11-25	108	Pablo Bayly Fernández				1
2025-11-26	6	Leonel Cruz Cristobal				1
2025-11-26	8	Francisco Montalvo Ramirez				1
2025-11-26	25	Héctor Cruz Hernández				1
2025-11-26	48	Luis Ángel García Cruz				1
2025-11-26	55	Juan Manuel Sánchez Lugo				1
2025-11-26	57	Samuel Ulises Alcántara				1
2025-11-26	59	Gerardo Isai Lozano Davila				1
2025-11-26	60	Teresa Ramos Rodríguez				1
2025-11-26	62	Gilberto Gibran Solís Carrillo				1
2025-11-26	63	Magaly Estefanía Pérez García				1
2025-11-26	68	Jésus Montalvo Ramirez				1
2025-11-26	75	Mateo Salazar				1
2025-11-26	76	Carlos Eduardo Manzanares				1
2025-11-26	78	Aldo Jesús Méndez Garza				1
2025-11-26	79	José Luis Romero Grados				1
2025-11-26	83	Brandon Contreras Lopez				1
2025-11-26	85	Diego Andrés Clavijo Chaparro				1
2025-11-26	87	Ana Santos				1
2025-11-26	92	Alicia				1
2025-11-26	97	Rissia Xavier de Araujo				1
2025-11-26	98	Ricardo Alán Hernández González				1
2025-11-26	101	Ana Laura Acevedo Flores				1
2025-11-26	102	Juan Daniel Duron Gomez				1
2025-11-26	103	Erick Santiago Antonio Montalvo				1
2025-11-26	108	Pablo Bayly Fernández				1
2025-11-27	6	Leonel Cruz Cristobal				1
2025-11-27	8	Francisco Montalvo Ramirez				1
2025-11-27	25	Héctor Cruz Hernández				1
2025-11-27	48	Luis Ángel García Cruz				1
2025-11-27	55	Juan Manuel Sánchez Lugo				2
2025-11-27	57	Samuel Ulises Alcántara				1
2025-11-27	59	Gerardo Isai Lozano Davila				1
2025-11-27	60	Teresa Ramos Rodríguez				1
2025-11-27	62	Gilberto Gibran Solís Carrillo				1
2025-11-27	63	Magaly Estefanía Pérez García				1
2025-11-27	68	Jésus Montalvo Ramirez				1
2025-11-27	75	Mateo Salazar				1
2025-11-27	76	Carlos Eduardo Manzanares				1
2025-11-27	78	Aldo Jesús Méndez Garza				1
2025-11-27	79	José Luis Romero Grados				1
2025-11-27	83	Brandon Contreras Lopez				1
2025-11-27	85	Diego Andrés Clavijo Chaparro				1
2025-11-27	88	Carlos				1
2025-11-27	92	Alicia				1
2025-11-27	95	Jaime				1
2025-11-27	97	Rissia Xavier de Araujo				1
2025-11-27	98	Ricardo Alán Hernández González				1
2025-11-27	101	Ana Laura Acevedo Flores				1
2025-11-27	102	Juan Daniel Duron Gomez				1
2025-11-27	103	Erick Santiago Antonio Montalvo				1
2025-11-27	104	Perla				1
2025-11-27	106	Carlos Alberto Marín Vega				1
2025-11-27	108	Pablo Bayly Fernández				1
2025-11-28	6	Leonel Cruz Cristobal				1
2025-11-28	8	Francisco Montalvo Ramirez				1
2025-11-28	25	Héctor Cruz Hernández				1
2025-11-28	48	Luis Ángel García Cruz				1
2025-11-28	55	Juan Manuel Sánchez Lugo				1
2025-11-28	57	Samuel Ulises Alcántara				1
2025-11-28	59	Gerardo Isai Lozano Davila				1
2025-11-28	60	Teresa Ramos Rodríguez				1
2025-11-28	62	Gilberto Gibran Solís Carrillo				1
2025-11-28	63	Magaly Estefanía Pérez García				1
2025-11-28	68	Jésus Montalvo Ramirez				1
2025-11-28	75	Mateo Salazar				1
2025-11-28	78	Aldo Jesús Méndez Garza				1
2025-11-28	83	Brandon Contreras Lopez				1
2025-11-28	85	Diego Andrés Clavijo Chaparro				1
2025-11-28	88	Carlos				1
2025-11-28	92	Alicia				1
2025-11-28	95	Jaime				2
2025-11-28	97	Rissia Xavier de Araujo				1
2025-11-28	98	Ricardo Alán Hernández González				1
2025-11-28	101	Ana Laura Acevedo Flores				1
2025-11-28	102	Juan Daniel Duron Gomez				1
2025-11-28	103	Erick Santiago Antonio Montalvo				1
2025-11-28	104	Perla				1
2025-11-28	106	Carlos Alberto Marín Vega				1
2025-11-28	108	Pablo Bayly Fernández				1
2025-11-29	32	Jesus Esteban De La Cruz Calderon				1
2025-11-29	92	Alicia				1
2025-11-29	104	Perla				1
2025-11-30	32	Jesus Esteban De La Cruz Calderon				3
2025-11-30	87	Ana Santos				1
2025-11-30	104	Perla				1
2025-12-01	6	Leonel Cruz Cristobal				1
2025-12-01	8	Francisco Montalvo Ramirez				1
2025-12-01	25	Héctor Cruz Hernández				1
2025-12-01	32	Jesus Esteban De La Cruz Calderon				1
2025-12-01	48	Luis Ángel García Cruz				1
2025-12-01	55	Juan Manuel Sánchez Lugo				1
2025-12-01	57	Samuel Ulises Alcántara				1
2025-12-01	59	Gerardo Isai Lozano Davila				1
2025-12-01	60	Teresa Ramos Rodríguez				1
2025-12-01	62	Gilberto Gibran Solís Carrillo				1
2025-12-01	63	Magaly Estefanía Pérez García				1
2025-12-01	68	Jésus Montalvo Ramirez				1
2025-12-01	75	Mateo Salazar				1
2025-12-01	76	Carlos Eduardo Manzanares				1
2025-12-01	78	Aldo Jesús Méndez Garza				1
2025-12-01	83	Brandon Contreras Lopez				1
2025-12-01	85	Diego Andrés Clavijo Chaparro				1
2025-12-01	87	Ana Santos				1
2025-12-01	88	Carlos				1
2025-12-01	92	Alicia				1
2025-12-01	95	Jaime				1
2025-12-01	97	Rissia Xavier de Araujo				1
2025-12-01	98	Ricardo Alán Hernández González				1
2025-12-01	101	Ana Laura Acevedo Flores				1
2025-12-01	102	Juan Daniel Duron Gomez				1
2025-12-01	103	Erick Santiago Antonio Montalvo				1
2025-12-01	106	Carlos Alberto Marín Vega				1
2025-12-02	6	Leonel Cruz Cristobal				1
2025-12-02	8	Francisco Montalvo Ramirez				1
2025-12-02	25	Héctor Cruz Hernández				1
2025-12-02	32	Jesus Esteban De La Cruz Calderon				1
2025-12-02	48	Luis Ángel García Cruz				1
2025-12-02	55	Juan Manuel Sánchez Lugo				1
2025-12-02	57	Samuel Ulises Alcántara				1
2025-12-02	59	Gerardo Isai Lozano Davila				1
2025-12-02	60	Teresa Ramos Rodríguez				1
2025-12-02	62	Gilberto Gibran Solís Carrillo				1
2025-12-02	63	Magaly Estefanía Pérez García				1
2025-12-02	68	Jésus Montalvo Ramirez				1
2025-12-02	75	Mateo Salazar				1
2025-12-02	76	Carlos Eduardo Manzanares				1
2025-12-02	78	Aldo Jesús Méndez Garza				1
2025-12-02	79	José Luis Romero Grados				1
2025-12-02	83	Brandon Contreras Lopez				1
2025-12-02	85	Diego Andrés Clavijo Chaparro				1
2025-12-02	88	Carlos				1
2025-12-02	92	Alicia				1
2025-12-02	95	Jaime				1
2025-12-02	97	Rissia Xavier de Araujo				1
2025-12-02	98	Ricardo Alán Hernández González				1
2025-12-02	101	Ana Laura Acevedo Flores				1
2025-12-02	102	Juan Daniel Duron Gomez				1
2025-12-02	103	Erick Santiago Antonio Montalvo				2
2025-12-02	104	Perla				1
2025-12-02	106	Carlos Alberto Marín Vega				1
2025-12-03	6	Leonel Cruz Cristobal				1
2025-12-03	8	Francisco Montalvo Ramirez				1
2025-12-03	25	Héctor Cruz Hernández				1
2025-12-03	48	Luis Ángel García Cruz				1
2025-12-03	55	Juan Manuel Sánchez Lugo				1
2025-12-03	57	Samuel Ulises Alcántara				1
2025-12-03	59	Gerardo Isai Lozano Davila				1
2025-12-03	60	Teresa Ramos Rodríguez				1
2025-12-03	62	Gilberto Gibran Solís Carrillo				1
2025-12-03	63	Magaly Estefanía Pérez García				1
2025-12-03	68	Jésus Montalvo Ramirez				1
2025-12-03	75	Mateo Salazar				1
2025-12-03	76	Carlos Eduardo Manzanares				1
2025-12-03	78	Aldo Jesús Méndez Garza				1
2025-12-03	79	José Luis Romero Grados				1
2025-12-03	83	Brandon Contreras Lopez				1
2025-12-03	85	Diego Andrés Clavijo Chaparro				1
2025-12-03	88	Carlos				1
2025-12-03	92	Alicia				1
2025-12-03	95	Jaime				1
2025-12-03	97	Rissia Xavier de Araujo				1
2025-12-03	98	Ricardo Alán Hernández González				1
2025-12-03	101	Ana Laura Acevedo Flores				1
2025-12-03	102	Juan Daniel Duron Gomez				1
2025-12-03	103	Erick Santiago Antonio Montalvo				1
2025-12-03	104	Perla				1
2025-12-03	106	Carlos Alberto Marín Vega				1
2025-12-04	6	Leonel Cruz Cristobal				1
2025-12-04	8	Francisco Montalvo Ramirez				1
2025-12-04	25	Héctor Cruz Hernández				1
2025-12-04	48	Luis Ángel García Cruz				1
2025-12-04	55	Juan Manuel Sánchez Lugo				1
2025-12-04	57	Samuel Ulises Alcántara				1
2025-12-04	59	Gerardo Isai Lozano Davila				1
2025-12-04	60	Teresa Ramos Rodríguez				1
2025-12-04	62	Gilberto Gibran Solís Carrillo				1
2025-12-04	63	Magaly Estefanía Pérez García				1
2025-12-04	68	Jésus Montalvo Ramirez				1
2025-12-04	75	Mateo Salazar				1
2025-12-04	76	Carlos Eduardo Manzanares				1
2025-12-04	78	Aldo Jesús Méndez Garza				1
2025-12-04	79	José Luis Romero Grados				1
2025-12-04	83	Brandon Contreras Lopez				1
2025-12-04	85	Diego Andrés Clavijo Chaparro				1
2025-12-04	88	Carlos				1
2025-12-04	95	Jaime				2
2025-12-04	97	Rissia Xavier de Araujo				1
2025-12-04	98	Ricardo Alán Hernández González				1
2025-12-04	101	Ana Laura Acevedo Flores				1
2025-12-04	102	Juan Daniel Duron Gomez				1
2025-12-04	103	Erick Santiago Antonio Montalvo				1
2025-12-04	104	Perla				1
2025-12-04	106	Carlos Alberto Marín Vega				1
2025-12-04	108	Pablo Bayly Fernández				1
2025-12-05	8	Francisco Montalvo Ramirez				1
2025-12-05	63	Magaly Estefanía Pérez García				1
2025-12-05	75	Mateo Salazar				1
2025-12-05	85	Diego Andrés Clavijo Chaparro				1
2025-12-05	87	Ana Santos				1
2025-12-05	88	Carlos				1
2025-12-05	92	Alicia				1
2025-12-05	95	Jaime				1
2025-12-05	97	Rissia Xavier de Araujo				1
2025-12-05	101	Ana Laura Acevedo Flores				1
2025-12-05	104	Perla				1
2025-12-05	108	Pablo Bayly Fernández				1
2025-12-06	6	Leonel Cruz Cristobal				1
2025-12-06	62	Gilberto Gibran Solís Carrillo				1
2025-12-06	79	José Luis Romero Grados				1
2025-12-06	88	Carlos				1
2025-12-06	92	Alicia				1
2025-12-06	104	Perla				1
2025-12-07	87	Ana Santos				2
2025-12-07	88	Carlos				1
2025-12-07	92	Alicia				1
2025-12-07	95	Jaime				2
2025-12-07	104	Perla				1
2025-12-08	6	Leonel Cruz Cristobal				1
2025-12-08	8	Francisco Montalvo Ramirez				1
2025-12-08	25	Héctor Cruz Hernández				1
2025-12-08	32	Jesus Esteban De La Cruz Calderon				1
2025-12-08	48	Luis Ángel García Cruz				1
2025-12-08	55	Juan Manuel Sánchez Lugo				1
2025-12-08	57	Samuel Ulises Alcántara				1
2025-12-08	59	Gerardo Isai Lozano Davila				1
2025-12-08	60	Teresa Ramos Rodríguez				1
2025-12-08	62	Gilberto Gibran Solís Carrillo				1
2025-12-08	63	Magaly Estefanía Pérez García				1
2025-12-08	68	Jésus Montalvo Ramirez				1
2025-12-08	75	Mateo Salazar				1
2025-12-08	76	Carlos Eduardo Manzanares				1
2025-12-08	78	Aldo Jesús Méndez Garza				1
2025-12-08	79	José Luis Romero Grados				1
2025-12-08	83	Brandon Contreras Lopez				1
2025-12-08	85	Diego Andrés Clavijo Chaparro				1
2025-12-08	88	Carlos				1
2025-12-08	92	Alicia				1
2025-12-08	95	Jaime				1
2025-12-08	98	Ricardo Alán Hernández González				1
2025-12-08	101	Ana Laura Acevedo Flores				1
2025-12-08	102	Juan Daniel Duron Gomez				1
2025-12-08	103	Erick Santiago Antonio Montalvo				1
2025-12-08	106	Carlos Alberto Marín Vega				1
2025-12-08	108	Pablo Bayly Fernández				1
2025-12-09	8	Francisco Montalvo Ramirez				1
2025-12-09	25	Héctor Cruz Hernández				1
2025-12-09	48	Luis Ángel García Cruz				1
2025-12-09	55	Juan Manuel Sánchez Lugo				1
2025-12-09	57	Samuel Ulises Alcántara				1
2025-12-09	59	Gerardo Isai Lozano Davila				1
2025-12-09	60	Teresa Ramos Rodríguez				1
2025-12-09	62	Gilberto Gibran Solís Carrillo				1
2025-12-09	63	Magaly Estefanía Pérez García				1
2025-12-09	68	Jésus Montalvo Ramirez				1
2025-12-09	75	Mateo Salazar				1
2025-12-09	76	Carlos Eduardo Manzanares				1
2025-12-09	78	Aldo Jesús Méndez Garza				1
2025-12-09	79	José Luis Romero Grados				1
2025-12-09	83	Brandon Contreras Lopez				1
2025-12-09	85	Diego Andrés Clavijo Chaparro				1
2025-12-09	88	Carlos				1
2025-12-09	92	Alicia				1
2025-12-09	95	Jaime				1
2025-12-09	98	Ricardo Alán Hernández González				1
2025-12-09	101	Ana Laura Acevedo Flores				1
2025-12-09	102	Juan Daniel Duron Gomez				1
2025-12-09	103	Erick Santiago Antonio Montalvo				1
2025-12-09	104	Perla				1
2025-12-09	108	Pablo Bayly Fernández				1
2025-12-10	6	Leonel Cruz Cristobal				1
2025-12-10	8	Francisco Montalvo Ramirez				1
2025-12-10	25	Héctor Cruz Hernández				1
2025-12-10	55	Juan Manuel Sánchez Lugo				1
2025-12-10	57	Samuel Ulises Alcántara				1
2025-12-10	59	Gerardo Isai Lozano Davila				1
2025-12-10	60	Teresa Ramos Rodríguez				1
2025-12-10	62	Gilberto Gibran Solís Carrillo				1
2025-12-10	63	Magaly Estefanía Pérez García				1
2025-12-10	68	Jésus Montalvo Ramirez				1
2025-12-10	76	Carlos Eduardo Manzanares				1
2025-12-10	78	Aldo Jesús Méndez Garza				1
2025-12-10	83	Brandon Contreras Lopez				1
2025-12-10	85	Diego Andrés Clavijo Chaparro				1
2025-12-10	87	Ana Santos				1
2025-12-10	88	Carlos				1
2025-12-10	92	Alicia				1
2025-12-10	95	Jaime				1
2025-12-10	98	Ricardo Alán Hernández González				1
2025-12-10	101	Ana Laura Acevedo Flores				1
2025-12-10	102	Juan Daniel Duron Gomez				1
2025-12-10	103	Erick Santiago Antonio Montalvo				1
2025-12-10	106	Carlos Alberto Marín Vega				1
2025-12-10	108	Pablo Bayly Fernández				1
2025-12-11	6	Leonel Cruz Cristobal				1
2025-12-11	8	Francisco Montalvo Ramirez				1
2025-12-11	25	Héctor Cruz Hernández				1
2025-12-11	55	Juan Manuel Sánchez Lugo				1
2025-12-11	57	Samuel Ulises Alcántara				1
2025-12-11	59	Gerardo Isai Lozano Davila				1
2025-12-11	60	Teresa Ramos Rodríguez				1
2025-12-11	62	Gilberto Gibran Solís Carrillo				1
2025-12-11	63	Magaly Estefanía Pérez García				1
2025-12-11	68	Jésus Montalvo Ramirez				1
2025-12-11	76	Carlos Eduardo Manzanares				1
2025-12-11	78	Aldo Jesús Méndez Garza				1
2025-12-11	83	Brandon Contreras Lopez				1
2025-12-11	85	Diego Andrés Clavijo Chaparro				1
2025-12-11	88	Carlos				1
2025-12-11	92	Alicia				1
2025-12-11	95	Jaime				1
2025-12-11	98	Ricardo Alán Hernández González				1
2025-12-11	101	Ana Laura Acevedo Flores				1
2025-12-11	102	Juan Daniel Duron Gomez				1
2025-12-11	103	Erick Santiago Antonio Montalvo				1
2025-12-11	104	Perla				1
2025-12-11	106	Carlos Alberto Marín Vega				1
2025-12-11	108	Pablo Bayly Fernández				1
2025-12-12	6	Leonel Cruz Cristobal				1
2025-12-12	8	Francisco Montalvo Ramirez				1
2025-12-12	25	Héctor Cruz Hernández				1
2025-12-12	55	Juan Manuel Sánchez Lugo				1
2025-12-12	57	Samuel Ulises Alcántara				1
2025-12-12	59	Gerardo Isai Lozano Davila				1
2025-12-12	60	Teresa Ramos Rodríguez				1
2025-12-12	62	Gilberto Gibran Solís Carrillo				1
2025-12-12	63	Magaly Estefanía Pérez García				1
2025-12-12	68	Jésus Montalvo Ramirez				1
2025-12-12	78	Aldo Jesús Méndez Garza				1
2025-12-12	83	Brandon Contreras Lopez				1
2025-12-12	85	Diego Andrés Clavijo Chaparro				1
2025-12-12	88	Carlos				2
2025-12-12	95	Jaime				1
2025-12-12	98	Ricardo Alán Hernández González				1
2025-12-12	101	Ana Laura Acevedo Flores				1
2025-12-12	102	Juan Daniel Duron Gomez				1
2025-12-12	104	Perla				1
2025-12-12	108	Pablo Bayly Fernández				1
2025-12-13	87	Ana Santos				1
2025-12-13	92	Alicia				1
2025-12-13	95	Jaime				1
2025-12-13	104	Perla				1
2025-12-14	88	Carlos				1
2025-12-14	92	Alicia				1
2025-12-14	95	Jaime				1
2025-12-14	104	Perla				2
2025-12-15	6	Leonel Cruz Cristobal				1
2025-12-15	8	Francisco Montalvo Ramirez				1
2025-12-15	25	Héctor Cruz Hernández				1
2025-12-15	55	Juan Manuel Sánchez Lugo				2
2025-12-15	60	Teresa Ramos Rodríguez				1
2025-12-15	62	Gilberto Gibran Solís Carrillo				1
2025-12-15	63	Magaly Estefanía Pérez García				1
2025-12-15	68	Jésus Montalvo Ramirez				1
2025-12-15	75	Mateo Salazar				1
2025-12-15	76	Carlos Eduardo Manzanares				1
2025-12-15	78	Aldo Jesús Méndez Garza				1
2025-12-15	79	José Luis Romero Grados				1
2025-12-15	83	Brandon Contreras Lopez				1
2025-12-15	85	Diego Andrés Clavijo Chaparro				1
2025-12-15	87	Ana Santos				1
2025-12-15	88	Carlos				1
2025-12-15	92	Alicia				1
2025-12-15	97	Rissia Xavier de Araujo				1
2025-12-15	98	Ricardo Alán Hernández González				1
2025-12-15	101	Ana Laura Acevedo Flores				1
2025-12-15	102	Juan Daniel Duron Gomez				1
2025-12-15	103	Erick Santiago Antonio Montalvo				1
2025-12-15	108	Pablo Bayly Fernández				1
2025-12-16	6	Leonel Cruz Cristobal				1
2025-12-16	8	Francisco Montalvo Ramirez				1
2025-12-16	25	Héctor Cruz Hernández				1
2025-12-16	32	Jesus Esteban De La Cruz Calderon				1
2025-12-16	48	Luis Ángel García Cruz				1
2025-12-16	55	Juan Manuel Sánchez Lugo				1
2025-12-16	57	Samuel Ulises Alcántara				1
2025-12-16	59	Gerardo Isai Lozano Davila				1
2025-12-16	60	Teresa Ramos Rodríguez				1
2025-12-16	62	Gilberto Gibran Solís Carrillo				1
2025-12-16	63	Magaly Estefanía Pérez García				1
2025-12-16	68	Jésus Montalvo Ramirez				1
2025-12-16	75	Mateo Salazar				1
2025-12-16	76	Carlos Eduardo Manzanares				1
2025-12-16	78	Aldo Jesús Méndez Garza				1
2025-12-16	79	José Luis Romero Grados				1
2025-12-16	83	Brandon Contreras Lopez				1
2025-12-16	85	Diego Andrés Clavijo Chaparro				1
2025-12-16	88	Carlos				1
2025-12-16	92	Alicia				1
2025-12-16	97	Rissia Xavier de Araujo				1
2025-12-16	98	Ricardo Alán Hernández González				1
2025-12-16	101	Ana Laura Acevedo Flores				1
2025-12-16	102	Juan Daniel Duron Gomez				1
2025-12-16	103	Erick Santiago Antonio Montalvo				1
2025-12-16	104	Perla				1
2025-12-16	106	Carlos Alberto Marín Vega				1
2025-12-16	108	Pablo Bayly Fernández				1
2025-12-17	6	Leonel Cruz Cristobal				1
2025-12-17	8	Francisco Montalvo Ramirez				1
2025-12-17	25	Héctor Cruz Hernández				1
2025-12-17	48	Luis Ángel García Cruz				1
2025-12-17	55	Juan Manuel Sánchez Lugo				1
2025-12-17	57	Samuel Ulises Alcántara				1
2025-12-17	59	Gerardo Isai Lozano Davila				1
2025-12-17	60	Teresa Ramos Rodríguez				1
2025-12-17	62	Gilberto Gibran Solís Carrillo				1
2025-12-17	63	Magaly Estefanía Pérez García				1
2025-12-17	68	Jésus Montalvo Ramirez				1
2025-12-17	75	Mateo Salazar				1
2025-12-17	76	Carlos Eduardo Manzanares				1
2025-12-17	78	Aldo Jesús Méndez Garza				1
2025-12-17	79	José Luis Romero Grados				1
2025-12-17	83	Brandon Contreras Lopez				1
2025-12-17	85	Diego Andrés Clavijo Chaparro				1
2025-12-17	88	Carlos				1
2025-12-17	92	Alicia				2
2025-12-17	95	Jaime				2
2025-12-17	97	Rissia Xavier de Araujo				1
2025-12-17	98	Ricardo Alán Hernández González				1
2025-12-17	101	Ana Laura Acevedo Flores				1
2025-12-17	102	Juan Daniel Duron Gomez				1
2025-12-17	103	Erick Santiago Antonio Montalvo				1
2025-12-17	104	Perla				1
2025-12-17	106	Carlos Alberto Marín Vega				1
2025-12-17	108	Pablo Bayly Fernández				1
2025-12-18	6	Leonel Cruz Cristobal				1
2025-12-18	8	Francisco Montalvo Ramirez				1
2025-12-18	25	Héctor Cruz Hernández				1
2025-12-18	48	Luis Ángel García Cruz				1
2025-12-18	57	Samuel Ulises Alcántara				1
2025-12-18	59	Gerardo Isai Lozano Davila				1
2025-12-18	60	Teresa Ramos Rodríguez				1
2025-12-18	62	Gilberto Gibran Solís Carrillo				1
2025-12-18	63	Magaly Estefanía Pérez García				1
2025-12-18	68	Jésus Montalvo Ramirez				1
2025-12-18	75	Mateo Salazar				1
2025-12-18	76	Carlos Eduardo Manzanares				1
2025-12-18	78	Aldo Jesús Méndez Garza				1
2025-12-18	79	José Luis Romero Grados				1
2025-12-18	83	Brandon Contreras Lopez				1
2025-12-18	85	Diego Andrés Clavijo Chaparro				1
2025-12-18	87	Ana Santos				1
2025-12-18	88	Carlos				1
2025-12-18	92	Alicia				1
2025-12-18	97	Rissia Xavier de Araujo				1
2025-12-18	98	Ricardo Alán Hernández González				1
2025-12-18	101	Ana Laura Acevedo Flores				1
2025-12-18	102	Juan Daniel Duron Gomez				1
2025-12-18	103	Erick Santiago Antonio Montalvo				1
2025-12-18	106	Carlos Alberto Marín Vega				1
2025-12-18	108	Pablo Bayly Fernández				1
2025-12-19	6	Leonel Cruz Cristobal				1
2025-12-19	8	Francisco Montalvo Ramirez				1
2025-12-19	25	Héctor Cruz Hernández				1
2025-12-19	32	Jesus Esteban De La Cruz Calderon				1
2025-12-19	48	Luis Ángel García Cruz				1
2025-12-19	59	Gerardo Isai Lozano Davila				1
2025-12-19	60	Teresa Ramos Rodríguez				1
2025-12-19	62	Gilberto Gibran Solís Carrillo				1
2025-12-19	63	Magaly Estefanía Pérez García				1
2025-12-19	68	Jésus Montalvo Ramirez				1
2025-12-19	75	Mateo Salazar				1
2025-12-19	76	Carlos Eduardo Manzanares				1
2025-12-19	78	Aldo Jesús Méndez Garza				1
2025-12-19	79	José Luis Romero Grados				1
2025-12-19	83	Brandon Contreras Lopez				1
2025-12-19	85	Diego Andrés Clavijo Chaparro				1
2025-12-19	92	Alicia				2
2025-12-19	95	Jaime				2
2025-12-19	97	Rissia Xavier de Araujo				1
2025-12-19	98	Ricardo Alán Hernández González				1
2025-12-19	101	Ana Laura Acevedo Flores				1
2025-12-19	102	Juan Daniel Duron Gomez				1
2025-12-19	103	Erick Santiago Antonio Montalvo				1
2025-12-19	104	Perla				1
2025-12-19	106	Carlos Alberto Marín Vega				1
2025-12-19	108	Pablo Bayly Fernández				1
2025-12-20	6	Leonel Cruz Cristobal				1
2025-12-20	32	Jesus Esteban De La Cruz Calderon				2
2025-12-20	62	Gilberto Gibran Solís Carrillo				1
2025-12-20	79	José Luis Romero Grados				1
2025-12-20	88	Carlos				1
2025-12-20	92	Alicia				1
2025-12-20	95	Jaime				1
2025-12-20	104	Perla				1
2025-12-21	6	Leonel Cruz Cristobal				1
2025-12-21	32	Jesus Esteban De La Cruz Calderon				1
2025-12-21	62	Gilberto Gibran Solís Carrillo				1
2025-12-21	79	José Luis Romero Grados				1
2025-12-21	87	Ana Santos				1
2025-12-21	88	Carlos				1
2025-12-21	92	Alicia				1
2025-12-21	95	Jaime				1
2025-12-21	104	Perla				1
2025-12-22	6	Leonel Cruz Cristobal				1
2025-12-22	8	Francisco Montalvo Ramirez				1
2025-12-22	25	Héctor Cruz Hernández				1
2025-12-22	32	Jesus Esteban De La Cruz Calderon				1
2025-12-22	48	Luis Ángel García Cruz				1
2025-12-22	55	Juan Manuel Sánchez Lugo				1
2025-12-22	59	Gerardo Isai Lozano Davila				1
2025-12-22	60	Teresa Ramos Rodríguez				1
2025-12-22	62	Gilberto Gibran Solís Carrillo				1
2025-12-22	63	Magaly Estefanía Pérez García				1
2025-12-22	68	Jésus Montalvo Ramirez				1
2025-12-22	75	Mateo Salazar				1
2025-12-22	76	Carlos Eduardo Manzanares				1
2025-12-22	78	Aldo Jesús Méndez Garza				1
2025-12-22	79	José Luis Romero Grados				1
2025-12-22	83	Brandon Contreras Lopez				1
2025-12-22	85	Diego Andrés Clavijo Chaparro				1
2025-12-22	87	Ana Santos				1
2025-12-22	97	Rissia Xavier de Araujo				1
2025-12-22	98	Ricardo Alán Hernández González				1
2025-12-22	102	Juan Daniel Duron Gomez				1
2025-12-22	104	Perla				1
2025-12-22	106	Carlos Alberto Marín Vega				1
2025-12-22	108	Pablo Bayly Fernández				1
2025-12-23	6	Leonel Cruz Cristobal				1
2025-12-23	8	Francisco Montalvo Ramirez				1
2025-12-23	25	Héctor Cruz Hernández				1
2025-12-23	32	Jesus Esteban De La Cruz Calderon				1
2025-12-23	48	Luis Ángel García Cruz				1
2025-12-23	55	Juan Manuel Sánchez Lugo				1
2025-12-23	57	Samuel Ulises Alcántara				1
2025-12-23	59	Gerardo Isai Lozano Davila				1
2025-12-23	60	Teresa Ramos Rodríguez				1
2025-12-23	62	Gilberto Gibran Solís Carrillo				1
2025-12-23	63	Magaly Estefanía Pérez García				1
2025-12-23	68	Jésus Montalvo Ramirez				1
2025-12-23	75	Mateo Salazar				1
2025-12-23	76	Carlos Eduardo Manzanares				1
2025-12-23	78	Aldo Jesús Méndez Garza				1
2025-12-23	79	José Luis Romero Grados				1
2025-12-23	83	Brandon Contreras Lopez				1
2025-12-23	85	Diego Andrés Clavijo Chaparro				1
2025-12-23	88	Carlos				2
2025-12-23	95	Jaime				1
2025-12-23	97	Rissia Xavier de Araujo				1
2025-12-23	98	Ricardo Alán Hernández González				1
2025-12-23	102	Juan Daniel Duron Gomez				1
2025-12-23	103	Erick Santiago Antonio Montalvo				1
2025-12-23	104	Perla				2
2025-12-23	106	Carlos Alberto Marín Vega				1
2025-12-23	108	Pablo Bayly Fernández				1
2025-12-24	6	Leonel Cruz Cristobal				1
2025-12-24	25	Héctor Cruz Hernández				1
2025-12-24	32	Jesus Esteban De La Cruz Calderon				1
2025-12-24	48	Luis Ángel García Cruz				1
2025-12-24	55	Juan Manuel Sánchez Lugo				1
2025-12-24	57	Samuel Ulises Alcántara				1
2025-12-24	59	Gerardo Isai Lozano Davila				1
2025-12-24	60	Teresa Ramos Rodríguez				1
2025-12-24	62	Gilberto Gibran Solís Carrillo				1
2025-12-24	68	Jésus Montalvo Ramirez				1
2025-12-24	75	Mateo Salazar				1
2025-12-24	76	Carlos Eduardo Manzanares				1
2025-12-24	83	Brandon Contreras Lopez				1
2025-12-24	85	Diego Andrés Clavijo Chaparro				1
2025-12-24	95	Jaime				1
2025-12-24	98	Ricardo Alán Hernández González				1
2025-12-24	102	Juan Daniel Duron Gomez				1
2025-12-24	103	Erick Santiago Antonio Montalvo				1
2025-12-24	106	Carlos Alberto Marín Vega				1
2025-12-24	108	Pablo Bayly Fernández				1
2025-12-25	95	Jaime				1
2025-12-26	6	Leonel Cruz Cristobal				1
2025-12-26	25	Héctor Cruz Hernández				1
2025-12-26	55	Juan Manuel Sánchez Lugo				2
2025-12-26	57	Samuel Ulises Alcántara				1
2025-12-26	59	Gerardo Isai Lozano Davila				1
2025-12-26	62	Gilberto Gibran Solís Carrillo				1
2025-12-26	63	Magaly Estefanía Pérez García				1
2025-12-26	68	Jésus Montalvo Ramirez				1
2025-12-26	76	Carlos Eduardo Manzanares				1
2025-12-26	78	Aldo Jesús Méndez Garza				1
2025-12-26	83	Brandon Contreras Lopez				1
2025-12-26	85	Diego Andrés Clavijo Chaparro				1
2025-12-26	87	Ana Santos				1
2025-12-26	88	Carlos				1
2025-12-26	95	Jaime				1
2025-12-26	102	Juan Daniel Duron Gomez				1
2025-12-26	104	Perla				2
2025-12-27	6	Leonel Cruz Cristobal				1
2025-12-27	57	Samuel Ulises Alcántara				1
2025-12-27	62	Gilberto Gibran Solís Carrillo				1
2025-12-27	76	Carlos Eduardo Manzanares				1
2025-12-27	87	Ana Santos				1
2025-12-27	88	Carlos				1
2025-12-27	95	Jaime				1
2025-12-27	102	Juan Daniel Duron Gomez				1
2025-12-28	87	Ana Santos				2
2025-12-28	95	Jaime				1
2025-12-28	104	Perla				2
2025-12-29	6	Leonel Cruz Cristobal				1
2025-12-29	25	Héctor Cruz Hernández				1
2025-12-29	48	Luis Ángel García Cruz				1
2025-12-29	55	Juan Manuel Sánchez Lugo				1
2025-12-29	57	Samuel Ulises Alcántara				1
2025-12-29	59	Gerardo Isai Lozano Davila				1
2025-12-29	62	Gilberto Gibran Solís Carrillo				1
2025-12-29	63	Magaly Estefanía Pérez García				1
2025-12-29	68	Jésus Montalvo Ramirez				1
2025-12-29	75	Mateo Salazar				1
2025-12-29	76	Carlos Eduardo Manzanares				1
2025-12-29	78	Aldo Jesús Méndez Garza				1
2025-12-29	79	José Luis Romero Grados				1
2025-12-29	83	Brandon Contreras Lopez				1
2025-12-29	85	Diego Andrés Clavijo Chaparro				1
2025-12-29	95	Jaime				1
2025-12-29	97	Rissia Xavier de Araujo				1
2025-12-29	98	Ricardo Alán Hernández González				1
2025-12-29	101	Ana Laura Acevedo Flores				1
2025-12-29	102	Juan Daniel Duron Gomez				1
2025-12-29	103	Erick Santiago Antonio Montalvo				1
2025-12-29	106	Carlos Alberto Marín Vega				1
2025-12-29	108	Pablo Bayly Fernández				1
2025-12-30	6	Leonel Cruz Cristobal				1
2025-12-30	25	Héctor Cruz Hernández				1
2025-12-30	48	Luis Ángel García Cruz				1
2025-12-30	55	Juan Manuel Sánchez Lugo				1
2025-12-30	57	Samuel Ulises Alcántara				1
2025-12-30	59	Gerardo Isai Lozano Davila				1
2025-12-30	62	Gilberto Gibran Solís Carrillo				1
2025-12-30	63	Magaly Estefanía Pérez García				1
2025-12-30	68	Jésus Montalvo Ramirez				1
2025-12-30	75	Mateo Salazar				1
2025-12-30	78	Aldo Jesús Méndez Garza				1
2025-12-30	79	José Luis Romero Grados				1
2025-12-30	83	Brandon Contreras Lopez				1
2025-12-30	85	Diego Andrés Clavijo Chaparro				1
2025-12-30	88	Carlos				1
2025-12-30	95	Jaime				1
2025-12-30	97	Rissia Xavier de Araujo				1
2025-12-30	98	Ricardo Alán Hernández González				1
2025-12-30	101	Ana Laura Acevedo Flores				1
2025-12-30	102	Juan Daniel Duron Gomez				1
2025-12-30	103	Erick Santiago Antonio Montalvo				1
2025-12-30	104	Perla				1
2025-12-30	106	Carlos Alberto Marín Vega				1
2025-12-30	108	Pablo Bayly Fernández				1
2025-12-31	6	Leonel Cruz Cristobal				1
2025-12-31	25	Héctor Cruz Hernández				1
2025-12-31	48	Luis Ángel García Cruz				1
2025-12-31	55	Juan Manuel Sánchez Lugo				1
2025-12-31	57	Samuel Ulises Alcántara				1
2025-12-31	59	Gerardo Isai Lozano Davila				1
2025-12-31	62	Gilberto Gibran Solís Carrillo				1
2025-12-31	68	Jésus Montalvo Ramirez				1
2025-12-31	75	Mateo Salazar				1
2025-12-31	78	Aldo Jesús Méndez Garza				1
2025-12-31	79	José Luis Romero Grados				1
2025-12-31	83	Brandon Contreras Lopez				1
2025-12-31	85	Diego Andrés Clavijo Chaparro				1
2025-12-31	88	Carlos				1
2025-12-31	97	Rissia Xavier de Araujo				1
2025-12-31	98	Ricardo Alán Hernández González				1
2025-12-31	101	Ana Laura Acevedo Flores				1
2025-12-31	103	Erick Santiago Antonio Montalvo				1
2025-12-31	104	Perla				1
2025-12-31	108	Pablo Bayly Fernández				1
2026-01-01	87	Ana Santos				1
2026-01-01	88	Carlos				1
2026-01-02	25	Héctor Cruz Hernández				1
2026-01-02	48	Luis Ángel García Cruz				1
2026-01-02	55	Juan Manuel Sánchez Lugo				1
2026-01-02	57	Samuel Ulises Alcántara				1
2026-01-02	68	Jésus Montalvo Ramirez				1
2026-01-02	78	Aldo Jesús Méndez Garza				1
2026-01-02	79	José Luis Romero Grados				1
2026-01-02	85	Diego Andrés Clavijo Chaparro				1
2026-01-02	95	Jaime				1
2026-01-02	97	Rissia Xavier de Araujo				1
2026-01-02	98	Ricardo Alán Hernández González				1
2026-01-02	101	Ana Laura Acevedo Flores				1
2026-01-02	104	Perla				1
2026-01-02	108	Pablo Bayly Fernández				1
2026-01-03	6	Leonel Cruz Cristobal				1
2026-01-03	55	Juan Manuel Sánchez Lugo				1
2026-01-03	57	Samuel Ulises Alcántara				1
2026-01-03	62	Gilberto Gibran Solís Carrillo				1
2026-01-03	68	Jésus Montalvo Ramirez				1
2026-01-03	87	Ana Santos				1
2026-01-03	88	Carlos				1
2026-01-03	101	Ana Laura Acevedo Flores				1
2026-01-03	104	Perla				1
2026-01-04	79	José Luis Romero Grados				1
2026-01-04	95	Jaime				1
2026-01-05	6	Leonel Cruz Cristobal				1
2026-01-05	25	Héctor Cruz Hernández				1
2026-01-05	48	Luis Ángel García Cruz				1
2026-01-05	55	Juan Manuel Sánchez Lugo				1
2026-01-05	60	Teresa Ramos Rodríguez				1
2026-01-05	62	Gilberto Gibran Solís Carrillo				1
2026-01-05	63	Magaly Estefanía Pérez García				1
2026-01-05	68	Jésus Montalvo Ramirez				1
2026-01-05	75	Mateo Salazar				1
2026-01-05	76	Carlos Eduardo Manzanares				1
2026-01-05	78	Aldo Jesús Méndez Garza				1
2026-01-05	79	José Luis Romero Grados				1
2026-01-05	83	Brandon Contreras Lopez				1
2026-01-05	87	Ana Santos				1
2026-01-05	88	Carlos				1
2026-01-05	95	Jaime				1
2026-01-05	97	Rissia Xavier de Araujo				1
2026-01-05	102	Juan Daniel Duron Gomez				1
2026-01-05	103	Erick Santiago Antonio Montalvo				1
2026-01-05	104	Perla				1
2026-01-05	106	Carlos Alberto Marín Vega				1
2026-01-05	108	Pablo Bayly Fernández				1
2026-01-06	6	Leonel Cruz Cristobal				1
2026-01-06	25	Héctor Cruz Hernández				1
2026-01-06	48	Luis Ángel García Cruz				1
2026-01-06	55	Juan Manuel Sánchez Lugo				1
2026-01-06	57	Samuel Ulises Alcántara				1
2026-01-06	59	Gerardo Isai Lozano Davila				1
2026-01-06	60	Teresa Ramos Rodríguez				1
2026-01-06	62	Gilberto Gibran Solís Carrillo				1
2026-01-06	63	Magaly Estefanía Pérez García				1
2026-01-06	68	Jésus Montalvo Ramirez				1
2026-01-06	75	Mateo Salazar				1
2026-01-06	76	Carlos Eduardo Manzanares				1
2026-01-06	78	Aldo Jesús Méndez Garza				1
2026-01-06	79	José Luis Romero Grados				1
2026-01-06	83	Brandon Contreras Lopez				1
2026-01-06	87	Ana Santos				1
2026-01-06	88	Carlos				2
2026-01-06	95	Jaime				2
2026-01-06	97	Rissia Xavier de Araujo				1
2026-01-06	98	Ricardo Alán Hernández González				1
2026-01-06	101	Ana Laura Acevedo Flores				1
2026-01-06	102	Juan Daniel Duron Gomez				1
2026-01-06	103	Erick Santiago Antonio Montalvo				1
2026-01-06	104	Perla				1
2026-01-06	108	Pablo Bayly Fernández				1
2026-01-07	6	Leonel Cruz Cristobal				1
2026-01-07	25	Héctor Cruz Hernández				1
2026-01-07	48	Luis Ángel García Cruz				1
2026-01-07	55	Juan Manuel Sánchez Lugo				1
2026-01-07	57	Samuel Ulises Alcántara				1
2026-01-07	59	Gerardo Isai Lozano Davila				1
2026-01-07	60	Teresa Ramos Rodríguez				1
2026-01-07	62	Gilberto Gibran Solís Carrillo				1
2026-01-07	63	Magaly Estefanía Pérez García				1
2026-01-07	68	Jésus Montalvo Ramirez				1
2026-01-07	75	Mateo Salazar				1
2026-01-07	76	Carlos Eduardo Manzanares				1
2026-01-07	78	Aldo Jesús Méndez Garza				1
2026-01-07	79	José Luis Romero Grados				1
2026-01-07	83	Brandon Contreras Lopez				1
2026-01-07	88	Carlos				1
2026-01-07	95	Jaime				1
2026-01-07	97	Rissia Xavier de Araujo				1
2026-01-07	98	Ricardo Alán Hernández González				1
2026-01-07	101	Ana Laura Acevedo Flores				1
2026-01-07	102	Juan Daniel Duron Gomez				1
2026-01-07	103	Erick Santiago Antonio Montalvo				1
2026-01-07	104	Perla				1
2026-01-07	108	Pablo Bayly Fernández				1
2026-01-08	6	Leonel Cruz Cristobal				1
2026-01-08	25	Héctor Cruz Hernández				1
2026-01-08	48	Luis Ángel García Cruz				1
2026-01-08	55	Juan Manuel Sánchez Lugo				1
2026-01-08	57	Samuel Ulises Alcántara				1
2026-01-08	59	Gerardo Isai Lozano Davila				1
2026-01-08	60	Teresa Ramos Rodríguez				1
2026-01-08	62	Gilberto Gibran Solís Carrillo				1
2026-01-08	63	Magaly Estefanía Pérez García				1
2026-01-08	68	Jésus Montalvo Ramirez				1
2026-01-08	75	Mateo Salazar				1
2026-01-08	76	Carlos Eduardo Manzanares				1
2026-01-08	78	Aldo Jesús Méndez Garza				1
2026-01-08	83	Brandon Contreras Lopez				1
2026-01-08	98	Ricardo Alán Hernández González				1
2026-01-08	101	Ana Laura Acevedo Flores				1
2026-01-08	102	Juan Daniel Duron Gomez				1
2026-01-08	103	Erick Santiago Antonio Montalvo				1
2026-01-08	108	Pablo Bayly Fernández				1
2026-01-09	6	Leonel Cruz Cristobal				1
2026-01-09	25	Héctor Cruz Hernández				1
2026-01-09	48	Luis Ángel García Cruz				1
2026-01-09	55	Juan Manuel Sánchez Lugo				1
2026-01-09	57	Samuel Ulises Alcántara				1
2026-01-09	59	Gerardo Isai Lozano Davila				1
2026-01-09	60	Teresa Ramos Rodríguez				1
2026-01-09	62	Gilberto Gibran Solís Carrillo				1
2026-01-09	63	Magaly Estefanía Pérez García				1
2026-01-09	68	Jésus Montalvo Ramirez				1
2026-01-09	75	Mateo Salazar				1
2026-01-09	78	Aldo Jesús Méndez Garza				1
2026-01-09	88	Carlos				1
2026-01-09	95	Jaime				1
2026-01-09	97	Rissia Xavier de Araujo				1
2026-01-09	98	Ricardo Alán Hernández González				1
2026-01-09	101	Ana Laura Acevedo Flores				1
2026-01-09	102	Juan Daniel Duron Gomez				1
2026-01-09	104	Perla				1
2026-01-09	108	Pablo Bayly Fernández				1
2026-01-10	88	Carlos				2
2026-01-10	95	Jaime				2
2026-01-10	104	Perla				3
2026-01-11	87	Ana Santos				1
2026-01-11	95	Jaime				1
2026-01-12	25	Héctor Cruz Hernández				1
2026-01-12	48	Luis Ángel García Cruz				1
2026-01-12	55	Juan Manuel Sánchez Lugo				1
2026-01-12	59	Gerardo Isai Lozano Davila				1
2026-01-12	60	Teresa Ramos Rodríguez				1
2026-01-12	62	Gilberto Gibran Solís Carrillo				1
2026-01-12	63	Magaly Estefanía Pérez García				1
2026-01-12	68	Jésus Montalvo Ramirez				1
2026-01-12	75	Mateo Salazar				1
2026-01-12	78	Aldo Jesús Méndez Garza				1
2026-01-12	83	Brandon Contreras Lopez				1
2026-01-12	87	Ana Santos				2
2026-01-12	88	Carlos				1
2026-01-12	95	Jaime				2
2026-01-12	97	Rissia Xavier de Araujo				1
2026-01-12	98	Ricardo Alán Hernández González				1
2026-01-12	101	Ana Laura Acevedo Flores				1
2026-01-12	104	Perla				2
2026-01-12	108	Pablo Bayly Fernández				1
2026-01-13	25	Héctor Cruz Hernández				1
2026-01-13	48	Luis Ángel García Cruz				1
2026-01-13	55	Juan Manuel Sánchez Lugo				1
2026-01-13	57	Samuel Ulises Alcántara				1
2026-01-13	59	Gerardo Isai Lozano Davila				1
2026-01-13	60	Teresa Ramos Rodríguez				1
2026-01-13	62	Gilberto Gibran Solís Carrillo				1
2026-01-13	63	Magaly Estefanía Pérez García				1
2026-01-13	68	Jésus Montalvo Ramirez				1
2026-01-13	75	Mateo Salazar				1
2026-01-13	78	Aldo Jesús Méndez Garza				1
2026-01-13	83	Brandon Contreras Lopez				1
2026-01-13	88	Carlos				1
2026-01-13	97	Rissia Xavier de Araujo				1
2026-01-13	98	Ricardo Alán Hernández González				1
2026-01-13	101	Ana Laura Acevedo Flores				1
2026-01-13	108	Pablo Bayly Fernández				1
2026-01-14	25	Héctor Cruz Hernández				1
2026-01-14	48	Luis Ángel García Cruz				1
2026-01-14	55	Juan Manuel Sánchez Lugo				1
2026-01-14	57	Samuel Ulises Alcántara				1
2026-01-14	59	Gerardo Isai Lozano Davila				1
2026-01-14	60	Teresa Ramos Rodríguez				1
2026-01-14	62	Gilberto Gibran Solís Carrillo				1
2026-01-14	63	Magaly Estefanía Pérez García				1
2026-01-14	68	Jésus Montalvo Ramirez				1
2026-01-14	75	Mateo Salazar				1
2026-01-14	78	Aldo Jesús Méndez Garza				1
2026-01-14	79	José Luis Romero Grados				1
2026-01-14	83	Brandon Contreras Lopez				1
2026-01-14	88	Carlos				1
2026-01-14	97	Rissia Xavier de Araujo				1
2026-01-14	98	Ricardo Alán Hernández González				1
2026-01-14	101	Ana Laura Acevedo Flores				1
2026-01-14	104	Perla				1
2026-01-14	108	Pablo Bayly Fernández				1
2026-01-15	25	Héctor Cruz Hernández				1
2026-01-15	48	Luis Ángel García Cruz				1
2026-01-15	55	Juan Manuel Sánchez Lugo				1
2026-01-15	57	Samuel Ulises Alcántara				1
2026-01-15	59	Gerardo Isai Lozano Davila				1
2026-01-15	62	Gilberto Gibran Solís Carrillo				1
2026-01-15	63	Magaly Estefanía Pérez García				1
2026-01-15	68	Jésus Montalvo Ramirez				1
2026-01-15	75	Mateo Salazar				1
2026-01-15	76	Carlos Eduardo Manzanares				1
2026-01-15	78	Aldo Jesús Méndez Garza				1
2026-01-15	79	José Luis Romero Grados				1
2026-01-15	83	Brandon Contreras Lopez				1
2026-01-15	85	Diego Andrés Clavijo Chaparro				1
2026-01-15	88	Carlos				1
2026-01-15	95	Jaime				1
2026-01-15	97	Rissia Xavier de Araujo				1
2026-01-15	98	Ricardo Alán Hernández González				1
2026-01-15	101	Ana Laura Acevedo Flores				1
2026-01-15	104	Perla				1
2026-01-15	108	Pablo Bayly Fernández				1
2026-01-16	25	Héctor Cruz Hernández				1
2026-01-16	55	Juan Manuel Sánchez Lugo				1
2026-01-16	57	Samuel Ulises Alcántara				1
2026-01-16	59	Gerardo Isai Lozano Davila				1
2026-01-16	60	Teresa Ramos Rodríguez				1
2026-01-16	62	Gilberto Gibran Solís Carrillo				1
2026-01-16	63	Magaly Estefanía Pérez García				1
2026-01-16	68	Jésus Montalvo Ramirez				1
2026-01-16	75	Mateo Salazar				1
2026-01-16	79	José Luis Romero Grados				1
2026-01-16	83	Brandon Contreras Lopez				1
2026-01-16	85	Diego Andrés Clavijo Chaparro				1
2026-01-16	88	Carlos				1
2026-01-16	95	Jaime				1
2026-01-16	97	Rissia Xavier de Araujo				1
2026-01-16	98	Ricardo Alán Hernández González				1
2026-01-16	101	Ana Laura Acevedo Flores				1
2026-01-16	103	Erick Santiago Antonio Montalvo				1
2026-01-16	104	Perla				1
2026-01-16	108	Pablo Bayly Fernández				1
2026-01-17	57	Samuel Ulises Alcántara				1
2026-01-17	60	Teresa Ramos Rodríguez				1
2026-01-17	62	Gilberto Gibran Solís Carrillo				1
2026-01-17	75	Mateo Salazar				1
2026-01-17	76	Carlos Eduardo Manzanares				1
2026-01-17	79	José Luis Romero Grados				1
2026-01-17	88	Carlos				2
2026-01-17	95	Jaime				2
2026-01-17	103	Erick Santiago Antonio Montalvo				1
2026-01-17	104	Perla				1
2026-01-18	57	Samuel Ulises Alcántara				1
2026-01-18	62	Gilberto Gibran Solís Carrillo				1
2026-01-18	75	Mateo Salazar				1
2026-01-18	79	José Luis Romero Grados				1
2026-01-18	87	Ana Santos				1
2026-01-18	104	Perla				1
2026-01-19	6	Leonel Cruz Cristobal				1
2026-01-19	8	Francisco Montalvo Ramirez				1
2026-01-19	25	Héctor Cruz Hernández				1
2026-01-19	48	Luis Ángel García Cruz				1
2026-01-19	55	Juan Manuel Sánchez Lugo				1
2026-01-19	57	Samuel Ulises Alcántara				1
2026-01-19	59	Gerardo Isai Lozano Davila				1
2026-01-19	60	Teresa Ramos Rodríguez				1
2026-01-19	62	Gilberto Gibran Solís Carrillo				1
2026-01-19	63	Magaly Estefanía Pérez García				1
2026-01-19	68	Jésus Montalvo Ramirez				1
2026-01-19	75	Mateo Salazar				1
2026-01-19	76	Carlos Eduardo Manzanares				1
2026-01-19	78	Aldo Jesús Méndez Garza				1
2026-01-19	79	José Luis Romero Grados				1
2026-01-19	85	Diego Andrés Clavijo Chaparro				1
2026-01-19	87	Ana Santos				1
2026-01-19	88	Carlos				1
2026-01-19	95	Jaime				1
2026-01-19	97	Rissia Xavier de Araujo				1
2026-01-19	98	Ricardo Alán Hernández González				1
2026-01-19	101	Ana Laura Acevedo Flores				1
2026-01-19	103	Erick Santiago Antonio Montalvo				1
2026-01-19	104	Perla				1
2026-01-19	108	Pablo Bayly Fernández				1
2026-01-19	109	Israel Enrique Rodríguez Hernández				1
2026-01-19	110	Alejandro Reyes Galvez				1
2026-01-19	111	Ramiro Robles Cruz				1
2026-01-20	6	Leonel Cruz Cristobal				1
2026-01-20	8	Francisco Montalvo Ramirez				1
2026-01-20	25	Héctor Cruz Hernández				1
2026-01-20	48	Luis Ángel García Cruz				1
2026-01-20	55	Juan Manuel Sánchez Lugo				1
2026-01-20	57	Samuel Ulises Alcántara				1
2026-01-20	59	Gerardo Isai Lozano Davila				1
2026-01-20	60	Teresa Ramos Rodríguez				1
2026-01-20	62	Gilberto Gibran Solís Carrillo				1
2026-01-20	63	Magaly Estefanía Pérez García				1
2026-01-20	68	Jésus Montalvo Ramirez				1
2026-01-20	75	Mateo Salazar				1
2026-01-20	76	Carlos Eduardo Manzanares				1
2026-01-20	78	Aldo Jesús Méndez Garza				1
2026-01-20	79	José Luis Romero Grados				1
2026-01-20	83	Brandon Contreras Lopez				1
2026-01-20	85	Diego Andrés Clavijo Chaparro				1
2026-01-20	87	Ana Santos				1
2026-01-20	88	Carlos				2
2026-01-20	95	Jaime				2
2026-01-20	97	Rissia Xavier de Araujo				1
2026-01-20	98	Ricardo Alán Hernández González				1
2026-01-20	101	Ana Laura Acevedo Flores				1
2026-01-20	103	Erick Santiago Antonio Montalvo				1
2026-01-20	104	Perla				1
2026-01-20	108	Pablo Bayly Fernández				1
2026-01-20	109	Israel Enrique Rodríguez Hernández				1
2026-01-20	110	Alejandro Reyes Galvez				1
2026-01-20	111	Ramiro Robles Cruz				1
2026-01-21	6	Leonel Cruz Cristobal				1
2026-01-21	8	Francisco Montalvo Ramirez				1
2026-01-21	25	Héctor Cruz Hernández				1
2026-01-21	48	Luis Ángel García Cruz				1
2026-01-21	55	Juan Manuel Sánchez Lugo				1
2026-01-21	57	Samuel Ulises Alcántara				1
2026-01-21	59	Gerardo Isai Lozano Davila				2
2026-01-21	60	Teresa Ramos Rodríguez				1
2026-01-21	62	Gilberto Gibran Solís Carrillo				1
2026-01-21	63	Magaly Estefanía Pérez García				1
2026-01-21	68	Jésus Montalvo Ramirez				1
2026-01-21	75	Mateo Salazar				1
2026-01-21	76	Carlos Eduardo Manzanares				1
2026-01-21	78	Aldo Jesús Méndez Garza				1
2026-01-21	79	José Luis Romero Grados				1
2026-01-21	83	Brandon Contreras Lopez				1
2026-01-21	85	Diego Andrés Clavijo Chaparro				1
2026-01-21	88	Carlos				1
2026-01-21	97	Rissia Xavier de Araujo				1
2026-01-21	98	Ricardo Alán Hernández González				1
2026-01-21	101	Ana Laura Acevedo Flores				1
2026-01-21	104	Perla				1
2026-01-21	108	Pablo Bayly Fernández				1
2026-01-21	109	Israel Enrique Rodríguez Hernández				1
2026-01-21	110	Alejandro Reyes Galvez				1
2026-01-21	111	Ramiro Robles Cruz				1
2026-01-22	6	Leonel Cruz Cristobal				1
2026-01-22	8	Francisco Montalvo Ramirez				1
2026-01-22	25	Héctor Cruz Hernández				1
2026-01-22	48	Luis Ángel García Cruz				1
2026-01-22	55	Juan Manuel Sánchez Lugo				1
2026-01-22	57	Samuel Ulises Alcántara				1
2026-01-22	59	Gerardo Isai Lozano Davila				1
2026-01-22	60	Teresa Ramos Rodríguez				1
2026-01-22	62	Gilberto Gibran Solís Carrillo				1
2026-01-22	68	Jésus Montalvo Ramirez				1
2026-01-22	75	Mateo Salazar				1
2026-01-22	76	Carlos Eduardo Manzanares				1
2026-01-22	78	Aldo Jesús Méndez Garza				1
2026-01-22	79	José Luis Romero Grados				1
2026-01-22	83	Brandon Contreras Lopez				1
2026-01-22	85	Diego Andrés Clavijo Chaparro				1
2026-01-22	95	Jaime				1
2026-01-22	97	Rissia Xavier de Araujo				1
2026-01-22	98	Ricardo Alán Hernández González				1
2026-01-22	101	Ana Laura Acevedo Flores				1
2026-01-22	108	Pablo Bayly Fernández				1
2026-01-22	109	Israel Enrique Rodríguez Hernández				1
2026-01-22	110	Alejandro Reyes Galvez				1
2026-01-22	111	Ramiro Robles Cruz				1
2026-01-23	6	Leonel Cruz Cristobal				1
2026-01-23	8	Francisco Montalvo Ramirez				1
2026-01-23	25	Héctor Cruz Hernández				1
2026-01-23	48	Luis Ángel García Cruz				1
2026-01-23	55	Juan Manuel Sánchez Lugo				1
2026-01-23	59	Gerardo Isai Lozano Davila				1
2026-01-23	60	Teresa Ramos Rodríguez				1
2026-01-23	62	Gilberto Gibran Solís Carrillo				1
2026-01-23	63	Magaly Estefanía Pérez García				1
2026-01-23	68	Jésus Montalvo Ramirez				1
2026-01-23	75	Mateo Salazar				1
2026-01-23	78	Aldo Jesús Méndez Garza				1
2026-01-23	79	José Luis Romero Grados				1
2026-01-23	83	Brandon Contreras Lopez				1
2026-01-23	85	Diego Andrés Clavijo Chaparro				1
2026-01-23	88	Carlos				1
2026-01-23	95	Jaime				1
2026-01-23	96	Juan Pablo Lucas Ramos				1
2026-01-23	97	Rissia Xavier de Araujo				1
2026-01-23	98	Ricardo Alán Hernández González				1
2026-01-23	101	Ana Laura Acevedo Flores				1
2026-01-23	104	Perla				1
2026-01-23	107	Vicente Martínez Cruz				1
2026-01-23	108	Pablo Bayly Fernández				1
2026-01-23	109	Israel Enrique Rodríguez Hernández				1
2026-01-23	110	Alejandro Reyes Galvez				1
2026-01-23	111	Ramiro Robles Cruz				1
2026-01-23	112	Felipe Pérez Guzmán				1
2026-01-24	6	Leonel Cruz Cristobal				1
2026-01-24	62	Gilberto Gibran Solís Carrillo				1
2026-01-24	75	Mateo Salazar				1
2026-01-24	87	Ana Santos				1
2026-01-24	88	Carlos				1
2026-01-24	95	Jaime				2
2026-01-24	104	Perla				2
2026-01-25	79	José Luis Romero Grados				1
2026-01-26	6	Leonel Cruz Cristobal				1
2026-01-26	8	Francisco Montalvo Ramirez				1
2026-01-26	25	Héctor Cruz Hernández				1
2026-01-26	48	Luis Ángel García Cruz				1
2026-01-26	55	Juan Manuel Sánchez Lugo				1
2026-01-26	60	Teresa Ramos Rodríguez				1
2026-01-26	62	Gilberto Gibran Solís Carrillo				1
2026-01-26	63	Magaly Estefanía Pérez García				1
2026-01-26	68	Jésus Montalvo Ramirez				1
2026-01-26	75	Mateo Salazar				1
2026-01-26	78	Aldo Jesús Méndez Garza				1
2026-01-26	83	Brandon Contreras Lopez				1
2026-01-26	85	Diego Andrés Clavijo Chaparro				1
2026-01-26	87	Ana Santos				1
2026-01-26	88	Carlos				1
2026-01-26	96	Juan Pablo Lucas Ramos				1
2026-01-26	97	Rissia Xavier de Araujo				1
2026-01-26	98	Ricardo Alán Hernández González				1
2026-01-26	101	Ana Laura Acevedo Flores				1
2026-01-26	104	Perla				1
2026-01-26	107	Vicente Martínez Cruz				1
2026-01-26	108	Pablo Bayly Fernández				1
2026-01-26	109	Israel Enrique Rodríguez Hernández				1
2026-01-26	110	Alejandro Reyes Galvez				1
2026-01-26	111	Ramiro Robles Cruz				1
2026-01-26	112	Felipe Pérez Guzmán				1
2026-01-26	113	José Enrique Jasso Facundo				1
2026-01-27	6	Leonel Cruz Cristobal				1
2026-01-27	25	Héctor Cruz Hernández				1
2026-01-27	48	Luis Ángel García Cruz				1
2026-01-27	55	Juan Manuel Sánchez Lugo				1
2026-01-27	59	Gerardo Isai Lozano Davila				1
2026-01-27	60	Teresa Ramos Rodríguez				1
2026-01-27	62	Gilberto Gibran Solís Carrillo				1
2026-01-27	63	Magaly Estefanía Pérez García				1
2026-01-27	68	Jésus Montalvo Ramirez				1
2026-01-27	75	Mateo Salazar				1
2026-01-27	78	Aldo Jesús Méndez Garza				1
2026-01-27	83	Brandon Contreras Lopez				1
2026-01-27	85	Diego Andrés Clavijo Chaparro				1
2026-01-27	88	Carlos				1
2026-01-27	95	Jaime				1
2026-01-27	96	Juan Pablo Lucas Ramos				1
2026-01-27	97	Rissia Xavier de Araujo				1
2026-01-27	98	Ricardo Alán Hernández González				1
2026-01-27	101	Ana Laura Acevedo Flores				1
2026-01-27	104	Perla				1
2026-01-27	107	Vicente Martínez Cruz				1
2026-01-27	108	Pablo Bayly Fernández				1
2026-01-27	109	Israel Enrique Rodríguez Hernández				1
2026-01-27	110	Alejandro Reyes Galvez				1
2026-01-27	111	Ramiro Robles Cruz				1
2026-01-27	112	Felipe Pérez Guzmán				1
2026-01-27	113	José Enrique Jasso Facundo				1
2026-01-27	114	Nelson Israel Márquez Carvajal				1
2026-01-28	6	Leonel Cruz Cristobal				2
2026-01-28	25	Héctor Cruz Hernández				1
2026-01-28	48	Luis Ángel García Cruz				1
2026-01-28	55	Juan Manuel Sánchez Lugo				1
2026-01-28	59	Gerardo Isai Lozano Davila				1
2026-01-28	60	Teresa Ramos Rodríguez				1
2026-01-28	62	Gilberto Gibran Solís Carrillo				1
2026-01-28	63	Magaly Estefanía Pérez García				1
2026-01-28	68	Jésus Montalvo Ramirez				1
2026-01-28	75	Mateo Salazar				1
2026-01-28	78	Aldo Jesús Méndez Garza				1
2026-01-28	83	Brandon Contreras Lopez				1
2026-01-28	85	Diego Andrés Clavijo Chaparro				1
2026-01-28	87	Ana Santos				1
2026-01-28	88	Carlos				1
2026-01-28	95	Jaime				1
2026-01-28	96	Juan Pablo Lucas Ramos				1
2026-01-28	97	Rissia Xavier de Araujo				1
2026-01-28	98	Ricardo Alán Hernández González				1
2026-01-28	101	Ana Laura Acevedo Flores				1
2026-01-28	107	Vicente Martínez Cruz				1
2026-01-28	108	Pablo Bayly Fernández				1
2026-01-28	109	Israel Enrique Rodríguez Hernández				1
2026-01-28	110	Alejandro Reyes Galvez				1
2026-01-28	111	Ramiro Robles Cruz				1
2026-01-28	112	Felipe Pérez Guzmán				1
2026-01-28	113	José Enrique Jasso Facundo				1
2026-01-28	114	Nelson Israel Márquez Carvajal				1
2026-01-29	6	Leonel Cruz Cristobal				1
2026-01-29	25	Héctor Cruz Hernández				1
2026-01-29	48	Luis Ángel García Cruz				1
2026-01-29	55	Juan Manuel Sánchez Lugo				1
2026-01-29	60	Teresa Ramos Rodríguez				1
2026-01-29	62	Gilberto Gibran Solís Carrillo				1
2026-01-29	63	Magaly Estefanía Pérez García				1
2026-01-29	68	Jésus Montalvo Ramirez				1
2026-01-29	75	Mateo Salazar				1
2026-01-29	78	Aldo Jesús Méndez Garza				1
2026-01-29	83	Brandon Contreras Lopez				1
2026-01-29	85	Diego Andrés Clavijo Chaparro				1
2026-01-29	88	Carlos				1
2026-01-29	95	Jaime				1
2026-01-29	96	Juan Pablo Lucas Ramos				1
2026-01-29	97	Rissia Xavier de Araujo				1
2026-01-29	98	Ricardo Alán Hernández González				1
2026-01-29	101	Ana Laura Acevedo Flores				1
2026-01-29	104	Perla				1
2026-01-29	107	Vicente Martínez Cruz				1
2026-01-29	108	Pablo Bayly Fernández				1
2026-01-29	110	Alejandro Reyes Galvez				1
2026-01-29	111	Ramiro Robles Cruz				1
2026-01-29	112	Felipe Pérez Guzmán				1
2026-01-29	113	José Enrique Jasso Facundo				1
2026-01-29	114	Nelson Israel Márquez Carvajal				1
2026-01-30	6	Leonel Cruz Cristobal				1
2026-01-30	8	Francisco Montalvo Ramirez				1
2026-01-30	25	Héctor Cruz Hernández				1
2026-01-30	48	Luis Ángel García Cruz				1
2026-01-30	55	Juan Manuel Sánchez Lugo				1
2026-01-30	59	Gerardo Isai Lozano Davila				1
2026-01-30	60	Teresa Ramos Rodríguez				1
2026-01-30	62	Gilberto Gibran Solís Carrillo				1
2026-01-30	63	Magaly Estefanía Pérez García				1
2026-01-30	68	Jésus Montalvo Ramirez				1
2026-01-30	75	Mateo Salazar				1
2026-01-30	78	Aldo Jesús Méndez Garza				1
2026-01-30	83	Brandon Contreras Lopez				1
2026-01-30	85	Diego Andrés Clavijo Chaparro				1
2026-01-30	88	Carlos				1
2026-01-30	95	Jaime				1
2026-01-30	96	Juan Pablo Lucas Ramos				1
2026-01-30	97	Rissia Xavier de Araujo				1
2026-01-30	98	Ricardo Alán Hernández González				1
2026-01-30	101	Ana Laura Acevedo Flores				1
2026-01-30	104	Perla				1
2026-01-30	107	Vicente Martínez Cruz				1
2026-01-30	108	Pablo Bayly Fernández				1
2026-01-30	110	Alejandro Reyes Galvez				1
2026-01-30	111	Ramiro Robles Cruz				1
2026-01-30	112	Felipe Pérez Guzmán				1
2026-01-30	113	José Enrique Jasso Facundo				1
2026-01-30	114	Nelson Israel Márquez Carvajal				1
2026-01-31	87	Ana Santos				1
2026-01-31	88	Carlos				1
2026-01-31	95	Jaime				1
2026-01-31	104	Perla				1
2026-02-01	87	Ana Santos				1
2026-02-01	95	Jaime				1
2026-02-02	88	Carlos				1
2026-02-02	104	Perla				1
2026-02-03	8	Francisco Montalvo Ramirez				1
2026-02-03	25	Héctor Cruz Hernández				1
2026-02-03	48	Luis Ángel García Cruz				1
2026-02-03	55	Juan Manuel Sánchez Lugo				1
2026-02-03	60	Teresa Ramos Rodríguez				1
2026-02-03	62	Gilberto Gibran Solís Carrillo				1
2026-02-03	63	Magaly Estefanía Pérez García				1
2026-02-03	68	Jésus Montalvo Ramirez				1
2026-02-03	78	Aldo Jesús Méndez Garza				1
2026-02-03	85	Diego Andrés Clavijo Chaparro				1
2026-02-03	98	Ricardo Alán Hernández González				1
2026-02-03	101	Ana Laura Acevedo Flores				1
2026-02-03	107	Vicente Martínez Cruz				2
2026-02-03	108	Pablo Bayly Fernández				1
2026-02-03	109	Israel Enrique Rodríguez Hernández				1
2026-02-03	110	Alejandro Reyes Galvez				1
2026-02-03	111	Ramiro Robles Cruz				1
2026-02-03	112	Felipe Pérez Guzmán				1
2026-02-04	6	Leonel Cruz Cristobal				2
2026-02-04	8	Francisco Montalvo Ramirez				1
2026-02-04	25	Héctor Cruz Hernández				1
2026-02-04	55	Juan Manuel Sánchez Lugo				1
2026-02-04	59	Gerardo Isai Lozano Davila				2
2026-02-04	60	Teresa Ramos Rodríguez				1
2026-02-04	62	Gilberto Gibran Solís Carrillo				1
2026-02-04	63	Magaly Estefanía Pérez García				1
2026-02-04	68	Jésus Montalvo Ramirez				1
2026-02-04	75	Mateo Salazar				2
2026-02-04	78	Aldo Jesús Méndez Garza				1
2026-02-04	83	Brandon Contreras Lopez				1
2026-02-04	85	Diego Andrés Clavijo Chaparro				1
2026-02-04	96	Juan Pablo Lucas Ramos				2
2026-02-04	97	Rissia Xavier de Araujo				2
2026-02-04	98	Ricardo Alán Hernández González				1
2026-02-04	101	Ana Laura Acevedo Flores				1
2026-02-04	107	Vicente Martínez Cruz				2
2026-02-04	108	Pablo Bayly Fernández				1
2026-02-04	109	Israel Enrique Rodríguez Hernández				1
2026-02-04	110	Alejandro Reyes Galvez				1
2026-02-04	111	Ramiro Robles Cruz				1
2026-02-04	112	Felipe Pérez Guzmán				1
2026-02-04	113	José Enrique Jasso Facundo				2
2026-02-04	114	Nelson Israel Márquez Carvajal				2
2026-02-05	6	Leonel Cruz Cristobal				1
2026-02-05	25	Héctor Cruz Hernández				1
2026-02-05	55	Juan Manuel Sánchez Lugo				1
2026-02-05	59	Gerardo Isai Lozano Davila				1
2026-02-05	60	Teresa Ramos Rodríguez				1
2026-02-05	62	Gilberto Gibran Solís Carrillo				1
2026-02-05	63	Magaly Estefanía Pérez García				1
2026-02-05	68	Jésus Montalvo Ramirez				1
2026-02-05	75	Mateo Salazar				1
2026-02-05	76	Carlos Eduardo Manzanares				1
2026-02-05	78	Aldo Jesús Méndez Garza				1
2026-02-05	85	Diego Andrés Clavijo Chaparro				1
2026-02-05	96	Juan Pablo Lucas Ramos				1
2026-02-05	97	Rissia Xavier de Araujo				1
2026-02-05	98	Ricardo Alán Hernández González				1
2026-02-05	101	Ana Laura Acevedo Flores				1
2026-02-05	107	Vicente Martínez Cruz				3
2026-02-05	108	Pablo Bayly Fernández				1
2026-02-05	109	Israel Enrique Rodríguez Hernández				1
2026-02-05	110	Alejandro Reyes Galvez				1
2026-02-05	111	Ramiro Robles Cruz				2
2026-02-05	112	Felipe Pérez Guzmán				1
2026-02-05	113	José Enrique Jasso Facundo				1
2026-02-05	114	Nelson Israel Márquez Carvajal				1
2026-02-06	6	Leonel Cruz Cristobal				1
2026-02-06	8	Francisco Montalvo Ramirez				1
2026-02-06	25	Héctor Cruz Hernández				1
2026-02-06	55	Juan Manuel Sánchez Lugo				1
2026-02-06	59	Gerardo Isai Lozano Davila				1
2026-02-06	60	Teresa Ramos Rodríguez				1
2026-02-06	63	Magaly Estefanía Pérez García				1
2026-02-06	68	Jésus Montalvo Ramirez				1
2026-02-06	75	Mateo Salazar				1
2026-02-06	76	Carlos Eduardo Manzanares				1
2026-02-06	78	Aldo Jesús Méndez Garza				1
2026-02-06	83	Brandon Contreras Lopez				1
2026-02-06	85	Diego Andrés Clavijo Chaparro				1
2026-02-06	96	Juan Pablo Lucas Ramos				1
2026-02-06	98	Ricardo Alán Hernández González				1
2026-02-06	101	Ana Laura Acevedo Flores				1
2026-02-06	107	Vicente Martínez Cruz				2
2026-02-06	108	Pablo Bayly Fernández				1
2026-02-06	109	Israel Enrique Rodríguez Hernández				1
2026-02-06	110	Alejandro Reyes Galvez				1
2026-02-06	111	Ramiro Robles Cruz				1
2026-02-06	112	Felipe Pérez Guzmán				1
2026-02-06	113	José Enrique Jasso Facundo				1
2026-02-06	114	Nelson Israel Márquez Carvajal				1
2026-02-07	6	Leonel Cruz Cristobal				1
2026-02-07	79	José Luis Romero Grados				1
2026-02-07	114	Nelson Israel Márquez Carvajal				1
2026-02-08	6	Leonel Cruz Cristobal				2
2026-02-08	79	José Luis Romero Grados				1
2026-02-09	6	Leonel Cruz Cristobal				1
2026-02-09	8	Francisco Montalvo Ramirez				1
2026-02-09	25	Héctor Cruz Hernández				1
2026-02-09	55	Juan Manuel Sánchez Lugo				1
2026-02-09	57	Samuel Ulises Alcántara				1
2026-02-09	60	Teresa Ramos Rodríguez				1
2026-02-09	63	Magaly Estefanía Pérez García				1
2026-02-09	68	Jésus Montalvo Ramirez				1
2026-02-09	75	Mateo Salazar				1
2026-02-09	76	Carlos Eduardo Manzanares				1
2026-02-09	78	Aldo Jesús Méndez Garza				1
2026-02-09	79	José Luis Romero Grados				1
2026-02-09	85	Diego Andrés Clavijo Chaparro				1
2026-02-09	96	Juan Pablo Lucas Ramos				1
2026-02-09	98	Ricardo Alán Hernández González				1
2026-02-09	101	Ana Laura Acevedo Flores				1
2026-02-09	107	Vicente Martínez Cruz				4
2026-02-09	108	Pablo Bayly Fernández				1
2026-02-09	109	Israel Enrique Rodríguez Hernández				1
2026-02-09	110	Alejandro Reyes Galvez				1
2026-02-09	112	Felipe Pérez Guzmán				1
2026-02-09	113	José Enrique Jasso Facundo				1
2026-02-09	114	Nelson Israel Márquez Carvajal				1
2026-02-10	6	Leonel Cruz Cristobal				1
2026-02-10	8	Francisco Montalvo Ramirez				1
2026-02-10	25	Héctor Cruz Hernández				1
2026-02-10	48	Luis Ángel García Cruz				2
2026-02-10	55	Juan Manuel Sánchez Lugo				1
2026-02-10	57	Samuel Ulises Alcántara				1
2026-02-10	59	Gerardo Isai Lozano Davila				1
2026-02-10	60	Teresa Ramos Rodríguez				1
2026-02-10	62	Gilberto Gibran Solís Carrillo				1
2026-02-10	63	Magaly Estefanía Pérez García				1
2026-02-10	68	Jésus Montalvo Ramirez				1
2026-02-10	75	Mateo Salazar				1
2026-02-10	76	Carlos Eduardo Manzanares				1
2026-02-10	78	Aldo Jesús Méndez Garza				1
2026-02-10	79	José Luis Romero Grados				1
2026-02-10	85	Diego Andrés Clavijo Chaparro				1
2026-02-10	96	Juan Pablo Lucas Ramos				1
2026-02-10	97	Rissia Xavier de Araujo				1
2026-02-10	98	Ricardo Alán Hernández González				1
2026-02-10	101	Ana Laura Acevedo Flores				1
2026-02-10	107	Vicente Martínez Cruz				1
2026-02-10	108	Pablo Bayly Fernández				1
2026-02-10	109	Israel Enrique Rodríguez Hernández				1
2026-02-10	110	Alejandro Reyes Galvez				1
2026-02-10	111	Ramiro Robles Cruz				1
2026-02-10	112	Felipe Pérez Guzmán				1
2026-02-10	113	José Enrique Jasso Facundo				1
2026-02-10	114	Nelson Israel Márquez Carvajal				1
2026-02-11	6	Leonel Cruz Cristobal				1
2026-02-11	8	Francisco Montalvo Ramirez				1
2026-02-11	25	Héctor Cruz Hernández				1
2026-02-11	48	Luis Ángel García Cruz				1
2026-02-11	55	Juan Manuel Sánchez Lugo				1
2026-02-11	57	Samuel Ulises Alcántara				1
2026-02-11	59	Gerardo Isai Lozano Davila				1
2026-02-11	60	Teresa Ramos Rodríguez				1
2026-02-11	62	Gilberto Gibran Solís Carrillo				1
2026-02-11	63	Magaly Estefanía Pérez García				1
2026-02-11	68	Jésus Montalvo Ramirez				1
2026-02-11	75	Mateo Salazar				1
2026-02-11	76	Carlos Eduardo Manzanares				1
2026-02-11	78	Aldo Jesús Méndez Garza				1
2026-02-11	79	José Luis Romero Grados				1
2026-02-11	85	Diego Andrés Clavijo Chaparro				1
2026-02-11	96	Juan Pablo Lucas Ramos				1
2026-02-11	97	Rissia Xavier de Araujo				1
2026-02-11	98	Ricardo Alán Hernández González				1
2026-02-11	101	Ana Laura Acevedo Flores				1
2026-02-11	107	Vicente Martínez Cruz				1
2026-02-11	108	Pablo Bayly Fernández				1
2026-02-11	109	Israel Enrique Rodríguez Hernández				1
2026-02-11	110	Alejandro Reyes Galvez				2
2026-02-11	111	Ramiro Robles Cruz				1
2026-02-11	112	Felipe Pérez Guzmán				1
2026-02-11	113	José Enrique Jasso Facundo				1
2026-02-11	114	Nelson Israel Márquez Carvajal				1
2026-02-12	6	Leonel Cruz Cristobal				1
2026-02-12	8	Francisco Montalvo Ramirez				1
2026-02-12	25	Héctor Cruz Hernández				1
2026-02-12	48	Luis Ángel García Cruz				1
2026-02-12	55	Juan Manuel Sánchez Lugo				1
2026-02-12	57	Samuel Ulises Alcántara				1
2026-02-12	60	Teresa Ramos Rodríguez				1
2026-02-12	62	Gilberto Gibran Solís Carrillo				1
2026-02-12	63	Magaly Estefanía Pérez García				1
2026-02-12	68	Jésus Montalvo Ramirez				1
2026-02-12	75	Mateo Salazar				1
2026-02-12	78	Aldo Jesús Méndez Garza				1
2026-02-12	85	Diego Andrés Clavijo Chaparro				1
2026-02-12	96	Juan Pablo Lucas Ramos				1
2026-02-12	97	Rissia Xavier de Araujo				1
2026-02-12	98	Ricardo Alán Hernández González				1
2026-02-12	101	Ana Laura Acevedo Flores				1
2026-02-12	107	Vicente Martínez Cruz				1
2026-02-12	108	Pablo Bayly Fernández				1
2026-02-12	109	Israel Enrique Rodríguez Hernández				1
2026-02-12	110	Alejandro Reyes Galvez				1
2026-02-12	111	Ramiro Robles Cruz				1
2026-02-12	112	Felipe Pérez Guzmán				1
2026-02-12	113	José Enrique Jasso Facundo				1
2026-02-12	114	Nelson Israel Márquez Carvajal				1
2026-02-13	6	Leonel Cruz Cristobal				1
2026-02-13	8	Francisco Montalvo Ramirez				1
2026-02-13	25	Héctor Cruz Hernández				1
2026-02-13	55	Juan Manuel Sánchez Lugo				1
2026-02-13	57	Samuel Ulises Alcántara				1
2026-02-13	59	Gerardo Isai Lozano Davila				1
2026-02-13	60	Teresa Ramos Rodríguez				1
2026-02-13	62	Gilberto Gibran Solís Carrillo				1
2026-02-13	63	Magaly Estefanía Pérez García				1
2026-02-13	68	Jésus Montalvo Ramirez				1
2026-02-13	75	Mateo Salazar				1
2026-02-13	76	Carlos Eduardo Manzanares				2
2026-02-13	78	Aldo Jesús Méndez Garza				1
2026-02-13	79	José Luis Romero Grados				1
2026-02-13	85	Diego Andrés Clavijo Chaparro				1
2026-02-13	96	Juan Pablo Lucas Ramos				1
2026-02-13	97	Rissia Xavier de Araujo				1
2026-02-13	98	Ricardo Alán Hernández González				1
2026-02-13	101	Ana Laura Acevedo Flores				1
2026-02-13	107	Vicente Martínez Cruz				1
2026-02-13	108	Pablo Bayly Fernández				1
2026-02-13	109	Israel Enrique Rodríguez Hernández				1
2026-02-13	110	Alejandro Reyes Galvez				1
2026-02-13	111	Ramiro Robles Cruz				1
2026-02-13	112	Felipe Pérez Guzmán				1
2026-02-13	113	José Enrique Jasso Facundo				1
2026-02-13	114	Nelson Israel Márquez Carvajal				1
2026-02-14	79	José Luis Romero Grados				1
2026-02-16	6	Leonel Cruz Cristobal				1
2026-02-16	8	Francisco Montalvo Ramirez				1
2026-02-16	25	Héctor Cruz Hernández				1
2026-02-16	48	Luis Ángel García Cruz				1
2026-02-16	55	Juan Manuel Sánchez Lugo				1
2026-02-16	59	Gerardo Isai Lozano Davila				1
2026-02-16	60	Teresa Ramos Rodríguez				1
2026-02-16	62	Gilberto Gibran Solís Carrillo				1
2026-02-16	63	Magaly Estefanía Pérez García				1
2026-02-16	68	Jésus Montalvo Ramirez				1
2026-02-16	75	Mateo Salazar				1
2026-02-16	78	Aldo Jesús Méndez Garza				1
2026-02-16	79	José Luis Romero Grados				1
2026-02-16	85	Diego Andrés Clavijo Chaparro				1
2026-02-16	96	Juan Pablo Lucas Ramos				1
2026-02-16	97	Rissia Xavier de Araujo				1
2026-02-16	98	Ricardo Alán Hernández González				1
2026-02-16	101	Ana Laura Acevedo Flores				1
2026-02-16	107	Vicente Martínez Cruz				1
2026-02-16	108	Pablo Bayly Fernández				1
2026-02-16	109	Israel Enrique Rodríguez Hernández				1
2026-02-16	110	Alejandro Reyes Galvez				1
2026-02-16	111	Ramiro Robles Cruz				1
2026-02-16	113	José Enrique Jasso Facundo				1
2026-02-16	114	Nelson Israel Márquez Carvajal				1
2026-02-17	8	Francisco Montalvo Ramirez				1
2026-02-17	25	Héctor Cruz Hernández				1
2026-02-17	48	Luis Ángel García Cruz				1
2026-02-17	55	Juan Manuel Sánchez Lugo				1
2026-02-17	57	Samuel Ulises Alcántara				1
2026-02-17	59	Gerardo Isai Lozano Davila				1
2026-02-17	60	Teresa Ramos Rodríguez				1
2026-02-17	62	Gilberto Gibran Solís Carrillo				1
2026-02-17	63	Magaly Estefanía Pérez García				1
2026-02-17	68	Jésus Montalvo Ramirez				1
2026-02-17	75	Mateo Salazar				1
2026-02-17	76	Carlos Eduardo Manzanares				1
2026-02-17	78	Aldo Jesús Méndez Garza				1
2026-02-17	79	José Luis Romero Grados				1
2026-02-17	85	Diego Andrés Clavijo Chaparro				1
2026-02-17	96	Juan Pablo Lucas Ramos				1
2026-02-17	97	Rissia Xavier de Araujo				1
2026-02-17	98	Ricardo Alán Hernández González				1
2026-02-17	101	Ana Laura Acevedo Flores				1
2026-02-17	107	Vicente Martínez Cruz				1
2026-02-17	108	Pablo Bayly Fernández				1
2026-02-17	110	Alejandro Reyes Galvez				1
2026-02-17	111	Ramiro Robles Cruz				1
2026-02-17	112	Felipe Pérez Guzmán				1
2026-02-17	113	José Enrique Jasso Facundo				1
2026-02-17	114	Nelson Israel Márquez Carvajal				1
2026-02-18	6	Leonel Cruz Cristobal				1
2026-02-18	8	Francisco Montalvo Ramirez				1
2026-02-18	25	Héctor Cruz Hernández				1
2026-02-18	55	Juan Manuel Sánchez Lugo				1
2026-02-18	57	Samuel Ulises Alcántara				1
2026-02-18	59	Gerardo Isai Lozano Davila				1
2026-02-18	62	Gilberto Gibran Solís Carrillo				1
2026-02-18	63	Magaly Estefanía Pérez García				1
2026-02-18	68	Jésus Montalvo Ramirez				1
2026-02-18	75	Mateo Salazar				1
2026-02-18	76	Carlos Eduardo Manzanares				1
2026-02-18	78	Aldo Jesús Méndez Garza				1
2026-02-18	79	José Luis Romero Grados				1
2026-02-18	85	Diego Andrés Clavijo Chaparro				1
2026-02-18	96	Juan Pablo Lucas Ramos				1
2026-02-18	97	Rissia Xavier de Araujo				1
2026-02-18	98	Ricardo Alán Hernández González				1
2026-02-18	101	Ana Laura Acevedo Flores				1
2026-02-18	107	Vicente Martínez Cruz				1
2026-02-18	108	Pablo Bayly Fernández				1
2026-02-18	109	Israel Enrique Rodríguez Hernández				1
2026-02-18	110	Alejandro Reyes Galvez				1
2026-02-18	111	Ramiro Robles Cruz				1
2026-02-18	112	Felipe Pérez Guzmán				1
2026-02-18	113	José Enrique Jasso Facundo				1
2026-02-18	114	Nelson Israel Márquez Carvajal				1
2026-02-19	6	Leonel Cruz Cristobal				1
2026-02-19	8	Francisco Montalvo Ramirez				1
2026-02-19	25	Héctor Cruz Hernández				1
2026-02-19	55	Juan Manuel Sánchez Lugo				1
2026-02-19	57	Samuel Ulises Alcántara				1
2026-02-19	59	Gerardo Isai Lozano Davila				1
2026-02-19	60	Teresa Ramos Rodríguez				1
2026-02-19	62	Gilberto Gibran Solís Carrillo				1
2026-02-19	63	Magaly Estefanía Pérez García				1
2026-02-19	68	Jésus Montalvo Ramirez				1
2026-02-19	75	Mateo Salazar				1
2026-02-19	76	Carlos Eduardo Manzanares				1
2026-02-19	78	Aldo Jesús Méndez Garza				1
2026-02-19	79	José Luis Romero Grados				1
2026-02-19	85	Diego Andrés Clavijo Chaparro				1
2026-02-19	96	Juan Pablo Lucas Ramos				1
2026-02-19	97	Rissia Xavier de Araujo				1
2026-02-19	98	Ricardo Alán Hernández González				1
2026-02-19	101	Ana Laura Acevedo Flores				1
2026-02-19	107	Vicente Martínez Cruz				1
2026-02-19	108	Pablo Bayly Fernández				1
2026-02-19	109	Israel Enrique Rodríguez Hernández				1
2026-02-19	110	Alejandro Reyes Galvez				1
2026-02-19	111	Ramiro Robles Cruz				1
2026-02-19	112	Felipe Pérez Guzmán				1
2026-02-19	113	José Enrique Jasso Facundo				1
2026-02-19	114	Nelson Israel Márquez Carvajal				1
2026-02-20	6	Leonel Cruz Cristobal				1
2026-02-20	8	Francisco Montalvo Ramirez				1
2026-02-20	55	Juan Manuel Sánchez Lugo				1
2026-02-20	57	Samuel Ulises Alcántara				1
2026-02-20	59	Gerardo Isai Lozano Davila				1
2026-02-20	60	Teresa Ramos Rodríguez				1
2026-02-20	62	Gilberto Gibran Solís Carrillo				1
2026-02-20	63	Magaly Estefanía Pérez García				1
2026-02-20	68	Jésus Montalvo Ramirez				1
2026-02-20	75	Mateo Salazar				1
2026-02-20	76	Carlos Eduardo Manzanares				1
2026-02-20	78	Aldo Jesús Méndez Garza				1
2026-02-20	96	Juan Pablo Lucas Ramos				1
2026-02-20	97	Rissia Xavier de Araujo				1
2026-02-20	98	Ricardo Alán Hernández González				1
2026-02-20	101	Ana Laura Acevedo Flores				1
2026-02-20	107	Vicente Martínez Cruz				1
2026-02-20	108	Pablo Bayly Fernández				1
2026-02-20	109	Israel Enrique Rodríguez Hernández				1
2026-02-20	110	Alejandro Reyes Galvez				1
2026-02-20	111	Ramiro Robles Cruz				1
2026-02-20	112	Felipe Pérez Guzmán				1
2026-02-20	113	José Enrique Jasso Facundo				1
2026-02-20	114	Nelson Israel Márquez Carvajal				1
2026-02-23	6	Leonel Cruz Cristobal				1
2026-02-23	8	Francisco Montalvo Ramirez				1
2026-02-23	25	Héctor Cruz Hernández				1
2026-02-23	55	Juan Manuel Sánchez Lugo				1
2026-02-23	59	Gerardo Isai Lozano Davila				1
2026-02-23	60	Teresa Ramos Rodríguez				1
2026-02-23	62	Gilberto Gibran Solís Carrillo				1
2026-02-23	63	Magaly Estefanía Pérez García				1
2026-02-23	68	Jésus Montalvo Ramirez				1
2026-02-23	75	Mateo Salazar				1
2026-02-23	76	Carlos Eduardo Manzanares				1
2026-02-23	78	Aldo Jesús Méndez Garza				1
2026-02-23	79	José Luis Romero Grados				1
2026-02-23	85	Diego Andrés Clavijo Chaparro				1
2026-02-23	96	Juan Pablo Lucas Ramos				1
2026-02-23	97	Rissia Xavier de Araujo				1
2026-02-23	98	Ricardo Alán Hernández González				1
2026-02-23	101	Ana Laura Acevedo Flores				1
2026-02-23	107	Vicente Martínez Cruz				1
2026-02-23	108	Pablo Bayly Fernández				1
2026-02-23	110	Alejandro Reyes Galvez				1
2026-02-23	111	Ramiro Robles Cruz				1
2026-02-23	112	Felipe Pérez Guzmán				1
2026-02-23	113	José Enrique Jasso Facundo				1
2026-02-23	114	Nelson Israel Márquez Carvajal				1
2026-02-24	6	Leonel Cruz Cristobal				1
2026-02-24	25	Héctor Cruz Hernández				1
2026-02-24	32	Jesus Esteban De La Cruz Calderon				4
2026-02-24	55	Juan Manuel Sánchez Lugo				1
2026-02-24	57	Samuel Ulises Alcántara				1
2026-02-24	59	Gerardo Isai Lozano Davila				1
2026-02-24	60	Teresa Ramos Rodríguez				1
2026-02-24	62	Gilberto Gibran Solís Carrillo				1
2026-02-24	63	Magaly Estefanía Pérez García				1
2026-02-24	68	Jésus Montalvo Ramirez				1
2026-02-24	75	Mateo Salazar				1
2026-02-24	76	Carlos Eduardo Manzanares				1
2026-02-24	78	Aldo Jesús Méndez Garza				1
2026-02-24	79	José Luis Romero Grados				1
2026-02-24	85	Diego Andrés Clavijo Chaparro				1
2026-02-24	96	Juan Pablo Lucas Ramos				1
2026-02-24	97	Rissia Xavier de Araujo				1
2026-02-24	98	Ricardo Alán Hernández González				1
2026-02-24	101	Ana Laura Acevedo Flores				1
2026-02-24	107	Vicente Martínez Cruz				1
2026-02-24	108	Pablo Bayly Fernández				1
2026-02-24	109	Israel Enrique Rodríguez Hernández				1
2026-02-24	110	Alejandro Reyes Galvez				1
2026-02-24	111	Ramiro Robles Cruz				1
2026-02-24	112	Felipe Pérez Guzmán				1
2026-02-24	113	José Enrique Jasso Facundo				1
2026-02-25	6	Leonel Cruz Cristobal				1
2026-02-25	8	Francisco Montalvo Ramirez				2
2026-02-25	25	Héctor Cruz Hernández				1
2026-02-25	55	Juan Manuel Sánchez Lugo				1
2026-02-25	57	Samuel Ulises Alcántara				1
2026-02-25	59	Gerardo Isai Lozano Davila				1
2026-02-25	60	Teresa Ramos Rodríguez				1
2026-02-25	62	Gilberto Gibran Solís Carrillo				1
2026-02-25	63	Magaly Estefanía Pérez García				1
2026-02-25	68	Jésus Montalvo Ramirez				1
2026-02-25	75	Mateo Salazar				1
2026-02-25	76	Carlos Eduardo Manzanares				1
2026-02-25	78	Aldo Jesús Méndez Garza				1
2026-02-25	85	Diego Andrés Clavijo Chaparro				1
2026-02-25	98	Ricardo Alán Hernández González				1
2026-02-25	101	Ana Laura Acevedo Flores				1
2026-02-25	107	Vicente Martínez Cruz				1
2026-02-25	108	Pablo Bayly Fernández				1
2026-02-25	109	Israel Enrique Rodríguez Hernández				1
2026-02-25	110	Alejandro Reyes Galvez				1
2026-02-25	111	Ramiro Robles Cruz				1
2026-02-25	112	Felipe Pérez Guzmán				1
2026-02-25	114	Nelson Israel Márquez Carvajal				1
2026-02-26	6	Leonel Cruz Cristobal				1
2026-02-26	8	Francisco Montalvo Ramirez				1
2026-02-26	25	Héctor Cruz Hernández				1
2026-02-26	55	Juan Manuel Sánchez Lugo				1
2026-02-26	57	Samuel Ulises Alcántara				1
2026-02-26	59	Gerardo Isai Lozano Davila				1
2026-02-26	60	Teresa Ramos Rodríguez				1
2026-02-26	62	Gilberto Gibran Solís Carrillo				1
2026-02-26	63	Magaly Estefanía Pérez García				1
2026-02-26	68	Jésus Montalvo Ramirez				1
2026-02-26	75	Mateo Salazar				1
2026-02-26	76	Carlos Eduardo Manzanares				1
2026-02-26	78	Aldo Jesús Méndez Garza				1
2026-02-26	79	José Luis Romero Grados				1
2026-02-26	85	Diego Andrés Clavijo Chaparro				1
2026-02-26	98	Ricardo Alán Hernández González				1
2026-02-26	101	Ana Laura Acevedo Flores				1
2026-02-26	107	Vicente Martínez Cruz				1
2026-02-26	108	Pablo Bayly Fernández				1
2026-02-26	110	Alejandro Reyes Galvez				1
2026-02-26	111	Ramiro Robles Cruz				1
2026-02-26	112	Felipe Pérez Guzmán				1
2026-02-26	114	Nelson Israel Márquez Carvajal				1
2026-02-27	6	Leonel Cruz Cristobal				1
2026-02-27	8	Francisco Montalvo Ramirez				1
2026-02-27	25	Héctor Cruz Hernández				1
2026-02-27	55	Juan Manuel Sánchez Lugo				1
2026-02-27	57	Samuel Ulises Alcántara				1
2026-02-27	59	Gerardo Isai Lozano Davila				1
2026-02-27	60	Teresa Ramos Rodríguez				1
2026-02-27	62	Gilberto Gibran Solís Carrillo				1
2026-02-27	63	Magaly Estefanía Pérez García				1
2026-02-27	68	Jésus Montalvo Ramirez				1
2026-02-27	76	Carlos Eduardo Manzanares				1
2026-02-27	78	Aldo Jesús Méndez Garza				1
2026-02-27	85	Diego Andrés Clavijo Chaparro				1
2026-02-27	98	Ricardo Alán Hernández González				1
2026-02-27	101	Ana Laura Acevedo Flores				1
2026-02-27	107	Vicente Martínez Cruz				1
2026-02-27	108	Pablo Bayly Fernández				1
2026-02-27	109	Israel Enrique Rodríguez Hernández				1
2026-02-27	110	Alejandro Reyes Galvez				1
2026-02-27	111	Ramiro Robles Cruz				1
2026-02-27	112	Felipe Pérez Guzmán				2
2026-02-27	113	José Enrique Jasso Facundo				1
2026-02-27	114	Nelson Israel Márquez Carvajal				1
2026-02-27	116	Mario Armando Ruiz Ramirez				3
2026-02-28	57	Samuel Ulises Alcántara				1
2026-02-28	109	Israel Enrique Rodríguez Hernández				1
2026-02-28	110	Alejandro Reyes Galvez				1
2026-02-28	116	Mario Armando Ruiz Ramirez				1
2026-03-02	6	Leonel Cruz Cristobal				1
2026-03-02	8	Francisco Montalvo Ramirez				1
2026-03-02	25	Héctor Cruz Hernández				1
2026-03-02	55	Juan Manuel Sánchez Lugo				1
2026-03-02	59	Gerardo Isai Lozano Davila				1
2026-03-02	60	Teresa Ramos Rodríguez				1
2026-03-02	62	Gilberto Gibran Solís Carrillo				1
2026-03-02	63	Magaly Estefanía Pérez García				1
2026-03-02	68	Jésus Montalvo Ramirez				1
2026-03-02	76	Carlos Eduardo Manzanares				1
2026-03-02	78	Aldo Jesús Méndez Garza				1
2026-03-02	85	Diego Andrés Clavijo Chaparro				1
2026-03-02	96	Juan Pablo Lucas Ramos				1
2026-03-02	98	Ricardo Alán Hernández González				1
2026-03-02	101	Ana Laura Acevedo Flores				1
2026-03-02	107	Vicente Martínez Cruz				1
2026-03-02	108	Pablo Bayly Fernández				1
2026-03-02	109	Israel Enrique Rodríguez Hernández				1
2026-03-02	110	Alejandro Reyes Galvez				1
2026-03-02	111	Ramiro Robles Cruz				1
2026-03-02	112	Felipe Pérez Guzmán				1
2026-03-02	114	Nelson Israel Márquez Carvajal				1
2026-03-02	116	Mario Armando Ruiz Ramirez				1
2026-03-03	6	Leonel Cruz Cristobal				1
2026-03-03	8	Francisco Montalvo Ramirez				1
2026-03-03	25	Héctor Cruz Hernández				1
2026-03-03	55	Juan Manuel Sánchez Lugo				1
2026-03-03	59	Gerardo Isai Lozano Davila				1
2026-03-03	60	Teresa Ramos Rodríguez				1
2026-03-03	62	Gilberto Gibran Solís Carrillo				1
2026-03-03	63	Magaly Estefanía Pérez García				1
2026-03-03	68	Jésus Montalvo Ramirez				1
2026-03-03	76	Carlos Eduardo Manzanares				1
2026-03-03	78	Aldo Jesús Méndez Garza				1
2026-03-03	85	Diego Andrés Clavijo Chaparro				1
2026-03-03	96	Juan Pablo Lucas Ramos				1
2026-03-03	98	Ricardo Alán Hernández González				1
2026-03-03	101	Ana Laura Acevedo Flores				1
2026-03-03	107	Vicente Martínez Cruz				1
2026-03-03	108	Pablo Bayly Fernández				1
2026-03-03	109	Israel Enrique Rodríguez Hernández				1
2026-03-03	110	Alejandro Reyes Galvez				1
2026-03-03	111	Ramiro Robles Cruz				1
2026-03-03	112	Felipe Pérez Guzmán				1
2026-03-03	114	Nelson Israel Márquez Carvajal				1
2026-03-03	116	Mario Armando Ruiz Ramirez				1
2026-03-04	6	Leonel Cruz Cristobal				1
2026-03-04	8	Francisco Montalvo Ramirez				1
2026-03-04	25	Héctor Cruz Hernández				1
2026-03-04	55	Juan Manuel Sánchez Lugo				1
2026-03-04	59	Gerardo Isai Lozano Davila				1
2026-03-04	60	Teresa Ramos Rodríguez				1
2026-03-04	62	Gilberto Gibran Solís Carrillo				1
2026-03-04	63	Magaly Estefanía Pérez García				1
2026-03-04	68	Jésus Montalvo Ramirez				1
2026-03-04	75	Mateo Salazar				1
2026-03-04	76	Carlos Eduardo Manzanares				1
2026-03-04	78	Aldo Jesús Méndez Garza				1
2026-03-04	79	José Luis Romero Grados				1
2026-03-04	85	Diego Andrés Clavijo Chaparro				1
2026-03-04	98	Ricardo Alán Hernández González				1
2026-03-04	101	Ana Laura Acevedo Flores				1
2026-03-04	107	Vicente Martínez Cruz				1
2026-03-04	108	Pablo Bayly Fernández				1
2026-03-04	109	Israel Enrique Rodríguez Hernández				1
2026-03-04	110	Alejandro Reyes Galvez				1
2026-03-04	111	Ramiro Robles Cruz				1
2026-03-04	112	Felipe Pérez Guzmán				1
2026-03-04	114	Nelson Israel Márquez Carvajal				1
2026-03-04	116	Mario Armando Ruiz Ramirez				1
2026-03-04	120	Norberto Gómez Morales				1
2026-03-04	121	Stephany Ventura Arevalo				1
2026-03-05	6	Leonel Cruz Cristobal				1
2026-03-05	8	Francisco Montalvo Ramirez				1
2026-03-05	25	Héctor Cruz Hernández				1
2026-03-05	55	Juan Manuel Sánchez Lugo				1
2026-03-05	57	Samuel Ulises Alcántara				1
2026-03-05	59	Gerardo Isai Lozano Davila				1
2026-03-05	60	Teresa Ramos Rodríguez				1
2026-03-05	62	Gilberto Gibran Solís Carrillo				1
2026-03-05	63	Magaly Estefanía Pérez García				1
2026-03-05	68	Jésus Montalvo Ramirez				1
2026-03-05	75	Mateo Salazar				1
2026-03-05	76	Carlos Eduardo Manzanares				1
2026-03-05	78	Aldo Jesús Méndez Garza				1
2026-03-05	79	José Luis Romero Grados				1
2026-03-05	85	Diego Andrés Clavijo Chaparro				1
2026-03-05	96	Juan Pablo Lucas Ramos				1
2026-03-05	97	Rissia Xavier de Araujo				1
2026-03-05	98	Ricardo Alán Hernández González				1
2026-03-05	101	Ana Laura Acevedo Flores				1
2026-03-05	107	Vicente Martínez Cruz				1
2026-03-05	108	Pablo Bayly Fernández				1
2026-03-05	110	Alejandro Reyes Galvez				1
2026-03-05	111	Ramiro Robles Cruz				1
2026-03-05	112	Felipe Pérez Guzmán				1
2026-03-05	114	Nelson Israel Márquez Carvajal				1
2026-03-05	116	Mario Armando Ruiz Ramirez				1
2026-03-05	120	Norberto Gómez Morales				1
2026-03-05	121	Stephany Ventura Arevalo				1
2026-03-05	122	Jonathan Missael Carrizales Hernández				2
2026-03-06	6	Leonel Cruz Cristobal				1
2026-03-06	8	Francisco Montalvo Ramirez				1
2026-03-06	25	Héctor Cruz Hernández				1
2026-03-06	55	Juan Manuel Sánchez Lugo				1
2026-03-06	57	Samuel Ulises Alcántara				1
2026-03-06	60	Teresa Ramos Rodríguez				1
2026-03-06	62	Gilberto Gibran Solís Carrillo				1
2026-03-06	63	Magaly Estefanía Pérez García				1
2026-03-06	68	Jésus Montalvo Ramirez				1
2026-03-06	75	Mateo Salazar				1
2026-03-06	76	Carlos Eduardo Manzanares				1
2026-03-06	78	Aldo Jesús Méndez Garza				1
2026-03-06	79	José Luis Romero Grados				1
2026-03-06	85	Diego Andrés Clavijo Chaparro				1
2026-03-06	96	Juan Pablo Lucas Ramos				1
2026-03-06	97	Rissia Xavier de Araujo				1
2026-03-06	101	Ana Laura Acevedo Flores				1
2026-03-06	107	Vicente Martínez Cruz				1
2026-03-06	108	Pablo Bayly Fernández				1
2026-03-06	109	Israel Enrique Rodríguez Hernández				1
2026-03-06	110	Alejandro Reyes Galvez				1
2026-03-06	111	Ramiro Robles Cruz				1
2026-03-06	112	Felipe Pérez Guzmán				1
2026-03-06	114	Nelson Israel Márquez Carvajal				1
2026-03-06	116	Mario Armando Ruiz Ramirez				1
2026-03-06	120	Norberto Gómez Morales				1
2026-03-06	121	Stephany Ventura Arevalo				1
2026-03-06	122	Jonathan Missael Carrizales Hernández				1
2026-03-06	123	Juan Antonio gallegos Méndez				1
2026-03-07	114	Nelson Israel Márquez Carvajal				1
2026-03-08	79	José Luis Romero Grados				1
2026-03-08	120	Norberto Gómez Morales				1
2026-03-08	121	Stephany Ventura Arevalo				1
2026-03-09	8	Francisco Montalvo Ramirez				1
2026-03-09	25	Héctor Cruz Hernández				1
2026-03-09	55	Juan Manuel Sánchez Lugo				1
2026-03-09	57	Samuel Ulises Alcántara				1
2026-03-09	59	Gerardo Isai Lozano Davila				1
2026-03-09	60	Teresa Ramos Rodríguez				1
2026-03-09	62	Gilberto Gibran Solís Carrillo				1
2026-03-09	63	Magaly Estefanía Pérez García				1
2026-03-09	68	Jésus Montalvo Ramirez				1
2026-03-09	75	Mateo Salazar				1
2026-03-09	76	Carlos Eduardo Manzanares				1
2026-03-09	78	Aldo Jesús Méndez Garza				1
2026-03-09	79	José Luis Romero Grados				1
2026-03-09	85	Diego Andrés Clavijo Chaparro				1
2026-03-09	97	Rissia Xavier de Araujo				1
2026-03-09	98	Ricardo Alán Hernández González				1
2026-03-09	107	Vicente Martínez Cruz				1
2026-03-09	108	Pablo Bayly Fernández				1
2026-03-09	109	Israel Enrique Rodríguez Hernández				1
2026-03-09	110	Alejandro Reyes Galvez				1
2026-03-09	114	Nelson Israel Márquez Carvajal				1
2026-03-09	116	Mario Armando Ruiz Ramirez				1
2026-03-09	120	Norberto Gómez Morales				1
2026-03-09	121	Stephany Ventura Arevalo				1
2026-03-09	122	Jonathan Missael Carrizales Hernández				2
2026-03-09	123	Juan Antonio gallegos Méndez				1
2026-03-09	124	Germán Emmanuel Merino Falcón				1
2026-03-10	8	Francisco Montalvo Ramirez				1
2026-03-10	25	Héctor Cruz Hernández				1
2026-03-10	55	Juan Manuel Sánchez Lugo				1
2026-03-10	57	Samuel Ulises Alcántara				1
2026-03-10	59	Gerardo Isai Lozano Davila				1
2026-03-10	60	Teresa Ramos Rodríguez				1
2026-03-10	62	Gilberto Gibran Solís Carrillo				1
2026-03-10	63	Magaly Estefanía Pérez García				1
2026-03-10	68	Jésus Montalvo Ramirez				1
2026-03-10	75	Mateo Salazar				1
2026-03-10	76	Carlos Eduardo Manzanares				1
2026-03-10	78	Aldo Jesús Méndez Garza				1
2026-03-10	79	José Luis Romero Grados				1
2026-03-10	85	Diego Andrés Clavijo Chaparro				1
2026-03-10	97	Rissia Xavier de Araujo				1
2026-03-10	98	Ricardo Alán Hernández González				1
2026-03-10	101	Ana Laura Acevedo Flores				1
2026-03-10	107	Vicente Martínez Cruz				1
2026-03-10	108	Pablo Bayly Fernández				1
2026-03-10	109	Israel Enrique Rodríguez Hernández				1
2026-03-10	110	Alejandro Reyes Galvez				1
2026-03-10	112	Felipe Pérez Guzmán				2
2026-03-10	114	Nelson Israel Márquez Carvajal				1
2026-03-10	116	Mario Armando Ruiz Ramirez				1
2026-03-10	120	Norberto Gómez Morales				1
2026-03-10	121	Stephany Ventura Arevalo				1
2026-03-10	122	Jonathan Missael Carrizales Hernández				1
2026-03-10	123	Juan Antonio gallegos Méndez				1
2026-03-10	124	Germán Emmanuel Merino Falcón				1
2026-03-11	6	Leonel Cruz Cristobal				1
2026-03-11	8	Francisco Montalvo Ramirez				1
2026-03-11	25	Héctor Cruz Hernández				1
2026-03-11	55	Juan Manuel Sánchez Lugo				1
2026-03-11	57	Samuel Ulises Alcántara				1
2026-03-11	59	Gerardo Isai Lozano Davila				1
2026-03-11	60	Teresa Ramos Rodríguez				1
2026-03-11	62	Gilberto Gibran Solís Carrillo				1
2026-03-11	63	Magaly Estefanía Pérez García				1
2026-03-11	68	Jésus Montalvo Ramirez				1
2026-03-11	75	Mateo Salazar				1
2026-03-11	76	Carlos Eduardo Manzanares				1
2026-03-11	78	Aldo Jesús Méndez Garza				1
2026-03-11	79	José Luis Romero Grados				1
2026-03-11	97	Rissia Xavier de Araujo				1
2026-03-11	98	Ricardo Alán Hernández González				1
2026-03-11	101	Ana Laura Acevedo Flores				1
2026-03-11	107	Vicente Martínez Cruz				1
2026-03-11	108	Pablo Bayly Fernández				1
2026-03-11	109	Israel Enrique Rodríguez Hernández				1
2026-03-11	110	Alejandro Reyes Galvez				1
2026-03-11	112	Felipe Pérez Guzmán				1
2026-03-11	114	Nelson Israel Márquez Carvajal				1
2026-03-11	116	Mario Armando Ruiz Ramirez				1
2026-03-11	120	Norberto Gómez Morales				1
2026-03-11	121	Stephany Ventura Arevalo				1
2026-03-11	123	Juan Antonio gallegos Méndez				1
2026-03-11	124	Germán Emmanuel Merino Falcón				1
2026-03-11	125	Edgar Filomeno Lopez Grimaldo				1
2026-03-12	6	Leonel Cruz Cristobal				1
2026-03-12	8	Francisco Montalvo Ramirez				1
2026-03-12	25	Héctor Cruz Hernández				1
2026-03-12	55	Juan Manuel Sánchez Lugo				1
2026-03-12	57	Samuel Ulises Alcántara				1
2026-03-12	59	Gerardo Isai Lozano Davila				1
2026-03-12	60	Teresa Ramos Rodríguez				1
2026-03-12	62	Gilberto Gibran Solís Carrillo				1
2026-03-12	63	Magaly Estefanía Pérez García				1
2026-03-12	68	Jésus Montalvo Ramirez				2
2026-03-12	75	Mateo Salazar				1
2026-03-12	76	Carlos Eduardo Manzanares				1
2026-03-12	78	Aldo Jesús Méndez Garza				1
2026-03-12	85	Diego Andrés Clavijo Chaparro				1
2026-03-12	97	Rissia Xavier de Araujo				1
2026-03-12	98	Ricardo Alán Hernández González				1
2026-03-12	101	Ana Laura Acevedo Flores				1
2026-03-12	107	Vicente Martínez Cruz				1
2026-03-12	108	Pablo Bayly Fernández				1
2026-03-12	114	Nelson Israel Márquez Carvajal				1
2026-03-12	116	Mario Armando Ruiz Ramirez				1
2026-03-12	120	Norberto Gómez Morales				1
2026-03-12	121	Stephany Ventura Arevalo				1
2026-03-12	123	Juan Antonio gallegos Méndez				1
2026-03-12	125	Edgar Filomeno Lopez Grimaldo				1
2026-03-13	6	Leonel Cruz Cristobal				1
2026-03-13	25	Héctor Cruz Hernández				1
2026-03-13	55	Juan Manuel Sánchez Lugo				1
2026-03-13	57	Samuel Ulises Alcántara				1
2026-03-13	59	Gerardo Isai Lozano Davila				1
2026-03-13	60	Teresa Ramos Rodríguez				1
2026-03-13	62	Gilberto Gibran Solís Carrillo				1
2026-03-13	68	Jésus Montalvo Ramirez				1
2026-03-13	75	Mateo Salazar				1
2026-03-13	76	Carlos Eduardo Manzanares				1
2026-03-13	78	Aldo Jesús Méndez Garza				1
2026-03-13	79	José Luis Romero Grados				1
2026-03-13	85	Diego Andrés Clavijo Chaparro				1
2026-03-13	97	Rissia Xavier de Araujo				1
2026-03-13	98	Ricardo Alán Hernández González				1
2026-03-13	101	Ana Laura Acevedo Flores				1
2026-03-13	107	Vicente Martínez Cruz				1
2026-03-13	108	Pablo Bayly Fernández				1
2026-03-13	109	Israel Enrique Rodríguez Hernández				1
2026-03-13	116	Mario Armando Ruiz Ramirez				1
2026-03-13	120	Norberto Gómez Morales				1
2026-03-13	121	Stephany Ventura Arevalo				1
2026-03-13	122	Jonathan Missael Carrizales Hernández				1
2026-03-13	123	Juan Antonio gallegos Méndez				1
2026-03-13	125	Edgar Filomeno Lopez Grimaldo				1
2026-03-13	126	Hilario Mendoza Reyes				1
2026-03-13	127	Cesar Gildardo Gómez Cano				1
2026-03-13	128	Enoc Natanael Maldonado soto				1
2026-03-13	129	Joan de Jesús chontal matacapan				1
2026-03-13	130	Rolando vazquez garcia				1
2026-03-13	131	Tomas Vázquez García				1
2026-03-14	55	Juan Manuel Sánchez Lugo				1
2026-03-14	62	Gilberto Gibran Solís Carrillo				1
2026-03-14	63	Magaly Estefanía Pérez García				1
2026-03-14	75	Mateo Salazar				1
2026-03-14	76	Carlos Eduardo Manzanares				1
2026-03-14	79	José Luis Romero Grados				1
2026-03-14	107	Vicente Martínez Cruz				1
2026-03-14	121	Stephany Ventura Arevalo				1
2026-03-14	123	Juan Antonio gallegos Méndez				1
2026-03-14	126	Hilario Mendoza Reyes				2
2026-03-14	129	Joan de Jesús chontal matacapan				1
2026-03-15	75	Mateo Salazar				1
2026-03-15	79	José Luis Romero Grados				1
2026-03-15	109	Israel Enrique Rodríguez Hernández				1
2026-03-15	116	Mario Armando Ruiz Ramirez				1
2026-03-15	120	Norberto Gómez Morales				1
2026-03-16	55	Juan Manuel Sánchez Lugo				1
2026-03-16	62	Gilberto Gibran Solís Carrillo				1
2026-03-16	75	Mateo Salazar				1
2026-03-16	79	José Luis Romero Grados				1
2026-03-16	98	Ricardo Alán Hernández González				1
2026-03-16	107	Vicente Martínez Cruz				1
2026-03-16	116	Mario Armando Ruiz Ramirez				1
2026-03-16	120	Norberto Gómez Morales				1
2026-03-16	121	Stephany Ventura Arevalo				1
2026-03-16	123	Juan Antonio gallegos Méndez				1
2026-03-17	6	Leonel Cruz Cristobal				1
2026-03-17	25	Héctor Cruz Hernández				1
2026-03-17	55	Juan Manuel Sánchez Lugo				1
2026-03-17	57	Samuel Ulises Alcántara				1
2026-03-17	59	Gerardo Isai Lozano Davila				1
2026-03-17	60	Teresa Ramos Rodríguez				1
2026-03-17	62	Gilberto Gibran Solís Carrillo				1
2026-03-17	63	Magaly Estefanía Pérez García				1
2026-03-17	68	Jésus Montalvo Ramirez				1
2026-03-17	75	Mateo Salazar				1
2026-03-17	78	Aldo Jesús Méndez Garza				1
2026-03-17	79	José Luis Romero Grados				1
2026-03-17	85	Diego Andrés Clavijo Chaparro				1
2026-03-17	97	Rissia Xavier de Araujo				1
2026-03-17	98	Ricardo Alán Hernández González				1
2026-03-17	101	Ana Laura Acevedo Flores				1
2026-03-17	107	Vicente Martínez Cruz				1
2026-03-17	108	Pablo Bayly Fernández				1
2026-03-17	109	Israel Enrique Rodríguez Hernández				1
2026-03-17	111	Ramiro Robles Cruz				1
2026-03-17	120	Norberto Gómez Morales				1
2026-03-17	121	Stephany Ventura Arevalo				1
2026-03-17	123	Juan Antonio gallegos Méndez				1
2026-03-17	125	Edgar Filomeno Lopez Grimaldo				1
2026-03-17	126	Hilario Mendoza Reyes				1
2026-03-18	6	Leonel Cruz Cristobal				1
2026-03-18	25	Héctor Cruz Hernández				1
2026-03-18	55	Juan Manuel Sánchez Lugo				1
2026-03-18	57	Samuel Ulises Alcántara				1
2026-03-18	59	Gerardo Isai Lozano Davila				1
2026-03-18	60	Teresa Ramos Rodríguez				1
2026-03-18	62	Gilberto Gibran Solís Carrillo				1
2026-03-18	63	Magaly Estefanía Pérez García				1
2026-03-18	68	Jésus Montalvo Ramirez				1
2026-03-18	75	Mateo Salazar				1
2026-03-18	78	Aldo Jesús Méndez Garza				1
2026-03-18	79	José Luis Romero Grados				1
2026-03-18	85	Diego Andrés Clavijo Chaparro				1
2026-03-18	97	Rissia Xavier de Araujo				1
2026-03-18	98	Ricardo Alán Hernández González				1
2026-03-18	101	Ana Laura Acevedo Flores				1
2026-03-18	107	Vicente Martínez Cruz				1
2026-03-18	108	Pablo Bayly Fernández				1
2026-03-18	109	Israel Enrique Rodríguez Hernández				1
2026-03-18	112	Felipe Pérez Guzmán				1
2026-03-18	120	Norberto Gómez Morales				1
2026-03-18	121	Stephany Ventura Arevalo				1
2026-03-18	125	Edgar Filomeno Lopez Grimaldo				1
2026-03-18	129	Joan de Jesús chontal matacapan				1
2026-03-19	6	Leonel Cruz Cristobal				1
2026-03-19	25	Héctor Cruz Hernández				1
2026-03-19	55	Juan Manuel Sánchez Lugo				1
2026-03-19	57	Samuel Ulises Alcántara				1
2026-03-19	59	Gerardo Isai Lozano Davila				1
2026-03-19	60	Teresa Ramos Rodríguez				1
2026-03-19	62	Gilberto Gibran Solís Carrillo				1
2026-03-19	63	Magaly Estefanía Pérez García				1
2026-03-19	68	Jésus Montalvo Ramirez				1
2026-03-19	75	Mateo Salazar				1
2026-03-19	78	Aldo Jesús Méndez Garza				1
2026-03-19	79	José Luis Romero Grados				1
2026-03-19	85	Diego Andrés Clavijo Chaparro				1
2026-03-19	97	Rissia Xavier de Araujo				1
2026-03-19	98	Ricardo Alán Hernández González				1
2026-03-19	101	Ana Laura Acevedo Flores				1
2026-03-19	107	Vicente Martínez Cruz				1
2026-03-19	108	Pablo Bayly Fernández				1
2026-03-19	109	Israel Enrique Rodríguez Hernández				1
2026-03-19	112	Felipe Pérez Guzmán				1
2026-03-19	114	Nelson Israel Márquez Carvajal				1
2026-03-19	120	Norberto Gómez Morales				1
2026-03-19	121	Stephany Ventura Arevalo				1
2026-03-19	125	Edgar Filomeno Lopez Grimaldo				1
2026-03-19	129	Joan de Jesús chontal matacapan				1
2026-03-20	6	Leonel Cruz Cristobal				1
2026-03-20	25	Héctor Cruz Hernández				1
2026-03-20	55	Juan Manuel Sánchez Lugo				1
2026-03-20	57	Samuel Ulises Alcántara				1
2026-03-20	59	Gerardo Isai Lozano Davila				1
2026-03-20	60	Teresa Ramos Rodríguez				1
2026-03-20	62	Gilberto Gibran Solís Carrillo				1
2026-03-20	63	Magaly Estefanía Pérez García				1
2026-03-20	68	Jésus Montalvo Ramirez				1
2026-03-20	75	Mateo Salazar				1
2026-03-20	78	Aldo Jesús Méndez Garza				1
2026-03-20	79	José Luis Romero Grados				1
2026-03-20	85	Diego Andrés Clavijo Chaparro				1
2026-03-20	97	Rissia Xavier de Araujo				1
2026-03-20	101	Ana Laura Acevedo Flores				1
2026-03-20	107	Vicente Martínez Cruz				1
2026-03-20	108	Pablo Bayly Fernández				1
2026-03-20	109	Israel Enrique Rodríguez Hernández				1
2026-03-20	112	Felipe Pérez Guzmán				1
2026-03-20	114	Nelson Israel Márquez Carvajal				1
2026-03-20	120	Norberto Gómez Morales				1
2026-03-20	121	Stephany Ventura Arevalo				1
2026-03-20	125	Edgar Filomeno Lopez Grimaldo				1
2026-03-20	129	Joan de Jesús chontal matacapan				1
2026-03-21	6	Leonel Cruz Cristobal				1
2026-03-21	62	Gilberto Gibran Solís Carrillo				1
2026-03-21	75	Mateo Salazar				1
2026-03-21	109	Israel Enrique Rodríguez Hernández				1
2026-03-21	114	Nelson Israel Márquez Carvajal				1
2026-03-21	121	Stephany Ventura Arevalo				1
2026-03-22	68	Jésus Montalvo Ramirez				1
2026-03-22	79	José Luis Romero Grados				1
2026-03-22	120	Norberto Gómez Morales				1
2026-03-22	125	Edgar Filomeno Lopez Grimaldo				1
2026-03-22	129	Joan de Jesús chontal matacapan				1
2026-03-23	6	Leonel Cruz Cristobal				1
2026-03-23	25	Héctor Cruz Hernández				1
2026-03-23	55	Juan Manuel Sánchez Lugo				1
2026-03-23	57	Samuel Ulises Alcántara				1
2026-03-23	59	Gerardo Isai Lozano Davila				1
2026-03-23	60	Teresa Ramos Rodríguez				1
2026-03-23	62	Gilberto Gibran Solís Carrillo				1
2026-03-23	63	Magaly Estefanía Pérez García				1
2026-03-23	68	Jésus Montalvo Ramirez				1
2026-03-23	75	Mateo Salazar				1
2026-03-23	79	José Luis Romero Grados				1
2026-03-23	85	Diego Andrés Clavijo Chaparro				1
2026-03-23	97	Rissia Xavier de Araujo				1
2026-03-23	101	Ana Laura Acevedo Flores				1
2026-03-23	107	Vicente Martínez Cruz				1
2026-03-23	108	Pablo Bayly Fernández				1
2026-03-23	109	Israel Enrique Rodríguez Hernández				1
2026-03-23	112	Felipe Pérez Guzmán				1
2026-03-23	114	Nelson Israel Márquez Carvajal				1
2026-03-23	116	Mario Armando Ruiz Ramirez				1
2026-03-23	120	Norberto Gómez Morales				1
2026-03-23	121	Stephany Ventura Arevalo				1
2026-03-23	125	Edgar Filomeno Lopez Grimaldo				1
2026-03-23	129	Joan de Jesús chontal matacapan				1
2026-03-24	6	Leonel Cruz Cristobal				1
2026-03-24	25	Héctor Cruz Hernández				1
2026-03-24	55	Juan Manuel Sánchez Lugo				1
2026-03-24	57	Samuel Ulises Alcántara				1
2026-03-24	59	Gerardo Isai Lozano Davila				1
2026-03-24	60	Teresa Ramos Rodríguez				1
2026-03-24	62	Gilberto Gibran Solís Carrillo				1
2026-03-24	63	Magaly Estefanía Pérez García				1
2026-03-24	68	Jésus Montalvo Ramirez				1
2026-03-24	75	Mateo Salazar				1
2026-03-24	79	José Luis Romero Grados				1
2026-03-24	85	Diego Andrés Clavijo Chaparro				1
2026-03-24	97	Rissia Xavier de Araujo				1
2026-03-24	101	Ana Laura Acevedo Flores				1
2026-03-24	107	Vicente Martínez Cruz				1
2026-03-24	108	Pablo Bayly Fernández				1
2026-03-24	111	Ramiro Robles Cruz				1
2026-03-24	112	Felipe Pérez Guzmán				1
2026-03-24	114	Nelson Israel Márquez Carvajal				1
2026-03-24	116	Mario Armando Ruiz Ramirez				1
2026-03-24	120	Norberto Gómez Morales				1
2026-03-24	121	Stephany Ventura Arevalo				1
2026-03-24	125	Edgar Filomeno Lopez Grimaldo				1
2026-03-24	129	Joan de Jesús chontal matacapan				1
2026-03-25	6	Leonel Cruz Cristobal				1
2026-03-25	25	Héctor Cruz Hernández				1
2026-03-25	55	Juan Manuel Sánchez Lugo				1
2026-03-25	57	Samuel Ulises Alcántara				2
2026-03-25	59	Gerardo Isai Lozano Davila				1
2026-03-25	60	Teresa Ramos Rodríguez				1
2026-03-25	62	Gilberto Gibran Solís Carrillo				1
2026-03-25	63	Magaly Estefanía Pérez García				1
2026-03-25	68	Jésus Montalvo Ramirez				1
2026-03-25	75	Mateo Salazar				1
2026-03-25	79	José Luis Romero Grados				1
2026-03-25	85	Diego Andrés Clavijo Chaparro				1
2026-03-25	97	Rissia Xavier de Araujo				1
2026-03-25	101	Ana Laura Acevedo Flores				1
2026-03-25	107	Vicente Martínez Cruz				1
2026-03-25	108	Pablo Bayly Fernández				1
2026-03-25	111	Ramiro Robles Cruz				1
2026-03-25	112	Felipe Pérez Guzmán				1
2026-03-25	114	Nelson Israel Márquez Carvajal				1
2026-03-25	116	Mario Armando Ruiz Ramirez				1
2026-03-25	121	Stephany Ventura Arevalo				1
2026-03-25	125	Edgar Filomeno Lopez Grimaldo				1
2026-03-25	129	Joan de Jesús chontal matacapan				1
2026-03-26	25	Héctor Cruz Hernández				1
2026-03-26	55	Juan Manuel Sánchez Lugo				1
2026-03-26	57	Samuel Ulises Alcántara				1
2026-03-26	59	Gerardo Isai Lozano Davila				1
2026-03-26	60	Teresa Ramos Rodríguez				1
2026-03-26	62	Gilberto Gibran Solís Carrillo				1
2026-03-26	63	Magaly Estefanía Pérez García				1
2026-03-26	68	Jésus Montalvo Ramirez				1
2026-03-26	75	Mateo Salazar				1
2026-03-26	78	Aldo Jesús Méndez Garza				1
2026-03-26	85	Diego Andrés Clavijo Chaparro				1
2026-03-26	97	Rissia Xavier de Araujo				1
2026-03-26	101	Ana Laura Acevedo Flores				1
2026-03-26	107	Vicente Martínez Cruz				1
2026-03-26	108	Pablo Bayly Fernández				1
2026-03-26	111	Ramiro Robles Cruz				1
2026-03-26	112	Felipe Pérez Guzmán				1
2026-03-26	120	Norberto Gómez Morales				1
2026-03-26	121	Stephany Ventura Arevalo				1
2026-03-26	125	Edgar Filomeno Lopez Grimaldo				1
2026-03-27	25	Héctor Cruz Hernández				1
2026-03-27	55	Juan Manuel Sánchez Lugo				1
2026-03-27	57	Samuel Ulises Alcántara				1
2026-03-27	59	Gerardo Isai Lozano Davila				1
2026-03-27	60	Teresa Ramos Rodríguez				1
2026-03-27	62	Gilberto Gibran Solís Carrillo				1
2026-03-27	63	Magaly Estefanía Pérez García				1
2026-03-27	68	Jésus Montalvo Ramirez				1
2026-03-27	75	Mateo Salazar				1
2026-03-27	78	Aldo Jesús Méndez Garza				1
2026-03-27	79	José Luis Romero Grados				1
2026-03-27	85	Diego Andrés Clavijo Chaparro				1
2026-03-27	97	Rissia Xavier de Araujo				1
2026-03-27	101	Ana Laura Acevedo Flores				1
2026-03-27	107	Vicente Martínez Cruz				1
2026-03-27	108	Pablo Bayly Fernández				1
2026-03-27	111	Ramiro Robles Cruz				1
2026-03-27	112	Felipe Pérez Guzmán				1
2026-03-27	114	Nelson Israel Márquez Carvajal				2
2026-03-27	120	Norberto Gómez Morales				1
2026-03-27	121	Stephany Ventura Arevalo				1
2026-03-27	129	Joan de Jesús chontal matacapan				1
2026-03-27	132	José Carlos Ortiz romero				1
2026-03-28	6	Leonel Cruz Cristobal				2
2026-03-28	57	Samuel Ulises Alcántara				1
2026-03-28	68	Jésus Montalvo Ramirez				1
2026-03-28	75	Mateo Salazar				1
2026-03-28	111	Ramiro Robles Cruz				1
2026-03-28	114	Nelson Israel Márquez Carvajal				1
2026-03-28	120	Norberto Gómez Morales				1
2026-03-28	121	Stephany Ventura Arevalo				1
2026-03-29	116	Mario Armando Ruiz Ramirez				1
2026-03-30	25	Héctor Cruz Hernández				1
2026-03-30	55	Juan Manuel Sánchez Lugo				1
2026-03-30	57	Samuel Ulises Alcántara				1
2026-03-30	59	Gerardo Isai Lozano Davila				1
2026-03-30	60	Teresa Ramos Rodríguez				1
2026-03-30	62	Gilberto Gibran Solís Carrillo				1
2026-03-30	63	Magaly Estefanía Pérez García				1
2026-03-30	68	Jésus Montalvo Ramirez				1
2026-03-30	75	Mateo Salazar				1
2026-03-30	78	Aldo Jesús Méndez Garza				1
2026-03-30	79	José Luis Romero Grados				1
2026-03-30	85	Diego Andrés Clavijo Chaparro				1
2026-03-30	97	Rissia Xavier de Araujo				1
2026-03-30	101	Ana Laura Acevedo Flores				1
2026-03-30	107	Vicente Martínez Cruz				1
2026-03-30	108	Pablo Bayly Fernández				1
2026-03-30	111	Ramiro Robles Cruz				1
2026-03-30	112	Felipe Pérez Guzmán				1
2026-03-30	120	Norberto Gómez Morales				1
2026-03-30	121	Stephany Ventura Arevalo				1
2026-03-30	129	Joan de Jesús chontal matacapan				1
2026-03-30	132	José Carlos Ortiz romero				1
2026-03-30	133	Brandon Alexander Barrón Balderas				1
2026-03-31	25	Héctor Cruz Hernández				1
2026-03-31	55	Juan Manuel Sánchez Lugo				1
2026-03-31	57	Samuel Ulises Alcántara				1
2026-03-31	59	Gerardo Isai Lozano Davila				1
2026-03-31	60	Teresa Ramos Rodríguez				1
2026-03-31	62	Gilberto Gibran Solís Carrillo				1
2026-03-31	63	Magaly Estefanía Pérez García				1
2026-03-31	68	Jésus Montalvo Ramirez				1
2026-03-31	75	Mateo Salazar				1
2026-03-31	78	Aldo Jesús Méndez Garza				1
2026-03-31	79	José Luis Romero Grados				1
2026-03-31	85	Diego Andrés Clavijo Chaparro				1
2026-03-31	97	Rissia Xavier de Araujo				1
2026-03-31	101	Ana Laura Acevedo Flores				1
2026-03-31	107	Vicente Martínez Cruz				1
2026-03-31	108	Pablo Bayly Fernández				1
2026-03-31	111	Ramiro Robles Cruz				1
2026-03-31	112	Felipe Pérez Guzmán				1
2026-03-31	114	Nelson Israel Márquez Carvajal				1
2026-03-31	120	Norberto Gómez Morales				1
2026-03-31	121	Stephany Ventura Arevalo				1
2026-03-31	129	Joan de Jesús chontal matacapan				1
2026-03-31	132	José Carlos Ortiz romero				1
2026-04-01	25	Héctor Cruz Hernández				1
2026-04-01	55	Juan Manuel Sánchez Lugo				1
2026-04-01	57	Samuel Ulises Alcántara				1
2026-04-01	59	Gerardo Isai Lozano Davila				1
2026-04-01	60	Teresa Ramos Rodríguez				1
2026-04-01	62	Gilberto Gibran Solís Carrillo				1
2026-04-01	63	Magaly Estefanía Pérez García				1
2026-04-01	68	Jésus Montalvo Ramirez				1
2026-04-01	78	Aldo Jesús Méndez Garza				1
2026-04-01	79	José Luis Romero Grados				1
2026-04-01	85	Diego Andrés Clavijo Chaparro				1
2026-04-01	97	Rissia Xavier de Araujo				1
2026-04-01	101	Ana Laura Acevedo Flores				1
2026-04-01	107	Vicente Martínez Cruz				1
2026-04-01	108	Pablo Bayly Fernández				1
2026-04-01	111	Ramiro Robles Cruz				1
2026-04-01	112	Felipe Pérez Guzmán				1
2026-04-01	114	Nelson Israel Márquez Carvajal				1
2026-04-01	120	Norberto Gómez Morales				1
2026-04-01	121	Stephany Ventura Arevalo				1
2026-04-01	129	Joan de Jesús chontal matacapan				1
2026-04-01	132	José Carlos Ortiz romero				1
2026-04-01	133	Brandon Alexander Barrón Balderas				1
2026-04-02	25	Héctor Cruz Hernández				1
2026-04-02	55	Juan Manuel Sánchez Lugo				1
2026-04-02	57	Samuel Ulises Alcántara				1
2026-04-02	59	Gerardo Isai Lozano Davila				1
2026-04-02	62	Gilberto Gibran Solís Carrillo				1
2026-04-02	63	Magaly Estefanía Pérez García				1
2026-04-02	68	Jésus Montalvo Ramirez				1
2026-04-02	76	Carlos Eduardo Manzanares				1
2026-04-02	79	José Luis Romero Grados				1
2026-04-02	97	Rissia Xavier de Araujo				1
2026-04-02	101	Ana Laura Acevedo Flores				1
2026-04-02	107	Vicente Martínez Cruz				1
2026-04-02	111	Ramiro Robles Cruz				1
2026-04-02	112	Felipe Pérez Guzmán				1
2026-04-02	114	Nelson Israel Márquez Carvajal				1
2026-04-02	120	Norberto Gómez Morales				1
2026-04-02	121	Stephany Ventura Arevalo				1
2026-04-02	127	Cesar Gildardo Gómez Cano				1
2026-04-02	128	Enoc Natanael Maldonado soto				1
2026-04-02	129	Joan de Jesús chontal matacapan				1
2026-04-02	130	Rolando vazquez garcia				1
2026-04-02	131	Tomas Vázquez García				1
2026-04-02	132	José Carlos Ortiz romero				1
2026-04-03	25	Héctor Cruz Hernández				1
2026-04-03	55	Juan Manuel Sánchez Lugo				1
2026-04-03	57	Samuel Ulises Alcántara				1
2026-04-03	59	Gerardo Isai Lozano Davila				1
2026-04-03	62	Gilberto Gibran Solís Carrillo				1
2026-04-03	63	Magaly Estefanía Pérez García				1
2026-04-03	68	Jésus Montalvo Ramirez				1
2026-04-03	101	Ana Laura Acevedo Flores				1
2026-04-03	107	Vicente Martínez Cruz				1
2026-04-03	111	Ramiro Robles Cruz				1
2026-04-03	112	Felipe Pérez Guzmán				1
2026-04-03	114	Nelson Israel Márquez Carvajal				1
2026-04-03	120	Norberto Gómez Morales				1
2026-04-03	121	Stephany Ventura Arevalo				1
2026-04-03	133	Brandon Alexander Barrón Balderas				1
2026-04-05	32	Jesus Esteban De La Cruz Calderon				1
2026-04-06	25	Héctor Cruz Hernández				1
2026-04-06	32	Jesus Esteban De La Cruz Calderon				1
2026-04-06	55	Juan Manuel Sánchez Lugo				1
2026-04-06	57	Samuel Ulises Alcántara				1
2026-04-06	59	Gerardo Isai Lozano Davila				2
2026-04-06	60	Teresa Ramos Rodríguez				1
2026-04-06	62	Gilberto Gibran Solís Carrillo				1
2026-04-06	63	Magaly Estefanía Pérez García				1
2026-04-06	68	Jésus Montalvo Ramirez				1
2026-04-06	75	Mateo Salazar				1
2026-04-06	76	Carlos Eduardo Manzanares				1
2026-04-06	78	Aldo Jesús Méndez Garza				1
2026-04-06	79	José Luis Romero Grados				1
2026-04-06	85	Diego Andrés Clavijo Chaparro				1
2026-04-06	97	Rissia Xavier de Araujo				1
2026-04-06	101	Ana Laura Acevedo Flores				1
2026-04-06	107	Vicente Martínez Cruz				1
2026-04-06	108	Pablo Bayly Fernández				1
2026-04-06	111	Ramiro Robles Cruz				1
2026-04-06	114	Nelson Israel Márquez Carvajal				1
2026-04-06	116	Mario Armando Ruiz Ramirez				1
2026-04-06	120	Norberto Gómez Morales				1
2026-04-06	121	Stephany Ventura Arevalo				1
2026-04-06	129	Joan de Jesús chontal matacapan				1
2026-04-06	132	José Carlos Ortiz romero				1
2026-04-07	25	Héctor Cruz Hernández				1
2026-04-07	32	Jesus Esteban De La Cruz Calderon				1
2026-04-07	48	Luis Ángel García Cruz				1
2026-04-07	55	Juan Manuel Sánchez Lugo				1
2026-04-07	57	Samuel Ulises Alcántara				1
2026-04-07	59	Gerardo Isai Lozano Davila				1
2026-04-07	60	Teresa Ramos Rodríguez				1
2026-04-07	62	Gilberto Gibran Solís Carrillo				1
2026-04-07	63	Magaly Estefanía Pérez García				1
2026-04-07	68	Jésus Montalvo Ramirez				1
2026-04-07	75	Mateo Salazar				1
2026-04-07	76	Carlos Eduardo Manzanares				1
2026-04-07	78	Aldo Jesús Méndez Garza				1
2026-04-07	79	José Luis Romero Grados				1
2026-04-07	85	Diego Andrés Clavijo Chaparro				1
2026-04-07	97	Rissia Xavier de Araujo				1
2026-04-07	101	Ana Laura Acevedo Flores				1
2026-04-07	107	Vicente Martínez Cruz				1
2026-04-07	108	Pablo Bayly Fernández				1
2026-04-07	112	Felipe Pérez Guzmán				1
2026-04-07	114	Nelson Israel Márquez Carvajal				1
2026-04-07	116	Mario Armando Ruiz Ramirez				1
2026-04-07	120	Norberto Gómez Morales				1
2026-04-07	121	Stephany Ventura Arevalo				1
2026-04-07	129	Joan de Jesús chontal matacapan				1
2026-04-07	133	Brandon Alexander Barrón Balderas				1
2026-04-07	135	Abraham Said Martínez Leal				1
2026-04-08	25	Héctor Cruz Hernández				1
2026-04-08	32	Jesus Esteban De La Cruz Calderon				1
2026-04-08	48	Luis Ángel García Cruz				1
2026-04-08	55	Juan Manuel Sánchez Lugo				1
2026-04-08	57	Samuel Ulises Alcántara				1
2026-04-08	59	Gerardo Isai Lozano Davila				1
2026-04-08	60	Teresa Ramos Rodríguez				1
2026-04-08	62	Gilberto Gibran Solís Carrillo				1
2026-04-08	63	Magaly Estefanía Pérez García				1
2026-04-08	68	Jésus Montalvo Ramirez				1
2026-04-08	75	Mateo Salazar				1
2026-04-08	76	Carlos Eduardo Manzanares				1
2026-04-08	78	Aldo Jesús Méndez Garza				1
2026-04-08	85	Diego Andrés Clavijo Chaparro				1
2026-04-08	97	Rissia Xavier de Araujo				1
2026-04-08	101	Ana Laura Acevedo Flores				1
2026-04-08	107	Vicente Martínez Cruz				1
2026-04-08	108	Pablo Bayly Fernández				1
2026-04-08	112	Felipe Pérez Guzmán				1
2026-04-08	114	Nelson Israel Márquez Carvajal				1
2026-04-08	116	Mario Armando Ruiz Ramirez				1
2026-04-08	120	Norberto Gómez Morales				1
2026-04-08	121	Stephany Ventura Arevalo				1
2026-04-08	129	Joan de Jesús chontal matacapan				1
2026-04-08	132	José Carlos Ortiz romero				1
2026-04-08	133	Brandon Alexander Barrón Balderas				1
2026-04-08	135	Abraham Said Martínez Leal				1
2026-04-08	137	Hugo Ernesto González Moreno				1
2026-04-09	25	Héctor Cruz Hernández				1
2026-04-09	32	Jesus Esteban De La Cruz Calderon				1
2026-04-09	48	Luis Ángel García Cruz				1
2026-04-09	55	Juan Manuel Sánchez Lugo				1
2026-04-09	57	Samuel Ulises Alcántara				1
2026-04-09	59	Gerardo Isai Lozano Davila				1
2026-04-09	60	Teresa Ramos Rodríguez				1
2026-04-09	62	Gilberto Gibran Solís Carrillo				1
2026-04-09	63	Magaly Estefanía Pérez García				1
2026-04-09	68	Jésus Montalvo Ramirez				1
2026-04-09	75	Mateo Salazar				1
2026-04-09	76	Carlos Eduardo Manzanares				1
2026-04-09	78	Aldo Jesús Méndez Garza				1
2026-04-09	79	José Luis Romero Grados				1
2026-04-09	85	Diego Andrés Clavijo Chaparro				1
2026-04-09	97	Rissia Xavier de Araujo				1
2026-04-09	101	Ana Laura Acevedo Flores				1
2026-04-09	107	Vicente Martínez Cruz				1
2026-04-09	108	Pablo Bayly Fernández				1
2026-04-09	112	Felipe Pérez Guzmán				1
2026-04-09	114	Nelson Israel Márquez Carvajal				1
2026-04-09	116	Mario Armando Ruiz Ramirez				1
2026-04-09	121	Stephany Ventura Arevalo				1
2026-04-09	129	Joan de Jesús chontal matacapan				1
2026-04-09	132	José Carlos Ortiz romero				1
2026-04-09	135	Abraham Said Martínez Leal				1
2026-04-09	137	Hugo Ernesto González Moreno				1
2026-04-10	25	Héctor Cruz Hernández				1
2026-04-10	32	Jesus Esteban De La Cruz Calderon				1
2026-04-10	48	Luis Ángel García Cruz				1
2026-04-10	55	Juan Manuel Sánchez Lugo				1
2026-04-10	57	Samuel Ulises Alcántara				1
2026-04-10	59	Gerardo Isai Lozano Davila				1
2026-04-10	60	Teresa Ramos Rodríguez				1
2026-04-10	62	Gilberto Gibran Solís Carrillo				1
2026-04-10	63	Magaly Estefanía Pérez García				1
2026-04-10	68	Jésus Montalvo Ramirez				1
2026-04-10	75	Mateo Salazar				1
2026-04-10	76	Carlos Eduardo Manzanares				1
2026-04-10	78	Aldo Jesús Méndez Garza				1
2026-04-10	79	José Luis Romero Grados				1
2026-04-10	85	Diego Andrés Clavijo Chaparro				1
2026-04-10	97	Rissia Xavier de Araujo				1
2026-04-10	101	Ana Laura Acevedo Flores				1
2026-04-10	108	Pablo Bayly Fernández				1
2026-04-10	112	Felipe Pérez Guzmán				1
2026-04-10	114	Nelson Israel Márquez Carvajal				1
2026-04-10	116	Mario Armando Ruiz Ramirez				1
2026-04-10	120	Norberto Gómez Morales				1
2026-04-10	121	Stephany Ventura Arevalo				1
2026-04-10	129	Joan de Jesús chontal matacapan				1
2026-04-10	132	José Carlos Ortiz romero				1
2026-04-10	135	Abraham Said Martínez Leal				1
2026-04-10	137	Hugo Ernesto González Moreno				1
2026-04-11	32	Jesus Esteban De La Cruz Calderon				1
2026-04-11	79	José Luis Romero Grados				1
2026-04-11	116	Mario Armando Ruiz Ramirez				1
2026-04-11	120	Norberto Gómez Morales				1
2026-04-11	121	Stephany Ventura Arevalo				1
2026-04-11	132	José Carlos Ortiz romero				1
2026-04-12	32	Jesus Esteban De La Cruz Calderon				1
2026-04-12	79	José Luis Romero Grados				1
2026-04-12	116	Mario Armando Ruiz Ramirez				1
2026-04-12	120	Norberto Gómez Morales				1
2026-04-12	132	José Carlos Ortiz romero				1
2026-04-13	25	Héctor Cruz Hernández				1
2026-04-13	32	Jesus Esteban De La Cruz Calderon				1
2026-04-13	48	Luis Ángel García Cruz				1
2026-04-13	55	Juan Manuel Sánchez Lugo				1
2026-04-13	57	Samuel Ulises Alcántara				1
2026-04-13	59	Gerardo Isai Lozano Davila				1
2026-04-13	60	Teresa Ramos Rodríguez				1
2026-04-13	62	Gilberto Gibran Solís Carrillo				1
2026-04-13	68	Jésus Montalvo Ramirez				1
2026-04-13	75	Mateo Salazar				1
2026-04-13	76	Carlos Eduardo Manzanares				1
2026-04-13	78	Aldo Jesús Méndez Garza				1
2026-04-13	79	José Luis Romero Grados				1
2026-04-13	85	Diego Andrés Clavijo Chaparro				1
2026-04-13	97	Rissia Xavier de Araujo				1
2026-04-13	101	Ana Laura Acevedo Flores				1
2026-04-13	107	Vicente Martínez Cruz				1
2026-04-13	108	Pablo Bayly Fernández				1
2026-04-13	112	Felipe Pérez Guzmán				1
2026-04-13	114	Nelson Israel Márquez Carvajal				1
2026-04-13	116	Mario Armando Ruiz Ramirez				1
2026-04-13	120	Norberto Gómez Morales				1
2026-04-13	121	Stephany Ventura Arevalo				1
2026-04-13	129	Joan de Jesús chontal matacapan				1
2026-04-13	132	José Carlos Ortiz romero				1
2026-04-13	135	Abraham Said Martínez Leal				1
2026-04-13	137	Hugo Ernesto González Moreno				1
2026-04-14	25	Héctor Cruz Hernández				1
2026-04-14	32	Jesus Esteban De La Cruz Calderon				1
2026-04-14	48	Luis Ángel García Cruz				1
2026-04-14	55	Juan Manuel Sánchez Lugo				1
2026-04-14	57	Samuel Ulises Alcántara				1
2026-04-14	59	Gerardo Isai Lozano Davila				1
2026-04-14	60	Teresa Ramos Rodríguez				1
2026-04-14	62	Gilberto Gibran Solís Carrillo				1
2026-04-14	63	Magaly Estefanía Pérez García				1
2026-04-14	68	Jésus Montalvo Ramirez				1
2026-04-14	75	Mateo Salazar				1
2026-04-14	76	Carlos Eduardo Manzanares				1
2026-04-14	78	Aldo Jesús Méndez Garza				1
2026-04-14	79	José Luis Romero Grados				1
2026-04-14	85	Diego Andrés Clavijo Chaparro				1
2026-04-14	97	Rissia Xavier de Araujo				1
2026-04-14	101	Ana Laura Acevedo Flores				1
2026-04-14	107	Vicente Martínez Cruz				1
2026-04-14	108	Pablo Bayly Fernández				1
2026-04-14	112	Felipe Pérez Guzmán				1
2026-04-14	114	Nelson Israel Márquez Carvajal				1
2026-04-14	116	Mario Armando Ruiz Ramirez				1
2026-04-14	120	Norberto Gómez Morales				1
2026-04-14	121	Stephany Ventura Arevalo				1
2026-04-14	129	Joan de Jesús chontal matacapan				1
2026-04-14	132	José Carlos Ortiz romero				1
2026-04-14	135	Abraham Said Martínez Leal				1
2026-04-14	137	Hugo Ernesto González Moreno				1
2026-04-15	25	Héctor Cruz Hernández				1
2026-04-15	32	Jesus Esteban De La Cruz Calderon				2
2026-04-15	48	Luis Ángel García Cruz				1
2026-04-15	55	Juan Manuel Sánchez Lugo				1
2026-04-15	57	Samuel Ulises Alcántara				1
2026-04-15	59	Gerardo Isai Lozano Davila				1
2026-04-15	60	Teresa Ramos Rodríguez				1
2026-04-15	62	Gilberto Gibran Solís Carrillo				1
2026-04-15	63	Magaly Estefanía Pérez García				1
2026-04-15	68	Jésus Montalvo Ramirez				1
2026-04-15	76	Carlos Eduardo Manzanares				1
2026-04-15	78	Aldo Jesús Méndez Garza				1
2026-04-15	79	José Luis Romero Grados				1
2026-04-15	85	Diego Andrés Clavijo Chaparro				1
2026-04-15	97	Rissia Xavier de Araujo				1
2026-04-15	101	Ana Laura Acevedo Flores				1
2026-04-15	107	Vicente Martínez Cruz				1
2026-04-15	108	Pablo Bayly Fernández				1
2026-04-15	112	Felipe Pérez Guzmán				1
2026-04-15	114	Nelson Israel Márquez Carvajal				1
2026-04-15	116	Mario Armando Ruiz Ramirez				1
2026-04-15	120	Norberto Gómez Morales				1
2026-04-15	121	Stephany Ventura Arevalo				1
2026-04-15	129	Joan de Jesús chontal matacapan				1
2026-04-15	132	José Carlos Ortiz romero				1
2026-04-15	135	Abraham Said Martínez Leal				1
2026-04-15	137	Hugo Ernesto González Moreno				1
2026-04-16	25	Héctor Cruz Hernández				1
2026-04-16	32	Jesus Esteban De La Cruz Calderon				6
2026-04-16	48	Luis Ángel García Cruz				1
2026-04-16	55	Juan Manuel Sánchez Lugo				1
2026-04-16	57	Samuel Ulises Alcántara				1
2026-04-16	59	Gerardo Isai Lozano Davila				1
2026-04-16	60	Teresa Ramos Rodríguez				1
2026-04-16	62	Gilberto Gibran Solís Carrillo				1
2026-04-16	63	Magaly Estefanía Pérez García				1
2026-04-16	68	Jésus Montalvo Ramirez				1
2026-04-16	75	Mateo Salazar				1
2026-04-16	76	Carlos Eduardo Manzanares				1
2026-04-16	78	Aldo Jesús Méndez Garza				1
2026-04-16	79	José Luis Romero Grados				1
2026-04-16	85	Diego Andrés Clavijo Chaparro				1
2026-04-16	97	Rissia Xavier de Araujo				1
2026-04-16	101	Ana Laura Acevedo Flores				1
2026-04-16	107	Vicente Martínez Cruz				1
2026-04-16	108	Pablo Bayly Fernández				1
2026-04-16	112	Felipe Pérez Guzmán				1
2026-04-16	114	Nelson Israel Márquez Carvajal				1
2026-04-16	116	Mario Armando Ruiz Ramirez				1
2026-04-16	121	Stephany Ventura Arevalo				1
2026-04-16	129	Joan de Jesús chontal matacapan				1
2026-04-16	132	José Carlos Ortiz romero				1
2026-04-16	135	Abraham Said Martínez Leal				1
2026-04-16	137	Hugo Ernesto González Moreno				1
2026-04-17	25	Héctor Cruz Hernández				1
2026-04-17	32	Jesus Esteban De La Cruz Calderon				4
2026-04-17	48	Luis Ángel García Cruz				1
2026-04-17	55	Juan Manuel Sánchez Lugo				1
2026-04-17	57	Samuel Ulises Alcántara				1
2026-04-17	59	Gerardo Isai Lozano Davila				1
2026-04-17	60	Teresa Ramos Rodríguez				1
2026-04-17	62	Gilberto Gibran Solís Carrillo				1
2026-04-17	63	Magaly Estefanía Pérez García				1
2026-04-17	68	Jésus Montalvo Ramirez				1
2026-04-17	75	Mateo Salazar				1
2026-04-17	76	Carlos Eduardo Manzanares				1
2026-04-17	78	Aldo Jesús Méndez Garza				1
2026-04-17	79	José Luis Romero Grados				1
2026-04-17	85	Diego Andrés Clavijo Chaparro				1
2026-04-17	97	Rissia Xavier de Araujo				1
2026-04-17	101	Ana Laura Acevedo Flores				2
2026-04-17	107	Vicente Martínez Cruz				1
2026-04-17	108	Pablo Bayly Fernández				1
2026-04-17	112	Felipe Pérez Guzmán				1
2026-04-17	114	Nelson Israel Márquez Carvajal				1
2026-04-17	116	Mario Armando Ruiz Ramirez				1
2026-04-17	120	Norberto Gómez Morales				1
2026-04-17	121	Stephany Ventura Arevalo				1
2026-04-17	132	José Carlos Ortiz romero				1
2026-04-17	135	Abraham Said Martínez Leal				1
2026-04-17	137	Hugo Ernesto González Moreno				1
2026-04-17	138	Tomas Arnoldo Loredo Mares				1
2026-04-19	32	Jesus Esteban De La Cruz Calderon				1
2026-04-19	75	Mateo Salazar				1
2026-04-20	25	Héctor Cruz Hernández				1
2026-04-20	32	Jesus Esteban De La Cruz Calderon				1
2026-04-20	48	Luis Ángel García Cruz				1
2026-04-20	55	Juan Manuel Sánchez Lugo				1
2026-04-20	57	Samuel Ulises Alcántara				1
2026-04-20	59	Gerardo Isai Lozano Davila				1
2026-04-20	60	Teresa Ramos Rodríguez				1
2026-04-20	62	Gilberto Gibran Solís Carrillo				1
2026-04-20	63	Magaly Estefanía Pérez García				1
2026-04-20	68	Jésus Montalvo Ramirez				1
2026-04-20	76	Carlos Eduardo Manzanares				1
2026-04-20	78	Aldo Jesús Méndez Garza				1
2026-04-20	85	Diego Andrés Clavijo Chaparro				1
2026-04-20	97	Rissia Xavier de Araujo				1
2026-04-20	101	Ana Laura Acevedo Flores				1
2026-04-20	107	Vicente Martínez Cruz				1
2026-04-20	108	Pablo Bayly Fernández				1
2026-04-20	112	Felipe Pérez Guzmán				1
2026-04-20	114	Nelson Israel Márquez Carvajal				1
2026-04-20	116	Mario Armando Ruiz Ramirez				1
2026-04-20	121	Stephany Ventura Arevalo				1
2026-04-20	130	Rolando vazquez garcia				1
2026-04-20	131	Tomas Vázquez García				1
2026-04-20	132	José Carlos Ortiz romero				1
2026-04-20	135	Abraham Said Martínez Leal				1
2026-04-20	137	Hugo Ernesto González Moreno				1
2026-04-20	138	Tomas Arnoldo Loredo Mares				1
2026-04-21	6	Leonel Cruz Cristobal				1
2026-04-21	8	Francisco Montalvo Ramirez				1
2026-04-21	25	Héctor Cruz Hernández				1
2026-04-21	48	Luis Ángel García Cruz				1
2026-04-21	55	Juan Manuel Sánchez Lugo				1
2026-04-21	57	Samuel Ulises Alcántara				1
2026-04-21	59	Gerardo Isai Lozano Davila				1
2026-04-21	60	Teresa Ramos Rodríguez				1
2026-04-21	62	Gilberto Gibran Solís Carrillo				1
2026-04-21	68	Jésus Montalvo Ramirez				1
2026-04-21	75	Mateo Salazar				1
2026-04-21	76	Carlos Eduardo Manzanares				1
2026-04-21	78	Aldo Jesús Méndez Garza				2
2026-04-21	85	Diego Andrés Clavijo Chaparro				1
2026-04-21	97	Rissia Xavier de Araujo				1
2026-04-21	101	Ana Laura Acevedo Flores				1
2026-04-21	107	Vicente Martínez Cruz				1
2026-04-21	108	Pablo Bayly Fernández				1
2026-04-21	112	Felipe Pérez Guzmán				1
2026-04-21	114	Nelson Israel Márquez Carvajal				1
2026-04-21	116	Mario Armando Ruiz Ramirez				1
2026-04-21	124	Germán Emmanuel Merino Falcón				1
2026-04-21	128	Enoc Natanael Maldonado soto				1
2026-04-21	130	Rolando vazquez garcia				1
2026-04-21	131	Tomas Vázquez García				1
2026-04-21	132	José Carlos Ortiz romero				1
2026-04-21	135	Abraham Said Martínez Leal				1
2026-04-21	137	Hugo Ernesto González Moreno				1
2026-04-21	138	Tomas Arnoldo Loredo Mares				1
2026-04-22	6	Leonel Cruz Cristobal				1
2026-04-22	8	Francisco Montalvo Ramirez				1
2026-04-22	25	Héctor Cruz Hernández				2
2026-04-22	48	Luis Ángel García Cruz				1
2026-04-22	55	Juan Manuel Sánchez Lugo				1
2026-04-22	57	Samuel Ulises Alcántara				1
2026-04-22	59	Gerardo Isai Lozano Davila				2
2026-04-22	60	Teresa Ramos Rodríguez				2
2026-04-22	62	Gilberto Gibran Solís Carrillo				2
2026-04-22	63	Magaly Estefanía Pérez García				2
2026-04-22	68	Jésus Montalvo Ramirez				2
2026-04-22	75	Mateo Salazar				1
2026-04-22	76	Carlos Eduardo Manzanares				1
2026-04-22	78	Aldo Jesús Méndez Garza				2
2026-04-22	85	Diego Andrés Clavijo Chaparro				1
2026-04-22	97	Rissia Xavier de Araujo				2
2026-04-22	98	Ricardo Alán Hernández González				1
2026-04-22	101	Ana Laura Acevedo Flores				2
2026-04-22	107	Vicente Martínez Cruz				2
2026-04-22	108	Pablo Bayly Fernández				1
2026-04-22	110	Alejandro Reyes Galvez				1
2026-04-22	112	Felipe Pérez Guzmán				1
2026-04-22	114	Nelson Israel Márquez Carvajal				1
2026-04-22	116	Mario Armando Ruiz Ramirez				1
2026-04-22	121	Stephany Ventura Arevalo				2
2026-04-22	124	Germán Emmanuel Merino Falcón				1
2026-04-22	127	Cesar Gildardo Gómez Cano				1
2026-04-22	128	Enoc Natanael Maldonado soto				1
2026-04-22	130	Rolando vazquez garcia				1
2026-04-22	131	Tomas Vázquez García				1
2026-04-22	132	José Carlos Ortiz romero				1
2026-04-22	135	Abraham Said Martínez Leal				2
2026-04-22	138	Tomas Arnoldo Loredo Mares				1
2026-04-23	6	Leonel Cruz Cristobal				1
2026-04-23	8	Francisco Montalvo Ramirez	2302	SO11547	TOPO_CHICO	1
2026-04-23	25	Héctor Cruz Hernández				1
2026-04-23	32	Jesus Esteban De La Cruz Calderon	160	SO10300	MAGNEKON	1
2026-04-23	48	Luis Ángel García Cruz	160	SO10300	MAGNEKON	1
2026-04-23	55	Juan Manuel Sánchez Lugo				1
2026-04-23	57	Samuel Ulises Alcántara	121	SO9428	VERTIV	1
2026-04-23	59	Gerardo Isai Lozano Davila	160	SO10300	MAGNEKON	1
2026-04-23	60	Teresa Ramos Rodríguez	121	SO9428	VERTIV	1
2026-04-23	62	Gilberto Gibran Solís Carrillo	160	SO10300	MAGNEKON	1
2026-04-23	63	Magaly Estefanía Pérez García	160	SO10300	MAGNEKON	1
2026-04-23	68	Jésus Montalvo Ramirez	2302	SO11547	TOPO_CHICO	1
2026-04-23	75	Mateo Salazar	2302	SO11547	TOPO_CHICO	1
2026-04-23	76	Carlos Eduardo Manzanares				1
2026-04-23	78	Aldo Jesús Méndez Garza	212	SO10337	BRIDGESTONE	1
2026-04-23	85	Diego Andrés Clavijo Chaparro	160	SO10300	MAGNEKON	1
2026-04-23	97	Rissia Xavier de Araujo	160	SO10300	MAGNEKON	1
2026-04-23	98	Ricardo Alán Hernández González				1
2026-04-23	101	Ana Laura Acevedo Flores				1
2026-04-23	107	Vicente Martínez Cruz				1
2026-04-23	108	Pablo Bayly Fernández	155	SO10344	BUDENHEIM	1
2026-04-23	110	Alejandro Reyes Galvez				1
2026-04-23	112	Felipe Pérez Guzmán	2302	SO11547	TOPO_CHICO	1
2026-04-23	116	Mario Armando Ruiz Ramirez	121	SO9428	VERTIV	1
2026-04-23	121	Stephany Ventura Arevalo				1
2026-04-23	124	Germán Emmanuel Merino Falcón	2302	SO11547	TOPO_CHICO	1
2026-04-23	127	Cesar Gildardo Gómez Cano				1
2026-04-23	128	Enoc Natanael Maldonado soto	121	SO9428	VERTIV	1
2026-04-23	130	Rolando vazquez garcia	2302	SO11547	TOPO_CHICO	1
2026-04-23	131	Tomas Vázquez García	2302	SO11547	TOPO_CHICO	1
2026-04-23	132	José Carlos Ortiz romero				1
2026-04-23	135	Abraham Said Martínez Leal	160	SO10300	MAGNEKON	1
2026-04-23	137	Hugo Ernesto González Moreno				1
2026-04-23	138	Tomas Arnoldo Loredo Mares				1
2026-04-24	6	Leonel Cruz Cristobal	2302	SO11547	TOPO_CHICO	1
2026-04-24	8	Francisco Montalvo Ramirez	2302	SO11547	TOPO_CHICO	1
2026-04-24	25	Héctor Cruz Hernández	2302	SO11547	TOPO_CHICO	1
2026-04-24	48	Luis Ángel García Cruz	160	SO10300	MAGNEKON	1
2026-04-24	55	Juan Manuel Sánchez Lugo	2302	SO11547	TOPO_CHICO	1
2026-04-24	57	Samuel Ulises Alcántara	121	SO9428	VERTIV	1
2026-04-24	59	Gerardo Isai Lozano Davila	160	SO10300	MAGNEKON	1
2026-04-24	60	Teresa Ramos Rodríguez	212	SO10337	BRIDGESTONE	1
2026-04-24	62	Gilberto Gibran Solís Carrillo	160	SO10300	MAGNEKON	1
2026-04-24	63	Magaly Estefanía Pérez García	160	SO10300	MAGNEKON	1
2026-04-24	68	Jésus Montalvo Ramirez	2302	SO11547	TOPO_CHICO	1
2026-04-24	75	Mateo Salazar	2302	SO11547	TOPO_CHICO	1
2026-04-24	76	Carlos Eduardo Manzanares				1
2026-04-24	78	Aldo Jesús Méndez Garza	212	SO10337	BRIDGESTONE	1
2026-04-24	85	Diego Andrés Clavijo Chaparro	160	SO10300	MAGNEKON	1
2026-04-24	97	Rissia Xavier de Araujo	160	SO10300	MAGNEKON	1
2026-04-24	98	Ricardo Alán Hernández González	2302	SO11547	TOPO_CHICO	1
2026-04-24	101	Ana Laura Acevedo Flores	160	SO10300	MAGNEKON	1
2026-04-24	107	Vicente Martínez Cruz	2302	SO11547	TOPO_CHICO	1
2026-04-24	108	Pablo Bayly Fernández	160	SO10300	MAGNEKON	1
2026-04-24	112	Felipe Pérez Guzmán	2302	SO11547	TOPO_CHICO	1
2026-04-24	114	Nelson Israel Márquez Carvajal	121	SO9428	VERTIV	1
2026-04-24	116	Mario Armando Ruiz Ramirez	121	SO9428	VERTIV	1
2026-04-24	121	Stephany Ventura Arevalo				1
2026-04-24	124	Germán Emmanuel Merino Falcón	2302	SO11547	TOPO_CHICO	1
2026-04-24	127	Cesar Gildardo Gómez Cano	2302	SO11547	TOPO_CHICO	1
2026-04-24	128	Enoc Natanael Maldonado soto	121	SO9428	VERTIV	1
2026-04-24	130	Rolando vazquez garcia	2302	SO11547	TOPO_CHICO	1
2026-04-24	131	Tomas Vázquez García	2302	SO11547	TOPO_CHICO	1
2026-04-24	132	José Carlos Ortiz romero	2302	SO11547	TOPO_CHICO	1
2026-04-24	135	Abraham Said Martínez Leal	160	SO10300	MAGNEKON	1
2026-04-24	137	Hugo Ernesto González Moreno				1
2026-04-24	138	Tomas Arnoldo Loredo Mares				1
2026-04-25	75	Mateo Salazar	2302	SO11547	TOPO_CHICO	1
2026-04-25	112	Felipe Pérez Guzmán				1
2026-04-25	124	Germán Emmanuel Merino Falcón				1
2026-04-25	127	Cesar Gildardo Gómez Cano	2302	SO11547	TOPO_CHICO	1
2026-04-25	128	Enoc Natanael Maldonado soto	2302	SO11547	TOPO_CHICO	1
2026-04-25	130	Rolando vazquez garcia	2302	SO11547	TOPO_CHICO	1
2026-04-25	131	Tomas Vázquez García	2302	SO11547	TOPO_CHICO	1
2026-04-26	6	Leonel Cruz Cristobal				1
2026-04-26	79	José Luis Romero Grados				1
2026-04-26	124	Germán Emmanuel Merino Falcón	2302	SO11547	TOPO_CHICO	1
2026-04-26	132	José Carlos Ortiz romero				1
2026-04-27	6	Leonel Cruz Cristobal	2302	SO11547	TOPO_CHICO	1
2026-04-27	8	Francisco Montalvo Ramirez	2302	SO11547	TOPO_CHICO	1
2026-04-27	25	Héctor Cruz Hernández	2302	SO11547	TOPO_CHICO	1
2026-04-27	48	Luis Ángel García Cruz	160	SO10300	MAGNEKON	1
2026-04-27	55	Juan Manuel Sánchez Lugo	2302	SO11547	TOPO_CHICO	1
2026-04-27	57	Samuel Ulises Alcántara	121	SO9428	VERTIV	1
2026-04-27	59	Gerardo Isai Lozano Davila	160	SO10300	MAGNEKON	1
2026-04-27	60	Teresa Ramos Rodríguez	212	SO10337	BRIDGESTONE	1
2026-04-27	62	Gilberto Gibran Solís Carrillo				1
2026-04-27	63	Magaly Estefanía Pérez García	160	SO10300	MAGNEKON	1
2026-04-27	68	Jésus Montalvo Ramirez	2302	SO11547	TOPO_CHICO	1
2026-04-27	75	Mateo Salazar	2302	SO11547	TOPO_CHICO	1
2026-04-27	76	Carlos Eduardo Manzanares	121	SO9428	VERTIV	1
2026-04-27	78	Aldo Jesús Méndez Garza	160	SO10300	MAGNEKON	1
2026-04-27	79	José Luis Romero Grados	2302	SO11547	TOPO_CHICO	1
2026-04-27	85	Diego Andrés Clavijo Chaparro	160	SO10300	MAGNEKON	1
2026-04-27	97	Rissia Xavier de Araujo	160	SO10300	MAGNEKON	1
2026-04-27	101	Ana Laura Acevedo Flores	160	SO10300	MAGNEKON	1
2026-04-27	107	Vicente Martínez Cruz	2302	SO11547	TOPO_CHICO	1
2026-04-27	110	Alejandro Reyes Galvez	2302	SO11547	TOPO_CHICO	1
2026-04-27	112	Felipe Pérez Guzmán	2302	SO11547	TOPO_CHICO	1
2026-04-27	114	Nelson Israel Márquez Carvajal	121	SO9428	VERTIV	1
2026-04-27	116	Mario Armando Ruiz Ramirez	121	SO9428	VERTIV	1
2026-04-27	121	Stephany Ventura Arevalo	2302	SO11547	TOPO_CHICO	1
2026-04-27	124	Germán Emmanuel Merino Falcón	2302	SO11547	TOPO_CHICO	1
2026-04-27	127	Cesar Gildardo Gómez Cano	2302	SO11547	TOPO_CHICO	1
2026-04-27	128	Enoc Natanael Maldonado soto	121	SO9428	VERTIV	1
2026-04-27	130	Rolando vazquez garcia	2302	SO11547	TOPO_CHICO	1
2026-04-27	131	Tomas Vázquez García	2302	SO11547	TOPO_CHICO	1
2026-04-27	132	José Carlos Ortiz romero	2302	SO11547	TOPO_CHICO	1
2026-04-27	135	Abraham Said Martínez Leal	160	SO10300	MAGNEKON	1
2026-04-27	137	Hugo Ernesto González Moreno	121	SO9428	VERTIV	1
2026-04-27	138	Tomas Arnoldo Loredo Mares	2302	SO11547	TOPO_CHICO	1
2026-04-28	6	Leonel Cruz Cristobal	2302	SO11547	TOPO_CHICO	1
2026-04-28	8	Francisco Montalvo Ramirez	2302	SO11547	TOPO_CHICO	1
2026-04-28	25	Héctor Cruz Hernández	2302	SO11547	TOPO_CHICO	1
2026-04-28	48	Luis Ángel García Cruz	160	SO10300	MAGNEKON	1
2026-04-28	55	Juan Manuel Sánchez Lugo	2302	SO11547	TOPO_CHICO	1
2026-04-28	57	Samuel Ulises Alcántara	121	SO9428	VERTIV	1
2026-04-28	59	Gerardo Isai Lozano Davila	160	SO10300	MAGNEKON	1
2026-04-28	60	Teresa Ramos Rodríguez	160	SO10300	MAGNEKON	1
2026-04-28	62	Gilberto Gibran Solís Carrillo	160	SO10300	MAGNEKON	1
2026-04-28	63	Magaly Estefanía Pérez García	160	SO10300	MAGNEKON	1
2026-04-28	68	Jésus Montalvo Ramirez	2302	SO11547	TOPO_CHICO	1
2026-04-28	75	Mateo Salazar	2302	SO11547	TOPO_CHICO	1
2026-04-28	76	Carlos Eduardo Manzanares	121	SO9428	VERTIV	1
2026-04-28	78	Aldo Jesús Méndez Garza	2297	SO11526	USA	1
2026-04-28	79	José Luis Romero Grados	2302	SO11547	TOPO_CHICO	1
2026-04-28	85	Diego Andrés Clavijo Chaparro	160	SO10300	MAGNEKON	1
2026-04-28	101	Ana Laura Acevedo Flores	160	SO10300	MAGNEKON	1
2026-04-28	107	Vicente Martínez Cruz	2302	SO11547	TOPO_CHICO	1
2026-04-28	108	Pablo Bayly Fernández	160	SO10300	MAGNEKON	1
2026-04-28	110	Alejandro Reyes Galvez	2302	SO11547	TOPO_CHICO	1
2026-04-28	112	Felipe Pérez Guzmán	2302	SO11547	TOPO_CHICO	1
2026-04-28	114	Nelson Israel Márquez Carvajal	121	SO9428	VERTIV	1
2026-04-28	116	Mario Armando Ruiz Ramirez				1
2026-04-28	121	Stephany Ventura Arevalo	2302	SO11547	TOPO_CHICO	1
2026-04-28	124	Germán Emmanuel Merino Falcón	2302	SO11547	TOPO_CHICO	1
2026-04-28	127	Cesar Gildardo Gómez Cano	2302	SO11547	TOPO_CHICO	1
2026-04-28	128	Enoc Natanael Maldonado soto	121	SO9428	VERTIV	1
2026-04-28	130	Rolando vazquez garcia	2302	SO11547	TOPO_CHICO	1
2026-04-28	131	Tomas Vázquez García	2302	SO11547	TOPO_CHICO	1
2026-04-28	132	José Carlos Ortiz romero	2302	SO11547	TOPO_CHICO	1
2026-04-28	135	Abraham Said Martínez Leal	160	SO10300	MAGNEKON	1
2026-04-28	137	Hugo Ernesto González Moreno	121	SO9428	VERTIV	1
2026-04-28	138	Tomas Arnoldo Loredo Mares	2302	SO11547	TOPO_CHICO	1
2026-04-29	6	Leonel Cruz Cristobal	2302	SO11547	TOPO_CHICO	1
2026-04-29	8	Francisco Montalvo Ramirez	2302	SO11547	TOPO_CHICO	1
2026-04-29	25	Héctor Cruz Hernández	2302	SO11547	TOPO_CHICO	1
2026-04-29	48	Luis Ángel García Cruz	160	SO10300	MAGNEKON	1
2026-04-29	55	Juan Manuel Sánchez Lugo	2302	SO11547	TOPO_CHICO	1
2026-04-29	57	Samuel Ulises Alcántara	121	SO9428	VERTIV	1
2026-04-29	59	Gerardo Isai Lozano Davila	160	SO10300	MAGNEKON	1
2026-04-29	60	Teresa Ramos Rodríguez	160	SO10300	MAGNEKON	1
2026-04-29	62	Gilberto Gibran Solís Carrillo	160	SO10300	MAGNEKON	1
2026-04-29	63	Magaly Estefanía Pérez García	160	SO10300	MAGNEKON	1
2026-04-29	68	Jésus Montalvo Ramirez	2302	SO11547	TOPO_CHICO	1
2026-04-29	75	Mateo Salazar	2302	SO11547	TOPO_CHICO	1
2026-04-29	76	Carlos Eduardo Manzanares	121	SO9428	VERTIV	1
2026-04-29	78	Aldo Jesús Méndez Garza	2302	SO11547	TOPO_CHICO	1
2026-04-29	79	José Luis Romero Grados	155	SO10344	BUDENHEIM	1
2026-04-29	85	Diego Andrés Clavijo Chaparro	160	SO10300	MAGNEKON	1
2026-04-29	97	Rissia Xavier de Araujo	2302	SO11547	TOPO_CHICO	1
2026-04-29	101	Ana Laura Acevedo Flores	160	SO10300	MAGNEKON	1
2026-04-29	107	Vicente Martínez Cruz	2302	SO11547	TOPO_CHICO	1
2026-04-29	108	Pablo Bayly Fernández	155	SO10344	BUDENHEIM	1
2026-04-29	110	Alejandro Reyes Galvez	155	SO10344	BUDENHEIM	1
2026-04-29	112	Felipe Pérez Guzmán	2302	SO11547	TOPO_CHICO	1
2026-04-29	114	Nelson Israel Márquez Carvajal				1
2026-04-29	116	Mario Armando Ruiz Ramirez	121	SO9428	VERTIV	1
2026-04-29	121	Stephany Ventura Arevalo	2302	SO11547	TOPO_CHICO	1
2026-04-29	124	Germán Emmanuel Merino Falcón	2302	SO11547	TOPO_CHICO	1
2026-04-29	127	Cesar Gildardo Gómez Cano	2302	SO11547	TOPO_CHICO	1
2026-04-29	128	Enoc Natanael Maldonado soto	121	SO9428	VERTIV	1
2026-04-29	130	Rolando vazquez garcia	2302	SO11547	TOPO_CHICO	1
2026-04-29	131	Tomas Vázquez García	2302	SO11547	TOPO_CHICO	1
2026-04-29	132	José Carlos Ortiz romero	2302	SO11547	TOPO_CHICO	1
2026-04-29	135	Abraham Said Martínez Leal	160	SO10300	MAGNEKON	1
2026-04-29	137	Hugo Ernesto González Moreno	121	SO9428	VERTIV	1
2026-04-29	138	Tomas Arnoldo Loredo Mares	2302	SO11547	TOPO_CHICO	1
2026-04-30	6	Leonel Cruz Cristobal	2302	SO11547	TOPO_CHICO	1
2026-04-30	8	Francisco Montalvo Ramirez	2302	SO11547	TOPO_CHICO	1
2026-04-30	25	Héctor Cruz Hernández	2302	SO11547	TOPO_CHICO	1
2026-04-30	48	Luis Ángel García Cruz	160	SO10300	MAGNEKON	1
2026-04-30	55	Juan Manuel Sánchez Lugo	2302	SO11547	TOPO_CHICO	1
2026-04-30	57	Samuel Ulises Alcántara	121	SO9428	VERTIV	1
2026-04-30	59	Gerardo Isai Lozano Davila	160	SO10300	MAGNEKON	1
2026-04-30	60	Teresa Ramos Rodríguez	160	SO10300	MAGNEKON	1
2026-04-30	62	Gilberto Gibran Solís Carrillo	155	SO10344	BUDENHEIM	1
2026-04-30	63	Magaly Estefanía Pérez García	160	SO10300	MAGNEKON	1
2026-04-30	68	Jésus Montalvo Ramirez	2302	SO11547	TOPO_CHICO	1
2026-04-30	75	Mateo Salazar	2302	SO11547	TOPO_CHICO	1
2026-04-30	76	Carlos Eduardo Manzanares	121	SO9428	VERTIV	1
2026-04-30	78	Aldo Jesús Méndez Garza	160	SO10300	MAGNEKON	1
2026-04-30	79	José Luis Romero Grados	155	SO10344	BUDENHEIM	1
2026-04-30	85	Diego Andrés Clavijo Chaparro	160	SO10300	MAGNEKON	1
2026-04-30	97	Rissia Xavier de Araujo	160	SO10300	MAGNEKON	1
2026-04-30	98	Ricardo Alán Hernández González				1
2026-04-30	101	Ana Laura Acevedo Flores	160	SO10300	MAGNEKON	1
2026-04-30	107	Vicente Martínez Cruz	2302	SO11547	TOPO_CHICO	1
2026-04-30	108	Pablo Bayly Fernández	160	SO10300	MAGNEKON	1
2026-04-30	110	Alejandro Reyes Galvez	155	SO10344	BUDENHEIM	1
2026-04-30	112	Felipe Pérez Guzmán				1
2026-04-30	116	Mario Armando Ruiz Ramirez	121	SO9428	VERTIV	1
2026-04-30	121	Stephany Ventura Arevalo	2302	SO11547	TOPO_CHICO	1
2026-04-30	124	Germán Emmanuel Merino Falcón	2302	SO11547	TOPO_CHICO	1
2026-04-30	127	Cesar Gildardo Gómez Cano	2302	SO11547	TOPO_CHICO	1
2026-04-30	128	Enoc Natanael Maldonado soto	121	SO9428	VERTIV	1
2026-04-30	130	Rolando vazquez garcia	2302	SO11547	TOPO_CHICO	1
2026-04-30	131	Tomas Vázquez García	2302	SO11547	TOPO_CHICO	1
2026-04-30	132	José Carlos Ortiz romero	2302	SO11547	TOPO_CHICO	1
2026-04-30	135	Abraham Said Martínez Leal	160	SO10300	MAGNEKON	1
2026-04-30	137	Hugo Ernesto González Moreno				1
2026-04-30	138	Tomas Arnoldo Loredo Mares	2302	SO11547	TOPO_CHICO	1
2026-05-01	6	Leonel Cruz Cristobal	2302	SO11547	TOPO_CHICO	1
2026-05-01	25	Héctor Cruz Hernández	2302	SO11547	TOPO_CHICO	1
2026-05-01	68	Jésus Montalvo Ramirez	2302	SO11547	TOPO_CHICO	1
2026-05-01	75	Mateo Salazar	2302	SO11547	TOPO_CHICO	1
2026-05-01	76	Carlos Eduardo Manzanares	2302	SO11547	TOPO_CHICO	1
2026-05-01	79	José Luis Romero Grados	2327	SO11511	BEBIDAS_PURIFICADAS	1
2026-05-01	112	Felipe Pérez Guzmán	2302	SO11547	TOPO_CHICO	1
2026-05-01	121	Stephany Ventura Arevalo	2302	SO11547	TOPO_CHICO	1
2026-05-01	127	Cesar Gildardo Gómez Cano	2302	SO11547	TOPO_CHICO	1
2026-05-01	132	José Carlos Ortiz romero	2302	SO11547	TOPO_CHICO	1
2026-05-01	137	Hugo Ernesto González Moreno	2327	SO11511	BEBIDAS_PURIFICADAS	1
2026-05-01	138	Tomas Arnoldo Loredo Mares	2302	SO11547	TOPO_CHICO	1
2026-05-02	6	Leonel Cruz Cristobal	2302	SO11547	TOPO_CHICO	1
2026-05-02	25	Héctor Cruz Hernández	2302	SO11547	TOPO_CHICO	1
2026-05-02	68	Jésus Montalvo Ramirez	2302	SO11547	TOPO_CHICO	1
2026-05-02	75	Mateo Salazar	2302	SO11547	TOPO_CHICO	1
2026-05-02	76	Carlos Eduardo Manzanares	2302	SO11547	TOPO_CHICO	1
2026-05-02	79	José Luis Romero Grados	2302	SO11547	TOPO_CHICO	1
2026-05-02	112	Felipe Pérez Guzmán				1
2026-05-02	121	Stephany Ventura Arevalo	2302	SO11547	TOPO_CHICO	1
2026-05-02	124	Germán Emmanuel Merino Falcón	160	SO10300	MAGNEKON	1
2026-05-02	127	Cesar Gildardo Gómez Cano	2302	SO11547	TOPO_CHICO	1
2026-05-02	128	Enoc Natanael Maldonado soto	2302	SO11547	TOPO_CHICO	1
2026-05-02	130	Rolando vazquez garcia	2302	SO11547	TOPO_CHICO	1
2026-05-02	131	Tomas Vázquez García	2302	SO11547	TOPO_CHICO	1
2026-05-02	132	José Carlos Ortiz romero				1
2026-05-02	138	Tomas Arnoldo Loredo Mares	2302	SO11547	TOPO_CHICO	1
2026-05-03	76	Carlos Eduardo Manzanares				1
2026-05-03	124	Germán Emmanuel Merino Falcón	2302	SO11547	TOPO_CHICO	1
2026-05-03	127	Cesar Gildardo Gómez Cano	2302	SO11547	TOPO_CHICO	1
2026-05-03	128	Enoc Natanael Maldonado soto	2302	SO11547	TOPO_CHICO	1
2026-05-03	130	Rolando vazquez garcia	2302	SO11547	TOPO_CHICO	1
2026-05-03	131	Tomas Vázquez García	2302	SO11547	TOPO_CHICO	1
2026-05-04	6	Leonel Cruz Cristobal	2302	SO11547	TOPO_CHICO	1
2026-05-04	8	Francisco Montalvo Ramirez	2302	SO11547	TOPO_CHICO	1
2026-05-04	25	Héctor Cruz Hernández	2302	SO11547	TOPO_CHICO	1
2026-05-04	48	Luis Ángel García Cruz	160	SO10300	MAGNEKON	1
2026-05-04	55	Juan Manuel Sánchez Lugo	2302	SO11547	TOPO_CHICO	1
2026-05-04	57	Samuel Ulises Alcántara	121	SO9428	VERTIV	1
2026-05-04	59	Gerardo Isai Lozano Davila	160	SO10300	MAGNEKON	1
2026-05-04	62	Gilberto Gibran Solís Carrillo	160	SO10300	MAGNEKON	1
2026-05-04	63	Magaly Estefanía Pérez García	160	SO10300	MAGNEKON	1
2026-05-04	68	Jésus Montalvo Ramirez	2302	SO11547	TOPO_CHICO	1
2026-05-04	76	Carlos Eduardo Manzanares	2302	SO11547	TOPO_CHICO	1
2026-05-04	78	Aldo Jesús Méndez Garza	160	SO10300	MAGNEKON	1
2026-05-04	97	Rissia Xavier de Araujo	160	SO10300	MAGNEKON	1
2026-05-04	98	Ricardo Alán Hernández González	2302	SO11547	TOPO_CHICO	1
2026-05-04	101	Ana Laura Acevedo Flores	160	SO10300	MAGNEKON	1
2026-05-04	107	Vicente Martínez Cruz	2302	SO11547	TOPO_CHICO	1
2026-05-04	108	Pablo Bayly Fernández	160	SO10300	MAGNEKON	1
2026-05-04	110	Alejandro Reyes Galvez	2302	SO11547	TOPO_CHICO	1
2026-05-04	112	Felipe Pérez Guzmán	2302	SO11547	TOPO_CHICO	1
2026-05-04	116	Mario Armando Ruiz Ramirez	121	SO9428	VERTIV	1
2026-05-04	121	Stephany Ventura Arevalo	2302	SO11547	TOPO_CHICO	1
2026-05-04	124	Germán Emmanuel Merino Falcón	2302	SO11547	TOPO_CHICO	1
2026-05-04	127	Cesar Gildardo Gómez Cano	2302	SO11547	TOPO_CHICO	1
2026-05-04	128	Enoc Natanael Maldonado soto	121	SO9428	VERTIV	1
2026-05-04	130	Rolando vazquez garcia	2302	SO11547	TOPO_CHICO	1
2026-05-04	131	Tomas Vázquez García	2302	SO11547	TOPO_CHICO	1
2026-05-04	132	José Carlos Ortiz romero	2302	SO11547	TOPO_CHICO	1
2026-05-04	137	Hugo Ernesto González Moreno	121	SO9428	VERTIV	1
2026-05-04	138	Tomas Arnoldo Loredo Mares	2302	SO11547	TOPO_CHICO	1
2026-05-04	143	Arturo Hernández	160	SO10300	MAGNEKON	1
2026-05-05	6	Leonel Cruz Cristobal	2302	SO11547	TOPO_CHICO	1
2026-05-05	8	Francisco Montalvo Ramirez	2302	SO11547	TOPO_CHICO	1
2026-05-05	25	Héctor Cruz Hernández	2302	SO11547	TOPO_CHICO	1
2026-05-05	32	Jesus Esteban De La Cruz Calderon	160	SO10300	MAGNEKON	1
2026-05-05	55	Juan Manuel Sánchez Lugo	2302	SO11547	TOPO_CHICO	1
2026-05-05	57	Samuel Ulises Alcántara	121	SO9428	VERTIV	1
2026-05-05	59	Gerardo Isai Lozano Davila	160	SO10300	MAGNEKON	1
2026-05-05	60	Teresa Ramos Rodríguez	160	SO10300	MAGNEKON	1
2026-05-05	62	Gilberto Gibran Solís Carrillo	160	SO10300	MAGNEKON	1
2026-05-05	63	Magaly Estefanía Pérez García	160	SO10300	MAGNEKON	1
2026-05-05	68	Jésus Montalvo Ramirez	2302	SO11547	TOPO_CHICO	1
2026-05-05	76	Carlos Eduardo Manzanares	2302	SO11547	TOPO_CHICO	1
2026-05-05	78	Aldo Jesús Méndez Garza	160	SO10300	MAGNEKON	1
2026-05-05	97	Rissia Xavier de Araujo	160	SO10300	MAGNEKON	1
2026-05-05	98	Ricardo Alán Hernández González	2302	SO11547	TOPO_CHICO	1
2026-05-05	101	Ana Laura Acevedo Flores	160	SO10300	MAGNEKON	1
2026-05-05	107	Vicente Martínez Cruz	2302	SO11547	TOPO_CHICO	1
2026-05-05	108	Pablo Bayly Fernández	160	SO10300	MAGNEKON	1
2026-05-05	110	Alejandro Reyes Galvez	2302	SO11547	TOPO_CHICO	1
2026-05-05	112	Felipe Pérez Guzmán	515	SO11516	USA	1
2026-05-05	116	Mario Armando Ruiz Ramirez	121	SO9428	VERTIV	1
2026-05-05	121	Stephany Ventura Arevalo				1
2026-05-05	124	Germán Emmanuel Merino Falcón	2302	SO11547	TOPO_CHICO	1
2026-05-05	127	Cesar Gildardo Gómez Cano	2302	SO11547	TOPO_CHICO	1
2026-05-05	128	Enoc Natanael Maldonado soto	121	SO9428	VERTIV	1
2026-05-05	130	Rolando vazquez garcia	2302	SO11547	TOPO_CHICO	1
2026-05-05	131	Tomas Vázquez García	101	SO7723	MAGNEKON	1
2026-05-05	132	José Carlos Ortiz romero	2302	SO11547	TOPO_CHICO	1
2026-05-05	137	Hugo Ernesto González Moreno	121	SO9428	VERTIV	1
2026-05-05	138	Tomas Arnoldo Loredo Mares	121	SO9428	VERTIV	1
2026-05-05	143	Arturo Hernández	160	SO10300	MAGNEKON	1
2026-05-06	6	Leonel Cruz Cristobal	2302	SO11547	TOPO_CHICO	1
2026-05-06	8	Francisco Montalvo Ramirez	2302	SO11547	TOPO_CHICO	1
2026-05-06	25	Héctor Cruz Hernández	2302	SO11547	TOPO_CHICO	1
2026-05-06	55	Juan Manuel Sánchez Lugo	2302	SO11547	TOPO_CHICO	1
2026-05-06	57	Samuel Ulises Alcántara	121	SO9428	VERTIV	1
2026-05-06	59	Gerardo Isai Lozano Davila	160	SO10300	MAGNEKON	1
2026-05-06	60	Teresa Ramos Rodríguez	160	SO10300	MAGNEKON	1
2026-05-06	62	Gilberto Gibran Solís Carrillo				1
2026-05-06	63	Magaly Estefanía Pérez García	160	SO10300	MAGNEKON	1
2026-05-06	68	Jésus Montalvo Ramirez	2302	SO11547	TOPO_CHICO	1
2026-05-06	76	Carlos Eduardo Manzanares	2302	SO11547	TOPO_CHICO	1
2026-05-06	78	Aldo Jesús Méndez Garza	160	SO10300	MAGNEKON	1
2026-05-06	97	Rissia Xavier de Araujo	160	SO10300	MAGNEKON	1
2026-05-06	98	Ricardo Alán Hernández González	2302	SO11547	TOPO_CHICO	1
2026-05-06	101	Ana Laura Acevedo Flores	160	SO10300	MAGNEKON	1
2026-05-06	107	Vicente Martínez Cruz	2302	SO11547	TOPO_CHICO	1
2026-05-06	108	Pablo Bayly Fernández	160	SO10300	MAGNEKON	1
2026-05-06	110	Alejandro Reyes Galvez	2302	SO11547	TOPO_CHICO	1
2026-05-06	112	Felipe Pérez Guzmán				1
2026-05-06	116	Mario Armando Ruiz Ramirez	121	SO9428	VERTIV	1
2026-05-06	121	Stephany Ventura Arevalo				1
2026-05-06	124	Germán Emmanuel Merino Falcón				1
2026-05-06	127	Cesar Gildardo Gómez Cano	28	SO5995	VERTIV	1
2026-05-06	128	Enoc Natanael Maldonado soto	121	SO9428	VERTIV	1
2026-05-06	130	Rolando vazquez garcia	2302	SO11547	TOPO_CHICO	1
2026-05-06	131	Tomas Vázquez García	2302	SO11547	TOPO_CHICO	1
2026-05-06	132	José Carlos Ortiz romero	2302	SO11547	TOPO_CHICO	1
2026-05-06	135	Abraham Said Martínez Leal	160	SO10300	MAGNEKON	1
2026-05-06	137	Hugo Ernesto González Moreno	121	SO9428	VERTIV	1
2026-05-06	138	Tomas Arnoldo Loredo Mares	121	SO9428	VERTIV	1
2026-05-06	143	Arturo Hernández	160	SO10300	MAGNEKON	1
2026-05-07	6	Leonel Cruz Cristobal	2302	SO11547	TOPO_CHICO	1
2026-05-07	8	Francisco Montalvo Ramirez	2302	SO11547	TOPO_CHICO	1
2026-05-07	25	Héctor Cruz Hernández	2302	SO11547	TOPO_CHICO	1
2026-05-07	55	Juan Manuel Sánchez Lugo	2302	SO11547	TOPO_CHICO	1
2026-05-07	57	Samuel Ulises Alcántara	121	SO9428	VERTIV	1
2026-05-07	59	Gerardo Isai Lozano Davila	160	SO10300	MAGNEKON	1
2026-05-07	60	Teresa Ramos Rodríguez	160	SO10300	MAGNEKON	1
2026-05-07	62	Gilberto Gibran Solís Carrillo	160	SO10300	MAGNEKON	1
2026-05-07	63	Magaly Estefanía Pérez García	160	SO10300	MAGNEKON	1
2026-05-07	68	Jésus Montalvo Ramirez	2302	SO11547	TOPO_CHICO	1
2026-05-07	76	Carlos Eduardo Manzanares	2302	SO11547	TOPO_CHICO	1
2026-05-07	78	Aldo Jesús Méndez Garza	160	SO10300	MAGNEKON	1
2026-05-07	97	Rissia Xavier de Araujo	160	SO10300	MAGNEKON	1
2026-05-07	98	Ricardo Alán Hernández González	2302	SO11547	TOPO_CHICO	1
2026-05-07	101	Ana Laura Acevedo Flores	160	SO10300	MAGNEKON	1
2026-05-07	107	Vicente Martínez Cruz	2302	SO11547	TOPO_CHICO	1
2026-05-07	108	Pablo Bayly Fernández	160	SO10300	MAGNEKON	1
2026-05-07	110	Alejandro Reyes Galvez	2302	SO11547	TOPO_CHICO	2
2026-05-07	112	Felipe Pérez Guzmán				1
2026-05-07	116	Mario Armando Ruiz Ramirez	121	SO9428	VERTIV	1
2026-05-07	121	Stephany Ventura Arevalo	2302	SO11547	TOPO_CHICO	1
2026-05-07	124	Germán Emmanuel Merino Falcón	121	SO9428	VERTIV	1
2026-05-07	127	Cesar Gildardo Gómez Cano	121	SO9428	VERTIV	1
2026-05-07	128	Enoc Natanael Maldonado soto	121	SO9428	VERTIV	1
2026-05-07	130	Rolando vazquez garcia	2302	SO11547	TOPO_CHICO	1
2026-05-07	131	Tomas Vázquez García	2302	SO11547	TOPO_CHICO	1
2026-05-07	132	José Carlos Ortiz romero	2302	SO11547	TOPO_CHICO	1
2026-05-07	135	Abraham Said Martínez Leal	160	SO10300	MAGNEKON	1
2026-05-07	137	Hugo Ernesto González Moreno	121	SO9428	VERTIV	1
2026-05-07	138	Tomas Arnoldo Loredo Mares	121	SO9428	VERTIV	1
2026-05-07	143	Arturo Hernández	160	SO10300	MAGNEKON	1
2026-05-08	6	Leonel Cruz Cristobal	2302	SO11547	TOPO_CHICO	1
2026-05-08	8	Francisco Montalvo Ramirez	2302	SO11547	TOPO_CHICO	1
2026-05-08	25	Héctor Cruz Hernández				1
2026-05-08	55	Juan Manuel Sánchez Lugo	2302	SO11547	TOPO_CHICO	1
2026-05-08	57	Samuel Ulises Alcántara	121	SO9428	VERTIV	1
2026-05-08	59	Gerardo Isai Lozano Davila	160	SO10300	MAGNEKON	1
2026-05-08	60	Teresa Ramos Rodríguez	160	SO10300	MAGNEKON	1
2026-05-08	62	Gilberto Gibran Solís Carrillo	2302	SO11547	TOPO_CHICO	1
2026-05-08	63	Magaly Estefanía Pérez García	160	SO10300	MAGNEKON	1
2026-05-08	68	Jésus Montalvo Ramirez	160	SO10300	MAGNEKON	1
2026-05-08	76	Carlos Eduardo Manzanares				1
2026-05-08	78	Aldo Jesús Méndez Garza	160	SO10300	MAGNEKON	1
2026-05-08	97	Rissia Xavier de Araujo	160	SO10300	MAGNEKON	1
2026-05-08	98	Ricardo Alán Hernández González				1
2026-05-08	101	Ana Laura Acevedo Flores	160	SO10300	MAGNEKON	1
2026-05-08	107	Vicente Martínez Cruz	2302	SO11547	TOPO_CHICO	1
2026-05-08	108	Pablo Bayly Fernández	160	SO10300	MAGNEKON	1
2026-05-08	110	Alejandro Reyes Galvez	2302	SO11547	TOPO_CHICO	1
2026-05-08	112	Felipe Pérez Guzmán	515	SO11516	USA	1
2026-05-08	116	Mario Armando Ruiz Ramirez	121	SO9428	VERTIV	1
2026-05-08	121	Stephany Ventura Arevalo	2302	SO11547	TOPO_CHICO	1
2026-05-08	124	Germán Emmanuel Merino Falcón	121	SO9428	VERTIV	2
2026-05-08	127	Cesar Gildardo Gómez Cano	121	SO9428	VERTIV	1
2026-05-08	128	Enoc Natanael Maldonado soto	121	SO9428	VERTIV	1
2026-05-08	130	Rolando vazquez garcia	2302	SO11547	TOPO_CHICO	1
2026-05-08	131	Tomas Vázquez García	2302	SO11547	TOPO_CHICO	1
2026-05-08	132	José Carlos Ortiz romero	2302	SO11547	TOPO_CHICO	1
2026-05-08	135	Abraham Said Martínez Leal	160	SO10300	MAGNEKON	1
2026-05-08	137	Hugo Ernesto González Moreno	121	SO9428	VERTIV	1
2026-05-08	138	Tomas Arnoldo Loredo Mares	121	SO9428	VERTIV	1
2026-05-08	143	Arturo Hernández	160	SO10300	MAGNEKON	1
2026-05-09	6	Leonel Cruz Cristobal	2302	SO11547	TOPO_CHICO	1
2026-05-09	76	Carlos Eduardo Manzanares	2302	SO11547	TOPO_CHICO	1
2026-05-09	121	Stephany Ventura Arevalo	2302	SO11547	TOPO_CHICO	1
2026-05-11	6	Leonel Cruz Cristobal	2302	SO11547	TOPO_CHICO	1
2026-05-11	8	Francisco Montalvo Ramirez	2302	SO11547	TOPO_CHICO	1
2026-05-11	25	Héctor Cruz Hernández	2302	SO11547	TOPO_CHICO	1
2026-05-11	55	Juan Manuel Sánchez Lugo	2302	SO11547	TOPO_CHICO	1
2026-05-11	57	Samuel Ulises Alcántara	121	SO9428	VERTIV	1
2026-05-11	59	Gerardo Isai Lozano Davila	160	SO10300	MAGNEKON	1
2026-05-11	60	Teresa Ramos Rodríguez	160	SO10300	MAGNEKON	1
2026-05-11	62	Gilberto Gibran Solís Carrillo	160	SO10300	MAGNEKON	1
2026-05-11	68	Jésus Montalvo Ramirez	2302	SO11547	TOPO_CHICO	1
2026-05-11	76	Carlos Eduardo Manzanares	2302	SO11547	TOPO_CHICO	1
2026-05-11	78	Aldo Jesús Méndez Garza	212	SO10337	BRIDGESTONE	1
2026-05-11	97	Rissia Xavier de Araujo	160	SO10300	MAGNEKON	1
2026-05-11	98	Ricardo Alán Hernández González	2302	SO11547	TOPO_CHICO	1
2026-05-11	101	Ana Laura Acevedo Flores	160	SO10300	MAGNEKON	1
2026-05-11	107	Vicente Martínez Cruz	2302	SO11547	TOPO_CHICO	1
2026-05-11	108	Pablo Bayly Fernández	160	SO10300	MAGNEKON	1
2026-05-11	110	Alejandro Reyes Galvez	2302	SO11547	TOPO_CHICO	1
2026-05-11	112	Felipe Pérez Guzmán	506	SO11492	MISSION_FOODS	1
2026-05-11	116	Mario Armando Ruiz Ramirez	121	SO9428	VERTIV	1
2026-05-11	121	Stephany Ventura Arevalo	2302	SO11547	TOPO_CHICO	1
2026-05-11	124	Germán Emmanuel Merino Falcón	121	SO9428	VERTIV	1
2026-05-11	127	Cesar Gildardo Gómez Cano	121	SO9428	VERTIV	1
2026-05-11	128	Enoc Natanael Maldonado soto	121	SO9428	VERTIV	1
2026-05-11	131	Tomas Vázquez García	2302	SO11547	TOPO_CHICO	1
2026-05-11	137	Hugo Ernesto González Moreno	121	SO9428	VERTIV	1
2026-05-11	138	Tomas Arnoldo Loredo Mares	121	SO9428	VERTIV	1
2026-05-11	143	Arturo Hernández	160	SO10300	MAGNEKON	1
2026-05-12	6	Leonel Cruz Cristobal	2302	SO11547	TOPO_CHICO	1
2026-05-12	8	Francisco Montalvo Ramirez	2302	SO11547	TOPO_CHICO	1
2026-05-12	25	Héctor Cruz Hernández	2302	SO11547	TOPO_CHICO	1
2026-05-12	55	Juan Manuel Sánchez Lugo	2302	SO11547	TOPO_CHICO	1
2026-05-12	57	Samuel Ulises Alcántara	121	SO9428	VERTIV	1
2026-05-12	59	Gerardo Isai Lozano Davila	160	SO10300	MAGNEKON	1
2026-05-12	60	Teresa Ramos Rodríguez	212	SO10337	BRIDGESTONE	1
2026-05-12	62	Gilberto Gibran Solís Carrillo	160	SO10300	MAGNEKON	1
2026-05-12	68	Jésus Montalvo Ramirez	2302	SO11547	TOPO_CHICO	1
2026-05-12	76	Carlos Eduardo Manzanares	2302	SO11547	TOPO_CHICO	1
2026-05-12	78	Aldo Jesús Méndez Garza	160	SO10300	MAGNEKON	1
2026-05-12	97	Rissia Xavier de Araujo	160	SO10300	MAGNEKON	1
2026-05-12	98	Ricardo Alán Hernández González	2302	SO11547	TOPO_CHICO	1
2026-05-12	101	Ana Laura Acevedo Flores	160	SO10300	MAGNEKON	1
2026-05-12	107	Vicente Martínez Cruz	2302	SO11547	TOPO_CHICO	1
2026-05-12	108	Pablo Bayly Fernández	160	SO10300	MAGNEKON	1
2026-05-12	110	Alejandro Reyes Galvez	2302	SO11547	TOPO_CHICO	1
2026-05-12	112	Felipe Pérez Guzmán	212	SO10337	BRIDGESTONE	1
2026-05-12	116	Mario Armando Ruiz Ramirez	121	SO9428	VERTIV	1
2026-05-12	121	Stephany Ventura Arevalo	212	SO10337	BRIDGESTONE	1
2026-05-12	124	Germán Emmanuel Merino Falcón	2302	SO11547	TOPO_CHICO	1
2026-05-12	127	Cesar Gildardo Gómez Cano	28	SO5995	VERTIV	1
2026-05-12	128	Enoc Natanael Maldonado soto	121	SO9428	VERTIV	1
2026-05-12	130	Rolando vazquez garcia	2302	SO11547	TOPO_CHICO	1
2026-05-12	131	Tomas Vázquez García	2302	SO11547	TOPO_CHICO	1
2026-05-12	132	José Carlos Ortiz romero	2302	SO11547	TOPO_CHICO	1
2026-05-12	135	Abraham Said Martínez Leal	160	SO10300	MAGNEKON	1
2026-05-12	137	Hugo Ernesto González Moreno				1
2026-05-12	138	Tomas Arnoldo Loredo Mares	121	SO9428	VERTIV	1
2026-05-12	143	Arturo Hernández	160	SO10300	MAGNEKON	1
2026-05-13	6	Leonel Cruz Cristobal	2302	SO11547	TOPO_CHICO	1
2026-05-13	8	Francisco Montalvo Ramirez	2302	SO11547	TOPO_CHICO	1
2026-05-13	25	Héctor Cruz Hernández	2302	SO11547	TOPO_CHICO	1
2026-05-13	55	Juan Manuel Sánchez Lugo	2302	SO11547	TOPO_CHICO	1
2026-05-13	57	Samuel Ulises Alcántara	121	SO9428	VERTIV	1
2026-05-13	59	Gerardo Isai Lozano Davila	160	SO10300	MAGNEKON	1
2026-05-13	60	Teresa Ramos Rodríguez	160	SO10300	MAGNEKON	1
2026-05-13	62	Gilberto Gibran Solís Carrillo	160	SO10300	MAGNEKON	1
2026-05-13	68	Jésus Montalvo Ramirez	2302	SO11547	TOPO_CHICO	1
2026-05-13	76	Carlos Eduardo Manzanares	2302	SO11547	TOPO_CHICO	1
2026-05-13	78	Aldo Jesús Méndez Garza	212	SO10337	BRIDGESTONE	1
2026-05-13	97	Rissia Xavier de Araujo	160	SO10300	MAGNEKON	1
2026-05-13	98	Ricardo Alán Hernández González	2302	SO11547	TOPO_CHICO	1
2026-05-13	101	Ana Laura Acevedo Flores	160	SO10300	MAGNEKON	1
2026-05-13	107	Vicente Martínez Cruz	2328	SO11644	USA	1
2026-05-13	108	Pablo Bayly Fernández	160	SO10300	MAGNEKON	1
2026-05-13	110	Alejandro Reyes Galvez	2302	SO11547	TOPO_CHICO	1
2026-05-13	112	Felipe Pérez Guzmán	121	SO9428	VERTIV	1
2026-05-13	116	Mario Armando Ruiz Ramirez	121	SO9428	VERTIV	1
2026-05-13	121	Stephany Ventura Arevalo	2302	SO11547	TOPO_CHICO	1
2026-05-13	124	Germán Emmanuel Merino Falcón				1
2026-05-13	127	Cesar Gildardo Gómez Cano	121	SO9428	VERTIV	1
2026-05-13	128	Enoc Natanael Maldonado soto	121	SO9428	VERTIV	1
2026-05-13	130	Rolando vazquez garcia	2302	SO11547	TOPO_CHICO	1
2026-05-13	131	Tomas Vázquez García	2302	SO11547	TOPO_CHICO	1
2026-05-13	132	José Carlos Ortiz romero	2302	SO11547	TOPO_CHICO	1
2026-05-13	135	Abraham Said Martínez Leal	160	SO10300	MAGNEKON	1
2026-05-13	137	Hugo Ernesto González Moreno	121	SO9428	VERTIV	1
2026-05-13	138	Tomas Arnoldo Loredo Mares	121	SO9428	VERTIV	1
2026-05-13	143	Arturo Hernández	160	SO10300	MAGNEKON	1
2026-05-14	6	Leonel Cruz Cristobal	2302	SO11547	TOPO_CHICO	1
2026-05-14	8	Francisco Montalvo Ramirez	2302	SO11547	TOPO_CHICO	1
2026-05-14	25	Héctor Cruz Hernández	2302	SO11547	TOPO_CHICO	1
2026-05-14	48	Luis Ángel García Cruz	160	SO10300	MAGNEKON	1
2026-05-14	55	Juan Manuel Sánchez Lugo	2302	SO11547	TOPO_CHICO	1
2026-05-14	57	Samuel Ulises Alcántara	121	SO9428	VERTIV	1
2026-05-14	59	Gerardo Isai Lozano Davila	160	SO10300	MAGNEKON	1
2026-05-14	60	Teresa Ramos Rodríguez	160	SO10300	MAGNEKON	1
2026-05-14	62	Gilberto Gibran Solís Carrillo	155	SO10344	BUDENHEIM	1
2026-05-14	63	Magaly Estefanía Pérez García	160	SO10300	MAGNEKON	1
2026-05-14	68	Jésus Montalvo Ramirez	2302	SO11547	TOPO_CHICO	1
2026-05-14	75	Mateo Salazar				1
2026-05-14	76	Carlos Eduardo Manzanares	2302	SO11547	TOPO_CHICO	1
2026-05-14	78	Aldo Jesús Méndez Garza	155	SO10344	BUDENHEIM	1
2026-05-14	79	José Luis Romero Grados	155	SO10344	BUDENHEIM	1
2026-05-14	97	Rissia Xavier de Araujo	155	SO10344	BUDENHEIM	1
2026-05-14	98	Ricardo Alán Hernández González	2302	SO11547	TOPO_CHICO	1
2026-05-14	101	Ana Laura Acevedo Flores	160	SO10300	MAGNEKON	1
2026-05-14	107	Vicente Martínez Cruz	2302	SO11547	TOPO_CHICO	1
2026-05-14	108	Pablo Bayly Fernández	160	SO10300	MAGNEKON	1
2026-05-14	110	Alejandro Reyes Galvez	155	SO10344	BUDENHEIM	1
2026-05-14	112	Felipe Pérez Guzmán	2302	SO11547	TOPO_CHICO	1
2026-05-14	116	Mario Armando Ruiz Ramirez	121	SO9428	VERTIV	1
2026-05-14	121	Stephany Ventura Arevalo	2302	SO11547	TOPO_CHICO	1
2026-05-14	124	Germán Emmanuel Merino Falcón	121	SO9428	VERTIV	1
2026-05-14	127	Cesar Gildardo Gómez Cano	121	SO9428	VERTIV	1
2026-05-14	128	Enoc Natanael Maldonado soto	121	SO9428	VERTIV	1
2026-05-14	130	Rolando vazquez garcia	2302	SO11547	TOPO_CHICO	1
2026-05-14	131	Tomas Vázquez García	2302	SO11547	TOPO_CHICO	1
2026-05-14	132	José Carlos Ortiz romero	2302	SO11547	TOPO_CHICO	1
2026-05-14	135	Abraham Said Martínez Leal	160	SO10300	MAGNEKON	1
2026-05-14	137	Hugo Ernesto González Moreno	121	SO9428	VERTIV	1
2026-05-14	138	Tomas Arnoldo Loredo Mares	121	SO9428	VERTIV	1
2026-05-14	143	Arturo Hernández	155	SO10344	BUDENHEIM	1
2026-05-15	6	Leonel Cruz Cristobal	2302	SO11547	TOPO_CHICO	1
2026-05-15	8	Francisco Montalvo Ramirez	2302	SO11547	TOPO_CHICO	1
2026-05-15	25	Héctor Cruz Hernández	2302	SO11547	TOPO_CHICO	1
2026-05-15	48	Luis Ángel García Cruz	160	SO10300	MAGNEKON	1
2026-05-15	55	Juan Manuel Sánchez Lugo	2302	SO11547	TOPO_CHICO	1
2026-05-15	57	Samuel Ulises Alcántara	121	SO9428	VERTIV	1
2026-05-15	59	Gerardo Isai Lozano Davila	160	SO10300	MAGNEKON	1
2026-05-15	60	Teresa Ramos Rodríguez	160	SO10300	MAGNEKON	1
2026-05-15	62	Gilberto Gibran Solís Carrillo	160	SO10300	MAGNEKON	1
2026-05-15	63	Magaly Estefanía Pérez García	160	SO10300	MAGNEKON	1
2026-05-15	68	Jésus Montalvo Ramirez	2302	SO11547	TOPO_CHICO	1
2026-05-15	75	Mateo Salazar				1
2026-05-15	78	Aldo Jesús Méndez Garza	160	SO10300	MAGNEKON	1
2026-05-15	79	José Luis Romero Grados	155	SO10344	BUDENHEIM	1
2026-05-15	97	Rissia Xavier de Araujo	160	SO10300	MAGNEKON	1
2026-05-15	98	Ricardo Alán Hernández González	2302	SO11547	TOPO_CHICO	1
2026-05-15	107	Vicente Martínez Cruz	2302	SO11547	TOPO_CHICO	1
2026-05-15	108	Pablo Bayly Fernández	160	SO10300	MAGNEKON	1
2026-05-15	110	Alejandro Reyes Galvez	2302	SO11547	TOPO_CHICO	1
2026-05-15	112	Felipe Pérez Guzmán				1
2026-05-15	116	Mario Armando Ruiz Ramirez	121	SO9428	VERTIV	1
2026-05-15	121	Stephany Ventura Arevalo	2302	SO11547	TOPO_CHICO	1
2026-05-15	128	Enoc Natanael Maldonado soto	121	SO9428	VERTIV	1
2026-05-15	131	Tomas Vázquez García	2302	SO11547	TOPO_CHICO	1
2026-05-15	132	José Carlos Ortiz romero	2302	SO11547	TOPO_CHICO	1
2026-05-15	135	Abraham Said Martínez Leal	160	SO10300	MAGNEKON	1
2026-05-15	137	Hugo Ernesto González Moreno	121	SO9428	VERTIV	1
2026-05-15	138	Tomas Arnoldo Loredo Mares	121	SO9428	VERTIV	1
2026-05-15	143	Arturo Hernández	160	SO10300	MAGNEKON	1
2026-05-16	112	Felipe Pérez Guzmán	2302	SO11547	TOPO_CHICO	1
2026-05-17	76	Carlos Eduardo Manzanares				1
2026-05-17	79	José Luis Romero Grados	2302	SO11547	TOPO_CHICO	1
2026-05-17	124	Germán Emmanuel Merino Falcón	2302	SO11547	TOPO_CHICO	1
2026-05-17	127	Cesar Gildardo Gómez Cano				1
2026-05-17	128	Enoc Natanael Maldonado soto	2302	SO11547	TOPO_CHICO	1
2026-05-18	6	Leonel Cruz Cristobal	2302	SO11547	TOPO_CHICO	1
2026-05-18	8	Francisco Montalvo Ramirez	2302	SO11547	TOPO_CHICO	1
2026-05-18	25	Héctor Cruz Hernández	2302	SO11547	TOPO_CHICO	1
2026-05-18	48	Luis Ángel García Cruz	160	SO10300	MAGNEKON	1
2026-05-18	55	Juan Manuel Sánchez Lugo	2302	SO11547	TOPO_CHICO	1
2026-05-18	57	Samuel Ulises Alcántara	121	SO9428	VERTIV	1
2026-05-18	59	Gerardo Isai Lozano Davila	160	SO10300	MAGNEKON	1
2026-05-18	60	Teresa Ramos Rodríguez	160	SO10300	MAGNEKON	1
2026-05-18	62	Gilberto Gibran Solís Carrillo	160	SO10300	MAGNEKON	1
2026-05-18	63	Magaly Estefanía Pérez García	160	SO10300	MAGNEKON	1
2026-05-18	68	Jésus Montalvo Ramirez	2302	SO11547	TOPO_CHICO	1
2026-05-18	75	Mateo Salazar	212	SO10337	BRIDGESTONE	1
2026-05-18	76	Carlos Eduardo Manzanares	2302	SO11547	TOPO_CHICO	1
2026-05-18	78	Aldo Jesús Méndez Garza	160	SO10300	MAGNEKON	1
2026-05-18	79	José Luis Romero Grados	2302	SO11547	TOPO_CHICO	1
2026-05-18	97	Rissia Xavier de Araujo	160	SO10300	MAGNEKON	1
2026-05-18	98	Ricardo Alán Hernández González				1
2026-05-18	101	Ana Laura Acevedo Flores	160	SO10300	MAGNEKON	1
2026-05-18	107	Vicente Martínez Cruz	2302	SO11547	TOPO_CHICO	1
2026-05-18	108	Pablo Bayly Fernández	160	SO10300	MAGNEKON	1
2026-05-18	110	Alejandro Reyes Galvez	2302	SO11547	TOPO_CHICO	1
2026-05-18	112	Felipe Pérez Guzmán				1
2026-05-18	116	Mario Armando Ruiz Ramirez	121	SO9428	VERTIV	1
2026-05-18	121	Stephany Ventura Arevalo	2302	SO11547	TOPO_CHICO	1
2026-05-18	124	Germán Emmanuel Merino Falcón				1
2026-05-18	127	Cesar Gildardo Gómez Cano	121	SO9428	VERTIV	1
2026-05-18	128	Enoc Natanael Maldonado soto	121	SO9428	VERTIV	1
2026-05-18	131	Tomas Vázquez García	2302	SO11547	TOPO_CHICO	1
2026-05-18	132	José Carlos Ortiz romero	2302	SO11547	TOPO_CHICO	1
2026-05-18	135	Abraham Said Martínez Leal	160	SO10300	MAGNEKON	1
2026-05-18	137	Hugo Ernesto González Moreno	121	SO9428	VERTIV	1
2026-05-18	138	Tomas Arnoldo Loredo Mares	121	SO9428	VERTIV	1
2026-05-18	143	Arturo Hernández	160	SO10300	MAGNEKON	1
2026-05-18	149	Erick Belmont Kato	160	SO10300	MAGNEKON	2
2026-05-19	6	Leonel Cruz Cristobal				1
2026-05-19	8	Francisco Montalvo Ramirez				1
2026-05-19	25	Héctor Cruz Hernández				1
2026-05-19	55	Juan Manuel Sánchez Lugo				1
2026-05-19	57	Samuel Ulises Alcántara				1
2026-05-19	59	Gerardo Isai Lozano Davila				1
2026-05-19	60	Teresa Ramos Rodríguez				1
2026-05-19	62	Gilberto Gibran Solís Carrillo				1
2026-05-19	63	Magaly Estefanía Pérez García				1
2026-05-19	68	Jésus Montalvo Ramirez				1
2026-05-19	75	Mateo Salazar				1
2026-05-19	76	Carlos Eduardo Manzanares	2302	SO11547	TOPO_CHICO	1
2026-05-19	78	Aldo Jesús Méndez Garza				1
2026-05-19	97	Rissia Xavier de Araujo				1
2026-05-19	98	Ricardo Alán Hernández González				1
2026-05-19	101	Ana Laura Acevedo Flores				1
2026-05-19	107	Vicente Martínez Cruz				1
2026-05-19	108	Pablo Bayly Fernández				1
2026-05-19	110	Alejandro Reyes Galvez				1
2026-05-19	112	Felipe Pérez Guzmán				1
2026-05-19	116	Mario Armando Ruiz Ramirez				1
2026-05-19	121	Stephany Ventura Arevalo				1
2026-05-19	124	Germán Emmanuel Merino Falcón				1
2026-05-19	127	Cesar Gildardo Gómez Cano				1
2026-05-19	128	Enoc Natanael Maldonado soto				1
2026-05-19	130	Rolando vazquez garcia				1
2026-05-19	131	Tomas Vázquez García				1
2026-05-19	132	José Carlos Ortiz romero				1
2026-05-19	135	Abraham Said Martínez Leal				1
2026-05-19	137	Hugo Ernesto González Moreno				1
2026-05-19	138	Tomas Arnoldo Loredo Mares				1
2026-05-19	143	Arturo Hernández				1
2026-05-19	149	Erick Belmont Kato				1
2026-05-20	6	Leonel Cruz Cristobal	2302	SO11547	TOPO_CHICO	1
2026-05-20	8	Francisco Montalvo Ramirez				1
2026-05-20	25	Héctor Cruz Hernández				1
2026-05-20	48	Luis Ángel García Cruz				1
2026-05-20	55	Juan Manuel Sánchez Lugo				1
2026-05-20	57	Samuel Ulises Alcántara	121	SO9428	VERTIV	1
2026-05-20	59	Gerardo Isai Lozano Davila				1
2026-05-20	60	Teresa Ramos Rodríguez				1
2026-05-20	62	Gilberto Gibran Solís Carrillo				1
2026-05-20	63	Magaly Estefanía Pérez García				1
2026-05-20	68	Jésus Montalvo Ramirez				1
2026-05-20	75	Mateo Salazar	121	SO9428	VERTIV	1
2026-05-20	76	Carlos Eduardo Manzanares				1
2026-05-20	78	Aldo Jesús Méndez Garza				1
2026-05-20	79	José Luis Romero Grados	121	SO9428	VERTIV	1
2026-05-20	97	Rissia Xavier de Araujo				1
2026-05-20	98	Ricardo Alán Hernández González				1
2026-05-20	101	Ana Laura Acevedo Flores				1
2026-05-20	107	Vicente Martínez Cruz				1
2026-05-20	108	Pablo Bayly Fernández				1
2026-05-20	112	Felipe Pérez Guzmán				1
2026-05-20	116	Mario Armando Ruiz Ramirez	121	SO9428	VERTIV	1
2026-05-20	121	Stephany Ventura Arevalo				1
2026-05-20	124	Germán Emmanuel Merino Falcón				1
2026-05-20	127	Cesar Gildardo Gómez Cano	121	SO9428	VERTIV	1
2026-05-20	128	Enoc Natanael Maldonado soto	121	SO9428	VERTIV	1
2026-05-20	130	Rolando vazquez garcia				1
2026-05-20	131	Tomas Vázquez García				1
2026-05-20	132	José Carlos Ortiz romero	2302	SO11547	TOPO_CHICO	1
2026-05-20	138	Tomas Arnoldo Loredo Mares	121	SO9428	VERTIV	1
2026-05-20	143	Arturo Hernández				1
2026-05-20	149	Erick Belmont Kato				1
2026-05-21	6	Leonel Cruz Cristobal	212	SO10337	BRIDGESTONE	1
2026-05-21	8	Francisco Montalvo Ramirez	2302	SO11547	TOPO_CHICO	1
2026-05-21	25	Héctor Cruz Hernández	2302	SO11547	TOPO_CHICO	1
2026-05-21	32	Jesus Esteban De La Cruz Calderon	160	SO10300	MAGNEKON	1
2026-05-21	48	Luis Ángel García Cruz	160	SO10300	MAGNEKON	1
2026-05-21	55	Juan Manuel Sánchez Lugo	2302	SO11547	TOPO_CHICO	1
2026-05-21	57	Samuel Ulises Alcántara	121	SO9428	VERTIV	1
2026-05-21	59	Gerardo Isai Lozano Davila	160	SO10300	MAGNEKON	1
2026-05-21	60	Teresa Ramos Rodríguez	160	SO10300	MAGNEKON	1
2026-05-21	62	Gilberto Gibran Solís Carrillo				1
2026-05-21	63	Magaly Estefanía Pérez García	160	SO10300	MAGNEKON	1
2026-05-21	68	Jésus Montalvo Ramirez	2302	SO11547	TOPO_CHICO	1
2026-05-21	75	Mateo Salazar	212	SO10337	BRIDGESTONE	1
2026-05-21	76	Carlos Eduardo Manzanares	2302	SO11547	TOPO_CHICO	1
2026-05-21	78	Aldo Jesús Méndez Garza	160	SO10300	MAGNEKON	1
2026-05-21	79	José Luis Romero Grados	121	SO9428	VERTIV	1
2026-05-21	97	Rissia Xavier de Araujo	160	SO10300	MAGNEKON	1
2026-05-21	101	Ana Laura Acevedo Flores	160	SO10300	MAGNEKON	1
2026-05-21	107	Vicente Martínez Cruz				1
2026-05-21	108	Pablo Bayly Fernández	160	SO10300	MAGNEKON	1
2026-05-21	110	Alejandro Reyes Galvez	2302	SO11547	TOPO_CHICO	1
2026-05-21	112	Felipe Pérez Guzmán	212	SO10337	BRIDGESTONE	1
2026-05-21	116	Mario Armando Ruiz Ramirez	121	SO9428	VERTIV	1
2026-05-21	121	Stephany Ventura Arevalo	212	SO10337	BRIDGESTONE	1
2026-05-21	124	Germán Emmanuel Merino Falcón	2302	SO11547	TOPO_CHICO	1
2026-05-21	127	Cesar Gildardo Gómez Cano	121	SO9428	VERTIV	1
2026-05-21	128	Enoc Natanael Maldonado soto	121	SO9428	VERTIV	1
2026-05-21	130	Rolando vazquez garcia	2302	SO11547	TOPO_CHICO	1
2026-05-21	131	Tomas Vázquez García	2302	SO11547	TOPO_CHICO	1
2026-05-21	132	José Carlos Ortiz romero	212	SO10337	BRIDGESTONE	1
2026-05-21	135	Abraham Said Martínez Leal	160	SO10300	MAGNEKON	1
2026-05-21	138	Tomas Arnoldo Loredo Mares	121	SO9428	VERTIV	1
2026-05-21	143	Arturo Hernández	160	SO10300	MAGNEKON	1
2026-05-21	149	Erick Belmont Kato				1
2026-05-22	6	Leonel Cruz Cristobal	121	SO9428	VERTIV	1
2026-05-22	8	Francisco Montalvo Ramirez	2302	SO11547	TOPO_CHICO	1
2026-05-22	25	Héctor Cruz Hernández	2302	SO11547	TOPO_CHICO	1
2026-05-22	55	Juan Manuel Sánchez Lugo	2302	SO11547	TOPO_CHICO	1
2026-05-22	57	Samuel Ulises Alcántara	121	SO9428	VERTIV	1
2026-05-22	59	Gerardo Isai Lozano Davila	160	SO10300	MAGNEKON	1
2026-05-22	60	Teresa Ramos Rodríguez	160	SO10300	MAGNEKON	1
2026-05-22	62	Gilberto Gibran Solís Carrillo				1
2026-05-22	63	Magaly Estefanía Pérez García	160	SO10300	MAGNEKON	1
2026-05-22	68	Jésus Montalvo Ramirez	2302	SO11547	TOPO_CHICO	1
2026-05-22	76	Carlos Eduardo Manzanares	2302	SO11547	TOPO_CHICO	1
2026-05-22	78	Aldo Jesús Méndez Garza	160	SO10300	MAGNEKON	1
2026-05-22	97	Rissia Xavier de Araujo	160	SO10300	MAGNEKON	1
2026-05-22	101	Ana Laura Acevedo Flores	160	SO10300	MAGNEKON	1
2026-05-22	108	Pablo Bayly Fernández	160	SO10300	MAGNEKON	1
2026-05-22	110	Alejandro Reyes Galvez				1
2026-05-22	112	Felipe Pérez Guzmán	121	SO9428	VERTIV	1
2026-05-22	116	Mario Armando Ruiz Ramirez	121	SO9428	VERTIV	1
2026-05-22	121	Stephany Ventura Arevalo	2302	SO11547	TOPO_CHICO	1
2026-05-22	124	Germán Emmanuel Merino Falcón	121	SO9428	VERTIV	1
2026-05-22	127	Cesar Gildardo Gómez Cano	121	SO9428	VERTIV	1
2026-05-22	128	Enoc Natanael Maldonado soto	121	SO9428	VERTIV	1
2026-05-22	130	Rolando vazquez garcia	2302	SO11547	TOPO_CHICO	1
2026-05-22	131	Tomas Vázquez García	2302	SO11547	TOPO_CHICO	1
2026-05-22	132	José Carlos Ortiz romero	121	SO9428	VERTIV	1
2026-05-22	135	Abraham Said Martínez Leal				1
2026-05-22	138	Tomas Arnoldo Loredo Mares	121	SO9428	VERTIV	1
2026-05-22	143	Arturo Hernández	160	SO10300	MAGNEKON	1
2026-05-22	149	Erick Belmont Kato	160	SO10300	MAGNEKON	1
2026-05-25	6	Leonel Cruz Cristobal				1
2026-05-25	8	Francisco Montalvo Ramirez	2302	SO11547	TOPO_CHICO	1
2026-05-25	25	Héctor Cruz Hernández	2302	SO11547	TOPO_CHICO	1
2026-05-25	55	Juan Manuel Sánchez Lugo	2302	SO11547	TOPO_CHICO	1
2026-05-25	57	Samuel Ulises Alcántara	121	SO9428	VERTIV	1
2026-05-25	60	Teresa Ramos Rodríguez	160	SO10300	MAGNEKON	1
2026-05-25	62	Gilberto Gibran Solís Carrillo	160	SO10300	MAGNEKON	1
2026-05-25	63	Magaly Estefanía Pérez García	160	SO10300	MAGNEKON	1
2026-05-25	68	Jésus Montalvo Ramirez	2302	SO11547	TOPO_CHICO	1
2026-05-25	76	Carlos Eduardo Manzanares	2302	SO11547	TOPO_CHICO	1
2026-05-25	78	Aldo Jesús Méndez Garza	160	SO10300	MAGNEKON	1
2026-05-25	97	Rissia Xavier de Araujo	160	SO10300	MAGNEKON	1
2026-05-25	98	Ricardo Alán Hernández González	2302	SO11547	TOPO_CHICO	1
2026-05-25	101	Ana Laura Acevedo Flores	160	SO10300	MAGNEKON	1
2026-05-25	108	Pablo Bayly Fernández	160	SO10300	MAGNEKON	1
2026-05-25	110	Alejandro Reyes Galvez	2302	SO11547	TOPO_CHICO	1
2026-05-25	112	Felipe Pérez Guzmán	121	SO9428	VERTIV	1
2026-05-25	116	Mario Armando Ruiz Ramirez	121	SO9428	VERTIV	1
2026-05-25	121	Stephany Ventura Arevalo	2302	SO11547	TOPO_CHICO	1
2026-05-25	124	Germán Emmanuel Merino Falcón	2302	SO11547	TOPO_CHICO	1
2026-05-25	127	Cesar Gildardo Gómez Cano	121	SO9428	VERTIV	1
2026-05-25	128	Enoc Natanael Maldonado soto	121	SO9428	VERTIV	1
2026-05-25	130	Rolando vazquez garcia	2302	SO11547	TOPO_CHICO	1
2026-05-25	131	Tomas Vázquez García	121	SO9428	VERTIV	1
2026-05-25	138	Tomas Arnoldo Loredo Mares	121	SO9428	VERTIV	1
2026-05-25	143	Arturo Hernández	160	SO10300	MAGNEKON	1
2026-05-25	149	Erick Belmont Kato	160	SO10300	MAGNEKON	1
2026-05-26	6	Leonel Cruz Cristobal	121	SO9428	VERTIV	1
2026-05-26	8	Francisco Montalvo Ramirez	2302	SO11547	TOPO_CHICO	1
2026-05-26	25	Héctor Cruz Hernández	2302	SO11547	TOPO_CHICO	1
2026-05-26	55	Juan Manuel Sánchez Lugo	121	SO9428	VERTIV	1
2026-05-26	57	Samuel Ulises Alcántara	121	SO9428	VERTIV	1
2026-05-26	59	Gerardo Isai Lozano Davila	160	SO10300	MAGNEKON	1
2026-05-26	60	Teresa Ramos Rodríguez	160	SO10300	MAGNEKON	1
2026-05-26	62	Gilberto Gibran Solís Carrillo	160	SO10300	MAGNEKON	1
2026-05-26	63	Magaly Estefanía Pérez García	160	SO10300	MAGNEKON	1
2026-05-26	68	Jésus Montalvo Ramirez	2302	SO11547	TOPO_CHICO	1
2026-05-26	76	Carlos Eduardo Manzanares	121	SO9428	VERTIV	1
2026-05-26	78	Aldo Jesús Méndez Garza	160	SO10300	MAGNEKON	1
2026-05-26	97	Rissia Xavier de Araujo	160	SO10300	MAGNEKON	1
2026-05-26	98	Ricardo Alán Hernández González				1
2026-05-26	101	Ana Laura Acevedo Flores	160	SO10300	MAGNEKON	1
2026-05-26	108	Pablo Bayly Fernández				1
2026-05-26	110	Alejandro Reyes Galvez	2302	SO11547	TOPO_CHICO	1
2026-05-26	112	Felipe Pérez Guzmán	121	SO9428	VERTIV	1
2026-05-26	116	Mario Armando Ruiz Ramirez	121	SO9428	VERTIV	1
2026-05-26	121	Stephany Ventura Arevalo	2302	SO11547	TOPO_CHICO	1
2026-05-26	127	Cesar Gildardo Gómez Cano	121	SO9428	VERTIV	1
2026-05-26	128	Enoc Natanael Maldonado soto	121	SO9428	VERTIV	1
2026-05-26	130	Rolando vazquez garcia	121	SO9428	VERTIV	1
2026-05-26	131	Tomas Vázquez García	121	SO9428	VERTIV	1
2026-05-26	132	José Carlos Ortiz romero				1
2026-05-26	135	Abraham Said Martínez Leal				1
2026-05-26	138	Tomas Arnoldo Loredo Mares	121	SO9428	VERTIV	1
2026-05-26	143	Arturo Hernández	160	SO10300	MAGNEKON	1
2026-05-26	149	Erick Belmont Kato	160	SO10300	MAGNEKON	1
2026-05-27	6	Leonel Cruz Cristobal	121	SO9428	VERTIV	1
2026-05-27	8	Francisco Montalvo Ramirez	2302	SO11547	TOPO_CHICO	1
2026-05-27	25	Héctor Cruz Hernández	2302	SO11547	TOPO_CHICO	1
2026-05-27	55	Juan Manuel Sánchez Lugo				1
2026-05-27	57	Samuel Ulises Alcántara				1
2026-05-27	59	Gerardo Isai Lozano Davila	160	SO10300	MAGNEKON	1
2026-05-27	60	Teresa Ramos Rodríguez	160	SO10300	MAGNEKON	1
2026-05-27	62	Gilberto Gibran Solís Carrillo	160	SO10300	MAGNEKON	1
2026-05-27	63	Magaly Estefanía Pérez García	160	SO10300	MAGNEKON	1
2026-05-27	68	Jésus Montalvo Ramirez	2302	SO11547	TOPO_CHICO	1
2026-05-27	76	Carlos Eduardo Manzanares				1
2026-05-27	78	Aldo Jesús Méndez Garza	160	SO10300	MAGNEKON	1
2026-05-27	97	Rissia Xavier de Araujo	160	SO10300	MAGNEKON	1
2026-05-27	101	Ana Laura Acevedo Flores	160	SO10300	MAGNEKON	1
2026-05-27	108	Pablo Bayly Fernández	160	SO10300	MAGNEKON	1
2026-05-27	110	Alejandro Reyes Galvez				1
2026-05-27	112	Felipe Pérez Guzmán	121	SO9428	VERTIV	1
2026-05-27	116	Mario Armando Ruiz Ramirez				1
2026-05-27	121	Stephany Ventura Arevalo				1
2026-05-27	124	Germán Emmanuel Merino Falcón				1
2026-05-27	127	Cesar Gildardo Gómez Cano	121	SO9428	VERTIV	1
2026-05-27	128	Enoc Natanael Maldonado soto				1
2026-05-27	130	Rolando vazquez garcia				1
2026-05-27	131	Tomas Vázquez García				1
2026-05-27	132	José Carlos Ortiz romero	121	SO9428	VERTIV	1
2026-05-27	138	Tomas Arnoldo Loredo Mares				1
2026-05-27	143	Arturo Hernández	160	SO10300	MAGNEKON	1
2026-05-27	149	Erick Belmont Kato				1
2026-05-27	151	Roberto Contreras	160	SO10300	MAGNEKON	1
2026-05-28	6	Leonel Cruz Cristobal	121	SO9428	VERTIV	1
2026-05-28	8	Francisco Montalvo Ramirez	2302	SO11547	TOPO_CHICO	1
2026-05-28	25	Héctor Cruz Hernández	2302	SO11547	TOPO_CHICO	1
2026-05-28	55	Juan Manuel Sánchez Lugo	121	SO9428	VERTIV	1
2026-05-28	57	Samuel Ulises Alcántara	121	SO9428	VERTIV	1
2026-05-28	59	Gerardo Isai Lozano Davila	160	SO10300	MAGNEKON	1
2026-05-28	60	Teresa Ramos Rodríguez	160	SO10300	MAGNEKON	1
2026-05-28	62	Gilberto Gibran Solís Carrillo	160	SO10300	MAGNEKON	1
2026-05-28	63	Magaly Estefanía Pérez García	160	SO10300	MAGNEKON	1
2026-05-28	68	Jésus Montalvo Ramirez	2302	SO11547	TOPO_CHICO	1
2026-05-28	76	Carlos Eduardo Manzanares	121	SO9428	VERTIV	1
2026-05-28	78	Aldo Jesús Méndez Garza	160	SO10300	MAGNEKON	1
2026-05-28	97	Rissia Xavier de Araujo	160	SO10300	MAGNEKON	1
2026-05-28	101	Ana Laura Acevedo Flores	160	SO10300	MAGNEKON	1
2026-05-28	108	Pablo Bayly Fernández	160	SO10300	MAGNEKON	1
2026-05-28	110	Alejandro Reyes Galvez	2302	SO11547	TOPO_CHICO	1
2026-05-28	112	Felipe Pérez Guzmán	121	SO9428	VERTIV	1
2026-05-28	121	Stephany Ventura Arevalo	2302	SO11547	TOPO_CHICO	1
2026-05-28	124	Germán Emmanuel Merino Falcón				1
2026-05-28	127	Cesar Gildardo Gómez Cano	121	SO9428	VERTIV	1
2026-05-28	130	Rolando vazquez garcia	121	SO9428	VERTIV	1
2026-05-28	131	Tomas Vázquez García	121	SO9428	VERTIV	1
2026-05-28	132	José Carlos Ortiz romero				1
2026-05-28	138	Tomas Arnoldo Loredo Mares	121	SO9428	VERTIV	1
2026-05-28	143	Arturo Hernández	160	SO10300	MAGNEKON	1
2026-05-28	149	Erick Belmont Kato	160	SO10300	MAGNEKON	1
2026-05-28	151	Roberto Contreras	160	SO10300	MAGNEKON	1
2026-05-29	6	Leonel Cruz Cristobal	121	SO9428	VERTIV	1
2026-05-29	8	Francisco Montalvo Ramirez	2302	SO11547	TOPO_CHICO	1
2026-05-29	25	Héctor Cruz Hernández	2302	SO11547	TOPO_CHICO	1
2026-05-29	55	Juan Manuel Sánchez Lugo	121	SO9428	VERTIV	1
2026-05-29	57	Samuel Ulises Alcántara	121	SO9428	VERTIV	1
2026-05-29	59	Gerardo Isai Lozano Davila	160	SO10300	MAGNEKON	1
2026-05-29	60	Teresa Ramos Rodríguez	160	SO10300	MAGNEKON	1
2026-05-29	62	Gilberto Gibran Solís Carrillo	160	SO10300	MAGNEKON	1
2026-05-29	63	Magaly Estefanía Pérez García	160	SO10300	MAGNEKON	1
2026-05-29	68	Jésus Montalvo Ramirez	2302	SO11547	TOPO_CHICO	1
2026-05-29	76	Carlos Eduardo Manzanares	121	SO9428	VERTIV	1
2026-05-29	78	Aldo Jesús Méndez Garza	160	SO10300	MAGNEKON	1
2026-05-29	97	Rissia Xavier de Araujo	160	SO10300	MAGNEKON	1
2026-05-29	101	Ana Laura Acevedo Flores	160	SO10300	MAGNEKON	1
2026-05-29	108	Pablo Bayly Fernández	160	SO10300	MAGNEKON	1
2026-05-29	110	Alejandro Reyes Galvez	2302	SO11547	TOPO_CHICO	1
2026-05-29	112	Felipe Pérez Guzmán	121	SO9428	VERTIV	1
2026-05-29	121	Stephany Ventura Arevalo	2302	SO11547	TOPO_CHICO	1
2026-05-29	124	Germán Emmanuel Merino Falcón	121	SO9428	VERTIV	1
2026-05-29	127	Cesar Gildardo Gómez Cano	121	SO9428	VERTIV	1
2026-05-29	130	Rolando vazquez garcia	2302	SO11547	TOPO_CHICO	1
2026-05-29	131	Tomas Vázquez García	121	SO9428	VERTIV	1
2026-05-29	138	Tomas Arnoldo Loredo Mares	2302	SO11547	TOPO_CHICO	1
2026-05-29	143	Arturo Hernández	160	SO10300	MAGNEKON	1
2026-05-29	149	Erick Belmont Kato	121	SO9428	VERTIV	1
2026-05-29	151	Roberto Contreras	2302	SO11547	TOPO_CHICO	1
2026-06-01	6	Leonel Cruz Cristobal	121	SO9428	VERTIV	1
2026-06-01	8	Francisco Montalvo Ramirez	2302	SO11547	TOPO_CHICO	1
2026-06-01	25	Héctor Cruz Hernández	2302	SO11547	TOPO_CHICO	1
2026-06-01	48	Luis Ángel García Cruz	155	SO10344	BUDENHEIM	1
2026-06-01	55	Juan Manuel Sánchez Lugo	121	SO9428	VERTIV	1
2026-06-01	57	Samuel Ulises Alcántara	121	SO9428	VERTIV	1
2026-06-01	59	Gerardo Isai Lozano Davila	160	SO10300	MAGNEKON	1
2026-06-01	60	Teresa Ramos Rodríguez	212	SO10337	BRIDGESTONE	1
2026-06-01	62	Gilberto Gibran Solís Carrillo	212	SO10337	BRIDGESTONE	1
2026-06-01	63	Magaly Estefanía Pérez García	212	SO10337	BRIDGESTONE	1
2026-06-01	68	Jésus Montalvo Ramirez	2302	SO11547	TOPO_CHICO	1
2026-06-01	76	Carlos Eduardo Manzanares	121	SO9428	VERTIV	1
2026-06-01	78	Aldo Jesús Méndez Garza	212	SO10337	BRIDGESTONE	1
2026-06-01	79	José Luis Romero Grados	121	SO9428	VERTIV	1
2026-06-01	97	Rissia Xavier de Araujo	212	SO10337	BRIDGESTONE	1
2026-06-01	98	Ricardo Alán Hernández González	121	SO9428	VERTIV	1
2026-06-01	101	Ana Laura Acevedo Flores	212	SO10337	BRIDGESTONE	1
2026-06-01	108	Pablo Bayly Fernández	212	SO10337	BRIDGESTONE	1
2026-06-01	110	Alejandro Reyes Galvez	2302	SO11547	TOPO_CHICO	1
2026-06-01	112	Felipe Pérez Guzmán	121	SO9428	VERTIV	1
2026-06-01	121	Stephany Ventura Arevalo	2302	SO11547	TOPO_CHICO	1
2026-06-01	124	Germán Emmanuel Merino Falcón	121	SO9428	VERTIV	1
2026-06-01	127	Cesar Gildardo Gómez Cano	121	SO9428	VERTIV	1
2026-06-01	128	Enoc Natanael Maldonado soto	121	SO9428	VERTIV	1
2026-06-01	130	Rolando vazquez garcia	121	SO9428	VERTIV	1
2026-06-01	131	Tomas Vázquez García	121	SO9428	VERTIV	1
2026-06-01	138	Tomas Arnoldo Loredo Mares	212	SO10337	BRIDGESTONE	1
2026-06-01	143	Arturo Hernández	212	SO10337	BRIDGESTONE	1
2026-06-01	149	Erick Belmont Kato	212	SO10337	BRIDGESTONE	1
2026-06-01	151	Roberto Contreras	2302	SO11547	TOPO_CHICO	1
2026-06-02	6	Leonel Cruz Cristobal	121	SO9428	VERTIV	1
2026-06-02	8	Francisco Montalvo Ramirez	2302	SO11547	TOPO_CHICO	1
2026-06-02	25	Héctor Cruz Hernández	2302	SO11547	TOPO_CHICO	1
2026-06-02	48	Luis Ángel García Cruz	160	SO10300	MAGNEKON	1
2026-06-02	55	Juan Manuel Sánchez Lugo	121	SO9428	VERTIV	1
2026-06-02	57	Samuel Ulises Alcántara	121	SO9428	VERTIV	1
2026-06-02	59	Gerardo Isai Lozano Davila	160	SO10300	MAGNEKON	1
2026-06-02	60	Teresa Ramos Rodríguez	121	SO9428	VERTIV	1
2026-06-02	62	Gilberto Gibran Solís Carrillo	160	SO10300	MAGNEKON	1
2026-06-02	63	Magaly Estefanía Pérez García	160	SO10300	MAGNEKON	1
2026-06-02	68	Jésus Montalvo Ramirez	2302	SO11547	TOPO_CHICO	1
2026-06-02	76	Carlos Eduardo Manzanares	121	SO9428	VERTIV	1
2026-06-02	78	Aldo Jesús Méndez Garza	2305	SO11557	USA	1
2026-06-02	79	José Luis Romero Grados	121	SO9428	VERTIV	1
2026-06-02	97	Rissia Xavier de Araujo	155	SO10344	BUDENHEIM	1
2026-06-02	98	Ricardo Alán Hernández González	2305	SO11557	USA	1
2026-06-02	101	Ana Laura Acevedo Flores	160	SO10300	MAGNEKON	1
2026-06-02	108	Pablo Bayly Fernández	160	SO10300	MAGNEKON	1
2026-06-02	110	Alejandro Reyes Galvez	2302	SO11547	TOPO_CHICO	1
2026-06-02	112	Felipe Pérez Guzmán	121	SO9428	VERTIV	1
2026-06-02	121	Stephany Ventura Arevalo	2302	SO11547	TOPO_CHICO	1
2026-06-02	124	Germán Emmanuel Merino Falcón	121	SO9428	VERTIV	1
2026-06-02	127	Cesar Gildardo Gómez Cano	121	SO9428	VERTIV	1
2026-06-02	128	Enoc Natanael Maldonado soto	121	SO9428	VERTIV	1
2026-06-02	130	Rolando vazquez garcia	121	SO9428	VERTIV	1
2026-06-02	131	Tomas Vázquez García	121	SO9428	VERTIV	1
2026-06-02	138	Tomas Arnoldo Loredo Mares	121	SO9428	VERTIV	1
2026-06-02	143	Arturo Hernández	155	SO10344	BUDENHEIM	1
2026-06-02	149	Erick Belmont Kato	160	SO10300	MAGNEKON	1
2026-06-02	151	Roberto Contreras	2302	SO11547	TOPO_CHICO	1
2026-06-03	6	Leonel Cruz Cristobal	121	SO9428	VERTIV	1
2026-06-03	8	Francisco Montalvo Ramirez	2302	SO11547	TOPO_CHICO	1
2026-06-03	25	Héctor Cruz Hernández	2302	SO11547	TOPO_CHICO	1
2026-06-03	55	Juan Manuel Sánchez Lugo	2302	SO11547	TOPO_CHICO	1
2026-06-03	57	Samuel Ulises Alcántara	121	SO9428	VERTIV	1
2026-06-03	59	Gerardo Isai Lozano Davila	160	SO10300	MAGNEKON	1
2026-06-03	60	Teresa Ramos Rodríguez	160	SO10300	MAGNEKON	1
2026-06-03	62	Gilberto Gibran Solís Carrillo	160	SO10300	MAGNEKON	1
2026-06-03	63	Magaly Estefanía Pérez García	160	SO10300	MAGNEKON	1
2026-06-03	68	Jésus Montalvo Ramirez	2302	SO11547	TOPO_CHICO	1
2026-06-03	75	Mateo Salazar	121	SO9428	VERTIV	1
2026-06-03	76	Carlos Eduardo Manzanares	121	SO9428	VERTIV	1
2026-06-03	78	Aldo Jesús Méndez Garza	121	SO9428	VERTIV	1
2026-06-03	79	José Luis Romero Grados	212	SO10337	BRIDGESTONE	1
2026-06-03	97	Rissia Xavier de Araujo	121	SO9428	VERTIV	1
2026-06-03	98	Ricardo Alán Hernández González	160	SO10300	MAGNEKON	1
2026-06-03	101	Ana Laura Acevedo Flores	160	SO10300	MAGNEKON	1
2026-06-03	110	Alejandro Reyes Galvez	2302	SO11547	TOPO_CHICO	1
2026-06-03	121	Stephany Ventura Arevalo	2302	SO11547	TOPO_CHICO	1
2026-06-03	124	Germán Emmanuel Merino Falcón	121	SO9428	VERTIV	1
2026-06-03	127	Cesar Gildardo Gómez Cano	121	SO9428	VERTIV	1
2026-06-03	128	Enoc Natanael Maldonado soto	121	SO9428	VERTIV	1
2026-06-03	130	Rolando vazquez garcia	121	SO9428	VERTIV	1
2026-06-03	131	Tomas Vázquez García	121	SO9428	VERTIV	1
2026-06-03	138	Tomas Arnoldo Loredo Mares	121	SO9428	VERTIV	1
2026-06-03	143	Arturo Hernández	121	SO9428	VERTIV	1
2026-06-03	149	Erick Belmont Kato	121	SO9428	VERTIV	1
2026-06-03	151	Roberto Contreras	2302	SO11547	TOPO_CHICO	1
2026-06-04	6	Leonel Cruz Cristobal	121	SO9428	VERTIV	1
2026-06-04	8	Francisco Montalvo Ramirez	2302	SO11547	TOPO_CHICO	1
2026-06-04	25	Héctor Cruz Hernández	2302	SO11547	TOPO_CHICO	1
2026-06-04	48	Luis Ángel García Cruz	160	SO10300	MAGNEKON	1
2026-06-04	55	Juan Manuel Sánchez Lugo	121	SO9428	VERTIV	1
2026-06-04	57	Samuel Ulises Alcántara	121	SO9428	VERTIV	1
2026-06-04	59	Gerardo Isai Lozano Davila	160	SO10300	MAGNEKON	1
2026-06-04	60	Teresa Ramos Rodríguez	160	SO10300	MAGNEKON	1
2026-06-04	62	Gilberto Gibran Solís Carrillo	160	SO10300	MAGNEKON	1
2026-06-04	63	Magaly Estefanía Pérez García	160	SO10300	MAGNEKON	1
2026-06-04	68	Jésus Montalvo Ramirez	2302	SO11547	TOPO_CHICO	1
2026-06-04	75	Mateo Salazar	2302	SO11547	TOPO_CHICO	1
2026-06-04	76	Carlos Eduardo Manzanares	121	SO9428	VERTIV	1
2026-06-04	78	Aldo Jesús Méndez Garza	160	SO10300	MAGNEKON	1
2026-06-04	79	José Luis Romero Grados	121	SO9428	VERTIV	1
2026-06-04	97	Rissia Xavier de Araujo	160	SO10300	MAGNEKON	1
2026-06-04	98	Ricardo Alán Hernández González				1
2026-06-04	101	Ana Laura Acevedo Flores	160	SO10300	MAGNEKON	1
2026-06-04	108	Pablo Bayly Fernández	160	SO10300	MAGNEKON	1
2026-06-04	110	Alejandro Reyes Galvez				1
2026-06-04	112	Felipe Pérez Guzmán	121	SO9428	VERTIV	3
2026-06-04	121	Stephany Ventura Arevalo	2302	SO11547	TOPO_CHICO	1
2026-06-04	124	Germán Emmanuel Merino Falcón	121	SO9428	VERTIV	1
2026-06-04	127	Cesar Gildardo Gómez Cano	121	SO9428	VERTIV	1
2026-06-04	128	Enoc Natanael Maldonado soto	121	SO9428	VERTIV	1
2026-06-04	130	Rolando vazquez garcia	121	SO9428	VERTIV	1
2026-06-04	131	Tomas Vázquez García	2302	SO11547	TOPO_CHICO	1
2026-06-04	138	Tomas Arnoldo Loredo Mares	121	SO9428	VERTIV	1
2026-06-04	143	Arturo Hernández	160	SO10300	MAGNEKON	1
2026-06-04	149	Erick Belmont Kato	160	SO10300	MAGNEKON	1
2026-06-04	151	Roberto Contreras	126	SO9667	MONDELEZ	1
2026-06-05	6	Leonel Cruz Cristobal	121	SO9428	VERTIV	1
2026-06-05	25	Héctor Cruz Hernández	2302	SO11547	TOPO_CHICO	1
2026-06-05	48	Luis Ángel García Cruz	160	SO10300	MAGNEKON	1
2026-06-05	55	Juan Manuel Sánchez Lugo	121	SO9428	VERTIV	1
2026-06-05	57	Samuel Ulises Alcántara	121	SO9428	VERTIV	1
2026-06-05	59	Gerardo Isai Lozano Davila	160	SO10300	MAGNEKON	1
2026-06-05	60	Teresa Ramos Rodríguez	160	SO10300	MAGNEKON	1
2026-06-05	63	Magaly Estefanía Pérez García	160	SO10300	MAGNEKON	1
2026-06-05	68	Jésus Montalvo Ramirez	2302	SO11547	TOPO_CHICO	1
2026-06-05	75	Mateo Salazar	2302	SO11547	TOPO_CHICO	1
2026-06-05	76	Carlos Eduardo Manzanares	121	SO9428	VERTIV	1
2026-06-05	78	Aldo Jesús Méndez Garza	160	SO10300	MAGNEKON	1
2026-06-05	79	José Luis Romero Grados	121	SO9428	VERTIV	1
2026-06-05	97	Rissia Xavier de Araujo	160	SO10300	MAGNEKON	1
2026-06-05	98	Ricardo Alán Hernández González	160	SO10300	MAGNEKON	1
2026-06-05	101	Ana Laura Acevedo Flores	160	SO10300	MAGNEKON	1
2026-06-05	108	Pablo Bayly Fernández	160	SO10300	MAGNEKON	1
2026-06-05	112	Felipe Pérez Guzmán	2302	SO11547	TOPO_CHICO	1
2026-06-05	121	Stephany Ventura Arevalo	2302	SO11547	TOPO_CHICO	1
2026-06-05	124	Germán Emmanuel Merino Falcón	121	SO9428	VERTIV	1
2026-06-05	127	Cesar Gildardo Gómez Cano	121	SO9428	VERTIV	1
2026-06-05	128	Enoc Natanael Maldonado soto				1
2026-06-05	130	Rolando vazquez garcia	121	SO9428	VERTIV	1
2026-06-05	131	Tomas Vázquez García	2302	SO11547	TOPO_CHICO	1
2026-06-05	138	Tomas Arnoldo Loredo Mares	121	SO9428	VERTIV	1
2026-06-05	143	Arturo Hernández	160	SO10300	MAGNEKON	1
2026-06-05	149	Erick Belmont Kato	160	SO10300	MAGNEKON	1
2026-06-05	151	Roberto Contreras	2302	SO11547	TOPO_CHICO	1
2026-06-07	124	Germán Emmanuel Merino Falcón	2302	SO11547	TOPO_CHICO	1
2026-06-08	6	Leonel Cruz Cristobal	121	SO9428	VERTIV	1
2026-06-08	8	Francisco Montalvo Ramirez	2302	SO11547	TOPO_CHICO	1
2026-06-08	25	Héctor Cruz Hernández	2302	SO11547	TOPO_CHICO	1
2026-06-08	48	Luis Ángel García Cruz	160	SO10300	MAGNEKON	1
2026-06-08	55	Juan Manuel Sánchez Lugo	121	SO9428	VERTIV	1
2026-06-08	57	Samuel Ulises Alcántara	121	SO9428	VERTIV	1
2026-06-08	59	Gerardo Isai Lozano Davila	160	SO10300	MAGNEKON	1
2026-06-08	60	Teresa Ramos Rodríguez	121	SO9428	VERTIV	1
2026-06-08	68	Jésus Montalvo Ramirez	2302	SO11547	TOPO_CHICO	1
2026-06-08	75	Mateo Salazar	121	SO9428	VERTIV	1
2026-06-08	78	Aldo Jesús Méndez Garza	160	SO10300	MAGNEKON	1
2026-06-08	79	José Luis Romero Grados	155	SO10344	BUDENHEIM	1
2026-06-08	97	Rissia Xavier de Araujo	160	SO10300	MAGNEKON	1
2026-06-08	98	Ricardo Alán Hernández González	155	SO10344	BUDENHEIM	1
2026-06-08	101	Ana Laura Acevedo Flores	160	SO10300	MAGNEKON	1
2026-06-08	108	Pablo Bayly Fernández	160	SO10300	MAGNEKON	1
2026-06-08	112	Felipe Pérez Guzmán	2302	SO11547	TOPO_CHICO	1
2026-06-08	121	Stephany Ventura Arevalo	2302	SO11547	TOPO_CHICO	1
2026-06-08	124	Germán Emmanuel Merino Falcón	121	SO9428	VERTIV	1
2026-06-08	127	Cesar Gildardo Gómez Cano	121	SO9428	VERTIV	1
2026-06-08	128	Enoc Natanael Maldonado soto	121	SO9428	VERTIV	1
2026-06-08	130	Rolando vazquez garcia	121	SO9428	VERTIV	1
2026-06-08	131	Tomas Vázquez García	2302	SO11547	TOPO_CHICO	1
2026-06-08	143	Arturo Hernández	160	SO10300	MAGNEKON	1
2026-06-08	149	Erick Belmont Kato	160	SO10300	MAGNEKON	1
2026-06-08	151	Roberto Contreras	2302	SO11547	TOPO_CHICO	1
2026-06-09	6	Leonel Cruz Cristobal	121	SO9428	VERTIV	1
2026-06-09	8	Francisco Montalvo Ramirez	2302	SO11547	TOPO_CHICO	1
2026-06-09	25	Héctor Cruz Hernández	2302	SO11547	TOPO_CHICO	1
2026-06-09	48	Luis Ángel García Cruz	160	SO10300	MAGNEKON	1
2026-06-09	55	Juan Manuel Sánchez Lugo	121	SO9428	VERTIV	1
2026-06-09	57	Samuel Ulises Alcántara	121	SO9428	VERTIV	1
2026-06-09	59	Gerardo Isai Lozano Davila	160	SO10300	MAGNEKON	1
2026-06-09	62	Gilberto Gibran Solís Carrillo	160	SO10300	MAGNEKON	1
2026-06-09	63	Magaly Estefanía Pérez García	160	SO10300	MAGNEKON	1
2026-06-09	68	Jésus Montalvo Ramirez	2302	SO11547	TOPO_CHICO	1
2026-06-09	75	Mateo Salazar	2302	SO11547	TOPO_CHICO	1
2026-06-09	76	Carlos Eduardo Manzanares	121	SO9428	VERTIV	1
2026-06-09	78	Aldo Jesús Méndez Garza	160	SO10300	MAGNEKON	1
2026-06-09	79	José Luis Romero Grados	121	SO9428	VERTIV	1
2026-06-09	97	Rissia Xavier de Araujo	160	SO10300	MAGNEKON	1
2026-06-09	98	Ricardo Alán Hernández González	160	SO10300	MAGNEKON	1
2026-06-09	101	Ana Laura Acevedo Flores	160	SO10300	MAGNEKON	1
2026-06-09	108	Pablo Bayly Fernández	160	SO10300	MAGNEKON	1
2026-06-09	112	Felipe Pérez Guzmán				1
2026-06-09	121	Stephany Ventura Arevalo	2302	SO11547	TOPO_CHICO	1
2026-06-09	124	Germán Emmanuel Merino Falcón	121	SO9428	VERTIV	1
2026-06-09	127	Cesar Gildardo Gómez Cano	121	SO9428	VERTIV	1
2026-06-09	128	Enoc Natanael Maldonado soto	121	SO9428	VERTIV	1
2026-06-09	130	Rolando vazquez garcia	121	SO9428	VERTIV	1
2026-06-09	131	Tomas Vázquez García	2302	SO11547	TOPO_CHICO	1
2026-06-09	138	Tomas Arnoldo Loredo Mares	121	SO9428	VERTIV	1
2026-06-09	143	Arturo Hernández	160	SO10300	MAGNEKON	1
2026-06-09	149	Erick Belmont Kato	160	SO10300	MAGNEKON	1
2026-06-09	151	Roberto Contreras	2302	SO11547	TOPO_CHICO	1
2026-06-10	6	Leonel Cruz Cristobal	121	SO9428	VERTIV	1
2026-06-10	8	Francisco Montalvo Ramirez	160	SO10300	MAGNEKON	1
2026-06-10	25	Héctor Cruz Hernández	2302	SO11547	TOPO_CHICO	1
2026-06-10	48	Luis Ángel García Cruz	160	SO10300	MAGNEKON	1
2026-06-10	55	Juan Manuel Sánchez Lugo	2302	SO11547	TOPO_CHICO	1
2026-06-10	57	Samuel Ulises Alcántara	121	SO9428	VERTIV	1
2026-06-10	59	Gerardo Isai Lozano Davila	160	SO10300	MAGNEKON	1
2026-06-10	60	Teresa Ramos Rodríguez	160	SO10300	MAGNEKON	1
2026-06-10	62	Gilberto Gibran Solís Carrillo	160	SO10300	MAGNEKON	1
2026-06-10	63	Magaly Estefanía Pérez García	160	SO10300	MAGNEKON	1
2026-06-10	68	Jésus Montalvo Ramirez	2302	SO11547	TOPO_CHICO	1
2026-06-10	75	Mateo Salazar	2302	SO11547	TOPO_CHICO	1
2026-06-10	76	Carlos Eduardo Manzanares				1
2026-06-10	78	Aldo Jesús Méndez Garza	160	SO10300	MAGNEKON	1
2026-06-10	79	José Luis Romero Grados	121	SO9428	VERTIV	1
2026-06-10	97	Rissia Xavier de Araujo	160	SO10300	MAGNEKON	1
2026-06-10	98	Ricardo Alán Hernández González	160	SO10300	MAGNEKON	1
2026-06-10	101	Ana Laura Acevedo Flores	160	SO10300	MAGNEKON	1
2026-06-10	108	Pablo Bayly Fernández	2302	SO11547	TOPO_CHICO	1
2026-06-10	112	Felipe Pérez Guzmán	121	SO9428	VERTIV	1
2026-06-10	121	Stephany Ventura Arevalo	2302	SO11547	TOPO_CHICO	1
2026-06-10	124	Germán Emmanuel Merino Falcón	121	SO9428	VERTIV	1
2026-06-10	127	Cesar Gildardo Gómez Cano	121	SO9428	VERTIV	1
2026-06-10	128	Enoc Natanael Maldonado soto	121	SO9428	VERTIV	1
2026-06-10	130	Rolando vazquez garcia	121	SO9428	VERTIV	1
2026-06-10	131	Tomas Vázquez García	2302	SO11547	TOPO_CHICO	1
2026-06-10	138	Tomas Arnoldo Loredo Mares	121	SO9428	VERTIV	1
2026-06-10	143	Arturo Hernández	160	SO10300	MAGNEKON	1
2026-06-10	149	Erick Belmont Kato	2302	SO11547	TOPO_CHICO	1
2026-06-10	151	Roberto Contreras	2302	SO11547	TOPO_CHICO	1
2026-06-11	6	Leonel Cruz Cristobal	121	SO9428	VERTIV	1
2026-06-11	8	Francisco Montalvo Ramirez	160	SO10300	MAGNEKON	1
2026-06-11	25	Héctor Cruz Hernández	2302	SO11547	TOPO_CHICO	1
2026-06-11	48	Luis Ángel García Cruz	160	SO10300	MAGNEKON	1
2026-06-11	55	Juan Manuel Sánchez Lugo	2302	SO11547	TOPO_CHICO	1
2026-06-11	57	Samuel Ulises Alcántara	121	SO9428	VERTIV	1
2026-06-11	59	Gerardo Isai Lozano Davila	160	SO10300	MAGNEKON	1
2026-06-11	60	Teresa Ramos Rodríguez	160	SO10300	MAGNEKON	1
2026-06-11	62	Gilberto Gibran Solís Carrillo	160	SO10300	MAGNEKON	1
2026-06-11	63	Magaly Estefanía Pérez García	160	SO10300	MAGNEKON	1
2026-06-11	68	Jésus Montalvo Ramirez	2302	SO11547	TOPO_CHICO	1
2026-06-11	75	Mateo Salazar	2302	SO11547	TOPO_CHICO	1
2026-06-11	76	Carlos Eduardo Manzanares	121	SO9428	VERTIV	1
2026-06-11	78	Aldo Jesús Méndez Garza	160	SO10300	MAGNEKON	1
2026-06-11	79	José Luis Romero Grados	121	SO9428	VERTIV	1
2026-06-11	97	Rissia Xavier de Araujo	160	SO10300	MAGNEKON	1
2026-06-11	98	Ricardo Alán Hernández González	2302	SO11547	TOPO_CHICO	1
2026-06-11	101	Ana Laura Acevedo Flores	212	SO10337	BRIDGESTONE	1
2026-06-11	108	Pablo Bayly Fernández	160	SO10300	MAGNEKON	1
2026-06-11	112	Felipe Pérez Guzmán	2302	SO11547	TOPO_CHICO	1
2026-06-11	121	Stephany Ventura Arevalo	2302	SO11547	TOPO_CHICO	1
2026-06-11	124	Germán Emmanuel Merino Falcón	121	SO9428	VERTIV	1
2026-06-11	127	Cesar Gildardo Gómez Cano	121	SO9428	VERTIV	1
2026-06-11	128	Enoc Natanael Maldonado soto	2302	SO11547	TOPO_CHICO	1
2026-06-11	130	Rolando vazquez garcia	2302	SO11547	TOPO_CHICO	1
2026-06-11	131	Tomas Vázquez García	2302	SO11547	TOPO_CHICO	1
2026-06-11	138	Tomas Arnoldo Loredo Mares	121	SO9428	VERTIV	1
2026-06-11	143	Arturo Hernández	160	SO10300	MAGNEKON	1
2026-06-11	149	Erick Belmont Kato	2302	SO11547	TOPO_CHICO	1
2026-06-11	151	Roberto Contreras	2302	SO11547	TOPO_CHICO	1
2026-06-12	6	Leonel Cruz Cristobal	121	SO9428	VERTIV	1
2026-06-12	8	Francisco Montalvo Ramirez	2302	SO11547	TOPO_CHICO	1
2026-06-12	25	Héctor Cruz Hernández	2302	SO11547	TOPO_CHICO	1
2026-06-12	55	Juan Manuel Sánchez Lugo	2302	SO11547	TOPO_CHICO	1
2026-06-12	57	Samuel Ulises Alcántara	121	SO9428	VERTIV	1
2026-06-12	59	Gerardo Isai Lozano Davila	160	SO10300	MAGNEKON	1
2026-06-12	60	Teresa Ramos Rodríguez	160	SO10300	MAGNEKON	1
2026-06-12	62	Gilberto Gibran Solís Carrillo				1
2026-06-12	63	Magaly Estefanía Pérez García	160	SO10300	MAGNEKON	1
2026-06-12	68	Jésus Montalvo Ramirez	2302	SO11547	TOPO_CHICO	1
2026-06-12	76	Carlos Eduardo Manzanares	121	SO9428	VERTIV	1
2026-06-12	78	Aldo Jesús Méndez Garza	2302	SO11547	TOPO_CHICO	1
2026-06-12	79	José Luis Romero Grados				1
2026-06-12	97	Rissia Xavier de Araujo	2302	SO11547	TOPO_CHICO	1
2026-06-12	101	Ana Laura Acevedo Flores	160	SO10300	MAGNEKON	1
2026-06-12	108	Pablo Bayly Fernández	160	SO10300	MAGNEKON	1
2026-06-12	112	Felipe Pérez Guzmán	121	SO9428	VERTIV	1
2026-06-12	121	Stephany Ventura Arevalo	2302	SO11547	TOPO_CHICO	1
2026-06-12	124	Germán Emmanuel Merino Falcón	121	SO9428	VERTIV	1
2026-06-12	127	Cesar Gildardo Gómez Cano	121	SO9428	VERTIV	1
2026-06-12	128	Enoc Natanael Maldonado soto	2302	SO11547	TOPO_CHICO	1
2026-06-12	130	Rolando vazquez garcia	121	SO9428	VERTIV	1
2026-06-12	131	Tomas Vázquez García	2302	SO11547	TOPO_CHICO	1
2026-06-12	138	Tomas Arnoldo Loredo Mares	121	SO9428	VERTIV	1
2026-06-12	143	Arturo Hernández	2302	SO11547	TOPO_CHICO	1
2026-06-12	149	Erick Belmont Kato	160	SO10300	MAGNEKON	1
2026-06-12	151	Roberto Contreras	2302	SO11547	TOPO_CHICO	1
2026-06-15	6	Leonel Cruz Cristobal	121	SO9428	VERTIV	1
2026-06-15	8	Francisco Montalvo Ramirez	160	SO10300	MAGNEKON	1
2026-06-15	25	Héctor Cruz Hernández	2302	SO11547	TOPO_CHICO	1
2026-06-15	55	Juan Manuel Sánchez Lugo	2302	SO11547	TOPO_CHICO	1
2026-06-15	59	Gerardo Isai Lozano Davila	160	SO10300	MAGNEKON	1
2026-06-15	60	Teresa Ramos Rodríguez	2305	SO11557	USA	1
2026-06-15	62	Gilberto Gibran Solís Carrillo	160	SO10300	MAGNEKON	1
2026-06-15	63	Magaly Estefanía Pérez García	160	SO10300	MAGNEKON	1
2026-06-15	68	Jésus Montalvo Ramirez	2302	SO11547	TOPO_CHICO	1
2026-06-15	76	Carlos Eduardo Manzanares	121	SO9428	VERTIV	1
2026-06-15	78	Aldo Jesús Méndez Garza	160	SO10300	MAGNEKON	1
2026-06-15	97	Rissia Xavier de Araujo	160	SO10300	MAGNEKON	1
2026-06-15	101	Ana Laura Acevedo Flores	160	SO10300	MAGNEKON	1
2026-06-15	108	Pablo Bayly Fernández	160	SO10300	MAGNEKON	1
2026-06-15	112	Felipe Pérez Guzmán	212	SO10337	BRIDGESTONE	1
2026-06-15	121	Stephany Ventura Arevalo	2302	SO11547	TOPO_CHICO	1
2026-06-15	124	Germán Emmanuel Merino Falcón	121	SO9428	VERTIV	1
2026-06-15	127	Cesar Gildardo Gómez Cano	121	SO9428	VERTIV	1
2026-06-15	128	Enoc Natanael Maldonado soto	2302	SO11547	TOPO_CHICO	1
2026-06-15	130	Rolando vazquez garcia	121	SO9428	VERTIV	1
2026-06-15	131	Tomas Vázquez García	2302	SO11547	TOPO_CHICO	1
2026-06-15	138	Tomas Arnoldo Loredo Mares	121	SO9428	VERTIV	1
2026-06-15	143	Arturo Hernández	160	SO10300	MAGNEKON	1
2026-06-15	149	Erick Belmont Kato	2305	SO11557	USA	1
2026-06-15	151	Roberto Contreras	2302	SO11547	TOPO_CHICO	1
2026-06-16	6	Leonel Cruz Cristobal	121	SO9428	VERTIV	1
2026-06-16	8	Francisco Montalvo Ramirez	2302	SO11547	TOPO_CHICO	1
2026-06-16	25	Héctor Cruz Hernández	2302	SO11547	TOPO_CHICO	1
2026-06-16	55	Juan Manuel Sánchez Lugo	2302	SO11547	TOPO_CHICO	1
2026-06-16	57	Samuel Ulises Alcántara	121	SO9428	VERTIV	1
2026-06-16	59	Gerardo Isai Lozano Davila	160	SO10300	MAGNEKON	1
2026-06-16	62	Gilberto Gibran Solís Carrillo	160	SO10300	MAGNEKON	1
2026-06-16	63	Magaly Estefanía Pérez García	160	SO10300	MAGNEKON	1
2026-06-16	68	Jésus Montalvo Ramirez	2302	SO11547	TOPO_CHICO	1
2026-06-16	76	Carlos Eduardo Manzanares	121	SO9428	VERTIV	1
2026-06-16	78	Aldo Jesús Méndez Garza	160	SO10300	MAGNEKON	1
2026-06-16	97	Rissia Xavier de Araujo	160	SO10300	MAGNEKON	1
2026-06-16	101	Ana Laura Acevedo Flores	160	SO10300	MAGNEKON	1
2026-06-16	108	Pablo Bayly Fernández	160	SO10300	MAGNEKON	1
2026-06-16	112	Felipe Pérez Guzmán	2302	SO11547	TOPO_CHICO	1
2026-06-16	121	Stephany Ventura Arevalo	2302	SO11547	TOPO_CHICO	1
2026-06-16	124	Germán Emmanuel Merino Falcón	121	SO9428	VERTIV	1
2026-06-16	127	Cesar Gildardo Gómez Cano	121	SO9428	VERTIV	1
2026-06-16	128	Enoc Natanael Maldonado soto	121	SO9428	VERTIV	1
2026-06-16	130	Rolando vazquez garcia	121	SO9428	VERTIV	1
2026-06-16	131	Tomas Vázquez García	2302	SO11547	TOPO_CHICO	1
2026-06-16	138	Tomas Arnoldo Loredo Mares	121	SO9428	VERTIV	1
2026-06-16	143	Arturo Hernández	160	SO10300	MAGNEKON	1
2026-06-16	149	Erick Belmont Kato	160	SO10300	MAGNEKON	1
2026-06-16	151	Roberto Contreras	2302	SO11547	TOPO_CHICO	1
2026-06-17	6	Leonel Cruz Cristobal	2302	SO11547	TOPO_CHICO	1
2026-06-17	8	Francisco Montalvo Ramirez	160	SO10300	MAGNEKON	1
2026-06-17	25	Héctor Cruz Hernández	2302	SO11547	TOPO_CHICO	1
2026-06-17	48	Luis Ángel García Cruz	160	SO10300	MAGNEKON	1
2026-06-17	55	Juan Manuel Sánchez Lugo	241	SO11290	NALCO_MEXICALI_ING	1
2026-06-17	57	Samuel Ulises Alcántara	121	SO9428	VERTIV	1
2026-06-17	59	Gerardo Isai Lozano Davila	160	SO10300	MAGNEKON	1
2026-06-17	62	Gilberto Gibran Solís Carrillo	160	SO10300	MAGNEKON	1
2026-06-17	63	Magaly Estefanía Pérez García	160	SO10300	MAGNEKON	1
2026-06-17	68	Jésus Montalvo Ramirez	2302	SO11547	TOPO_CHICO	1
2026-06-17	76	Carlos Eduardo Manzanares	121	SO9428	VERTIV	1
2026-06-17	78	Aldo Jesús Méndez Garza	160	SO10300	MAGNEKON	1
2026-06-17	79	José Luis Romero Grados	2302	SO11547	TOPO_CHICO	1
2026-06-17	97	Rissia Xavier de Araujo	160	SO10300	MAGNEKON	1
2026-06-17	98	Ricardo Alán Hernández González	160	SO10300	MAGNEKON	1
2026-06-17	101	Ana Laura Acevedo Flores	160	SO10300	MAGNEKON	1
2026-06-17	108	Pablo Bayly Fernández	160	SO10300	MAGNEKON	1
2026-06-17	112	Felipe Pérez Guzmán	2302	SO11547	TOPO_CHICO	1
2026-06-17	121	Stephany Ventura Arevalo	2302	SO11547	TOPO_CHICO	1
2026-06-17	124	Germán Emmanuel Merino Falcón	121	SO9428	VERTIV	1
2026-06-17	127	Cesar Gildardo Gómez Cano	121	SO9428	VERTIV	1
2026-06-17	128	Enoc Natanael Maldonado soto	121	SO9428	VERTIV	1
2026-06-17	130	Rolando vazquez garcia	121	SO9428	VERTIV	1
2026-06-17	131	Tomas Vázquez García	2302	SO11547	TOPO_CHICO	1
2026-06-17	138	Tomas Arnoldo Loredo Mares	121	SO9428	VERTIV	1
2026-06-17	143	Arturo Hernández	160	SO10300	MAGNEKON	1
2026-06-17	149	Erick Belmont Kato	2302	SO11547	TOPO_CHICO	1
2026-06-17	151	Roberto Contreras	2349	SO11762	TOPO_CHICO	1
2026-06-18	6	Leonel Cruz Cristobal	212	SO10337	BRIDGESTONE	1
2026-06-18	8	Francisco Montalvo Ramirez	160	SO10300	MAGNEKON	1
2026-06-18	25	Héctor Cruz Hernández	121	SO9428	VERTIV	1
2026-06-18	48	Luis Ángel García Cruz	160	SO10300	MAGNEKON	1
2026-06-18	55	Juan Manuel Sánchez Lugo	241	SO11290	NALCO_MEXICALI_ING	1
2026-06-18	57	Samuel Ulises Alcántara	2302	SO11547	TOPO_CHICO	1
2026-06-18	59	Gerardo Isai Lozano Davila	160	SO10300	MAGNEKON	1
2026-06-18	62	Gilberto Gibran Solís Carrillo	160	SO10300	MAGNEKON	1
2026-06-18	63	Magaly Estefanía Pérez García	160	SO10300	MAGNEKON	1
2026-06-18	68	Jésus Montalvo Ramirez	2302	SO11547	TOPO_CHICO	1
2026-06-18	76	Carlos Eduardo Manzanares	121	SO9428	VERTIV	1
2026-06-18	78	Aldo Jesús Méndez Garza	160	SO10300	MAGNEKON	1
2026-06-18	79	José Luis Romero Grados	212	SO10337	BRIDGESTONE	1
2026-06-18	97	Rissia Xavier de Araujo	241	SO11290	NALCO_MEXICALI_ING	1
2026-06-18	98	Ricardo Alán Hernández González	160	SO10300	MAGNEKON	1
2026-06-18	101	Ana Laura Acevedo Flores	160	SO10300	MAGNEKON	1
2026-06-18	108	Pablo Bayly Fernández	160	SO10300	MAGNEKON	1
2026-06-18	112	Felipe Pérez Guzmán	2302	SO11547	TOPO_CHICO	1
2026-06-18	121	Stephany Ventura Arevalo	212	SO10337	BRIDGESTONE	1
2026-06-18	124	Germán Emmanuel Merino Falcón	2302	SO11547	TOPO_CHICO	1
2026-06-18	127	Cesar Gildardo Gómez Cano	121	SO9428	VERTIV	1
2026-06-18	128	Enoc Natanael Maldonado soto	121	SO9428	VERTIV	1
2026-06-18	130	Rolando vazquez garcia	121	SO9428	VERTIV	1
2026-06-18	131	Tomas Vázquez García	121	SO9428	VERTIV	1
2026-06-18	138	Tomas Arnoldo Loredo Mares	121	SO9428	VERTIV	1
2026-06-18	143	Arturo Hernández	241	SO11290	NALCO_MEXICALI_ING	1
2026-06-18	149	Erick Belmont Kato	160	SO10300	MAGNEKON	1
2026-06-18	151	Roberto Contreras	2302	SO11547	TOPO_CHICO	1
2026-06-19	6	Leonel Cruz Cristobal	212	SO10337	BRIDGESTONE	1
2026-06-19	8	Francisco Montalvo Ramirez	160	SO10300	MAGNEKON	1
2026-06-19	25	Héctor Cruz Hernández	2302	SO11547	TOPO_CHICO	1
2026-06-19	48	Luis Ángel García Cruz	160	SO10300	MAGNEKON	1
2026-06-19	55	Juan Manuel Sánchez Lugo				1
2026-06-19	57	Samuel Ulises Alcántara	2302	SO11547	TOPO_CHICO	1
2026-06-19	59	Gerardo Isai Lozano Davila				1
2026-06-19	62	Gilberto Gibran Solís Carrillo				1
2026-06-19	63	Magaly Estefanía Pérez García	160	SO10300	MAGNEKON	1
2026-06-19	68	Jésus Montalvo Ramirez	2302	SO11547	TOPO_CHICO	1
2026-06-19	75	Mateo Salazar	212	SO10337	BRIDGESTONE	1
2026-06-19	76	Carlos Eduardo Manzanares	121	SO9428	VERTIV	1
2026-06-19	78	Aldo Jesús Méndez Garza				1
2026-06-19	79	José Luis Romero Grados				1
2026-06-19	97	Rissia Xavier de Araujo				1
2026-06-19	98	Ricardo Alán Hernández González	160	SO10300	MAGNEKON	1
2026-06-19	101	Ana Laura Acevedo Flores	160	SO10300	MAGNEKON	1
2026-06-19	108	Pablo Bayly Fernández				1
2026-06-19	112	Felipe Pérez Guzmán	2302	SO11547	TOPO_CHICO	1
2026-06-19	121	Stephany Ventura Arevalo	212	SO10337	BRIDGESTONE	1
2026-06-19	124	Germán Emmanuel Merino Falcón	2302	SO11547	TOPO_CHICO	1
2026-06-19	127	Cesar Gildardo Gómez Cano	121	SO9428	VERTIV	1
2026-06-19	128	Enoc Natanael Maldonado soto	121	SO9428	VERTIV	1
2026-06-19	130	Rolando vazquez garcia	121	SO9428	VERTIV	1
2026-06-19	131	Tomas Vázquez García				1
2026-06-19	138	Tomas Arnoldo Loredo Mares	2349	SO11762	TOPO_CHICO	1
2026-06-19	143	Arturo Hernández				1
2026-06-19	149	Erick Belmont Kato	160	SO10300	MAGNEKON	1
2026-06-19	151	Roberto Contreras	2302	SO11547	TOPO_CHICO	1
2026-06-21	78	Aldo Jesús Méndez Garza				1
2026-06-22	6	Leonel Cruz Cristobal	212	SO10337	BRIDGESTONE	1
2026-06-22	8	Francisco Montalvo Ramirez	2302	SO11547	TOPO_CHICO	1
2026-06-22	25	Héctor Cruz Hernández	2302	SO11547	TOPO_CHICO	1
2026-06-22	48	Luis Ángel García Cruz	160	SO10300	MAGNEKON	1
2026-06-22	55	Juan Manuel Sánchez Lugo	241	SO11290	NALCO_MEXICALI_ING	1
2026-06-22	59	Gerardo Isai Lozano Davila	160	SO10300	MAGNEKON	1
2026-06-22	63	Magaly Estefanía Pérez García	160	SO10300	MAGNEKON	1
2026-06-22	68	Jésus Montalvo Ramirez	2302	SO11547	TOPO_CHICO	1
2026-06-22	75	Mateo Salazar	212	SO10337	BRIDGESTONE	1
2026-06-22	76	Carlos Eduardo Manzanares	121	SO9428	VERTIV	1
2026-06-22	78	Aldo Jesús Méndez Garza	160	SO10300	MAGNEKON	1
2026-06-22	79	José Luis Romero Grados	212	SO10337	BRIDGESTONE	1
2026-06-22	97	Rissia Xavier de Araujo	160	SO10300	MAGNEKON	1
2026-06-22	98	Ricardo Alán Hernández González	160	SO10300	MAGNEKON	1
2026-06-22	101	Ana Laura Acevedo Flores	160	SO10300	MAGNEKON	1
2026-06-22	108	Pablo Bayly Fernández	160	SO10300	MAGNEKON	1
2026-06-22	112	Felipe Pérez Guzmán	212	SO10337	BRIDGESTONE	1
2026-06-22	121	Stephany Ventura Arevalo	212	SO10337	BRIDGESTONE	1
2026-06-22	124	Germán Emmanuel Merino Falcón	2302	SO11547	TOPO_CHICO	1
2026-06-22	127	Cesar Gildardo Gómez Cano	121	SO9428	VERTIV	1
2026-06-22	128	Enoc Natanael Maldonado soto	121	SO9428	VERTIV	1
2026-06-22	131	Tomas Vázquez García	121	SO9428	VERTIV	1
2026-06-22	143	Arturo Hernández				1
2026-06-22	149	Erick Belmont Kato	241	SO11290	NALCO_MEXICALI_ING	1
2026-06-22	151	Roberto Contreras	2302	SO11547	TOPO_CHICO	1
2026-06-22	153	Eduardo Garza	160	SO10300	MAGNEKON	2
2026-06-23	6	Leonel Cruz Cristobal				1
2026-06-23	8	Francisco Montalvo Ramirez	160	SO10300	MAGNEKON	1
2026-06-23	25	Héctor Cruz Hernández	2302	SO11547	TOPO_CHICO	1
2026-06-23	48	Luis Ángel García Cruz	160	SO10300	MAGNEKON	1
2026-06-23	55	Juan Manuel Sánchez Lugo	2302	SO11547	TOPO_CHICO	1
2026-06-23	59	Gerardo Isai Lozano Davila				1
2026-06-23	62	Gilberto Gibran Solís Carrillo				1
2026-06-23	63	Magaly Estefanía Pérez García	160	SO10300	MAGNEKON	1
2026-06-23	68	Jésus Montalvo Ramirez	2302	SO11547	TOPO_CHICO	1
2026-06-23	75	Mateo Salazar	212	SO10337	BRIDGESTONE	1
2026-06-23	76	Carlos Eduardo Manzanares	121	SO9428	VERTIV	1
2026-06-23	78	Aldo Jesús Méndez Garza	160	SO10300	MAGNEKON	1
2026-06-23	79	José Luis Romero Grados	212	SO10337	BRIDGESTONE	1
2026-06-23	97	Rissia Xavier de Araujo	160	SO10300	MAGNEKON	1
2026-06-23	98	Ricardo Alán Hernández González	160	SO10300	MAGNEKON	1
2026-06-23	101	Ana Laura Acevedo Flores	160	SO10300	MAGNEKON	1
2026-06-23	108	Pablo Bayly Fernández	160	SO10300	MAGNEKON	1
2026-06-23	112	Felipe Pérez Guzmán	2302	SO11547	TOPO_CHICO	1
2026-06-23	121	Stephany Ventura Arevalo	212	SO10337	BRIDGESTONE	1
2026-06-23	124	Germán Emmanuel Merino Falcón	2302	SO11547	TOPO_CHICO	1
2026-06-23	127	Cesar Gildardo Gómez Cano	2302	SO11547	TOPO_CHICO	1
2026-06-23	128	Enoc Natanael Maldonado soto	2302	SO11547	TOPO_CHICO	1
2026-06-23	130	Rolando vazquez garcia	121	SO9428	VERTIV	1
2026-06-23	131	Tomas Vázquez García	2302	SO11547	TOPO_CHICO	1
2026-06-23	138	Tomas Arnoldo Loredo Mares	121	SO9428	VERTIV	1
2026-06-23	143	Arturo Hernández	160	SO10300	MAGNEKON	1
2026-06-23	149	Erick Belmont Kato	160	SO10300	MAGNEKON	1
2026-06-23	151	Roberto Contreras	2302	SO11547	TOPO_CHICO	1
2026-06-23	153	Eduardo Garza	160	SO10300	MAGNEKON	1
2026-06-24	6	Leonel Cruz Cristobal	212	SO10337	BRIDGESTONE	1
2026-06-24	8	Francisco Montalvo Ramirez	2302	SO11547	TOPO_CHICO	1
2026-06-24	25	Héctor Cruz Hernández	2302	SO11547	TOPO_CHICO	1
2026-06-24	48	Luis Ángel García Cruz	160	SO10300	MAGNEKON	1
2026-06-24	55	Juan Manuel Sánchez Lugo	2302	SO11547	TOPO_CHICO	1
2026-06-24	59	Gerardo Isai Lozano Davila	160	SO10300	MAGNEKON	1
2026-06-24	62	Gilberto Gibran Solís Carrillo	160	SO10300	MAGNEKON	1
2026-06-24	63	Magaly Estefanía Pérez García	160	SO10300	MAGNEKON	1
2026-06-24	68	Jésus Montalvo Ramirez	2302	SO11547	TOPO_CHICO	1
2026-06-24	75	Mateo Salazar	212	SO10337	BRIDGESTONE	1
2026-06-24	76	Carlos Eduardo Manzanares	121	SO9428	VERTIV	1
2026-06-24	78	Aldo Jesús Méndez Garza	160	SO10300	MAGNEKON	1
2026-06-24	79	José Luis Romero Grados	212	SO10337	BRIDGESTONE	1
2026-06-24	97	Rissia Xavier de Araujo	160	SO10300	MAGNEKON	1
2026-06-24	98	Ricardo Alán Hernández González	160	SO10300	MAGNEKON	1
2026-06-24	101	Ana Laura Acevedo Flores	160	SO10300	MAGNEKON	1
2026-06-24	108	Pablo Bayly Fernández	160	SO10300	MAGNEKON	1
2026-06-24	112	Felipe Pérez Guzmán	2302	SO11547	TOPO_CHICO	1
2026-06-24	121	Stephany Ventura Arevalo	212	SO10337	BRIDGESTONE	1
2026-06-24	124	Germán Emmanuel Merino Falcón	2302	SO11547	TOPO_CHICO	1
2026-06-24	127	Cesar Gildardo Gómez Cano	121	SO9428	VERTIV	1
2026-06-24	128	Enoc Natanael Maldonado soto	2302	SO11547	TOPO_CHICO	1
2026-06-24	130	Rolando vazquez garcia	121	SO9428	VERTIV	1
2026-06-24	131	Tomas Vázquez García	2302	SO11547	TOPO_CHICO	1
2026-06-24	138	Tomas Arnoldo Loredo Mares	121	SO9428	VERTIV	1
2026-06-24	143	Arturo Hernández	2302	SO11547	TOPO_CHICO	1
2026-06-24	149	Erick Belmont Kato	160	SO10300	MAGNEKON	1
2026-06-24	151	Roberto Contreras	2302	SO11547	TOPO_CHICO	1
2026-06-24	153	Eduardo Garza	160	SO10300	MAGNEKON	1
2026-06-24	154	Ramiro Segovia Lopez	160	SO10300	MAGNEKON	1
2026-06-25	6	Leonel Cruz Cristobal	212	SO10337	BRIDGESTONE	1
2026-06-25	8	Francisco Montalvo Ramirez	2302	SO11547	TOPO_CHICO	1
2026-06-25	25	Héctor Cruz Hernández	2302	SO11547	TOPO_CHICO	1
2026-06-25	48	Luis Ángel García Cruz	160	SO10300	MAGNEKON	1
2026-06-25	55	Juan Manuel Sánchez Lugo	2302	SO11547	TOPO_CHICO	1
2026-06-25	59	Gerardo Isai Lozano Davila	160	SO10300	MAGNEKON	1
2026-06-25	62	Gilberto Gibran Solís Carrillo	160	SO10300	MAGNEKON	1
2026-06-25	63	Magaly Estefanía Pérez García	160	SO10300	MAGNEKON	1
2026-06-25	68	Jésus Montalvo Ramirez	2302	SO11547	TOPO_CHICO	1
2026-06-25	75	Mateo Salazar	212	SO10337	BRIDGESTONE	1
2026-06-25	76	Carlos Eduardo Manzanares	121	SO9428	VERTIV	1
2026-06-25	78	Aldo Jesús Méndez Garza	160	SO10300	MAGNEKON	1
2026-06-25	97	Rissia Xavier de Araujo	160	SO10300	MAGNEKON	1
2026-06-25	98	Ricardo Alán Hernández González	160	SO10300	MAGNEKON	1
2026-06-25	101	Ana Laura Acevedo Flores	160	SO10300	MAGNEKON	1
2026-06-25	108	Pablo Bayly Fernández	160	SO10300	MAGNEKON	1
2026-06-25	112	Felipe Pérez Guzmán	2302	SO11547	TOPO_CHICO	1
2026-06-25	121	Stephany Ventura Arevalo	212	SO10337	BRIDGESTONE	1
2026-06-25	124	Germán Emmanuel Merino Falcón	2302	SO11547	TOPO_CHICO	1
2026-06-25	127	Cesar Gildardo Gómez Cano	121	SO9428	VERTIV	1
2026-06-25	128	Enoc Natanael Maldonado soto	2302	SO11547	TOPO_CHICO	1
2026-06-25	130	Rolando vazquez garcia	2302	SO11547	TOPO_CHICO	1
2026-06-25	131	Tomas Vázquez García	2302	SO11547	TOPO_CHICO	1
2026-06-25	138	Tomas Arnoldo Loredo Mares	2302	SO11547	TOPO_CHICO	1
2026-06-25	143	Arturo Hernández	160	SO10300	MAGNEKON	1
2026-06-25	149	Erick Belmont Kato	160	SO10300	MAGNEKON	1
2026-06-25	151	Roberto Contreras	2302	SO11547	TOPO_CHICO	1
2026-06-25	153	Eduardo Garza	160	SO10300	MAGNEKON	1
2026-06-25	154	Ramiro Segovia Lopez	2302	SO11547	TOPO_CHICO	1
2026-06-26	6	Leonel Cruz Cristobal	2302	SO11547	TOPO_CHICO	1
2026-06-26	8	Francisco Montalvo Ramirez	2302	SO11547	TOPO_CHICO	1
2026-06-26	25	Héctor Cruz Hernández	2302	SO11547	TOPO_CHICO	1
2026-06-26	48	Luis Ángel García Cruz	160	SO10300	MAGNEKON	1
2026-06-26	55	Juan Manuel Sánchez Lugo	2302	SO11547	TOPO_CHICO	1
2026-06-26	59	Gerardo Isai Lozano Davila	160	SO10300	MAGNEKON	1
2026-06-26	62	Gilberto Gibran Solís Carrillo	2302	SO11547	TOPO_CHICO	1
2026-06-26	63	Magaly Estefanía Pérez García	160	SO10300	MAGNEKON	1
2026-06-26	68	Jésus Montalvo Ramirez	2302	SO11547	TOPO_CHICO	1
2026-06-26	75	Mateo Salazar	2302	SO11547	TOPO_CHICO	1
2026-06-26	76	Carlos Eduardo Manzanares	121	SO9428	VERTIV	1
2026-06-26	78	Aldo Jesús Méndez Garza				1
2026-06-26	79	José Luis Romero Grados	121	SO9428	VERTIV	1
2026-06-26	97	Rissia Xavier de Araujo	160	SO10300	MAGNEKON	1
2026-06-26	98	Ricardo Alán Hernández González				1
2026-06-26	101	Ana Laura Acevedo Flores	160	SO10300	MAGNEKON	1
2026-06-26	108	Pablo Bayly Fernández				1
2026-06-26	112	Felipe Pérez Guzmán				1
2026-06-26	121	Stephany Ventura Arevalo	2302	SO11547	TOPO_CHICO	1
2026-06-26	127	Cesar Gildardo Gómez Cano	121	SO9428	VERTIV	1
2026-06-26	128	Enoc Natanael Maldonado soto	2302	SO11547	TOPO_CHICO	1
2026-06-26	130	Rolando vazquez garcia	2302	SO11547	TOPO_CHICO	1
2026-06-26	131	Tomas Vázquez García	2302	SO11547	TOPO_CHICO	1
2026-06-26	138	Tomas Arnoldo Loredo Mares	121	SO9428	VERTIV	1
2026-06-26	143	Arturo Hernández	2302	SO11547	TOPO_CHICO	1
2026-06-26	149	Erick Belmont Kato	160	SO10300	MAGNEKON	1
2026-06-26	151	Roberto Contreras	2302	SO11547	TOPO_CHICO	1
2026-06-26	154	Ramiro Segovia Lopez	2302	SO11547	TOPO_CHICO	1
2026-06-29	8	Francisco Montalvo Ramirez				1
2026-06-29	25	Héctor Cruz Hernández	2302	SO11547	TOPO_CHICO	1
2026-06-29	55	Juan Manuel Sánchez Lugo	241	SO11290	NALCO_MEXICALI_ING	1
2026-06-29	59	Gerardo Isai Lozano Davila				1
2026-06-29	62	Gilberto Gibran Solís Carrillo				1
2026-06-29	68	Jésus Montalvo Ramirez	2302	SO11547	TOPO_CHICO	1
2026-06-29	75	Mateo Salazar	212	SO10337	BRIDGESTONE	1
2026-06-29	76	Carlos Eduardo Manzanares	121	SO9428	VERTIV	1
2026-06-29	78	Aldo Jesús Méndez Garza				1
2026-06-29	79	José Luis Romero Grados	212	SO10337	BRIDGESTONE	1
2026-06-29	98	Ricardo Alán Hernández González				1
2026-06-29	108	Pablo Bayly Fernández				1
2026-06-29	112	Felipe Pérez Guzmán	212	SO10337	BRIDGESTONE	1
2026-06-29	121	Stephany Ventura Arevalo	212	SO10337	BRIDGESTONE	1
2026-06-29	124	Germán Emmanuel Merino Falcón	2302	SO11547	TOPO_CHICO	1
2026-06-29	127	Cesar Gildardo Gómez Cano	121	SO9428	VERTIV	1
2026-06-29	128	Enoc Natanael Maldonado soto	2302	SO11547	TOPO_CHICO	1
2026-06-29	130	Rolando vazquez garcia	121	SO9428	VERTIV	1
2026-06-29	131	Tomas Vázquez García	2302	SO11547	TOPO_CHICO	1
2026-06-29	138	Tomas Arnoldo Loredo Mares	121	SO9428	VERTIV	1
2026-06-29	143	Arturo Hernández				1
2026-06-29	149	Erick Belmont Kato				1
2026-06-29	151	Roberto Contreras	2302	SO11547	TOPO_CHICO	1
2026-06-29	153	Eduardo Garza				1
2026-06-29	154	Ramiro Segovia Lopez	2302	SO11547	TOPO_CHICO	1
2026-06-30	6	Leonel Cruz Cristobal	2302	SO11547	TOPO_CHICO	1
2026-06-30	8	Francisco Montalvo Ramirez				1
2026-06-30	25	Héctor Cruz Hernández	2302	SO11547	TOPO_CHICO	1
2026-06-30	48	Luis Ángel García Cruz				1
2026-06-30	55	Juan Manuel Sánchez Lugo	241	SO11290	NALCO_MEXICALI_ING	1
2026-06-30	57	Samuel Ulises Alcántara	2349	SO11762	TOPO_CHICO	1
2026-06-30	59	Gerardo Isai Lozano Davila				1
2026-06-30	62	Gilberto Gibran Solís Carrillo				1
2026-06-30	63	Magaly Estefanía Pérez García				1
2026-06-30	68	Jésus Montalvo Ramirez	2302	SO11547	TOPO_CHICO	1
2026-06-30	75	Mateo Salazar	212	SO10337	BRIDGESTONE	1
2026-06-30	76	Carlos Eduardo Manzanares	121	SO9428	VERTIV	1
2026-06-30	79	José Luis Romero Grados	212	SO10337	BRIDGESTONE	1
2026-06-30	98	Ricardo Alán Hernández González				1
2026-06-30	101	Ana Laura Acevedo Flores				1
2026-06-30	108	Pablo Bayly Fernández				1
2026-06-30	112	Felipe Pérez Guzmán				1
2026-06-30	121	Stephany Ventura Arevalo	212	SO10337	BRIDGESTONE	1
2026-06-30	124	Germán Emmanuel Merino Falcón	2302	SO11547	TOPO_CHICO	1
2026-06-30	127	Cesar Gildardo Gómez Cano	121	SO9428	VERTIV	1
2026-06-30	128	Enoc Natanael Maldonado soto	121	SO9428	VERTIV	1
2026-06-30	130	Rolando vazquez garcia	121	SO9428	VERTIV	1
2026-06-30	131	Tomas Vázquez García	2302	SO11547	TOPO_CHICO	1
2026-06-30	138	Tomas Arnoldo Loredo Mares	2302	SO11547	TOPO_CHICO	1
2026-06-30	143	Arturo Hernández				1
2026-06-30	149	Erick Belmont Kato				1
2026-06-30	151	Roberto Contreras	2349	SO11762	TOPO_CHICO	1
2026-06-30	153	Eduardo Garza				1
2026-06-30	154	Ramiro Segovia Lopez	2302	SO11547	TOPO_CHICO	1
2026-07-01	6	Leonel Cruz Cristobal	2302	SO11547	TOPO_CHICO	1
2026-07-01	8	Francisco Montalvo Ramirez	2302	SO11547	TOPO_CHICO	1
2026-07-01	25	Héctor Cruz Hernández	2302	SO11547	TOPO_CHICO	1
2026-07-01	48	Luis Ángel García Cruz				1
2026-07-01	55	Juan Manuel Sánchez Lugo	2302	SO11547	TOPO_CHICO	1
2026-07-01	57	Samuel Ulises Alcántara	2302	SO11547	TOPO_CHICO	1
2026-07-01	59	Gerardo Isai Lozano Davila				1
2026-07-01	62	Gilberto Gibran Solís Carrillo				1
2026-07-01	63	Magaly Estefanía Pérez García				1
2026-07-01	68	Jésus Montalvo Ramirez	2302	SO11547	TOPO_CHICO	1
2026-07-01	75	Mateo Salazar	2302	SO11547	TOPO_CHICO	1
2026-07-01	76	Carlos Eduardo Manzanares	121	SO9428	VERTIV	1
2026-07-01	78	Aldo Jesús Méndez Garza				1
2026-07-01	79	José Luis Romero Grados	2302	SO11547	TOPO_CHICO	1
2026-07-01	98	Ricardo Alán Hernández González				1
2026-07-01	101	Ana Laura Acevedo Flores				1
2026-07-01	108	Pablo Bayly Fernández				1
2026-07-01	112	Felipe Pérez Guzmán				1
2026-07-01	121	Stephany Ventura Arevalo	2302	SO11547	TOPO_CHICO	1
2026-07-01	127	Cesar Gildardo Gómez Cano	2302	SO11547	TOPO_CHICO	1
2026-07-01	128	Enoc Natanael Maldonado soto	121	SO9428	VERTIV	1
2026-07-01	130	Rolando vazquez garcia	2302	SO11547	TOPO_CHICO	1
2026-07-01	131	Tomas Vázquez García	2302	SO11547	TOPO_CHICO	1
2026-07-01	138	Tomas Arnoldo Loredo Mares	2302	SO11547	TOPO_CHICO	1
2026-07-01	143	Arturo Hernández				1
2026-07-01	149	Erick Belmont Kato				1
2026-07-01	151	Roberto Contreras	2302	SO11547	TOPO_CHICO	1
2026-07-01	153	Eduardo Garza				1
2026-07-01	154	Ramiro Segovia Lopez				1
2026-07-02	6	Leonel Cruz Cristobal	2302	SO11547	TOPO_CHICO	1
2026-07-02	8	Francisco Montalvo Ramirez				1
2026-07-02	25	Héctor Cruz Hernández	2302	SO11547	TOPO_CHICO	1
2026-07-02	55	Juan Manuel Sánchez Lugo	2302	SO11547	TOPO_CHICO	1
2026-07-02	57	Samuel Ulises Alcántara	2302	SO11547	TOPO_CHICO	1
2026-07-02	59	Gerardo Isai Lozano Davila	160	SO10300	MAGNEKON	1
2026-07-02	62	Gilberto Gibran Solís Carrillo	160	SO10300	MAGNEKON	1
2026-07-02	63	Magaly Estefanía Pérez García	160	SO10300	MAGNEKON	1
2026-07-02	68	Jésus Montalvo Ramirez	2302	SO11547	TOPO_CHICO	1
2026-07-02	75	Mateo Salazar	2302	SO11547	TOPO_CHICO	1
2026-07-02	76	Carlos Eduardo Manzanares	121	SO9428	VERTIV	1
2026-07-02	78	Aldo Jesús Méndez Garza	160	SO10300	MAGNEKON	1
2026-07-02	79	José Luis Romero Grados	2302	SO11547	TOPO_CHICO	1
2026-07-02	98	Ricardo Alán Hernández González				1
2026-07-02	101	Ana Laura Acevedo Flores	160	SO10300	MAGNEKON	1
2026-07-02	108	Pablo Bayly Fernández				1
2026-07-02	112	Felipe Pérez Guzmán	2302	SO11547	TOPO_CHICO	1
2026-07-02	121	Stephany Ventura Arevalo	2302	SO11547	TOPO_CHICO	1
2026-07-02	124	Germán Emmanuel Merino Falcón	2302	SO11547	TOPO_CHICO	1
2026-07-02	127	Cesar Gildardo Gómez Cano	121	SO9428	VERTIV	1
2026-07-02	128	Enoc Natanael Maldonado soto	121	SO9428	VERTIV	1
2026-07-02	130	Rolando vazquez garcia	121	SO9428	VERTIV	1
2026-07-02	131	Tomas Vázquez García	2302	SO11547	TOPO_CHICO	1
2026-07-02	138	Tomas Arnoldo Loredo Mares	2302	SO11547	TOPO_CHICO	1
2026-07-02	143	Arturo Hernández	160	SO10300	MAGNEKON	1
2026-07-02	149	Erick Belmont Kato	2302	SO11547	TOPO_CHICO	1
2026-07-02	153	Eduardo Garza				1
2026-07-02	154	Ramiro Segovia Lopez	2302	SO11547	TOPO_CHICO	1
2026-07-03	6	Leonel Cruz Cristobal	2302	SO11547	TOPO_CHICO	1
2026-07-03	8	Francisco Montalvo Ramirez	2302	SO11547	TOPO_CHICO	1
2026-07-03	25	Héctor Cruz Hernández	2302	SO11547	TOPO_CHICO	1
2026-07-03	55	Juan Manuel Sánchez Lugo	2302	SO11547	TOPO_CHICO	1
2026-07-03	57	Samuel Ulises Alcántara	2302	SO11547	TOPO_CHICO	1
2026-07-03	59	Gerardo Isai Lozano Davila				1
2026-07-03	62	Gilberto Gibran Solís Carrillo				1
2026-07-03	63	Magaly Estefanía Pérez García				1
2026-07-03	68	Jésus Montalvo Ramirez				1
2026-07-03	75	Mateo Salazar	2302	SO11547	TOPO_CHICO	1
2026-07-03	76	Carlos Eduardo Manzanares	121	SO9428	VERTIV	1
2026-07-03	78	Aldo Jesús Méndez Garza				1
2026-07-03	79	José Luis Romero Grados	2302	SO11547	TOPO_CHICO	1
2026-07-03	97	Rissia Xavier de Araujo				1
2026-07-03	101	Ana Laura Acevedo Flores				1
2026-07-03	108	Pablo Bayly Fernández				1
2026-07-03	112	Felipe Pérez Guzmán				1
2026-07-03	121	Stephany Ventura Arevalo	2302	SO11547	TOPO_CHICO	1
2026-07-03	124	Germán Emmanuel Merino Falcón	2302	SO11547	TOPO_CHICO	1
2026-07-03	127	Cesar Gildardo Gómez Cano	121	SO9428	VERTIV	1
2026-07-03	128	Enoc Natanael Maldonado soto	121	SO9428	VERTIV	1
2026-07-03	131	Tomas Vázquez García	121	SO9428	VERTIV	1
2026-07-03	138	Tomas Arnoldo Loredo Mares	2302	SO11547	TOPO_CHICO	1
2026-07-03	143	Arturo Hernández				1
2026-07-03	149	Erick Belmont Kato				1
2026-07-03	153	Eduardo Garza				1
2026-07-03	154	Ramiro Segovia Lopez				1
2026-07-06	6	Leonel Cruz Cristobal	2302	SO11547	TOPO_CHICO	1
2026-07-06	8	Francisco Montalvo Ramirez	2302	SO11547	TOPO_CHICO	1
2026-07-06	25	Héctor Cruz Hernández	2302	SO11547	TOPO_CHICO	1
2026-07-06	57	Samuel Ulises Alcántara	2302	SO11547	TOPO_CHICO	1
2026-07-06	59	Gerardo Isai Lozano Davila				1
2026-07-06	62	Gilberto Gibran Solís Carrillo				1
2026-07-06	63	Magaly Estefanía Pérez García				1
2026-07-06	68	Jésus Montalvo Ramirez	2302	SO11547	TOPO_CHICO	1
2026-07-06	75	Mateo Salazar	2302	SO11547	TOPO_CHICO	1
2026-07-06	76	Carlos Eduardo Manzanares	121	SO9428	VERTIV	1
2026-07-06	78	Aldo Jesús Méndez Garza				1
2026-07-06	79	José Luis Romero Grados	2302	SO11547	TOPO_CHICO	1
2026-07-06	97	Rissia Xavier de Araujo				1
2026-07-06	101	Ana Laura Acevedo Flores				1
2026-07-06	108	Pablo Bayly Fernández				1
2026-07-06	112	Felipe Pérez Guzmán	2302	SO11547	TOPO_CHICO	1
2026-07-06	121	Stephany Ventura Arevalo	2302	SO11547	TOPO_CHICO	1
2026-07-06	124	Germán Emmanuel Merino Falcón	121	SO9428	VERTIV	1
2026-07-06	127	Cesar Gildardo Gómez Cano	121	SO9428	VERTIV	1
2026-07-06	128	Enoc Natanael Maldonado soto	121	SO9428	VERTIV	1
2026-07-06	131	Tomas Vázquez García	121	SO9428	VERTIV	1
2026-07-06	143	Arturo Hernández				1
2026-07-06	149	Erick Belmont Kato				1
2026-07-06	153	Eduardo Garza				1
2026-07-06	154	Ramiro Segovia Lopez	2302	SO11547	TOPO_CHICO	1
2026-07-07	6	Leonel Cruz Cristobal	2302	SO11547	TOPO_CHICO	1
2026-07-07	8	Francisco Montalvo Ramirez	2302	SO11547	TOPO_CHICO	1
2026-07-07	25	Héctor Cruz Hernández	2302	SO11547	TOPO_CHICO	1
2026-07-07	32	Jesus Esteban De La Cruz Calderon				1
2026-07-07	48	Luis Ángel García Cruz				1
2026-07-07	57	Samuel Ulises Alcántara	2302	SO11547	TOPO_CHICO	1
2026-07-07	59	Gerardo Isai Lozano Davila	160	SO10300	MAGNEKON	1
2026-07-07	62	Gilberto Gibran Solís Carrillo	160	SO10300	MAGNEKON	1
2026-07-07	63	Magaly Estefanía Pérez García				1
2026-07-07	68	Jésus Montalvo Ramirez	2302	SO11547	TOPO_CHICO	1
2026-07-07	75	Mateo Salazar	2302	SO11547	TOPO_CHICO	1
2026-07-07	76	Carlos Eduardo Manzanares	121	SO9428	VERTIV	1
2026-07-07	78	Aldo Jesús Méndez Garza				1
2026-07-07	79	José Luis Romero Grados	2302	SO11547	TOPO_CHICO	1
2026-07-07	97	Rissia Xavier de Araujo	506	SO11492	MISSION_FOODS	1
2026-07-07	101	Ana Laura Acevedo Flores				1
2026-07-07	108	Pablo Bayly Fernández	160	SO10300	MAGNEKON	1
2026-07-07	112	Felipe Pérez Guzmán	2302	SO11547	TOPO_CHICO	1
2026-07-07	121	Stephany Ventura Arevalo	2302	SO11547	TOPO_CHICO	1
2026-07-07	124	Germán Emmanuel Merino Falcón	121	SO9428	VERTIV	1
2026-07-07	127	Cesar Gildardo Gómez Cano	121	SO9428	VERTIV	1
2026-07-07	128	Enoc Natanael Maldonado soto	121	SO9428	VERTIV	1
2026-07-07	130	Rolando vazquez garcia	121	SO9428	VERTIV	1
2026-07-07	131	Tomas Vázquez García	2302	SO11547	TOPO_CHICO	1
2026-07-07	143	Arturo Hernández				1
2026-07-07	149	Erick Belmont Kato				1
2026-07-07	153	Eduardo Garza				1
2026-07-07	154	Ramiro Segovia Lopez	2302	SO11547	TOPO_CHICO	1
2026-07-08	6	Leonel Cruz Cristobal	2302	SO11547	TOPO_CHICO	1
2026-07-08	8	Francisco Montalvo Ramirez	2302	SO11547	TOPO_CHICO	1
2026-07-08	25	Héctor Cruz Hernández	2302	SO11547	TOPO_CHICO	1
2026-07-08	48	Luis Ángel García Cruz				1
2026-07-08	57	Samuel Ulises Alcántara	2302	SO11547	TOPO_CHICO	1
2026-07-08	59	Gerardo Isai Lozano Davila				1
2026-07-08	62	Gilberto Gibran Solís Carrillo	2302	SO11547	TOPO_CHICO	1
2026-07-08	63	Magaly Estefanía Pérez García				1
2026-07-08	68	Jésus Montalvo Ramirez	2302	SO11547	TOPO_CHICO	1
2026-07-08	75	Mateo Salazar	2302	SO11547	TOPO_CHICO	1
2026-07-08	76	Carlos Eduardo Manzanares	121	SO9428	VERTIV	1
2026-07-08	78	Aldo Jesús Méndez Garza				1
2026-07-08	79	José Luis Romero Grados	2302	SO11547	TOPO_CHICO	1
2026-07-08	97	Rissia Xavier de Araujo				1
2026-07-08	101	Ana Laura Acevedo Flores				1
2026-07-08	108	Pablo Bayly Fernández	160	SO10300	MAGNEKON	1
2026-07-08	112	Felipe Pérez Guzmán	2337	SO11551	QUIMITEC	1
2026-07-08	121	Stephany Ventura Arevalo	2302	SO11547	TOPO_CHICO	1
2026-07-08	124	Germán Emmanuel Merino Falcón	121	SO9428	VERTIV	1
2026-07-08	127	Cesar Gildardo Gómez Cano	121	SO9428	VERTIV	1
2026-07-08	128	Enoc Natanael Maldonado soto	121	SO9428	VERTIV	1
2026-07-08	130	Rolando vazquez garcia	121	SO9428	VERTIV	1
2026-07-08	131	Tomas Vázquez García	2302	SO11547	TOPO_CHICO	1
2026-07-08	138	Tomas Arnoldo Loredo Mares	2302	SO11547	TOPO_CHICO	1
2026-07-08	143	Arturo Hernández				1
2026-07-08	149	Erick Belmont Kato				1
2026-07-08	153	Eduardo Garza				1
2026-07-08	154	Ramiro Segovia Lopez	2302	SO11547	TOPO_CHICO	1
2026-07-09	6	Leonel Cruz Cristobal	2302	SO11547	TOPO_CHICO	1
2026-07-09	8	Francisco Montalvo Ramirez	2302	SO11547	TOPO_CHICO	1
2026-07-09	25	Héctor Cruz Hernández	2302	SO11547	TOPO_CHICO	1
2026-07-09	32	Jesus Esteban De La Cruz Calderon				1
2026-07-09	48	Luis Ángel García Cruz				1
2026-07-09	57	Samuel Ulises Alcántara	2302	SO11547	TOPO_CHICO	1
2026-07-09	59	Gerardo Isai Lozano Davila				1
2026-07-09	62	Gilberto Gibran Solís Carrillo				1
2026-07-09	63	Magaly Estefanía Pérez García				1
2026-07-09	68	Jésus Montalvo Ramirez				1
2026-07-09	75	Mateo Salazar	2302	SO11547	TOPO_CHICO	1
2026-07-09	76	Carlos Eduardo Manzanares	121	SO9428	VERTIV	1
2026-07-09	78	Aldo Jesús Méndez Garza				1
2026-07-09	79	José Luis Romero Grados	2302	SO11547	TOPO_CHICO	1
2026-07-09	97	Rissia Xavier de Araujo				1
2026-07-09	98	Ricardo Alán Hernández González				1
2026-07-09	101	Ana Laura Acevedo Flores				1
2026-07-09	108	Pablo Bayly Fernández				1
2026-07-09	112	Felipe Pérez Guzmán	121	SO9428	VERTIV	1
2026-07-09	121	Stephany Ventura Arevalo	2302	SO11547	TOPO_CHICO	1
2026-07-09	124	Germán Emmanuel Merino Falcón	121	SO9428	VERTIV	1
2026-07-09	127	Cesar Gildardo Gómez Cano	121	SO9428	VERTIV	1
2026-07-09	128	Enoc Natanael Maldonado soto	121	SO9428	VERTIV	1
2026-07-09	130	Rolando vazquez garcia	121	SO9428	VERTIV	1
2026-07-09	131	Tomas Vázquez García	2302	SO11547	TOPO_CHICO	1
2026-07-09	138	Tomas Arnoldo Loredo Mares	2302	SO11547	TOPO_CHICO	1
2026-07-09	143	Arturo Hernández				1
2026-07-09	149	Erick Belmont Kato				1
2026-07-09	153	Eduardo Garza				1
2026-07-09	154	Ramiro Segovia Lopez				1
2026-07-10	6	Leonel Cruz Cristobal	2302	SO11547	TOPO_CHICO	1
2026-07-10	8	Francisco Montalvo Ramirez	2302	SO11547	TOPO_CHICO	1
2026-07-10	25	Héctor Cruz Hernández	2302	SO11547	TOPO_CHICO	1
2026-07-10	48	Luis Ángel García Cruz				1
2026-07-10	57	Samuel Ulises Alcántara	2302	SO11547	TOPO_CHICO	1
2026-07-10	59	Gerardo Isai Lozano Davila				1
2026-07-10	63	Magaly Estefanía Pérez García				1
2026-07-10	68	Jésus Montalvo Ramirez				1
2026-07-10	75	Mateo Salazar	2302	SO11547	TOPO_CHICO	1
2026-07-10	76	Carlos Eduardo Manzanares	121	SO9428	VERTIV	1
2026-07-10	78	Aldo Jesús Méndez Garza				1
2026-07-10	79	José Luis Romero Grados	2302	SO11547	TOPO_CHICO	1
2026-07-10	97	Rissia Xavier de Araujo				1
2026-07-10	108	Pablo Bayly Fernández				1
2026-07-10	112	Felipe Pérez Guzmán				1
2026-07-10	121	Stephany Ventura Arevalo	2302	SO11547	TOPO_CHICO	1
2026-07-10	127	Cesar Gildardo Gómez Cano	2349	SO11762	TOPO_CHICO	1
2026-07-10	128	Enoc Natanael Maldonado soto	121	SO9428	VERTIV	1
2026-07-10	130	Rolando vazquez garcia	121	SO9428	VERTIV	1
2026-07-10	131	Tomas Vázquez García	2302	SO11547	TOPO_CHICO	1
2026-07-10	138	Tomas Arnoldo Loredo Mares	2302	SO11547	TOPO_CHICO	1
2026-07-10	143	Arturo Hernández				1
2026-07-10	149	Erick Belmont Kato				1
2026-07-10	153	Eduardo Garza				1
2026-07-10	154	Ramiro Segovia Lopez				1
2026-07-13	6	Leonel Cruz Cristobal	2349	SO11762	TOPO_CHICO	1
2026-07-13	8	Francisco Montalvo Ramirez	2349	SO11762	TOPO_CHICO	1
2026-07-13	25	Héctor Cruz Hernández	2349	SO11762	TOPO_CHICO	1
2026-07-13	48	Luis Ángel García Cruz				1
2026-07-13	57	Samuel Ulises Alcántara	2349	SO11762	TOPO_CHICO	1
2026-07-13	59	Gerardo Isai Lozano Davila				1
2026-07-13	63	Magaly Estefanía Pérez García				1
2026-07-13	68	Jésus Montalvo Ramirez				1
2026-07-13	75	Mateo Salazar	2349	SO11762	TOPO_CHICO	1
2026-07-13	76	Carlos Eduardo Manzanares	121	SO9428	VERTIV	1
2026-07-13	78	Aldo Jesús Méndez Garza				1
2026-07-13	79	José Luis Romero Grados	2349	SO11762	TOPO_CHICO	1
2026-07-13	97	Rissia Xavier de Araujo				1
2026-07-13	98	Ricardo Alán Hernández González				1
2026-07-13	101	Ana Laura Acevedo Flores				1
2026-07-13	108	Pablo Bayly Fernández				1
2026-07-13	112	Felipe Pérez Guzmán				1
2026-07-13	121	Stephany Ventura Arevalo	2349	SO11762	TOPO_CHICO	1
2026-07-13	127	Cesar Gildardo Gómez Cano	121	SO9428	VERTIV	1
2026-07-13	128	Enoc Natanael Maldonado soto	2349	SO11762	TOPO_CHICO	1
2026-07-13	130	Rolando vazquez garcia	121	SO9428	VERTIV	1
2026-07-13	131	Tomas Vázquez García	2349	SO11762	TOPO_CHICO	1
2026-07-13	138	Tomas Arnoldo Loredo Mares	2349	SO11762	TOPO_CHICO	1
2026-07-13	143	Arturo Hernández				1
2026-07-13	149	Erick Belmont Kato				1
2026-07-13	153	Eduardo Garza				1
2026-07-13	154	Ramiro Segovia Lopez				1
2026-07-14	6	Leonel Cruz Cristobal	2349	SO11762	TOPO_CHICO	1
2026-07-14	8	Francisco Montalvo Ramirez	2349	SO11762	TOPO_CHICO	1
2026-07-14	25	Héctor Cruz Hernández	2349	SO11762	TOPO_CHICO	1
2026-07-14	48	Luis Ángel García Cruz				1
2026-07-14	55	Juan Manuel Sánchez Lugo	241	SO11290	NALCO_MEXICALI_ING	1
2026-07-14	57	Samuel Ulises Alcántara	2349	SO11762	TOPO_CHICO	1
2026-07-14	59	Gerardo Isai Lozano Davila				1
2026-07-14	62	Gilberto Gibran Solís Carrillo				1
2026-07-14	68	Jésus Montalvo Ramirez				1
2026-07-14	75	Mateo Salazar	2349	SO11762	TOPO_CHICO	1
2026-07-14	76	Carlos Eduardo Manzanares	121	SO9428	VERTIV	1
2026-07-14	78	Aldo Jesús Méndez Garza				1
2026-07-14	79	José Luis Romero Grados	2349	SO11762	TOPO_CHICO	1
2026-07-14	97	Rissia Xavier de Araujo				1
2026-07-14	98	Ricardo Alán Hernández González				1
2026-07-14	101	Ana Laura Acevedo Flores				1
2026-07-14	108	Pablo Bayly Fernández				1
2026-07-14	112	Felipe Pérez Guzmán				1
2026-07-14	121	Stephany Ventura Arevalo	2349	SO11762	TOPO_CHICO	1
2026-07-14	124	Germán Emmanuel Merino Falcón	121	SO9428	VERTIV	1
2026-07-14	127	Cesar Gildardo Gómez Cano	121	SO9428	VERTIV	1
2026-07-14	128	Enoc Natanael Maldonado soto	2349	SO11762	TOPO_CHICO	1
2026-07-14	130	Rolando vazquez garcia	121	SO9428	VERTIV	1
2026-07-14	131	Tomas Vázquez García	2349	SO11762	TOPO_CHICO	1
2026-07-14	138	Tomas Arnoldo Loredo Mares	2349	SO11762	TOPO_CHICO	1
2026-07-14	143	Arturo Hernández				1
2026-07-14	149	Erick Belmont Kato				1
2026-07-14	153	Eduardo Garza				1
2026-07-14	154	Ramiro Segovia Lopez				1
2026-07-15	6	Leonel Cruz Cristobal	2349	SO11762	TOPO_CHICO	1
2026-07-15	8	Francisco Montalvo Ramirez	2349	SO11762	TOPO_CHICO	1
2026-07-15	25	Héctor Cruz Hernández	2349	SO11762	TOPO_CHICO	1
2026-07-15	48	Luis Ángel García Cruz				1
2026-07-15	55	Juan Manuel Sánchez Lugo	241	SO11290	NALCO_MEXICALI_ING	1
2026-07-15	57	Samuel Ulises Alcántara	2349	SO11762	TOPO_CHICO	1
2026-07-15	59	Gerardo Isai Lozano Davila				1
2026-07-15	62	Gilberto Gibran Solís Carrillo				1
2026-07-15	63	Magaly Estefanía Pérez García				1
2026-07-15	68	Jésus Montalvo Ramirez				1
2026-07-15	75	Mateo Salazar	2349	SO11762	TOPO_CHICO	1
2026-07-15	76	Carlos Eduardo Manzanares	121	SO9428	VERTIV	1
2026-07-15	78	Aldo Jesús Méndez Garza				1
2026-07-15	79	José Luis Romero Grados	2349	SO11762	TOPO_CHICO	1
2026-07-15	97	Rissia Xavier de Araujo				1
2026-07-15	98	Ricardo Alán Hernández González				1
2026-07-15	101	Ana Laura Acevedo Flores				1
2026-07-15	108	Pablo Bayly Fernández				1
2026-07-15	112	Felipe Pérez Guzmán				1
2026-07-15	121	Stephany Ventura Arevalo	2349	SO11762	TOPO_CHICO	1
2026-07-15	124	Germán Emmanuel Merino Falcón	121	SO9428	VERTIV	1
2026-07-15	127	Cesar Gildardo Gómez Cano	121	SO9428	VERTIV	1
2026-07-15	128	Enoc Natanael Maldonado soto	2349	SO11762	TOPO_CHICO	1
2026-07-15	130	Rolando vazquez garcia	121	SO9428	VERTIV	1
2026-07-15	131	Tomas Vázquez García	2349	SO11762	TOPO_CHICO	1
2026-07-15	138	Tomas Arnoldo Loredo Mares	2349	SO11762	TOPO_CHICO	1
2026-07-15	143	Arturo Hernández				1
2026-07-15	149	Erick Belmont Kato				1
2026-07-15	153	Eduardo Garza				1
2026-07-15	154	Ramiro Segovia Lopez				1
2026-07-16	6	Leonel Cruz Cristobal	2349	SO11762	TOPO_CHICO	1
2026-07-16	8	Francisco Montalvo Ramirez	2349	SO11762	TOPO_CHICO	1
2026-07-16	25	Héctor Cruz Hernández	2349	SO11762	TOPO_CHICO	1
2026-07-16	48	Luis Ángel García Cruz				1
2026-07-16	55	Juan Manuel Sánchez Lugo	241	SO11290	NALCO_MEXICALI_ING	1
2026-07-16	57	Samuel Ulises Alcántara	2349	SO11762	TOPO_CHICO	1
2026-07-16	59	Gerardo Isai Lozano Davila				1
2026-07-16	62	Gilberto Gibran Solís Carrillo				1
2026-07-16	63	Magaly Estefanía Pérez García				1
2026-07-16	68	Jésus Montalvo Ramirez				1
2026-07-16	75	Mateo Salazar	2349	SO11762	TOPO_CHICO	1
2026-07-16	76	Carlos Eduardo Manzanares	121	SO9428	VERTIV	1
2026-07-16	78	Aldo Jesús Méndez Garza				1
2026-07-16	79	José Luis Romero Grados	2349	SO11762	TOPO_CHICO	1
2026-07-16	97	Rissia Xavier de Araujo				1
2026-07-16	98	Ricardo Alán Hernández González				1
2026-07-16	101	Ana Laura Acevedo Flores				1
2026-07-16	108	Pablo Bayly Fernández				1
2026-07-16	112	Felipe Pérez Guzmán				1
2026-07-16	121	Stephany Ventura Arevalo	2349	SO11762	TOPO_CHICO	1
2026-07-16	124	Germán Emmanuel Merino Falcón	2349	SO11762	TOPO_CHICO	1
2026-07-16	127	Cesar Gildardo Gómez Cano	121	SO9428	VERTIV	1
2026-07-16	128	Enoc Natanael Maldonado soto	2349	SO11762	TOPO_CHICO	1
2026-07-16	130	Rolando vazquez garcia	121	SO9428	VERTIV	1
2026-07-16	131	Tomas Vázquez García	2349	SO11762	TOPO_CHICO	1
2026-07-16	138	Tomas Arnoldo Loredo Mares	2349	SO11762	TOPO_CHICO	1
2026-07-16	143	Arturo Hernández				1
2026-07-16	149	Erick Belmont Kato				1
2026-07-16	153	Eduardo Garza				1
2026-07-16	154	Ramiro Segovia Lopez	2302	SO11547	TOPO_CHICO	1
2026-07-17	6	Leonel Cruz Cristobal	2349	SO11762	TOPO_CHICO	1
2026-07-17	8	Francisco Montalvo Ramirez	2349	SO11762	TOPO_CHICO	1
2026-07-17	25	Héctor Cruz Hernández	2349	SO11762	TOPO_CHICO	1
2026-07-17	48	Luis Ángel García Cruz				1
2026-07-17	55	Juan Manuel Sánchez Lugo	241	SO11290	NALCO_MEXICALI_ING	1
2026-07-17	57	Samuel Ulises Alcántara	2349	SO11762	TOPO_CHICO	1
2026-07-17	62	Gilberto Gibran Solís Carrillo				1
2026-07-17	63	Magaly Estefanía Pérez García				1
2026-07-17	68	Jésus Montalvo Ramirez				1
2026-07-17	75	Mateo Salazar	2349	SO11762	TOPO_CHICO	1
2026-07-17	76	Carlos Eduardo Manzanares	121	SO9428	VERTIV	1
2026-07-17	78	Aldo Jesús Méndez Garza				1
2026-07-17	79	José Luis Romero Grados	2349	SO11762	TOPO_CHICO	1
2026-07-17	97	Rissia Xavier de Araujo				1
2026-07-17	98	Ricardo Alán Hernández González				1
2026-07-17	101	Ana Laura Acevedo Flores				1
2026-07-17	108	Pablo Bayly Fernández				1
2026-07-17	112	Felipe Pérez Guzmán				1
2026-07-17	121	Stephany Ventura Arevalo	2349	SO11762	TOPO_CHICO	1
2026-07-17	124	Germán Emmanuel Merino Falcón	2349	SO11762	TOPO_CHICO	1
2026-07-17	127	Cesar Gildardo Gómez Cano	121	SO9428	VERTIV	1
2026-07-17	128	Enoc Natanael Maldonado soto	2349	SO11762	TOPO_CHICO	1
2026-07-17	130	Rolando vazquez garcia	121	SO9428	VERTIV	1
2026-07-17	131	Tomas Vázquez García	2349	SO11762	TOPO_CHICO	1
2026-07-17	138	Tomas Arnoldo Loredo Mares	2349	SO11762	TOPO_CHICO	1
2026-07-17	143	Arturo Hernández				1
2026-07-17	149	Erick Belmont Kato				1
2026-07-17	153	Eduardo Garza				1
2026-07-17	154	Ramiro Segovia Lopez				1
2026-07-20	8	Francisco Montalvo Ramirez	2349	SO11762	TOPO_CHICO	1
2026-07-20	25	Héctor Cruz Hernández	2349	SO11762	TOPO_CHICO	1
2026-07-20	48	Luis Ángel García Cruz				1
2026-07-20	55	Juan Manuel Sánchez Lugo	241	SO11290	NALCO_MEXICALI_ING	1
2026-07-20	57	Samuel Ulises Alcántara	2349	SO11762	TOPO_CHICO	1
2026-07-20	59	Gerardo Isai Lozano Davila				1
2026-07-20	62	Gilberto Gibran Solís Carrillo				1
2026-07-20	63	Magaly Estefanía Pérez García				1
2026-07-20	68	Jésus Montalvo Ramirez	2302	SO11547	TOPO_CHICO	1
2026-07-20	75	Mateo Salazar	2352	SO11699	BRIDGESTONE	1
2026-07-20	76	Carlos Eduardo Manzanares	160	SO10300	MAGNEKON	1
2026-07-20	78	Aldo Jesús Méndez Garza				1
2026-07-20	79	José Luis Romero Grados	2352	SO11699	BRIDGESTONE	1
2026-07-20	97	Rissia Xavier de Araujo				1
2026-07-20	98	Ricardo Alán Hernández González				1
2026-07-20	101	Ana Laura Acevedo Flores				1
2026-07-20	108	Pablo Bayly Fernández				1
2026-07-20	112	Felipe Pérez Guzmán				1
2026-07-20	121	Stephany Ventura Arevalo	2352	SO11699	BRIDGESTONE	1
2026-07-20	124	Germán Emmanuel Merino Falcón	2349	SO11762	TOPO_CHICO	1
2026-07-20	127	Cesar Gildardo Gómez Cano	2349	SO11762	TOPO_CHICO	1
2026-07-20	128	Enoc Natanael Maldonado soto	160	SO10300	MAGNEKON	1
2026-07-20	130	Rolando vazquez garcia	160	SO10300	MAGNEKON	2
2026-07-20	131	Tomas Vázquez García	160	SO10300	MAGNEKON	1
2026-07-20	143	Arturo Hernández				1
2026-07-20	149	Erick Belmont Kato				1
2026-07-20	153	Eduardo Garza				1
2026-07-20	154	Ramiro Segovia Lopez				1
2026-07-21	8	Francisco Montalvo Ramirez	2349	SO11762	TOPO_CHICO	1
2026-07-21	25	Héctor Cruz Hernández	2349	SO11762	TOPO_CHICO	1
2026-07-21	48	Luis Ángel García Cruz				1
2026-07-21	55	Juan Manuel Sánchez Lugo	241	SO11290	NALCO_MEXICALI_ING	1
2026-07-21	57	Samuel Ulises Alcántara	2349	SO11762	TOPO_CHICO	1
2026-07-21	59	Gerardo Isai Lozano Davila				1
2026-07-21	62	Gilberto Gibran Solís Carrillo				1
2026-07-21	63	Magaly Estefanía Pérez García				1
2026-07-21	68	Jésus Montalvo Ramirez	2302	SO11547	TOPO_CHICO	1
2026-07-21	75	Mateo Salazar	212	SO10337	BRIDGESTONE	1
2026-07-21	76	Carlos Eduardo Manzanares	160	SO10300	MAGNEKON	1
2026-07-21	78	Aldo Jesús Méndez Garza				1
2026-07-21	79	José Luis Romero Grados	212	SO10337	BRIDGESTONE	1
2026-07-21	97	Rissia Xavier de Araujo				1
2026-07-21	98	Ricardo Alán Hernández González				1
2026-07-21	101	Ana Laura Acevedo Flores				1
2026-07-21	108	Pablo Bayly Fernández				1
2026-07-21	112	Felipe Pérez Guzmán				1
2026-07-21	121	Stephany Ventura Arevalo	212	SO10337	BRIDGESTONE	1
2026-07-21	124	Germán Emmanuel Merino Falcón	2349	SO11762	TOPO_CHICO	1
2026-07-21	127	Cesar Gildardo Gómez Cano	2349	SO11762	TOPO_CHICO	1
2026-07-21	128	Enoc Natanael Maldonado soto	160	SO10300	MAGNEKON	1
2026-07-21	130	Rolando vazquez garcia	160	SO10300	MAGNEKON	1
2026-07-21	131	Tomas Vázquez García	160	SO10300	MAGNEKON	1
2026-07-21	143	Arturo Hernández				1
2026-07-21	149	Erick Belmont Kato				1
2026-07-21	153	Eduardo Garza				1
2026-07-21	154	Ramiro Segovia Lopez				1
2026-07-22	8	Francisco Montalvo Ramirez	2349	SO11762	TOPO_CHICO	1
2026-07-22	25	Héctor Cruz Hernández	2349	SO11762	TOPO_CHICO	1
2026-07-22	48	Luis Ángel García Cruz				1
2026-07-22	55	Juan Manuel Sánchez Lugo	241	SO11290	NALCO_MEXICALI_ING	1
2026-07-22	57	Samuel Ulises Alcántara	2349	SO11762	TOPO_CHICO	1
2026-07-22	59	Gerardo Isai Lozano Davila				1
2026-07-22	62	Gilberto Gibran Solís Carrillo				1
2026-07-22	63	Magaly Estefanía Pérez García				1
2026-07-22	68	Jésus Montalvo Ramirez	160	SO10300	MAGNEKON	1
2026-07-22	75	Mateo Salazar	2349	SO11762	TOPO_CHICO	1
2026-07-22	76	Carlos Eduardo Manzanares	160	SO10300	MAGNEKON	1
2026-07-22	78	Aldo Jesús Méndez Garza				1
2026-07-22	79	José Luis Romero Grados	2349	SO11762	TOPO_CHICO	1
2026-07-22	97	Rissia Xavier de Araujo				1
2026-07-22	98	Ricardo Alán Hernández González				1
2026-07-22	101	Ana Laura Acevedo Flores				1
2026-07-22	108	Pablo Bayly Fernández				1
2026-07-22	112	Felipe Pérez Guzmán				1
2026-07-22	121	Stephany Ventura Arevalo	2349	SO11762	TOPO_CHICO	1
2026-07-22	124	Germán Emmanuel Merino Falcón	2349	SO11762	TOPO_CHICO	1
2026-07-22	127	Cesar Gildardo Gómez Cano	2349	SO11762	TOPO_CHICO	1
2026-07-22	128	Enoc Natanael Maldonado soto	160	SO10300	MAGNEKON	1
2026-07-22	130	Rolando vazquez garcia	160	SO10300	MAGNEKON	1
2026-07-22	131	Tomas Vázquez García	160	SO10300	MAGNEKON	1
2026-07-22	143	Arturo Hernández				1
2026-07-22	149	Erick Belmont Kato				1
2026-07-22	153	Eduardo Garza				1
2026-07-22	154	Ramiro Segovia Lopez				1
2026-07-23	8	Francisco Montalvo Ramirez	2349	SO11762	TOPO_CHICO	1
2026-07-23	25	Héctor Cruz Hernández	2349	SO11762	TOPO_CHICO	1
2026-07-23	48	Luis Ángel García Cruz				1
2026-07-23	55	Juan Manuel Sánchez Lugo	241	SO11290	NALCO_MEXICALI_ING	1
2026-07-23	57	Samuel Ulises Alcántara	2349	SO11762	TOPO_CHICO	1
2026-07-23	59	Gerardo Isai Lozano Davila				1
2026-07-23	62	Gilberto Gibran Solís Carrillo				1
2026-07-23	63	Magaly Estefanía Pérez García				1
2026-07-23	68	Jésus Montalvo Ramirez	160	SO10300	MAGNEKON	1
2026-07-23	75	Mateo Salazar	2349	SO11762	TOPO_CHICO	1
2026-07-23	76	Carlos Eduardo Manzanares	160	SO10300	MAGNEKON	1
2026-07-23	78	Aldo Jesús Méndez Garza				1
2026-07-23	79	José Luis Romero Grados	2349	SO11762	TOPO_CHICO	1
2026-07-23	97	Rissia Xavier de Araujo				1
2026-07-23	98	Ricardo Alán Hernández González				1
2026-07-23	101	Ana Laura Acevedo Flores				1
2026-07-23	108	Pablo Bayly Fernández				1
2026-07-23	112	Felipe Pérez Guzmán				1
2026-07-23	121	Stephany Ventura Arevalo	2349	SO11762	TOPO_CHICO	1
2026-07-23	124	Germán Emmanuel Merino Falcón	2349	SO11762	TOPO_CHICO	1
2026-07-23	127	Cesar Gildardo Gómez Cano	2349	SO11762	TOPO_CHICO	1
2026-07-23	128	Enoc Natanael Maldonado soto	160	SO10300	MAGNEKON	1
2026-07-23	130	Rolando vazquez garcia	160	SO10300	MAGNEKON	1
2026-07-23	131	Tomas Vázquez García	160	SO10300	MAGNEKON	1
2026-07-23	143	Arturo Hernández				1
2026-07-23	149	Erick Belmont Kato				1
2026-07-23	153	Eduardo Garza				1
2026-07-23	154	Ramiro Segovia Lopez				1
2026-07-24	8	Francisco Montalvo Ramirez				1
2026-07-24	25	Héctor Cruz Hernández	2349	SO11762	TOPO_CHICO	1
2026-07-24	48	Luis Ángel García Cruz				1
2026-07-24	55	Juan Manuel Sánchez Lugo	241	SO11290	NALCO_MEXICALI_ING	1
2026-07-24	57	Samuel Ulises Alcántara	2349	SO11762	TOPO_CHICO	1
2026-07-24	59	Gerardo Isai Lozano Davila				1
2026-07-24	62	Gilberto Gibran Solís Carrillo				1
2026-07-24	63	Magaly Estefanía Pérez García				1
2026-07-24	68	Jésus Montalvo Ramirez	160	SO10300	MAGNEKON	1
2026-07-24	75	Mateo Salazar	121	SO9428	VERTIV	1
2026-07-24	76	Carlos Eduardo Manzanares	160	SO10300	MAGNEKON	1
2026-07-24	78	Aldo Jesús Méndez Garza				1
2026-07-24	79	José Luis Romero Grados	121	SO9428	VERTIV	1
2026-07-24	97	Rissia Xavier de Araujo				1
2026-07-24	98	Ricardo Alán Hernández González				1
2026-07-24	101	Ana Laura Acevedo Flores				1
2026-07-24	108	Pablo Bayly Fernández				1
2026-07-24	112	Felipe Pérez Guzmán				1
2026-07-24	121	Stephany Ventura Arevalo	2349	SO11762	TOPO_CHICO	1
2026-07-24	124	Germán Emmanuel Merino Falcón	121	SO9428	VERTIV	1
2026-07-24	127	Cesar Gildardo Gómez Cano	2349	SO11762	TOPO_CHICO	1
2026-07-24	128	Enoc Natanael Maldonado soto	160	SO10300	MAGNEKON	1
2026-07-24	130	Rolando vazquez garcia	160	SO10300	MAGNEKON	1
2026-07-24	131	Tomas Vázquez García	160	SO10300	MAGNEKON	1
2026-07-24	143	Arturo Hernández				1
2026-07-24	149	Erick Belmont Kato				1
2026-07-24	153	Eduardo Garza				1
2026-07-24	155	Juan De La Cruz Maldonado				2
2026-07-24	157	Jonadab Sanchez Gomez	2349	SO11762	TOPO_CHICO	1
2026-07-27	8	Francisco Montalvo Ramirez				1
2026-07-27	25	Héctor Cruz Hernández	2349	SO11762	TOPO_CHICO	1
2026-07-27	48	Luis Ángel García Cruz				1
2026-07-27	55	Juan Manuel Sánchez Lugo	241	SO11290	NALCO_MEXICALI_ING	1
2026-07-27	57	Samuel Ulises Alcántara	2349	SO11762	TOPO_CHICO	1
2026-07-27	59	Gerardo Isai Lozano Davila				1
2026-07-27	62	Gilberto Gibran Solís Carrillo				1
2026-07-27	63	Magaly Estefanía Pérez García				1
2026-07-27	68	Jésus Montalvo Ramirez	160	SO10300	MAGNEKON	1
2026-07-27	75	Mateo Salazar	121	SO9428	VERTIV	1
2026-07-27	76	Carlos Eduardo Manzanares	160	SO10300	MAGNEKON	1
2026-07-27	78	Aldo Jesús Méndez Garza				1
2026-07-27	79	José Luis Romero Grados	121	SO9428	VERTIV	1
2026-07-27	97	Rissia Xavier de Araujo				1
2026-07-27	98	Ricardo Alán Hernández González				1
2026-07-27	101	Ana Laura Acevedo Flores				1
2026-07-27	108	Pablo Bayly Fernández				1
2026-07-27	112	Felipe Pérez Guzmán				1
2026-07-27	121	Stephany Ventura Arevalo	2352	SO11699	BRIDGESTONE	1
2026-07-27	124	Germán Emmanuel Merino Falcón	2349	SO11762	TOPO_CHICO	1
2026-07-27	127	Cesar Gildardo Gómez Cano	2349	SO11762	TOPO_CHICO	1
2026-07-27	128	Enoc Natanael Maldonado soto	160	SO10300	MAGNEKON	1
2026-07-27	130	Rolando vazquez garcia	160	SO10300	MAGNEKON	1
2026-07-27	131	Tomas Vázquez García	160	SO10300	MAGNEKON	1
2026-07-27	143	Arturo Hernández				1
2026-07-27	149	Erick Belmont Kato				1
2026-07-27	153	Eduardo Garza				1
2026-07-27	154	Ramiro Segovia Lopez				1
2026-07-27	155	Juan De La Cruz Maldonado				1
2026-07-27	156	Juana Camarillo Torrez				1
2026-07-28	8	Francisco Montalvo Ramirez				1
2026-07-28	25	Héctor Cruz Hernández	2349	SO11762	TOPO_CHICO	1
2026-07-28	48	Luis Ángel García Cruz				1
2026-07-28	55	Juan Manuel Sánchez Lugo	241	SO11290	NALCO_MEXICALI_ING	1
2026-07-28	57	Samuel Ulises Alcántara	2349	SO11762	TOPO_CHICO	1
2026-07-28	59	Gerardo Isai Lozano Davila				1
2026-07-28	62	Gilberto Gibran Solís Carrillo				1
2026-07-28	63	Magaly Estefanía Pérez García				1
2026-07-28	68	Jésus Montalvo Ramirez	160	SO10300	MAGNEKON	1
2026-07-28	75	Mateo Salazar	2349	SO11762	TOPO_CHICO	1
2026-07-28	76	Carlos Eduardo Manzanares	160	SO10300	MAGNEKON	1
2026-07-28	78	Aldo Jesús Méndez Garza				1
2026-07-28	79	José Luis Romero Grados	2349	SO11762	TOPO_CHICO	1
2026-07-28	97	Rissia Xavier de Araujo				1
2026-07-28	98	Ricardo Alán Hernández González				1
2026-07-28	101	Ana Laura Acevedo Flores				1
2026-07-28	108	Pablo Bayly Fernández				1
2026-07-28	112	Felipe Pérez Guzmán				1
2026-07-28	121	Stephany Ventura Arevalo	2349	SO11762	TOPO_CHICO	1
2026-07-28	124	Germán Emmanuel Merino Falcón	160	SO10300	MAGNEKON	1
2026-07-28	127	Cesar Gildardo Gómez Cano	2349	SO11762	TOPO_CHICO	1
2026-07-28	128	Enoc Natanael Maldonado soto	160	SO10300	MAGNEKON	1
2026-07-28	130	Rolando vazquez garcia	160	SO10300	MAGNEKON	1
2026-07-28	131	Tomas Vázquez García	160	SO10300	MAGNEKON	1
2026-07-28	143	Arturo Hernández				1
2026-07-28	149	Erick Belmont Kato				1
2026-07-28	153	Eduardo Garza				1
2026-07-28	154	Ramiro Segovia Lopez				1
2026-07-28	155	Juan De La Cruz Maldonado				1
2026-07-28	156	Juana Camarillo Torrez				1
2026-07-29	8	Francisco Montalvo Ramirez				1
2026-07-29	25	Héctor Cruz Hernández	2349	SO11762	TOPO_CHICO	1
2026-07-29	48	Luis Ángel García Cruz				1
2026-07-29	55	Juan Manuel Sánchez Lugo	241	SO11290	NALCO_MEXICALI_ING	1
2026-07-29	57	Samuel Ulises Alcántara	2349	SO11762	TOPO_CHICO	1
2026-07-29	59	Gerardo Isai Lozano Davila				1
2026-07-29	62	Gilberto Gibran Solís Carrillo				1
2026-07-29	63	Magaly Estefanía Pérez García				1
2026-07-29	68	Jésus Montalvo Ramirez	160	SO10300	MAGNEKON	1
2026-07-29	75	Mateo Salazar	2349	SO11762	TOPO_CHICO	1
2026-07-29	76	Carlos Eduardo Manzanares	160	SO10300	MAGNEKON	1
2026-07-29	78	Aldo Jesús Méndez Garza				1
2026-07-29	79	José Luis Romero Grados	2349	SO11762	TOPO_CHICO	1
2026-07-29	97	Rissia Xavier de Araujo				1
2026-07-29	98	Ricardo Alán Hernández González				1
2026-07-29	101	Ana Laura Acevedo Flores				1
2026-07-29	108	Pablo Bayly Fernández				1
2026-07-29	112	Felipe Pérez Guzmán				1
2026-07-29	121	Stephany Ventura Arevalo	2349	SO11762	TOPO_CHICO	1
2026-07-29	124	Germán Emmanuel Merino Falcón	160	SO10300	MAGNEKON	1
2026-07-29	127	Cesar Gildardo Gómez Cano	2349	SO11762	TOPO_CHICO	1
2026-07-29	128	Enoc Natanael Maldonado soto	160	SO10300	MAGNEKON	1
2026-07-29	130	Rolando vazquez garcia	160	SO10300	MAGNEKON	1
2026-07-29	131	Tomas Vázquez García	160	SO10300	MAGNEKON	2
2026-07-29	143	Arturo Hernández				1
2026-07-29	149	Erick Belmont Kato				1
2026-07-29	153	Eduardo Garza				1
2026-07-29	154	Ramiro Segovia Lopez				1
2026-07-29	155	Juan De La Cruz Maldonado				1
2026-07-29	156	Juana Camarillo Torrez				1
2026-07-30	8	Francisco Montalvo Ramirez				1
2026-07-30	25	Héctor Cruz Hernández	2349	SO11762	TOPO_CHICO	1
2026-07-30	48	Luis Ángel García Cruz				1
2026-07-30	55	Juan Manuel Sánchez Lugo	2302	SO11547	TOPO_CHICO	1
2026-07-30	57	Samuel Ulises Alcántara	2349	SO11762	TOPO_CHICO	1
2026-07-30	59	Gerardo Isai Lozano Davila				1
2026-07-30	62	Gilberto Gibran Solís Carrillo				1
2026-07-30	63	Magaly Estefanía Pérez García				1
2026-07-30	68	Jésus Montalvo Ramirez	160	SO10300	MAGNEKON	1
2026-07-30	75	Mateo Salazar	2349	SO11762	TOPO_CHICO	1
2026-07-30	76	Carlos Eduardo Manzanares	160	SO10300	MAGNEKON	1
2026-07-30	78	Aldo Jesús Méndez Garza				1
2026-07-30	79	José Luis Romero Grados	2349	SO11762	TOPO_CHICO	1
2026-07-30	97	Rissia Xavier de Araujo				1
2026-07-30	98	Ricardo Alán Hernández González				1
2026-07-30	101	Ana Laura Acevedo Flores				1
2026-07-30	108	Pablo Bayly Fernández				1
2026-07-30	112	Felipe Pérez Guzmán				1
2026-07-30	121	Stephany Ventura Arevalo	2349	SO11762	TOPO_CHICO	1
2026-07-30	124	Germán Emmanuel Merino Falcón	160	SO10300	MAGNEKON	1
2026-07-30	127	Cesar Gildardo Gómez Cano	2349	SO11762	TOPO_CHICO	1
2026-07-30	128	Enoc Natanael Maldonado soto	160	SO10300	MAGNEKON	1
2026-07-30	130	Rolando vazquez garcia	160	SO10300	MAGNEKON	1
2026-07-30	131	Tomas Vázquez García	160	SO10300	MAGNEKON	1
2026-07-30	143	Arturo Hernández				1
2026-07-30	149	Erick Belmont Kato				1
2026-07-30	153	Eduardo Garza				1
2026-07-30	154	Ramiro Segovia Lopez				1
2026-07-30	155	Juan De La Cruz Maldonado				1
2026-07-30	156	Juana Camarillo Torrez				1
2026-07-31	8	Francisco Montalvo Ramirez				1
2026-07-31	25	Héctor Cruz Hernández	2349	SO11762	TOPO_CHICO	1
2026-07-31	55	Juan Manuel Sánchez Lugo	2349	SO11762	TOPO_CHICO	1
2026-07-31	57	Samuel Ulises Alcántara	2349	SO11762	TOPO_CHICO	1
2026-07-31	59	Gerardo Isai Lozano Davila				1
2026-07-31	62	Gilberto Gibran Solís Carrillo				1
2026-07-31	63	Magaly Estefanía Pérez García				1
2026-07-31	68	Jésus Montalvo Ramirez				1
2026-07-31	75	Mateo Salazar	2349	SO11762	TOPO_CHICO	1
2026-07-31	76	Carlos Eduardo Manzanares	160	SO10300	MAGNEKON	1
2026-07-31	78	Aldo Jesús Méndez Garza				1
2026-07-31	79	José Luis Romero Grados	2349	SO11762	TOPO_CHICO	1
2026-07-31	97	Rissia Xavier de Araujo				1
2026-07-31	98	Ricardo Alán Hernández González				1
2026-07-31	101	Ana Laura Acevedo Flores				1
2026-07-31	108	Pablo Bayly Fernández				1
2026-07-31	112	Felipe Pérez Guzmán				1
2026-07-31	121	Stephany Ventura Arevalo	2349	SO11762	TOPO_CHICO	1
2026-07-31	124	Germán Emmanuel Merino Falcón	160	SO10300	MAGNEKON	1
2026-07-31	127	Cesar Gildardo Gómez Cano	2349	SO11762	TOPO_CHICO	1
2026-07-31	128	Enoc Natanael Maldonado soto	160	SO10300	MAGNEKON	1
2026-07-31	130	Rolando vazquez garcia	160	SO10300	MAGNEKON	1
2026-07-31	131	Tomas Vázquez García	160	SO10300	MAGNEKON	1
2026-07-31	149	Erick Belmont Kato				1
2026-07-31	153	Eduardo Garza				1
2026-07-31	154	Ramiro Segovia Lopez				1
2026-07-31	155	Juan De La Cruz Maldonado				1
2026-07-31	156	Juana Camarillo Torrez				1
2026-07-31	158	Ricardo Torres	2302	SO11547	TOPO_CHICO	1
2026-08-03	8	Francisco Montalvo Ramirez				1
2026-08-03	25	Héctor Cruz Hernández	2349	SO11762	TOPO_CHICO	1
2026-08-03	48	Luis Ángel García Cruz				1
2026-08-03	55	Juan Manuel Sánchez Lugo	2349	SO11762	TOPO_CHICO	1
2026-08-03	57	Samuel Ulises Alcántara	2349	SO11762	TOPO_CHICO	1
2026-08-03	59	Gerardo Isai Lozano Davila				1
2026-08-03	68	Jésus Montalvo Ramirez	2302	SO11547	TOPO_CHICO	1
2026-08-03	78	Aldo Jesús Méndez Garza				1
2026-08-03	97	Rissia Xavier de Araujo				1
2026-08-03	101	Ana Laura Acevedo Flores				1
2026-08-03	108	Pablo Bayly Fernández				1
2026-08-03	112	Felipe Pérez Guzmán				1
2026-08-03	121	Stephany Ventura Arevalo	2349	SO11762	TOPO_CHICO	1
2026-08-03	124	Germán Emmanuel Merino Falcón	160	SO10300	MAGNEKON	1
2026-08-03	127	Cesar Gildardo Gómez Cano	2349	SO11762	TOPO_CHICO	1
2026-08-03	128	Enoc Natanael Maldonado soto	2349	SO11762	TOPO_CHICO	1
2026-08-03	130	Rolando vazquez garcia	2349	SO11762	TOPO_CHICO	1
2026-08-03	149	Erick Belmont Kato				1
2026-08-03	153	Eduardo Garza				1
2026-08-03	154	Ramiro Segovia Lopez				1
2026-08-03	155	Juan De La Cruz Maldonado				1
2026-08-03	156	Juana Camarillo Torrez				1
2026-08-04	8	Francisco Montalvo Ramirez				1
2026-08-04	25	Héctor Cruz Hernández	2349	SO11762	TOPO_CHICO	1
2026-08-04	48	Luis Ángel García Cruz				1
2026-08-04	55	Juan Manuel Sánchez Lugo	2349	SO11762	TOPO_CHICO	1
2026-08-04	57	Samuel Ulises Alcántara	2349	SO11762	TOPO_CHICO	1
2026-08-04	59	Gerardo Isai Lozano Davila				1
2026-08-04	62	Gilberto Gibran Solís Carrillo				1
2026-08-04	63	Magaly Estefanía Pérez García				1
2026-08-04	68	Jésus Montalvo Ramirez				1
2026-08-04	78	Aldo Jesús Méndez Garza				1
2026-08-04	97	Rissia Xavier de Araujo				1
2026-08-04	98	Ricardo Alán Hernández González				1
2026-08-04	101	Ana Laura Acevedo Flores				1
2026-08-04	108	Pablo Bayly Fernández				1
2026-08-04	112	Felipe Pérez Guzmán				1
2026-08-04	121	Stephany Ventura Arevalo	2349	SO11762	TOPO_CHICO	1
2026-08-04	124	Germán Emmanuel Merino Falcón	2349	SO11762	TOPO_CHICO	1
2026-08-04	127	Cesar Gildardo Gómez Cano	2349	SO11762	TOPO_CHICO	1
2026-08-04	128	Enoc Natanael Maldonado soto	2349	SO11762	TOPO_CHICO	1
2026-08-04	130	Rolando vazquez garcia	2349	SO11762	TOPO_CHICO	1
2026-08-04	149	Erick Belmont Kato				1
2026-08-04	153	Eduardo Garza				1
2026-08-04	154	Ramiro Segovia Lopez				1
2026-08-04	155	Juan De La Cruz Maldonado				1
2026-08-04	156	Juana Camarillo Torrez				1
2026-08-05	8	Francisco Montalvo Ramirez				1
2026-08-05	25	Héctor Cruz Hernández	2349	SO11762	TOPO_CHICO	1
2026-08-05	48	Luis Ángel García Cruz				1
2026-08-05	55	Juan Manuel Sánchez Lugo	2349	SO11762	TOPO_CHICO	1
2026-08-05	57	Samuel Ulises Alcántara	2349	SO11762	TOPO_CHICO	1
2026-08-05	59	Gerardo Isai Lozano Davila				1
2026-08-05	62	Gilberto Gibran Solís Carrillo				1
2026-08-05	63	Magaly Estefanía Pérez García				1
2026-08-05	68	Jésus Montalvo Ramirez				1
2026-08-05	78	Aldo Jesús Méndez Garza				1
2026-08-05	97	Rissia Xavier de Araujo				1
2026-08-05	101	Ana Laura Acevedo Flores				1
2026-08-05	108	Pablo Bayly Fernández				1
2026-08-05	112	Felipe Pérez Guzmán				1
2026-08-05	121	Stephany Ventura Arevalo	2349	SO11762	TOPO_CHICO	1
2026-08-05	124	Germán Emmanuel Merino Falcón	2349	SO11762	TOPO_CHICO	1
2026-08-05	127	Cesar Gildardo Gómez Cano	2349	SO11762	TOPO_CHICO	1
2026-08-05	128	Enoc Natanael Maldonado soto	2349	SO11762	TOPO_CHICO	1
2026-08-05	130	Rolando vazquez garcia	2349	SO11762	TOPO_CHICO	1
2026-08-05	149	Erick Belmont Kato				1
2026-08-05	153	Eduardo Garza				1
2026-08-05	154	Ramiro Segovia Lopez				1
2026-08-05	155	Juan De La Cruz Maldonado				1
2026-08-05	156	Juana Camarillo Torrez				1
2026-08-06	6	Leonel Cruz Cristobal	2349	SO11762	TOPO_CHICO	1
2026-08-06	8	Francisco Montalvo Ramirez				1
2026-08-06	25	Héctor Cruz Hernández	2349	SO11762	TOPO_CHICO	1
2026-08-06	55	Juan Manuel Sánchez Lugo	2349	SO11762	TOPO_CHICO	1
2026-08-06	57	Samuel Ulises Alcántara	2349	SO11762	TOPO_CHICO	1
2026-08-06	59	Gerardo Isai Lozano Davila				1
2026-08-06	62	Gilberto Gibran Solís Carrillo				1
2026-08-06	63	Magaly Estefanía Pérez García				1
2026-08-06	68	Jésus Montalvo Ramirez				1
2026-08-06	78	Aldo Jesús Méndez Garza				1
2026-08-06	97	Rissia Xavier de Araujo				1
2026-08-06	101	Ana Laura Acevedo Flores				1
2026-08-06	108	Pablo Bayly Fernández				1
2026-08-06	112	Felipe Pérez Guzmán				1
2026-08-06	121	Stephany Ventura Arevalo	2349	SO11762	TOPO_CHICO	1
2026-08-06	124	Germán Emmanuel Merino Falcón	2349	SO11762	TOPO_CHICO	1
2026-08-06	127	Cesar Gildardo Gómez Cano	2349	SO11762	TOPO_CHICO	1
2026-08-06	128	Enoc Natanael Maldonado soto	2349	SO11762	TOPO_CHICO	1
2026-08-06	130	Rolando vazquez garcia	2349	SO11762	TOPO_CHICO	1
2026-08-06	149	Erick Belmont Kato				1
2026-08-06	153	Eduardo Garza				1
2026-08-06	154	Ramiro Segovia Lopez				1
2026-08-06	155	Juan De La Cruz Maldonado				1
2026-08-06	156	Juana Camarillo Torrez				1
2026-08-07	6	Leonel Cruz Cristobal	2349	SO11762	TOPO_CHICO	1
2026-08-07	8	Francisco Montalvo Ramirez				1
2026-08-07	25	Héctor Cruz Hernández	2349	SO11762	TOPO_CHICO	1
2026-08-07	55	Juan Manuel Sánchez Lugo	2349	SO11762	TOPO_CHICO	1
2026-08-07	57	Samuel Ulises Alcántara	212	SO10337	BRIDGESTONE	1
2026-08-07	59	Gerardo Isai Lozano Davila				1
2026-08-07	62	Gilberto Gibran Solís Carrillo				1
2026-08-07	68	Jésus Montalvo Ramirez				1
2026-08-07	78	Aldo Jesús Méndez Garza				1
2026-08-07	97	Rissia Xavier de Araujo				1
2026-08-07	101	Ana Laura Acevedo Flores				1
2026-08-07	108	Pablo Bayly Fernández				1
2026-08-07	112	Felipe Pérez Guzmán				1
2026-08-07	121	Stephany Ventura Arevalo	212	SO10337	BRIDGESTONE	1
2026-08-07	124	Germán Emmanuel Merino Falcón	2349	SO11762	TOPO_CHICO	1
2026-08-07	127	Cesar Gildardo Gómez Cano	212	SO10337	BRIDGESTONE	1
2026-08-07	128	Enoc Natanael Maldonado soto	2349	SO11762	TOPO_CHICO	1
2026-08-07	130	Rolando vazquez garcia	2349	SO11762	TOPO_CHICO	1
2026-08-07	131	Tomas Vázquez García	2349	SO11762	TOPO_CHICO	1
2026-08-07	149	Erick Belmont Kato				1
2026-08-07	153	Eduardo Garza				1
2026-08-07	154	Ramiro Segovia Lopez				1
2026-08-07	155	Juan De La Cruz Maldonado				1
2026-08-07	156	Juana Camarillo Torrez				1
2026-08-10	6	Leonel Cruz Cristobal	2349	SO11762	TOPO_CHICO	1
2026-08-10	8	Francisco Montalvo Ramirez				1
2026-08-10	25	Héctor Cruz Hernández	2349	SO11762	TOPO_CHICO	1
2026-08-10	55	Juan Manuel Sánchez Lugo	121	SO9428	VERTIV	1
2026-08-10	57	Samuel Ulises Alcántara	2349	SO11762	TOPO_CHICO	1
2026-08-10	59	Gerardo Isai Lozano Davila				1
2026-08-10	62	Gilberto Gibran Solís Carrillo				1
2026-08-10	63	Magaly Estefanía Pérez García				1
2026-08-10	68	Jésus Montalvo Ramirez				1
2026-08-10	78	Aldo Jesús Méndez Garza				1
2026-08-10	97	Rissia Xavier de Araujo				1
2026-08-10	101	Ana Laura Acevedo Flores				1
2026-08-10	108	Pablo Bayly Fernández				1
2026-08-10	112	Felipe Pérez Guzmán				1
2026-08-10	121	Stephany Ventura Arevalo	2349	SO11762	TOPO_CHICO	1
2026-08-10	124	Germán Emmanuel Merino Falcón	121	SO9428	VERTIV	1
2026-08-10	128	Enoc Natanael Maldonado soto	121	SO9428	VERTIV	1
2026-08-10	130	Rolando vazquez garcia	2349	SO11762	TOPO_CHICO	1
2026-08-10	131	Tomas Vázquez García	121	SO9428	VERTIV	1
2026-08-10	149	Erick Belmont Kato				1
2026-08-10	153	Eduardo Garza				1
2026-08-10	154	Ramiro Segovia Lopez				1
2026-08-10	155	Juan De La Cruz Maldonado				1
2026-08-10	156	Juana Camarillo Torrez				1
2026-08-11	6	Leonel Cruz Cristobal	121	SO9428	VERTIV	1
2026-08-11	8	Francisco Montalvo Ramirez				1
2026-08-11	25	Héctor Cruz Hernández	2302	SO11547	TOPO_CHICO	1
2026-08-11	55	Juan Manuel Sánchez Lugo	121	SO9428	VERTIV	1
2026-08-11	57	Samuel Ulises Alcántara				1
2026-08-11	59	Gerardo Isai Lozano Davila				1
2026-08-11	62	Gilberto Gibran Solís Carrillo				1
2026-08-11	63	Magaly Estefanía Pérez García				1
2026-08-11	68	Jésus Montalvo Ramirez				1
2026-08-11	76	Carlos Eduardo Manzanares	2302	SO11547	TOPO_CHICO	1
2026-08-11	78	Aldo Jesús Méndez Garza				1
2026-08-11	97	Rissia Xavier de Araujo				1
2026-08-11	101	Ana Laura Acevedo Flores				1
2026-08-11	108	Pablo Bayly Fernández				1
2026-08-11	112	Felipe Pérez Guzmán				1
2026-08-11	121	Stephany Ventura Arevalo	2302	SO11547	TOPO_CHICO	1
2026-08-11	124	Germán Emmanuel Merino Falcón	121	SO9428	VERTIV	1
2026-08-11	127	Cesar Gildardo Gómez Cano	121	SO9428	VERTIV	1
2026-08-11	128	Enoc Natanael Maldonado soto	121	SO9428	VERTIV	1
2026-08-11	130	Rolando vazquez garcia	2302	SO11547	TOPO_CHICO	1
2026-08-11	131	Tomas Vázquez García	2302	SO11547	TOPO_CHICO	1
2026-08-11	149	Erick Belmont Kato				1
2026-08-11	153	Eduardo Garza				1
2026-08-11	154	Ramiro Segovia Lopez				1
2026-08-11	155	Juan De La Cruz Maldonado				1
2026-08-11	156	Juana Camarillo Torrez				1
2026-08-12	6	Leonel Cruz Cristobal	121	SO9428	VERTIV	1
2026-08-12	8	Francisco Montalvo Ramirez				1
2026-08-12	25	Héctor Cruz Hernández	2302	SO11547	TOPO_CHICO	1
2026-08-12	55	Juan Manuel Sánchez Lugo	121	SO9428	VERTIV	1
2026-08-12	57	Samuel Ulises Alcántara				1
2026-08-12	59	Gerardo Isai Lozano Davila				1
2026-08-12	62	Gilberto Gibran Solís Carrillo				1
2026-08-12	63	Magaly Estefanía Pérez García				1
2026-08-12	68	Jésus Montalvo Ramirez				1
2026-08-12	76	Carlos Eduardo Manzanares	2302	SO11547	TOPO_CHICO	1
2026-08-12	78	Aldo Jesús Méndez Garza				1
2026-08-12	97	Rissia Xavier de Araujo				1
2026-08-12	101	Ana Laura Acevedo Flores				1
2026-08-12	108	Pablo Bayly Fernández				1
2026-08-12	112	Felipe Pérez Guzmán				1
2026-08-12	121	Stephany Ventura Arevalo	2302	SO11547	TOPO_CHICO	1
2026-08-12	124	Germán Emmanuel Merino Falcón	121	SO9428	VERTIV	2
2026-08-12	127	Cesar Gildardo Gómez Cano	121	SO9428	VERTIV	1
2026-08-12	128	Enoc Natanael Maldonado soto	121	SO9428	VERTIV	1
2026-08-12	130	Rolando vazquez garcia	2302	SO11547	TOPO_CHICO	1
2026-08-12	131	Tomas Vázquez García	2302	SO11547	TOPO_CHICO	1
2026-08-12	149	Erick Belmont Kato				1
2026-08-12	153	Eduardo Garza				1
2026-08-12	154	Ramiro Segovia Lopez				1
2026-08-12	155	Juan De La Cruz Maldonado				1
2026-08-12	156	Juana Camarillo Torrez				1
2026-08-13	6	Leonel Cruz Cristobal	121	SO9428	VERTIV	1
2026-08-13	25	Héctor Cruz Hernández	2302	SO11547	TOPO_CHICO	1
2026-08-13	55	Juan Manuel Sánchez Lugo	121	SO9428	VERTIV	1
2026-08-13	57	Samuel Ulises Alcántara				1
2026-08-13	59	Gerardo Isai Lozano Davila				1
2026-08-13	62	Gilberto Gibran Solís Carrillo				1
2026-08-13	63	Magaly Estefanía Pérez García				1
2026-08-13	68	Jésus Montalvo Ramirez				1
2026-08-13	76	Carlos Eduardo Manzanares	2302	SO11547	TOPO_CHICO	1
2026-08-13	97	Rissia Xavier de Araujo				1
2026-08-13	101	Ana Laura Acevedo Flores				1
2026-08-13	108	Pablo Bayly Fernández				1
2026-08-13	112	Felipe Pérez Guzmán				1
2026-08-13	121	Stephany Ventura Arevalo	2302	SO11547	TOPO_CHICO	1
2026-08-13	124	Germán Emmanuel Merino Falcón	121	SO9428	VERTIV	1
2026-08-13	127	Cesar Gildardo Gómez Cano	121	SO9428	VERTIV	1
2026-08-13	128	Enoc Natanael Maldonado soto	121	SO9428	VERTIV	1
2026-08-13	130	Rolando vazquez garcia	2302	SO11547	TOPO_CHICO	1
2026-08-13	131	Tomas Vázquez García	2302	SO11547	TOPO_CHICO	1
2026-08-13	149	Erick Belmont Kato				1
2026-08-13	153	Eduardo Garza				1
2026-08-13	154	Ramiro Segovia Lopez				1
2026-08-13	155	Juan De La Cruz Maldonado				1
2026-08-13	156	Juana Camarillo Torrez				1
2026-08-14	6	Leonel Cruz Cristobal	121	SO9428	VERTIV	1
2026-08-14	8	Francisco Montalvo Ramirez				1
2026-08-14	25	Héctor Cruz Hernández	2349	SO11762	TOPO_CHICO	1
2026-08-14	55	Juan Manuel Sánchez Lugo				1
2026-08-14	57	Samuel Ulises Alcántara	2302	SO11547	TOPO_CHICO	1
2026-08-14	59	Gerardo Isai Lozano Davila				1
2026-08-14	62	Gilberto Gibran Solís Carrillo				1
2026-08-14	63	Magaly Estefanía Pérez García				1
2026-08-14	68	Jésus Montalvo Ramirez				1
2026-08-14	76	Carlos Eduardo Manzanares	2302	SO11547	TOPO_CHICO	1
2026-08-14	78	Aldo Jesús Méndez Garza				1
2026-08-14	97	Rissia Xavier de Araujo				1
2026-08-14	101	Ana Laura Acevedo Flores				1
2026-08-14	108	Pablo Bayly Fernández				1
2026-08-14	121	Stephany Ventura Arevalo	2349	SO11762	TOPO_CHICO	1
2026-08-14	124	Germán Emmanuel Merino Falcón	121	SO9428	VERTIV	1
2026-08-14	127	Cesar Gildardo Gómez Cano	121	SO9428	VERTIV	1
2026-08-14	128	Enoc Natanael Maldonado soto	121	SO9428	VERTIV	1
2026-08-14	130	Rolando vazquez garcia	2302	SO11547	TOPO_CHICO	1
2026-08-14	131	Tomas Vázquez García	2302	SO11547	TOPO_CHICO	1
2026-08-14	149	Erick Belmont Kato				1
2026-08-14	153	Eduardo Garza				1
2026-08-14	154	Ramiro Segovia Lopez				1
2026-08-14	155	Juan De La Cruz Maldonado				1
2026-08-14	156	Juana Camarillo Torrez				1
2026-08-16	76	Carlos Eduardo Manzanares	121	SO9428	VERTIV	1
2026-08-16	124	Germán Emmanuel Merino Falcón	121	SO9428	VERTIV	1
2026-08-16	130	Rolando vazquez garcia	121	SO9428	VERTIV	1
2026-08-17	6	Leonel Cruz Cristobal	121	SO9428	VERTIV	1
2026-08-17	8	Francisco Montalvo Ramirez				1
2026-08-17	25	Héctor Cruz Hernández	2302	SO11547	TOPO_CHICO	1
2026-08-17	55	Juan Manuel Sánchez Lugo	121	SO9428	VERTIV	1
2026-08-17	57	Samuel Ulises Alcántara				1
2026-08-17	59	Gerardo Isai Lozano Davila				1
2026-08-17	62	Gilberto Gibran Solís Carrillo				1
2026-08-17	68	Jésus Montalvo Ramirez				1
2026-08-17	76	Carlos Eduardo Manzanares	121	SO9428	VERTIV	1
2026-08-17	78	Aldo Jesús Méndez Garza				1
2026-08-17	97	Rissia Xavier de Araujo				1
2026-08-17	101	Ana Laura Acevedo Flores				1
2026-08-17	108	Pablo Bayly Fernández				1
2026-08-17	112	Felipe Pérez Guzmán				1
2026-08-17	121	Stephany Ventura Arevalo	2302	SO11547	TOPO_CHICO	1
2026-08-17	124	Germán Emmanuel Merino Falcón	121	SO9428	VERTIV	1
2026-08-17	127	Cesar Gildardo Gómez Cano	121	SO9428	VERTIV	1
2026-08-17	128	Enoc Natanael Maldonado soto	121	SO9428	VERTIV	1
2026-08-17	130	Rolando vazquez garcia	2302	SO11547	TOPO_CHICO	1
2026-08-17	131	Tomas Vázquez García	2302	SO11547	TOPO_CHICO	1
2026-08-17	149	Erick Belmont Kato				1
2026-08-17	153	Eduardo Garza				1
2026-08-17	154	Ramiro Segovia Lopez				1
2026-08-17	155	Juan De La Cruz Maldonado				1
2026-08-17	156	Juana Camarillo Torrez				1
2026-08-18	6	Leonel Cruz Cristobal	121	SO9428	VERTIV	1
2026-08-18	8	Francisco Montalvo Ramirez				1
2026-08-18	25	Héctor Cruz Hernández	2302	SO11547	TOPO_CHICO	1
2026-08-18	55	Juan Manuel Sánchez Lugo	2302	SO11547	TOPO_CHICO	1
2026-08-18	57	Samuel Ulises Alcántara	121	SO9428	VERTIV	1
2026-08-18	59	Gerardo Isai Lozano Davila				1
2026-08-18	62	Gilberto Gibran Solís Carrillo				1
2026-08-18	63	Magaly Estefanía Pérez García				1
2026-08-18	68	Jésus Montalvo Ramirez				1
2026-08-18	76	Carlos Eduardo Manzanares	121	SO9428	VERTIV	1
2026-08-18	78	Aldo Jesús Méndez Garza				1
2026-08-18	97	Rissia Xavier de Araujo				1
2026-08-18	101	Ana Laura Acevedo Flores				1
2026-08-18	108	Pablo Bayly Fernández				1
2026-08-18	112	Felipe Pérez Guzmán				1
2026-08-18	124	Germán Emmanuel Merino Falcón	121	SO9428	VERTIV	1
2026-08-18	127	Cesar Gildardo Gómez Cano	121	SO9428	VERTIV	1
2026-08-18	128	Enoc Natanael Maldonado soto	121	SO9428	VERTIV	1
2026-08-18	130	Rolando vazquez garcia	121	SO9428	VERTIV	1
2026-08-18	131	Tomas Vázquez García	121	SO9428	VERTIV	1
2026-08-18	149	Erick Belmont Kato				1
2026-08-18	153	Eduardo Garza				1
2026-08-18	154	Ramiro Segovia Lopez				1
2026-08-18	155	Juan De La Cruz Maldonado				1
2026-08-18	156	Juana Camarillo Torrez				1
2026-08-19	6	Leonel Cruz Cristobal	121	SO9428	VERTIV	1
2026-08-19	8	Francisco Montalvo Ramirez				1
2026-08-19	25	Héctor Cruz Hernández	2349	SO11762	TOPO_CHICO	1
2026-08-19	55	Juan Manuel Sánchez Lugo	2302	SO11547	TOPO_CHICO	1
2026-08-19	57	Samuel Ulises Alcántara	121	SO9428	VERTIV	1
2026-08-19	59	Gerardo Isai Lozano Davila				1
2026-08-19	62	Gilberto Gibran Solís Carrillo				1
2026-08-19	63	Magaly Estefanía Pérez García				1
2026-08-19	68	Jésus Montalvo Ramirez				1
2026-08-19	76	Carlos Eduardo Manzanares	121	SO9428	VERTIV	1
2026-08-19	78	Aldo Jesús Méndez Garza				1
2026-08-19	97	Rissia Xavier de Araujo				1
2026-08-19	101	Ana Laura Acevedo Flores				1
2026-08-19	108	Pablo Bayly Fernández				1
2026-08-19	112	Felipe Pérez Guzmán				1
2026-08-19	121	Stephany Ventura Arevalo	2302	SO11547	TOPO_CHICO	1
2026-08-19	124	Germán Emmanuel Merino Falcón	121	SO9428	VERTIV	1
2026-08-19	127	Cesar Gildardo Gómez Cano	121	SO9428	VERTIV	1
2026-08-19	128	Enoc Natanael Maldonado soto	121	SO9428	VERTIV	1
2026-08-19	130	Rolando vazquez garcia	2302	SO11547	TOPO_CHICO	1
2026-08-19	131	Tomas Vázquez García	2302	SO11547	TOPO_CHICO	1
2026-08-19	149	Erick Belmont Kato				1
2026-08-19	153	Eduardo Garza				1
2026-08-19	154	Ramiro Segovia Lopez				1
2026-08-19	155	Juan De La Cruz Maldonado				1
2026-08-19	156	Juana Camarillo Torrez				1
2026-08-20	6	Leonel Cruz Cristobal	121	SO9428	VERTIV	1
2026-08-20	8	Francisco Montalvo Ramirez				1
2026-08-20	25	Héctor Cruz Hernández	2349	SO11762	TOPO_CHICO	1
2026-08-20	48	Luis Ángel García Cruz				1
2026-08-20	55	Juan Manuel Sánchez Lugo	2302	SO11547	TOPO_CHICO	1
2026-08-20	57	Samuel Ulises Alcántara	121	SO9428	VERTIV	1
2026-08-20	59	Gerardo Isai Lozano Davila				1
2026-08-20	62	Gilberto Gibran Solís Carrillo				1
2026-08-20	63	Magaly Estefanía Pérez García				1
2026-08-20	68	Jésus Montalvo Ramirez				1
2026-08-20	76	Carlos Eduardo Manzanares	121	SO9428	VERTIV	1
2026-08-20	78	Aldo Jesús Méndez Garza				1
2026-08-20	79	José Luis Romero Grados				1
2026-08-20	97	Rissia Xavier de Araujo				1
2026-08-20	101	Ana Laura Acevedo Flores				1
2026-08-20	108	Pablo Bayly Fernández				1
2026-08-20	112	Felipe Pérez Guzmán				1
2026-08-20	121	Stephany Ventura Arevalo	2302	SO11547	TOPO_CHICO	1
2026-08-20	124	Germán Emmanuel Merino Falcón	121	SO9428	VERTIV	1
2026-08-20	127	Cesar Gildardo Gómez Cano	121	SO9428	VERTIV	1
2026-08-20	128	Enoc Natanael Maldonado soto	121	SO9428	VERTIV	1
2026-08-20	130	Rolando vazquez garcia	2302	SO11547	TOPO_CHICO	1
2026-08-20	131	Tomas Vázquez García	2302	SO11547	TOPO_CHICO	1
2026-08-20	149	Erick Belmont Kato				1
2026-08-20	153	Eduardo Garza				1
2026-08-20	154	Ramiro Segovia Lopez				1
2026-08-20	155	Juan De La Cruz Maldonado				1
2026-08-20	156	Juana Camarillo Torrez				1
2026-08-21	6	Leonel Cruz Cristobal	121	SO9428	VERTIV	1
2026-08-21	8	Francisco Montalvo Ramirez				1
2026-08-21	25	Héctor Cruz Hernández	2349	SO11762	TOPO_CHICO	1
2026-08-21	55	Juan Manuel Sánchez Lugo	2302	SO11547	TOPO_CHICO	1
2026-08-21	57	Samuel Ulises Alcántara	121	SO9428	VERTIV	1
2026-08-21	59	Gerardo Isai Lozano Davila				1
2026-08-21	62	Gilberto Gibran Solís Carrillo				1
2026-08-21	63	Magaly Estefanía Pérez García				1
2026-08-21	68	Jésus Montalvo Ramirez				1
2026-08-21	76	Carlos Eduardo Manzanares	121	SO9428	VERTIV	1
2026-08-21	78	Aldo Jesús Méndez Garza				1
2026-08-21	79	José Luis Romero Grados	121	SO9428	VERTIV	1
2026-08-21	97	Rissia Xavier de Araujo				1
2026-08-21	101	Ana Laura Acevedo Flores				1
2026-08-21	108	Pablo Bayly Fernández				1
2026-08-21	112	Felipe Pérez Guzmán				1
2026-08-21	121	Stephany Ventura Arevalo	2302	SO11547	TOPO_CHICO	1
2026-08-21	124	Germán Emmanuel Merino Falcón	121	SO9428	VERTIV	1
2026-08-21	127	Cesar Gildardo Gómez Cano	121	SO9428	VERTIV	1
2026-08-21	128	Enoc Natanael Maldonado soto	121	SO9428	VERTIV	1
2026-08-21	130	Rolando vazquez garcia	2302	SO11547	TOPO_CHICO	1
2026-08-21	131	Tomas Vázquez García	2302	SO11547	TOPO_CHICO	1
2026-08-21	149	Erick Belmont Kato				1
2026-08-21	153	Eduardo Garza				1
2026-08-21	154	Ramiro Segovia Lopez				1
2026-08-21	155	Juan De La Cruz Maldonado				1
2026-08-21	156	Juana Camarillo Torrez				1
2026-08-24	6	Leonel Cruz Cristobal	121	SO9428	VERTIV	1
2026-08-24	57	Samuel Ulises Alcántara	121	SO9428	VERTIV	1
2026-08-24	59	Gerardo Isai Lozano Davila				1
2026-08-24	62	Gilberto Gibran Solís Carrillo				1
2026-08-24	63	Magaly Estefanía Pérez García				1
2026-08-24	75	Mateo Salazar	2302	SO11547	TOPO_CHICO	1
2026-08-24	76	Carlos Eduardo Manzanares	121	SO9428	VERTIV	1
2026-08-24	78	Aldo Jesús Méndez Garza				1
2026-08-24	79	José Luis Romero Grados	121	SO9428	VERTIV	1
2026-08-24	97	Rissia Xavier de Araujo				1
2026-08-24	98	Ricardo Alán Hernández González				1
2026-08-24	101	Ana Laura Acevedo Flores				1
2026-08-24	108	Pablo Bayly Fernández				1
2026-08-24	112	Felipe Pérez Guzmán				1
2026-08-24	121	Stephany Ventura Arevalo	2302	SO11547	TOPO_CHICO	1
2026-08-24	124	Germán Emmanuel Merino Falcón	121	SO9428	VERTIV	1
2026-08-24	127	Cesar Gildardo Gómez Cano	2302	SO11547	TOPO_CHICO	1
2026-08-24	128	Enoc Natanael Maldonado soto	121	SO9428	VERTIV	1
2026-08-24	130	Rolando vazquez garcia	2302	SO11547	TOPO_CHICO	1
2026-08-24	131	Tomas Vázquez García	2302	SO11547	TOPO_CHICO	1
2026-08-24	149	Erick Belmont Kato				1
2026-08-24	153	Eduardo Garza				1
2026-08-24	154	Ramiro Segovia Lopez				1
2026-08-24	156	Juana Camarillo Torrez				1
2026-08-25	6	Leonel Cruz Cristobal	121	SO9428	VERTIV	1
2026-08-25	8	Francisco Montalvo Ramirez				1
2026-08-25	57	Samuel Ulises Alcántara	121	SO9428	VERTIV	1
2026-08-25	59	Gerardo Isai Lozano Davila				1
2026-08-25	62	Gilberto Gibran Solís Carrillo				1
2026-08-25	68	Jésus Montalvo Ramirez				1
2026-08-25	75	Mateo Salazar				1
2026-08-25	76	Carlos Eduardo Manzanares	121	SO9428	VERTIV	1
2026-08-25	78	Aldo Jesús Méndez Garza				1
2026-08-25	79	José Luis Romero Grados	121	SO9428	VERTIV	1
2026-08-25	97	Rissia Xavier de Araujo				1
2026-08-25	98	Ricardo Alán Hernández González				1
2026-08-25	101	Ana Laura Acevedo Flores				1
2026-08-25	108	Pablo Bayly Fernández				1
2026-08-25	112	Felipe Pérez Guzmán				1
2026-08-25	121	Stephany Ventura Arevalo	2302	SO11547	TOPO_CHICO	1
2026-08-25	124	Germán Emmanuel Merino Falcón	121	SO9428	VERTIV	1
2026-08-25	127	Cesar Gildardo Gómez Cano	2302	SO11547	TOPO_CHICO	1
2026-08-25	128	Enoc Natanael Maldonado soto	121	SO9428	VERTIV	1
2026-08-25	130	Rolando vazquez garcia	2302	SO11547	TOPO_CHICO	1
2026-08-25	131	Tomas Vázquez García	2302	SO11547	TOPO_CHICO	1
2026-08-25	149	Erick Belmont Kato				1
2026-08-25	153	Eduardo Garza				1
2026-08-25	154	Ramiro Segovia Lopez				1
2026-08-25	155	Juan De La Cruz Maldonado				1
2026-08-25	156	Juana Camarillo Torrez				1
2026-08-26	6	Leonel Cruz Cristobal	121	SO9428	VERTIV	1
2026-08-26	8	Francisco Montalvo Ramirez				1
2026-08-26	55	Juan Manuel Sánchez Lugo	121	SO9428	VERTIV	1
2026-08-26	57	Samuel Ulises Alcántara	121	SO9428	VERTIV	1
2026-08-26	59	Gerardo Isai Lozano Davila				1
2026-08-26	62	Gilberto Gibran Solís Carrillo				1
2026-08-26	63	Magaly Estefanía Pérez García				1
2026-08-26	68	Jésus Montalvo Ramirez				1
2026-08-26	75	Mateo Salazar				1
2026-08-26	76	Carlos Eduardo Manzanares	121	SO9428	VERTIV	1
2026-08-26	78	Aldo Jesús Méndez Garza				1
2026-08-26	79	José Luis Romero Grados	121	SO9428	VERTIV	1
2026-08-26	97	Rissia Xavier de Araujo				1
2026-08-26	98	Ricardo Alán Hernández González				1
2026-08-26	101	Ana Laura Acevedo Flores				1
2026-08-26	108	Pablo Bayly Fernández				1
2026-08-26	112	Felipe Pérez Guzmán				1
2026-08-26	121	Stephany Ventura Arevalo	2302	SO11547	TOPO_CHICO	1
2026-08-26	124	Germán Emmanuel Merino Falcón	121	SO9428	VERTIV	1
2026-08-26	127	Cesar Gildardo Gómez Cano	2302	SO11547	TOPO_CHICO	1
2026-08-26	128	Enoc Natanael Maldonado soto	121	SO9428	VERTIV	1
2026-08-26	130	Rolando vazquez garcia	2302	SO11547	TOPO_CHICO	1
2026-08-26	131	Tomas Vázquez García	2302	SO11547	TOPO_CHICO	1
2026-08-26	149	Erick Belmont Kato				1
2026-08-26	153	Eduardo Garza				1
2026-08-26	154	Ramiro Segovia Lopez				1
2026-08-26	155	Juan De La Cruz Maldonado				1
2026-08-26	156	Juana Camarillo Torrez				1
2026-08-27	6	Leonel Cruz Cristobal	121	SO9428	VERTIV	1
2026-08-27	8	Francisco Montalvo Ramirez				1
2026-08-27	55	Juan Manuel Sánchez Lugo	121	SO9428	VERTIV	1
2026-08-27	57	Samuel Ulises Alcántara	121	SO9428	VERTIV	1
2026-08-27	59	Gerardo Isai Lozano Davila				1
2026-08-27	62	Gilberto Gibran Solís Carrillo				1
2026-08-27	63	Magaly Estefanía Pérez García				1
2026-08-27	68	Jésus Montalvo Ramirez				1
2026-08-27	75	Mateo Salazar				1
2026-08-27	76	Carlos Eduardo Manzanares	2302	SO11547	TOPO_CHICO	1
2026-08-27	78	Aldo Jesús Méndez Garza				1
2026-08-27	79	José Luis Romero Grados	121	SO9428	VERTIV	1
2026-08-27	97	Rissia Xavier de Araujo				1
2026-08-27	98	Ricardo Alán Hernández González				1
2026-08-27	108	Pablo Bayly Fernández				1
2026-08-27	112	Felipe Pérez Guzmán				1
2026-08-27	121	Stephany Ventura Arevalo	2302	SO11547	TOPO_CHICO	1
2026-08-27	124	Germán Emmanuel Merino Falcón	121	SO9428	VERTIV	1
2026-08-27	127	Cesar Gildardo Gómez Cano	2302	SO11547	TOPO_CHICO	1
2026-08-27	128	Enoc Natanael Maldonado soto	121	SO9428	VERTIV	1
2026-08-27	130	Rolando vazquez garcia	2302	SO11547	TOPO_CHICO	1
2026-08-27	131	Tomas Vázquez García	2302	SO11547	TOPO_CHICO	1
2026-08-27	149	Erick Belmont Kato				1
2026-08-27	153	Eduardo Garza				1
2026-08-27	154	Ramiro Segovia Lopez				1
2026-08-27	155	Juan De La Cruz Maldonado				1
2026-08-27	156	Juana Camarillo Torrez				1
2026-08-28	6	Leonel Cruz Cristobal				1
2026-08-28	8	Francisco Montalvo Ramirez				1
2026-08-28	55	Juan Manuel Sánchez Lugo	2302	SO11547	TOPO_CHICO	1
2026-08-28	57	Samuel Ulises Alcántara				1
2026-08-28	59	Gerardo Isai Lozano Davila				1
2026-08-28	62	Gilberto Gibran Solís Carrillo				1
2026-08-28	63	Magaly Estefanía Pérez García				1
2026-08-28	68	Jésus Montalvo Ramirez				1
2026-08-28	76	Carlos Eduardo Manzanares	2302	SO11547	TOPO_CHICO	1
2026-08-28	78	Aldo Jesús Méndez Garza				1
2026-08-28	79	José Luis Romero Grados				1
2026-08-28	97	Rissia Xavier de Araujo				1
2026-08-28	98	Ricardo Alán Hernández González				1
2026-08-28	108	Pablo Bayly Fernández				1
2026-08-28	112	Felipe Pérez Guzmán				1
2026-08-28	121	Stephany Ventura Arevalo	2302	SO11547	TOPO_CHICO	1
2026-08-28	124	Germán Emmanuel Merino Falcón				1
2026-08-28	127	Cesar Gildardo Gómez Cano	2302	SO11547	TOPO_CHICO	1
2026-08-28	128	Enoc Natanael Maldonado soto	2302	SO11547	TOPO_CHICO	1
2026-08-28	130	Rolando vazquez garcia	2302	SO11547	TOPO_CHICO	1
2026-08-28	131	Tomas Vázquez García	2302	SO11547	TOPO_CHICO	1
2026-08-28	149	Erick Belmont Kato				1
2026-08-28	153	Eduardo Garza				1
2026-08-28	154	Ramiro Segovia Lopez				1
2026-08-28	155	Juan De La Cruz Maldonado				1
2026-08-28	156	Juana Camarillo Torrez				1
2026-08-31	6	Leonel Cruz Cristobal				1
2026-08-31	8	Francisco Montalvo Ramirez				1
2026-08-31	55	Juan Manuel Sánchez Lugo	2302	SO11547	TOPO_CHICO	1
2026-08-31	59	Gerardo Isai Lozano Davila				1
2026-08-31	62	Gilberto Gibran Solís Carrillo				1
2026-08-31	63	Magaly Estefanía Pérez García				1
2026-08-31	76	Carlos Eduardo Manzanares	2302	SO11547	TOPO_CHICO	1
2026-08-31	78	Aldo Jesús Méndez Garza				1
2026-08-31	79	José Luis Romero Grados				1
2026-08-31	97	Rissia Xavier de Araujo				1
2026-08-31	98	Ricardo Alán Hernández González				1
2026-08-31	108	Pablo Bayly Fernández				1
2026-08-31	112	Felipe Pérez Guzmán				1
2026-08-31	121	Stephany Ventura Arevalo				1
2026-08-31	124	Germán Emmanuel Merino Falcón				1
2026-08-31	127	Cesar Gildardo Gómez Cano	2302	SO11547	TOPO_CHICO	1
2026-08-31	128	Enoc Natanael Maldonado soto	2302	SO11547	TOPO_CHICO	1
2026-08-31	130	Rolando vazquez garcia	2302	SO11547	TOPO_CHICO	1
2026-08-31	131	Tomas Vázquez García	2302	SO11547	TOPO_CHICO	1
2026-08-31	149	Erick Belmont Kato				1
2026-08-31	153	Eduardo Garza				1
2026-08-31	154	Ramiro Segovia Lopez				1
2026-08-31	155	Juan De La Cruz Maldonado				1
2026-08-31	156	Juana Camarillo Torrez				1
2026-09-01	6	Leonel Cruz Cristobal	121	SO9428	VERTIV	1
2026-09-01	8	Francisco Montalvo Ramirez				1
2026-09-01	55	Juan Manuel Sánchez Lugo				1
2026-09-01	57	Samuel Ulises Alcántara	121	SO9428	VERTIV	1
2026-09-01	59	Gerardo Isai Lozano Davila				1
2026-09-01	62	Gilberto Gibran Solís Carrillo				1
2026-09-01	63	Magaly Estefanía Pérez García				1
2026-09-01	68	Jésus Montalvo Ramirez				1
2026-09-01	76	Carlos Eduardo Manzanares	2302	SO11547	TOPO_CHICO	1
2026-09-01	78	Aldo Jesús Méndez Garza				1
2026-09-01	79	José Luis Romero Grados	121	SO9428	VERTIV	1
2026-09-01	97	Rissia Xavier de Araujo				1
2026-09-01	98	Ricardo Alán Hernández González				1
2026-09-01	108	Pablo Bayly Fernández				1
2026-09-01	112	Felipe Pérez Guzmán				1
2026-09-01	121	Stephany Ventura Arevalo	2302	SO11547	TOPO_CHICO	1
2026-09-01	124	Germán Emmanuel Merino Falcón	121	SO9428	VERTIV	1
2026-09-01	127	Cesar Gildardo Gómez Cano	2302	SO11547	TOPO_CHICO	1
2026-09-01	128	Enoc Natanael Maldonado soto	2302	SO11547	TOPO_CHICO	1
2026-09-01	130	Rolando vazquez garcia	2302	SO11547	TOPO_CHICO	1
2026-09-01	131	Tomas Vázquez García	2302	SO11547	TOPO_CHICO	1
2026-09-01	149	Erick Belmont Kato				1
2026-09-01	153	Eduardo Garza				1
2026-09-01	154	Ramiro Segovia Lopez				1
2026-09-01	155	Juan De La Cruz Maldonado				1
2026-09-01	156	Juana Camarillo Torrez				1
2026-09-02	6	Leonel Cruz Cristobal	121	SO9428	VERTIV	1
2026-09-02	8	Francisco Montalvo Ramirez				1
2026-09-02	55	Juan Manuel Sánchez Lugo	2302	SO11547	TOPO_CHICO	1
2026-09-02	57	Samuel Ulises Alcántara	121	SO9428	VERTIV	1
2026-09-02	59	Gerardo Isai Lozano Davila				1
2026-09-02	62	Gilberto Gibran Solís Carrillo				1
2026-09-02	63	Magaly Estefanía Pérez García				1
2026-09-02	68	Jésus Montalvo Ramirez				1
2026-09-02	75	Mateo Salazar	2356	SO11773	USA	1
2026-09-02	76	Carlos Eduardo Manzanares	2302	SO11547	TOPO_CHICO	1
2026-09-02	78	Aldo Jesús Méndez Garza				1
2026-09-02	79	José Luis Romero Grados	2352	SO11699	BRIDGESTONE	1
2026-09-02	97	Rissia Xavier de Araujo				1
2026-09-02	98	Ricardo Alán Hernández González				1
2026-09-02	108	Pablo Bayly Fernández				1
2026-09-02	112	Felipe Pérez Guzmán				1
2026-09-02	121	Stephany Ventura Arevalo	2352	SO11699	BRIDGESTONE	1
2026-09-02	124	Germán Emmanuel Merino Falcón	121	SO9428	VERTIV	1
2026-09-02	127	Cesar Gildardo Gómez Cano	2302	SO11547	TOPO_CHICO	1
2026-09-02	128	Enoc Natanael Maldonado soto	2302	SO11547	TOPO_CHICO	1
2026-09-02	131	Tomas Vázquez García	2302	SO11547	TOPO_CHICO	1
2026-09-02	149	Erick Belmont Kato				1
2026-09-02	153	Eduardo Garza				1
2026-09-02	154	Ramiro Segovia Lopez				1
2026-09-02	155	Juan De La Cruz Maldonado				1
2026-09-02	156	Juana Camarillo Torrez				1
2026-09-03	6	Leonel Cruz Cristobal	121	SO9428	VERTIV	1
2026-09-03	8	Francisco Montalvo Ramirez				1
2026-09-03	25	Héctor Cruz Hernández	2302	SO11547	TOPO_CHICO	1
2026-09-03	55	Juan Manuel Sánchez Lugo	2375	SO11498	BRIDGESTONE_ING	1
2026-09-03	57	Samuel Ulises Alcántara	121	SO9428	VERTIV	1
2026-09-03	59	Gerardo Isai Lozano Davila				1
2026-09-03	62	Gilberto Gibran Solís Carrillo				1
2026-09-03	63	Magaly Estefanía Pérez García				1
2026-09-03	68	Jésus Montalvo Ramirez				1
2026-09-03	75	Mateo Salazar				1
2026-09-03	76	Carlos Eduardo Manzanares	2302	SO11547	TOPO_CHICO	1
2026-09-03	78	Aldo Jesús Méndez Garza				1
2026-09-03	79	José Luis Romero Grados	121	SO9428	VERTIV	1
2026-09-03	97	Rissia Xavier de Araujo				1
2026-09-03	98	Ricardo Alán Hernández González				1
2026-09-03	108	Pablo Bayly Fernández				1
2026-09-03	112	Felipe Pérez Guzmán				1
2026-09-03	121	Stephany Ventura Arevalo	2302	SO11547	TOPO_CHICO	1
2026-09-03	124	Germán Emmanuel Merino Falcón	121	SO9428	VERTIV	1
2026-09-03	127	Cesar Gildardo Gómez Cano	2302	SO11547	TOPO_CHICO	1
2026-09-03	128	Enoc Natanael Maldonado soto	2302	SO11547	TOPO_CHICO	1
2026-09-03	130	Rolando vazquez garcia	2302	SO11547	TOPO_CHICO	1
2026-09-03	131	Tomas Vázquez García	2302	SO11547	TOPO_CHICO	1
2026-09-03	149	Erick Belmont Kato				1
2026-09-03	153	Eduardo Garza				1
2026-09-03	154	Ramiro Segovia Lopez				1
2026-09-03	155	Juan De La Cruz Maldonado				1
2026-09-03	156	Juana Camarillo Torrez				1
2026-09-04	6	Leonel Cruz Cristobal	121	SO9428	VERTIV	1
2026-09-04	8	Francisco Montalvo Ramirez				1
2026-09-04	25	Héctor Cruz Hernández	2302	SO11547	TOPO_CHICO	1
2026-09-04	55	Juan Manuel Sánchez Lugo	2375	SO11498	BRIDGESTONE_ING	1
2026-09-04	57	Samuel Ulises Alcántara	121	SO9428	VERTIV	1
2026-09-04	59	Gerardo Isai Lozano Davila				1
2026-09-04	62	Gilberto Gibran Solís Carrillo				1
2026-09-04	63	Magaly Estefanía Pérez García				1
2026-09-04	68	Jésus Montalvo Ramirez				1
2026-09-04	75	Mateo Salazar				1
2026-09-04	76	Carlos Eduardo Manzanares	2302	SO11547	TOPO_CHICO	1
2026-09-04	78	Aldo Jesús Méndez Garza				1
2026-09-04	79	José Luis Romero Grados	2302	SO11547	TOPO_CHICO	1
2026-09-04	97	Rissia Xavier de Araujo				1
2026-09-04	98	Ricardo Alán Hernández González				1
2026-09-04	108	Pablo Bayly Fernández				1
2026-09-04	112	Felipe Pérez Guzmán				1
2026-09-04	121	Stephany Ventura Arevalo	2302	SO11547	TOPO_CHICO	1
2026-09-04	124	Germán Emmanuel Merino Falcón	121	SO9428	VERTIV	1
2026-09-04	127	Cesar Gildardo Gómez Cano	2302	SO11547	TOPO_CHICO	1
2026-09-04	128	Enoc Natanael Maldonado soto	2302	SO11547	TOPO_CHICO	1
2026-09-04	130	Rolando vazquez garcia	2302	SO11547	TOPO_CHICO	1
2026-09-04	131	Tomas Vázquez García	2302	SO11547	TOPO_CHICO	1
2026-09-04	153	Eduardo Garza				1
2026-09-04	154	Ramiro Segovia Lopez				1
2026-09-04	155	Juan De La Cruz Maldonado				1
2026-09-04	156	Juana Camarillo Torrez				1
2026-09-07	6	Leonel Cruz Cristobal	2352	SO11699	BRIDGESTONE	1
2026-09-07	8	Francisco Montalvo Ramirez				1
2026-09-07	25	Héctor Cruz Hernández	2302	SO11547	TOPO_CHICO	1
2026-09-07	55	Juan Manuel Sánchez Lugo	2375	SO11498	BRIDGESTONE_ING	1
2026-09-07	59	Gerardo Isai Lozano Davila				1
2026-09-07	62	Gilberto Gibran Solís Carrillo				1
2026-09-07	75	Mateo Salazar				1
2026-09-07	76	Carlos Eduardo Manzanares	2302	SO11547	TOPO_CHICO	1
2026-09-07	78	Aldo Jesús Méndez Garza				1
2026-09-07	79	José Luis Romero Grados	2352	SO11699	BRIDGESTONE	1
2026-09-07	97	Rissia Xavier de Araujo				1
2026-09-07	98	Ricardo Alán Hernández González				1
2026-09-07	108	Pablo Bayly Fernández				1
2026-09-07	112	Felipe Pérez Guzmán				1
2026-09-07	121	Stephany Ventura Arevalo	2302	SO11547	TOPO_CHICO	1
2026-09-07	124	Germán Emmanuel Merino Falcón	2352	SO11699	BRIDGESTONE	1
2026-09-07	128	Enoc Natanael Maldonado soto	2302	SO11547	TOPO_CHICO	1
2026-09-07	130	Rolando vazquez garcia	2302	SO11547	TOPO_CHICO	1
2026-09-07	131	Tomas Vázquez García	2302	SO11547	TOPO_CHICO	1
2026-09-07	149	Erick Belmont Kato				1
2026-09-07	153	Eduardo Garza				1
2026-09-07	154	Ramiro Segovia Lopez				1
2026-09-07	155	Juan De La Cruz Maldonado				1
2026-09-07	156	Juana Camarillo Torrez				1
2026-09-08	6	Leonel Cruz Cristobal	121	SO9428	VERTIV	2
2026-09-08	8	Francisco Montalvo Ramirez				1
2026-09-08	25	Héctor Cruz Hernández	2302	SO11547	TOPO_CHICO	1
2026-09-08	55	Juan Manuel Sánchez Lugo	2375	SO11498	BRIDGESTONE_ING	1
2026-09-08	57	Samuel Ulises Alcántara	121	SO9428	VERTIV	1
2026-09-08	59	Gerardo Isai Lozano Davila				1
2026-09-08	62	Gilberto Gibran Solís Carrillo				1
2026-09-08	63	Magaly Estefanía Pérez García				1
2026-09-08	68	Jésus Montalvo Ramirez				1
2026-09-08	75	Mateo Salazar				1
2026-09-08	76	Carlos Eduardo Manzanares	2302	SO11547	TOPO_CHICO	1
2026-09-08	78	Aldo Jesús Méndez Garza				1
2026-09-08	79	José Luis Romero Grados	121	SO9428	VERTIV	1
2026-09-08	97	Rissia Xavier de Araujo				1
2026-09-08	101	Ana Laura Acevedo Flores				1
2026-09-08	108	Pablo Bayly Fernández				1
2026-09-08	112	Felipe Pérez Guzmán				1
2026-09-08	121	Stephany Ventura Arevalo	2302	SO11547	TOPO_CHICO	1
2026-09-08	124	Germán Emmanuel Merino Falcón	121	SO9428	VERTIV	1
2026-09-08	127	Cesar Gildardo Gómez Cano	2302	SO11547	TOPO_CHICO	1
2026-09-08	128	Enoc Natanael Maldonado soto	2302	SO11547	TOPO_CHICO	1
2026-09-08	130	Rolando vazquez garcia	2302	SO11547	TOPO_CHICO	1
2026-09-08	131	Tomas Vázquez García	2302	SO11547	TOPO_CHICO	1
2026-09-08	149	Erick Belmont Kato				1
2026-09-08	153	Eduardo Garza				1
2026-09-08	154	Ramiro Segovia Lopez				1
2026-09-08	155	Juan De La Cruz Maldonado				1
2026-09-08	156	Juana Camarillo Torrez				1
2026-09-09	6	Leonel Cruz Cristobal	121	SO9428	VERTIV	1
2026-09-09	8	Francisco Montalvo Ramirez				1
2026-09-09	25	Héctor Cruz Hernández	2302	SO11547	TOPO_CHICO	1
2026-09-09	55	Juan Manuel Sánchez Lugo	2375	SO11498	BRIDGESTONE_ING	1
2026-09-09	57	Samuel Ulises Alcántara	2352	SO11699	BRIDGESTONE	1
2026-09-09	59	Gerardo Isai Lozano Davila				1
2026-09-09	62	Gilberto Gibran Solís Carrillo				1
2026-09-09	63	Magaly Estefanía Pérez García				1
2026-09-09	68	Jésus Montalvo Ramirez				1
2026-09-09	76	Carlos Eduardo Manzanares	2302	SO11547	TOPO_CHICO	1
2026-09-09	78	Aldo Jesús Méndez Garza				1
2026-09-09	79	José Luis Romero Grados	121	SO9428	VERTIV	1
2026-09-09	97	Rissia Xavier de Araujo				1
2026-09-09	98	Ricardo Alán Hernández González				1
2026-09-09	101	Ana Laura Acevedo Flores				1
2026-09-09	108	Pablo Bayly Fernández				1
2026-09-09	112	Felipe Pérez Guzmán				1
2026-09-09	121	Stephany Ventura Arevalo	2302	SO11547	TOPO_CHICO	1
2026-09-09	124	Germán Emmanuel Merino Falcón	121	SO9428	VERTIV	1
2026-09-09	127	Cesar Gildardo Gómez Cano	2302	SO11547	TOPO_CHICO	1
2026-09-09	128	Enoc Natanael Maldonado soto	2302	SO11547	TOPO_CHICO	1
2026-09-09	130	Rolando vazquez garcia	2302	SO11547	TOPO_CHICO	1
2026-09-09	131	Tomas Vázquez García	2302	SO11547	TOPO_CHICO	1
2026-09-09	149	Erick Belmont Kato				1
2026-09-09	153	Eduardo Garza				1
2026-09-09	154	Ramiro Segovia Lopez				1
2026-09-09	155	Juan De La Cruz Maldonado				1
2026-09-09	156	Juana Camarillo Torrez				1
2026-09-10	6	Leonel Cruz Cristobal	121	SO9428	VERTIV	1
2026-09-10	8	Francisco Montalvo Ramirez				1
2026-09-10	25	Héctor Cruz Hernández	2302	SO11547	TOPO_CHICO	1
2026-09-10	55	Juan Manuel Sánchez Lugo	2375	SO11498	BRIDGESTONE_ING	1
2026-09-10	57	Samuel Ulises Alcántara	121	SO9428	VERTIV	1
2026-09-10	59	Gerardo Isai Lozano Davila				1
2026-09-10	62	Gilberto Gibran Solís Carrillo				1
2026-09-10	63	Magaly Estefanía Pérez García				1
2026-09-10	68	Jésus Montalvo Ramirez				1
2026-09-10	76	Carlos Eduardo Manzanares	2302	SO11547	TOPO_CHICO	1
2026-09-10	78	Aldo Jesús Méndez Garza				1
2026-09-10	79	José Luis Romero Grados	121	SO9428	VERTIV	1
2026-09-10	97	Rissia Xavier de Araujo				1
2026-09-10	98	Ricardo Alán Hernández González				2
2026-09-10	101	Ana Laura Acevedo Flores				1
2026-09-10	108	Pablo Bayly Fernández				1
2026-09-10	112	Felipe Pérez Guzmán				1
2026-09-10	121	Stephany Ventura Arevalo	2302	SO11547	TOPO_CHICO	1
2026-09-10	124	Germán Emmanuel Merino Falcón	121	SO9428	VERTIV	1
2026-09-10	127	Cesar Gildardo Gómez Cano	2302	SO11547	TOPO_CHICO	1
2026-09-10	128	Enoc Natanael Maldonado soto	2302	SO11547	TOPO_CHICO	1
2026-09-10	130	Rolando vazquez garcia	2302	SO11547	TOPO_CHICO	1
2026-09-10	131	Tomas Vázquez García	2302	SO11547	TOPO_CHICO	1
2026-09-10	149	Erick Belmont Kato				1
2026-09-10	153	Eduardo Garza				1
2026-09-10	154	Ramiro Segovia Lopez				1
2026-09-10	155	Juan De La Cruz Maldonado				1
2026-09-10	156	Juana Camarillo Torrez				1
2026-09-11	6	Leonel Cruz Cristobal	2352	SO11699	BRIDGESTONE	1
2026-09-11	8	Francisco Montalvo Ramirez				1
2026-09-11	25	Héctor Cruz Hernández	2302	SO11547	TOPO_CHICO	1
2026-09-11	55	Juan Manuel Sánchez Lugo	2375	SO11498	BRIDGESTONE_ING	1
2026-09-11	57	Samuel Ulises Alcántara	2352	SO11699	BRIDGESTONE	1
2026-09-11	59	Gerardo Isai Lozano Davila				1
2026-09-11	62	Gilberto Gibran Solís Carrillo				1
2026-09-11	63	Magaly Estefanía Pérez García				1
2026-09-11	68	Jésus Montalvo Ramirez				1
2026-09-11	76	Carlos Eduardo Manzanares	2302	SO11547	TOPO_CHICO	1
2026-09-11	78	Aldo Jesús Méndez Garza				1
2026-09-11	79	José Luis Romero Grados	2352	SO11699	BRIDGESTONE	1
2026-09-11	97	Rissia Xavier de Araujo				1
2026-09-11	101	Ana Laura Acevedo Flores				1
2026-09-11	108	Pablo Bayly Fernández				1
2026-09-11	112	Felipe Pérez Guzmán				1
2026-09-11	121	Stephany Ventura Arevalo	2352	SO11699	BRIDGESTONE	1
2026-09-11	124	Germán Emmanuel Merino Falcón	2302	SO11547	TOPO_CHICO	1
2026-09-11	127	Cesar Gildardo Gómez Cano	2302	SO11547	TOPO_CHICO	1
2026-09-11	128	Enoc Natanael Maldonado soto	2302	SO11547	TOPO_CHICO	1
2026-09-11	130	Rolando vazquez garcia	2302	SO11547	TOPO_CHICO	1
2026-09-11	131	Tomas Vázquez García	2302	SO11547	TOPO_CHICO	1
2026-09-11	133	Brandon Alexander Barrón Balderas	2302	SO11547	TOPO_CHICO	1
2026-09-11	149	Erick Belmont Kato				1
2026-09-11	153	Eduardo Garza				1
2026-09-11	154	Ramiro Segovia Lopez				1
2026-09-11	155	Juan De La Cruz Maldonado				1
2026-09-11	156	Juana Camarillo Torrez				1
2026-09-14	6	Leonel Cruz Cristobal	121	SO9428	VERTIV	1
2026-09-14	8	Francisco Montalvo Ramirez				1
2026-09-14	25	Héctor Cruz Hernández	121	SO9428	VERTIV	1
2026-09-14	55	Juan Manuel Sánchez Lugo	2375	SO11498	BRIDGESTONE_ING	1
2026-09-14	57	Samuel Ulises Alcántara	2352	SO11699	BRIDGESTONE	1
2026-09-14	59	Gerardo Isai Lozano Davila				1
2026-09-14	62	Gilberto Gibran Solís Carrillo				1
2026-09-14	63	Magaly Estefanía Pérez García				1
2026-09-14	76	Carlos Eduardo Manzanares	2302	SO11547	TOPO_CHICO	1
2026-09-14	78	Aldo Jesús Méndez Garza				1
2026-09-14	79	José Luis Romero Grados	2352	SO11699	BRIDGESTONE	1
2026-09-14	97	Rissia Xavier de Araujo				1
2026-09-14	101	Ana Laura Acevedo Flores				1
2026-09-14	108	Pablo Bayly Fernández				1
2026-09-14	112	Felipe Pérez Guzmán				1
2026-09-14	121	Stephany Ventura Arevalo	2352	SO11699	BRIDGESTONE	1
2026-09-14	124	Germán Emmanuel Merino Falcón	121	SO9428	VERTIV	1
2026-09-14	127	Cesar Gildardo Gómez Cano	2349	SO11762	TOPO_CHICO	1
2026-09-14	128	Enoc Natanael Maldonado soto	2302	SO11547	TOPO_CHICO	1
2026-09-14	130	Rolando vazquez garcia	2302	SO11547	TOPO_CHICO	1
2026-09-14	131	Tomas Vázquez García	2302	SO11547	TOPO_CHICO	1
2026-09-14	149	Erick Belmont Kato				1
2026-09-14	153	Eduardo Garza				1
2026-09-14	154	Ramiro Segovia Lopez				1
2026-09-14	155	Juan De La Cruz Maldonado				1
2026-09-14	156	Juana Camarillo Torrez				1
2026-09-15	6	Leonel Cruz Cristobal	121	SO9428	VERTIV	1
2026-09-15	8	Francisco Montalvo Ramirez				1
2026-09-15	25	Héctor Cruz Hernández	121	SO9428	VERTIV	1
2026-09-15	55	Juan Manuel Sánchez Lugo	2375	SO11498	BRIDGESTONE_ING	1
2026-09-15	57	Samuel Ulises Alcántara	2352	SO11699	BRIDGESTONE	1
2026-09-15	59	Gerardo Isai Lozano Davila				1
2026-09-15	62	Gilberto Gibran Solís Carrillo				1
2026-09-15	63	Magaly Estefanía Pérez García				1
2026-09-15	68	Jésus Montalvo Ramirez				1
2026-09-15	76	Carlos Eduardo Manzanares	2302	SO11547	TOPO_CHICO	1
2026-09-15	78	Aldo Jesús Méndez Garza				1
2026-09-15	79	José Luis Romero Grados	2352	SO11699	BRIDGESTONE	1
2026-09-15	97	Rissia Xavier de Araujo				1
2026-09-15	101	Ana Laura Acevedo Flores				1
2026-09-15	108	Pablo Bayly Fernández				1
2026-09-15	112	Felipe Pérez Guzmán				1
2026-09-15	121	Stephany Ventura Arevalo	2352	SO11699	BRIDGESTONE	1
2026-09-15	124	Germán Emmanuel Merino Falcón	121	SO9428	VERTIV	1
2026-09-15	127	Cesar Gildardo Gómez Cano	2302	SO11547	TOPO_CHICO	1
2026-09-15	128	Enoc Natanael Maldonado soto	2302	SO11547	TOPO_CHICO	1
2026-09-15	130	Rolando vazquez garcia	2302	SO11547	TOPO_CHICO	1
2026-09-15	131	Tomas Vázquez García	2302	SO11547	TOPO_CHICO	1
2026-09-15	133	Brandon Alexander Barrón Balderas	2302	SO11547	TOPO_CHICO	1
2026-09-15	149	Erick Belmont Kato				1
2026-09-15	153	Eduardo Garza				1
2026-09-15	154	Ramiro Segovia Lopez				1
2026-09-15	155	Juan De La Cruz Maldonado				1
2026-09-15	156	Juana Camarillo Torrez				1
2026-09-17	6	Leonel Cruz Cristobal	121	SO9428	VERTIV	1
2026-09-17	8	Francisco Montalvo Ramirez				1
2026-09-17	25	Héctor Cruz Hernández	121	SO9428	VERTIV	1
2026-09-17	55	Juan Manuel Sánchez Lugo	2375	SO11498	BRIDGESTONE_ING	1
2026-09-17	57	Samuel Ulises Alcántara	121	SO9428	VERTIV	1
2026-09-17	62	Gilberto Gibran Solís Carrillo				1
2026-09-17	63	Magaly Estefanía Pérez García				1
2026-09-17	68	Jésus Montalvo Ramirez				1
2026-09-17	75	Mateo Salazar				1
2026-09-17	76	Carlos Eduardo Manzanares	2302	SO11547	TOPO_CHICO	1
2026-09-17	78	Aldo Jesús Méndez Garza				1
2026-09-17	97	Rissia Xavier de Araujo				1
2026-09-17	98	Ricardo Alán Hernández González				1
2026-09-17	101	Ana Laura Acevedo Flores				1
2026-09-17	108	Pablo Bayly Fernández				1
2026-09-17	112	Felipe Pérez Guzmán				1
2026-09-17	121	Stephany Ventura Arevalo	2302	SO11547	TOPO_CHICO	1
2026-09-17	124	Germán Emmanuel Merino Falcón	121	SO9428	VERTIV	1
2026-09-17	127	Cesar Gildardo Gómez Cano	121	SO9428	VERTIV	1
2026-09-17	128	Enoc Natanael Maldonado soto	2302	SO11547	TOPO_CHICO	1
2026-09-17	130	Rolando vazquez garcia	2302	SO11547	TOPO_CHICO	1
2026-09-17	131	Tomas Vázquez García	2302	SO11547	TOPO_CHICO	1
2026-09-17	149	Erick Belmont Kato				1
2026-09-17	153	Eduardo Garza				1
2026-09-17	154	Ramiro Segovia Lopez				1
2026-09-17	155	Juan De La Cruz Maldonado				1
2026-09-18	6	Leonel Cruz Cristobal	121	SO9428	VERTIV	1
2026-09-18	8	Francisco Montalvo Ramirez				1
2026-09-18	25	Héctor Cruz Hernández	121	SO9428	VERTIV	1
2026-09-18	55	Juan Manuel Sánchez Lugo	2375	SO11498	BRIDGESTONE_ING	1
2026-09-18	57	Samuel Ulises Alcántara	121	SO9428	VERTIV	1
2026-09-18	62	Gilberto Gibran Solís Carrillo				1
2026-09-18	63	Magaly Estefanía Pérez García				1
2026-09-18	68	Jésus Montalvo Ramirez				1
2026-09-18	76	Carlos Eduardo Manzanares	121	SO9428	VERTIV	1
2026-09-18	101	Ana Laura Acevedo Flores				1
2026-09-18	108	Pablo Bayly Fernández				1
2026-09-18	112	Felipe Pérez Guzmán				1
2026-09-18	121	Stephany Ventura Arevalo	2302	SO11547	TOPO_CHICO	1
2026-09-18	124	Germán Emmanuel Merino Falcón	121	SO9428	VERTIV	1
2026-09-18	127	Cesar Gildardo Gómez Cano	121	SO9428	VERTIV	1
2026-09-18	128	Enoc Natanael Maldonado soto	2302	SO11547	TOPO_CHICO	1
2026-09-18	130	Rolando vazquez garcia	2302	SO11547	TOPO_CHICO	1
2026-09-18	131	Tomas Vázquez García	2302	SO11547	TOPO_CHICO	1
2026-09-18	149	Erick Belmont Kato				1
2026-09-18	153	Eduardo Garza				1
2026-09-18	154	Ramiro Segovia Lopez				1
2026-09-18	156	Juana Camarillo Torrez				1
2026-09-21	6	Leonel Cruz Cristobal	121	SO9428	VERTIV	1
2026-09-21	8	Francisco Montalvo Ramirez				1
2026-09-21	25	Héctor Cruz Hernández	121	SO9428	VERTIV	1
2026-09-21	55	Juan Manuel Sánchez Lugo	2375	SO11498	BRIDGESTONE_ING	1
2026-09-21	59	Gerardo Isai Lozano Davila				1
2026-09-21	62	Gilberto Gibran Solís Carrillo				1
2026-09-21	63	Magaly Estefanía Pérez García				1
2026-09-21	75	Mateo Salazar				1
2026-09-21	76	Carlos Eduardo Manzanares	2302	SO11547	TOPO_CHICO	1
2026-09-21	79	José Luis Romero Grados	2352	SO11699	BRIDGESTONE	1
2026-09-21	97	Rissia Xavier de Araujo				1
2026-09-21	98	Ricardo Alán Hernández González				1
2026-09-21	108	Pablo Bayly Fernández				1
2026-09-21	112	Felipe Pérez Guzmán				1
2026-09-21	121	Stephany Ventura Arevalo	2302	SO11547	TOPO_CHICO	1
2026-09-21	124	Germán Emmanuel Merino Falcón	121	SO9428	VERTIV	1
2026-09-21	127	Cesar Gildardo Gómez Cano	2302	SO11547	TOPO_CHICO	1
2026-09-21	128	Enoc Natanael Maldonado soto	2302	SO11547	TOPO_CHICO	1
2026-09-21	130	Rolando vazquez garcia	2302	SO11547	TOPO_CHICO	1
2026-09-21	131	Tomas Vázquez García	2302	SO11547	TOPO_CHICO	1
2026-09-21	133	Brandon Alexander Barrón Balderas	2302	SO11547	TOPO_CHICO	1
2026-09-21	149	Erick Belmont Kato				1
2026-09-21	153	Eduardo Garza				1
2026-09-21	154	Ramiro Segovia Lopez				1
2026-09-21	155	Juan De La Cruz Maldonado				1
2026-09-21	156	Juana Camarillo Torrez				1
2026-09-22	6	Leonel Cruz Cristobal	121	SO9428	VERTIV	1
2026-09-22	8	Francisco Montalvo Ramirez				1
2026-09-22	25	Héctor Cruz Hernández	121	SO9428	VERTIV	1
2026-09-22	55	Juan Manuel Sánchez Lugo	2375	SO11498	BRIDGESTONE_ING	1
2026-09-22	57	Samuel Ulises Alcántara	121	SO9428	VERTIV	1
2026-09-22	59	Gerardo Isai Lozano Davila				1
2026-09-22	62	Gilberto Gibran Solís Carrillo				1
2026-09-22	63	Magaly Estefanía Pérez García				1
2026-09-22	68	Jésus Montalvo Ramirez				1
2026-09-22	75	Mateo Salazar				1
2026-09-22	76	Carlos Eduardo Manzanares	2302	SO11547	TOPO_CHICO	1
2026-09-22	79	José Luis Romero Grados				1
2026-09-22	97	Rissia Xavier de Araujo				1
2026-09-22	98	Ricardo Alán Hernández González				1
2026-09-22	101	Ana Laura Acevedo Flores				1
2026-09-22	108	Pablo Bayly Fernández				1
2026-09-22	112	Felipe Pérez Guzmán				1
2026-09-22	121	Stephany Ventura Arevalo	2302	SO11547	TOPO_CHICO	1
2026-09-22	124	Germán Emmanuel Merino Falcón	121	SO9428	VERTIV	1
2026-09-22	127	Cesar Gildardo Gómez Cano	2302	SO11547	TOPO_CHICO	1
2026-09-22	128	Enoc Natanael Maldonado soto	2302	SO11547	TOPO_CHICO	1
2026-09-22	130	Rolando vazquez garcia	2302	SO11547	TOPO_CHICO	1
2026-09-22	131	Tomas Vázquez García	2302	SO11547	TOPO_CHICO	1
2026-09-22	149	Erick Belmont Kato				1
2026-09-22	153	Eduardo Garza				1
2026-09-22	154	Ramiro Segovia Lopez				1
2026-09-22	155	Juan De La Cruz Maldonado				1
2026-09-22	156	Juana Camarillo Torrez				1
2026-09-23	6	Leonel Cruz Cristobal	121	SO9428	VERTIV	1
2026-09-23	8	Francisco Montalvo Ramirez				1
2026-09-23	25	Héctor Cruz Hernández	121	SO9428	VERTIV	1
2026-09-23	55	Juan Manuel Sánchez Lugo	2375	SO11498	BRIDGESTONE_ING	1
2026-09-23	57	Samuel Ulises Alcántara	121	SO9428	VERTIV	1
2026-09-23	59	Gerardo Isai Lozano Davila				1
2026-09-23	62	Gilberto Gibran Solís Carrillo				1
2026-09-23	63	Magaly Estefanía Pérez García				1
2026-09-23	68	Jésus Montalvo Ramirez				1
2026-09-23	75	Mateo Salazar				1
2026-09-23	76	Carlos Eduardo Manzanares	2302	SO11547	TOPO_CHICO	1
2026-09-23	79	José Luis Romero Grados				1
2026-09-23	97	Rissia Xavier de Araujo				1
2026-09-23	98	Ricardo Alán Hernández González				1
2026-09-23	101	Ana Laura Acevedo Flores				1
2026-09-23	108	Pablo Bayly Fernández				1
2026-09-23	112	Felipe Pérez Guzmán				1
2026-09-23	121	Stephany Ventura Arevalo	2302	SO11547	TOPO_CHICO	1
2026-09-23	124	Germán Emmanuel Merino Falcón	121	SO9428	VERTIV	1
2026-09-23	127	Cesar Gildardo Gómez Cano	2302	SO11547	TOPO_CHICO	1
2026-09-23	128	Enoc Natanael Maldonado soto	2302	SO11547	TOPO_CHICO	1
2026-09-23	130	Rolando vazquez garcia	2302	SO11547	TOPO_CHICO	1
2026-09-23	131	Tomas Vázquez García				1
2026-09-23	149	Erick Belmont Kato				1
2026-09-23	153	Eduardo Garza				1
2026-09-23	154	Ramiro Segovia Lopez				1
2026-09-23	155	Juan De La Cruz Maldonado				1
2026-09-23	156	Juana Camarillo Torrez				1
2026-09-24	6	Leonel Cruz Cristobal	121	SO9428	VERTIV	1
2026-09-24	8	Francisco Montalvo Ramirez				1
2026-09-24	25	Héctor Cruz Hernández	121	SO9428	VERTIV	1
2026-09-24	55	Juan Manuel Sánchez Lugo	2375	SO11498	BRIDGESTONE_ING	1
2026-09-24	57	Samuel Ulises Alcántara	2302	SO11547	TOPO_CHICO	1
2026-09-24	59	Gerardo Isai Lozano Davila				1
2026-09-24	62	Gilberto Gibran Solís Carrillo				1
2026-09-24	63	Magaly Estefanía Pérez García				1
2026-09-24	68	Jésus Montalvo Ramirez				1
2026-09-24	75	Mateo Salazar				1
2026-09-24	76	Carlos Eduardo Manzanares	2302	SO11547	TOPO_CHICO	1
2026-09-24	79	José Luis Romero Grados	2352	SO11699	BRIDGESTONE	1
2026-09-24	97	Rissia Xavier de Araujo				1
2026-09-24	98	Ricardo Alán Hernández González				1
2026-09-24	101	Ana Laura Acevedo Flores				1
2026-09-24	108	Pablo Bayly Fernández				1
2026-09-24	112	Felipe Pérez Guzmán				1
2026-09-24	121	Stephany Ventura Arevalo	2302	SO11547	TOPO_CHICO	1
2026-09-24	124	Germán Emmanuel Merino Falcón	121	SO9428	VERTIV	1
2026-09-24	127	Cesar Gildardo Gómez Cano	2302	SO11547	TOPO_CHICO	1
2026-09-24	128	Enoc Natanael Maldonado soto	2302	SO11547	TOPO_CHICO	1
2026-09-24	130	Rolando vazquez garcia	2302	SO11547	TOPO_CHICO	1
2026-09-24	149	Erick Belmont Kato				1
2026-09-24	153	Eduardo Garza				1
2026-09-24	154	Ramiro Segovia Lopez				1
2026-09-24	155	Juan De La Cruz Maldonado				1
2026-09-25	6	Leonel Cruz Cristobal	121	SO9428	VERTIV	1
2026-09-25	8	Francisco Montalvo Ramirez				1
2026-09-25	25	Héctor Cruz Hernández	121	SO9428	VERTIV	1
2026-09-25	55	Juan Manuel Sánchez Lugo	2375	SO11498	BRIDGESTONE_ING	1
2026-09-25	57	Samuel Ulises Alcántara	2302	SO11547	TOPO_CHICO	1
2026-09-25	59	Gerardo Isai Lozano Davila				1
2026-09-25	62	Gilberto Gibran Solís Carrillo				1
2026-09-25	63	Magaly Estefanía Pérez García				1
2026-09-25	68	Jésus Montalvo Ramirez				1
2026-09-25	75	Mateo Salazar	2302	SO11547	TOPO_CHICO	1
2026-09-25	76	Carlos Eduardo Manzanares	2302	SO11547	TOPO_CHICO	1
2026-09-25	79	José Luis Romero Grados	121	SO9428	VERTIV	1
2026-09-25	97	Rissia Xavier de Araujo				1
2026-09-25	101	Ana Laura Acevedo Flores				1
2026-09-25	108	Pablo Bayly Fernández				1
2026-09-25	112	Felipe Pérez Guzmán				1
2026-09-25	121	Stephany Ventura Arevalo	2302	SO11547	TOPO_CHICO	1
2026-09-25	124	Germán Emmanuel Merino Falcón	121	SO9428	VERTIV	1
2026-09-25	127	Cesar Gildardo Gómez Cano	2302	SO11547	TOPO_CHICO	1
2026-09-25	128	Enoc Natanael Maldonado soto	2302	SO11547	TOPO_CHICO	1
2026-09-25	130	Rolando vazquez garcia	2302	SO11547	TOPO_CHICO	1
2026-09-25	149	Erick Belmont Kato				1
2026-09-25	153	Eduardo Garza				1
2026-09-25	154	Ramiro Segovia Lopez				1
2026-09-25	155	Juan De La Cruz Maldonado				1
2026-09-25	156	Juana Camarillo Torrez				1
